Store_Date_Interval_ID,Store_ID,Date,Interval_ID,Daypart,Actual_Orders,Active_Pickers,Putaway_Pickers,Audit_Pickers,Picking_Pickers,Putaway_Units_Capacity,Audit_Hours_Capacity,Putaway_Worker_IDs,Audit_Worker_IDs,Picking_Worker_IDs,Orders_Per_Picking_Picker,Putaway_Units_Completed,Putaway_Backlog_Units,Audit_Hours_Completed,Audit_Backlog_Hours,Orders,Units,Revenue_INR,Average_Units_Per_Order,Average_Order_Value_INR,Average_Displayed_SLA_Min,Average_Total_Delivery_Min,SLA_Breaches,Average_Breach_Min,Average_Pick_Queue_Min,Average_Picking_Min,Average_Drop_Zone_Delay_Min,Average_Rider_Wait_For_Order_Min,Average_Ready_Order_Wait_Min,Average_Last_Mile_Min,Rider_Cost_INR,Active_Riders,Quality_Issue_Count,Orders_With_Quality_Issue,Missing_Item_Count,Wrong_Item_Count,Damaged_Item_Count,Wrong_Handoff_Count,Quality_Financial_Impact_INR,Dominant_Root_Cause,Dominant_Root_Cause_Count,Picker_Active_Minutes,Rider_Busy_Minutes,Busy_Riders,SLA_Breach_Rate,Quality_Issue_Rate,Rider_Cost_Per_Order_INR,Picker_Utilization,Rider_Utilization,Required_Riders_At_Target,Rider_Supply_Gap,Required_Pickers_At_Target,Picker_Supply_Gap,Recommended_Action
DS004_20260703_I25,DS004,2026-07-03,25,Lunch,81,9,0,0,9,0,0.0,,,P_DS004_032|P_DS004_035|P_DS004_002|P_DS004_008|P_DS004_011|P_DS004_014|P_DS004_020|P_DS004_023|P_DS004_029,9.0,0,100,0.0,38.0,81.0,428.0,100798.42,5.283950617283951,1244.424938271605,18.25925925925926,21.931564557201646,73.0,3.7812970234567898,0.0,1.3388384431463243,0.5806584362139917,0.0,9.6659933345679,9.465621660493827,3645.0,38,1.0,1.0,0.0,0.0,1.0,0.0,205.42,Rider Supply / Availability,73.0,107.92215478333333,1081.60225385,38,0.9012345679012346,0.012345679012345678,45.0,0.39971168438271604,0.9487739068859649,52,-14,6,3,Add or rebalance riders in this interval
DS004_20260708_I27,DS004,2026-07-08,27,Lunch,77,11,0,0,11,0,0.0,,,P_DS004_020|P_DS004_023|P_DS004_026|P_DS004_029|P_DS004_032|P_DS004_035|P_DS004_002|P_DS004_005|P_DS004_008|P_DS004_011|P_DS004_014,7.0,0,850,0.0,38.0,77.0,405.0,93725.45,5.259740259740259,1217.2136363636364,16.545454545454547,11.457527355194806,0.0,0.0,0.0,1.3539080881961483,0.6385281385281385,0.09204751515151516,1.1377122982683983,7.440149385064935,3080.0,34,2.0,2.0,2.0,0.0,0.0,0.0,320.32,No SLA Breach,0.0,105.18468263333334,936.9160062166667,34,0.0,0.025974025974025976,40.0,0.31874146252525254,0.9185451041339869,45,-11,6,5,Recover overdue put-away workload
DS005_20260710_I28,DS005,2026-07-10,28,Lunch,62,8,0,0,8,0,0.0,,,P_DS005_017|P_DS005_020|P_DS005_023|P_DS005_029|P_DS005_002|P_DS005_008|P_DS005_011|P_DS005_014,7.75,0,1600,0.0,38.0,62.0,300.0,60542.15,4.838709677419355,976.4862903225807,13.225806451612904,8.438349495698924,0.0,0.0,0.00036564596774193547,1.320392964020672,0.6787634408602151,1.9995220430107525,0.0,5.554956476075269,2170.0,34,3.0,3.0,1.0,1.0,1.0,0.0,1163.85,No SLA Breach,0.0,83.1344457,532.26199585,33,0.0,0.04838709677419355,35.0,0.34639352375,0.5218254861274509,26,8,4,4,Recover overdue put-away workload
DS005_20260702_I27,DS005,2026-07-02,27,Lunch,50,9,0,0,9,0,0.0,,,P_DS005_002|P_DS005_005|P_DS005_008|P_DS005_014|P_DS005_017|P_DS005_020|P_DS005_023|P_DS005_026|P_DS005_029,5.555555555555555,0,2350,0.0,38.0,50.0,220.0,47529.13,4.4,950.5826,13.08,8.032493102,0.0,0.0,0.0,1.1605693784868147,0.589,1.7495693700000001,0.0,5.438923724333333,1750.0,26,3.0,3.0,2.0,0.0,1.0,0.0,684.23,No SLA Breach,0.0,58.17548308333333,439.79286360000003,26,0.0,0.06,35.0,0.21546475216049382,0.5638370046153847,21,5,3,6,Recover overdue put-away workload
DS003_20260714_I23,DS003,2026-07-14,23,Lunch,43,7,0,0,7,0,0.0,,,P_DS003_011|P_DS003_014|P_DS003_017|P_DS003_029|P_DS003_032|P_DS003_005|P_DS003_008,6.142857142857143,0,100,0.0,38.0,43.0,209.0,46258.57,4.8604651162790695,1075.7806976744187,12.255813953488373,9.401833380620156,0.0,0.0,0.0,1.2946939042850922,0.6709302325581394,1.9656241294573642,0.0,6.45558908992248,1505.0,32,3.0,3.0,2.0,1.0,0.0,0.0,895.81,No SLA Breach,0.0,56.47722651666667,436.6084277333334,26,0.0,0.06976744186046512,35.0,0.2689391738888889,0.4548004455555556,21,11,3,4,Recover overdue put-away workload
DS002_20260705_I30,DS002,2026-07-05,30,Lunch,87,10,0,0,10,0,0.0,,,P_DS002_002|P_DS002_005|P_DS002_008|P_DS002_011|P_DS002_017|P_DS002_020|P_DS002_023|P_DS002_026|P_DS002_029|P_DS002_032,8.7,0,1600,0.0,38.0,87.0,415.0,91137.22,4.7701149425287355,1047.5542528735632,13.793103448275861,28.91824123467433,87.0,15.125137786398467,0.0,1.206053969823453,0.6162835249042146,0.0,19.682413157471263,6.441843064367816,2610.0,32,3.0,3.0,1.0,1.0,1.0,0.0,789.73,Rider Supply / Availability,87.0,105.5056536,876.3440321166667,32,1.0,0.034482758620689655,30.0,0.35168551200000003,0.9128583667881944,42,-10,6,4,Add or rebalance riders in this interval
DS005_20260714_I28,DS005,2026-07-14,28,Lunch,59,5,0,0,5,0,0.0,,,P_DS005_020|P_DS005_029|P_DS005_005|P_DS005_008|P_DS005_014,11.8,0,850,0.0,38.0,59.0,305.0,71096.13,5.169491525423729,1205.019152542373,14.813559322033898,9.109591086440677,0.0,0.0,0.0004109228813559305,1.2893958827000744,0.6799435028248587,1.9685944768361583,0.0,6.256224959039548,2360.0,31,4.0,4.0,3.0,1.0,0.0,0.0,1360.7,No SLA Breach,0.0,76.66439811666666,516.543374,31,0.0,0.06779661016949153,40.0,0.5110959874444444,0.5554229827956989,25,6,4,1,Recover overdue put-away workload
DS003_20260708_I27,DS003,2026-07-08,27,Lunch,82,10,0,0,10,0,0.0,,,P_DS003_026|P_DS003_029|P_DS003_032|P_DS003_002|P_DS003_005|P_DS003_008|P_DS003_011|P_DS003_014|P_DS003_020|P_DS003_023,8.2,0,1600,0.0,38.0,82.0,433.0,90933.68,5.280487804878049,1108.9473170731706,16.475609756097562,10.687206035772359,0.0,0.0,0.0,1.3956365382051117,0.5926829268292683,0.6044857085365853,0.5641563146341463,7.215827812601625,3280.0,34,1.0,1.0,0.0,1.0,0.0,0.0,707.66,No SLA Breach,0.0,116.98663141666667,888.72759625,34,0.0,0.012195121951219513,40.0,0.38995543805555555,0.8713015649509804,43,-9,6,4,Recover overdue put-away workload
DS005_20260713_I24,DS005,2026-07-13,24,Lunch,35,7,0,0,7,0,0.0,,,P_DS005_014|P_DS005_020|P_DS005_023|P_DS005_026|P_DS005_002|P_DS005_005|P_DS005_011,5.0,0,2350,0.0,38.5,35.0,188.0,41782.909999999996,5.371428571428571,1193.7974285714286,11.571428571428571,9.496351486190475,4.0,0.036299231904761954,0.0,1.4676792014170628,0.5885714285714285,2.0562506214285716,0.0,6.532005618571429,1225.0,34,0.0,0.0,0.0,0.0,0.0,0.0,0.0,Store Not Ready for Rider,3.0,53.048494766666664,364.64336045,20,0.11428571428571428,0.0,35.0,0.2526118798412698,0.3574934906372549,18,16,3,4,Recover overdue put-away workload
DS004_20260711_I30,DS004,2026-07-11,30,Lunch,73,11,0,0,11,0,0.0,,,P_DS004_029|P_DS004_032|P_DS004_035|P_DS004_002|P_DS004_005|P_DS004_008|P_DS004_011|P_DS004_014|P_DS004_017|P_DS004_023|P_DS004_026,6.636363636363637,0,100,0.0,38.0,73.0,337.0,79331.19,4.616438356164384,1086.7286301369863,12.904109589041095,9.408429061415525,1.0,0.00196642420091323,0.0,1.1990312896361626,0.654337899543379,1.853369180365297,0.0,6.631772201369863,2190.0,38,1.0,1.0,0.0,1.0,0.0,0.0,158.44,Store Not Ready for Rider,1.0,86.62031243333334,791.1544813333334,38,0.0136986301369863,0.0136986301369863,30.0,0.26248579525252524,0.6939951590643275,38,0,5,6,Recover overdue put-away workload
DS001_20260702_I25,DS001,2026-07-02,25,Lunch,80,8,0,0,8,0,0.0,,,P_DS001_014|P_DS001_017|P_DS001_020|P_DS001_023|P_DS001_026|P_DS001_029|P_DS001_035|P_DS001_005,10.0,0,850,0.0,38.0,80.0,396.0,95753.2,4.95,1196.915,14.35,8.862435868333332,0.0,0.0,0.0,1.3336927063934934,0.61625,1.8056086960416668,0.0,6.012076495416666,2800.0,35,2.0,2.0,2.0,0.0,0.0,0.0,1363.6599999999999,No SLA Breach,0.0,104.62044113333333,769.6673223833334,35,0.0,0.025,35.0,0.4359185047222222,0.7330164975079365,37,-2,5,3,Recover overdue put-away workload
DS004_20260705_I29,DS004,2026-07-05,29,Lunch,99,9,0,0,9,0,0.0,,,P_DS004_011|P_DS004_017|P_DS004_020|P_DS004_023|P_DS004_026|P_DS004_029|P_DS004_032|P_DS004_002|P_DS004_005,11.0,0,100,0.0,38.0,99.0,476.0,104058.74,4.808080808080808,1051.0983838383838,14.515151515151516,17.851688494107744,99.0,3.336536978956229,0.0,1.1950008501463567,0.6452861952861952,0.0,8.465706264814814,6.687614368518518,2970.0,33,2.0,2.0,2.0,0.0,0.0,0.0,531.59,Rider Supply / Availability,99.0,116.65512998333334,910.2631279666667,33,1.0,0.020202020202020204,30.0,0.43205603697530864,0.9194577050168351,44,-11,6,3,Add or rebalance riders in this interval
DS005_20260702_I25,DS005,2026-07-02,25,Lunch,54,9,0,0,9,0,0.0,,,P_DS005_026|P_DS005_029|P_DS005_002|P_DS005_005|P_DS005_008|P_DS005_014|P_DS005_017|P_DS005_020|P_DS005_023,6.0,0,2350,0.0,38.0,54.0,261.0,60081.79,4.833333333333333,1112.6257407407409,13.537037037037036,8.332509745987654,0.0,0.0,0.0,1.3020293016434952,0.6246913580246913,1.9267206512345678,0.0,5.476159457098766,1890.0,26,0.0,0.0,0.0,0.0,0.0,0.0,0.0,No SLA Breach,0.0,68.85160451666667,425.57048076666666,24,0.0,0.0,35.0,0.25500594265432097,0.5456031804700855,21,5,4,5,Recover overdue put-away workload
DS002_20260701_I30,DS002,2026-07-01,30,Lunch,64,10,0,0,10,0,0.0,,,P_DS002_002|P_DS002_005|P_DS002_008|P_DS002_011|P_DS002_014|P_DS002_020|P_DS002_023|P_DS002_026|P_DS002_029|P_DS002_032,6.4,0,1450,0.0,40.0,64.0,304.0,68083.76,4.75,1063.80875,14.265625,10.925852921875,3.0,0.045517748697916666,0.0,1.2410518967683615,0.6505208333333333,0.40632715494791666,0.7268947411458333,7.33733336328125,2240.0,31,1.0,1.0,1.0,0.0,0.0,0.0,400.53,Rider Supply / Availability,2.0,75.65878418333334,837.6708930666666,31,0.046875,0.015625,35.0,0.2521959472777778,0.9007213903942651,40,-9,4,6,Recover overdue put-away workload
DS005_20260706_I26,DS005,2026-07-06,26,Lunch,67,8,0,0,8,0,0.0,,,P_DS005_011|P_DS005_014|P_DS005_017|P_DS005_020|P_DS005_023|P_DS005_026|P_DS005_002|P_DS005_005,8.375,0,1600,0.0,38.0,67.0,330.0,73595.55,4.925373134328358,1098.4410447761195,18.149253731343283,11.607293716666668,0.0,0.0,0.0,1.3413474087629984,0.7243781094527363,0.4342399171641791,0.9851308074626866,7.685044350995025,3015.0,26,1.0,1.0,0.0,1.0,0.0,0.0,215.8,No SLA Breach,0.0,89.26121745,690.6843921,26,0.0,0.014925373134328358,45.0,0.371921739375,0.8854928103846154,33,-7,5,3,Recover overdue put-away workload
DS004_20260713_I25,DS004,2026-07-13,25,Lunch,61,10,0,0,10,0,0.0,,,P_DS004_020|P_DS004_023|P_DS004_026|P_DS004_032|P_DS004_035|P_DS004_002|P_DS004_005|P_DS004_011|P_DS004_014|P_DS004_017,6.1,0,850,0.0,38.0,61.0,291.0,63683.19,4.770491803278689,1043.9867213114755,15.836065573770492,10.791696695081967,0.0,0.0,0.0,1.2060311134137822,0.6838797814207651,1.7420573860655737,0.020737515027322406,7.997441728142077,2440.0,32,5.0,5.0,5.0,0.0,0.0,0.0,512.9,No SLA Breach,0.0,72.19267753333334,661.2712499833333,32,0.0,0.08196721311475409,40.0,0.24064225844444445,0.6888242187326389,32,0,4,6,Recover overdue put-away workload
DS003_20260701_I27,DS003,2026-07-01,27,Lunch,74,9,0,0,9,0,0.0,,,P_DS003_002|P_DS003_005|P_DS003_008|P_DS003_011|P_DS003_020|P_DS003_023|P_DS003_026|P_DS003_029|P_DS003_032,8.222222222222221,0,1525,0.0,40.0,74.0,367.0,83472.59,4.95945945945946,1128.007972972973,16.04054054054054,10.206648159684685,0.0,0.0,0.005198424099099097,1.3273055053430152,0.595945945945946,0.7581866092342342,0.28299100518018017,7.055567635585585,2960.0,32,2.0,2.0,0.0,1.0,1.0,0.0,651.42,No SLA Breach,0.0,99.01038901666666,816.8806243,32,0.0,0.02702702702702703,40.0,0.3667051445061728,0.8509173169791667,39,-7,5,4,Recover overdue put-away workload
DS001_20260703_I24,DS001,2026-07-03,24,Lunch,91,10,0,0,10,0,0.0,,,P_DS001_017|P_DS001_020|P_DS001_023|P_DS001_029|P_DS001_032|P_DS001_035|P_DS001_002|P_DS001_008|P_DS001_011|P_DS001_014,9.1,0,100,0.0,38.0,91.0,436.0,96090.1,4.791208791208791,1055.9351648351649,16.65934065934066,12.69026159102564,5.0,0.052983464285714224,0.0,1.2814860634450371,0.606043956043956,0.5131714871794871,2.1308616972527474,7.808683055128205,3640.0,36,6.0,6.0,5.0,1.0,0.0,0.0,1568.67,Rider Supply / Availability,5.0,116.69675546666667,913.2430862333333,36,0.054945054945054944,0.06593406593406594,40.0,0.3889891848888889,0.8455954502160493,44,-8,6,4,Recover overdue put-away workload
DS004_20260714_I27,DS004,2026-07-14,27,Lunch,66,10,0,0,10,0,0.0,,,P_DS004_029|P_DS004_032|P_DS004_035|P_DS004_005|P_DS004_008|P_DS004_011|P_DS004_014|P_DS004_017|P_DS004_020|P_DS004_026,6.6,0,850,0.0,38.0,66.0,349.0,79987.14,5.287878787878788,1211.9263636363637,15.924242424242424,10.953771710101009,1.0,0.0033236090909090684,0.0,1.3813164201862618,0.6323232323232323,1.9217334527777776,0.0,8.025233066919192,2640.0,35,3.0,3.0,2.0,0.0,1.0,0.0,1033.19,Store Not Ready for Rider,1.0,89.28671408333334,816.0429025833333,35,0.015151515151515152,0.045454545454545456,40.0,0.29762238027777776,0.7771837167460317,39,-4,5,5,Recover overdue put-away workload
DS004_20260712_I25,DS004,2026-07-12,25,Lunch,111,10,0,0,10,0,0.0,,,P_DS004_020|P_DS004_023|P_DS004_026|P_DS004_029|P_DS004_032|P_DS004_002|P_DS004_005|P_DS004_008|P_DS004_011|P_DS004_017,11.1,0,100,0.0,38.0,111.0,573.0,134030.3,5.162162162162162,1207.48018018018,20.405405405405407,71.7902553945946,111.0,51.38484998918919,0.0,1.3478603477832345,0.6806306306306306,0.0,59.80685056831832,9.045003928678678,4995.0,34,2.0,2.0,0.0,1.0,1.0,0.0,317.26,Rider Supply / Availability,111.0,149.62985596666667,959.9994581833333,34,1.0,0.018018018018018018,45.0,0.49876618655555555,0.9411759393954249,46,-12,8,2,Add or rebalance riders in this interval
DS001_20260703_I27,DS001,2026-07-03,27,Lunch,118,10,0,0,10,0,0.0,,,P_DS001_029|P_DS001_032|P_DS001_035|P_DS001_002|P_DS001_008|P_DS001_011|P_DS001_014|P_DS001_017|P_DS001_020|P_DS001_023,11.8,0,100,0.0,38.0,118.0,561.0,129914.08,4.754237288135593,1100.966779661017,19.73728813559322,38.601218432909604,118.0,18.863930297316386,0.0008008169491525424,1.2747739055583194,0.6387005649717514,0.0,28.234670725282484,7.515831733757062,5310.0,36,7.0,7.0,5.0,0.0,2.0,0.0,1336.51,Rider Supply / Availability,118.0,148.12193348333332,1011.0355532333333,36,1.0,0.059322033898305086,45.0,0.49373977827777776,0.9361440307716049,49,-13,8,2,Add or rebalance riders in this interval
DS002_20260714_I28,DS002,2026-07-14,28,Lunch,87,9,0,0,9,0,0.0,,,P_DS002_008|P_DS002_011|P_DS002_014|P_DS002_017|P_DS002_020|P_DS002_026|P_DS002_029|P_DS002_032|P_DS002_005,9.666666666666666,0,100,0.0,38.0,87.0,448.0,104400.19,5.149425287356322,1200.002183908046,16.563218390804597,11.268311064176245,0.0,0.0,0.0,1.337053403121385,0.6844827586206896,0.7020601245210728,0.7407546588122607,7.577093035632183,3480.0,36,4.0,4.0,2.0,2.0,0.0,0.0,1624.55,No SLA Breach,0.0,112.82532421666667,941.1073394666666,36,0.0,0.04597701149425287,40.0,0.4178715711728395,0.871395684691358,45,-9,6,3,Recover overdue put-away workload
DS001_20260703_I29,DS001,2026-07-03,29,Lunch,105,10,0,0,10,0,0.0,,,P_DS001_035|P_DS001_002|P_DS001_008|P_DS001_011|P_DS001_014|P_DS001_017|P_DS001_020|P_DS001_023|P_DS001_029|P_DS001_032,10.5,0,100,0.0,38.0,105.0,562.0,125071.37,5.352380952380952,1191.1559047619048,17.39047619047619,65.7102105347619,105.0,48.31973434428571,0.0,1.434787768054685,0.5817460317460318,0.0,55.04389841968254,7.742794181111112,4200.0,36,4.0,4.0,2.0,2.0,0.0,0.0,779.07,Rider Supply / Availability,105.0,144.58116051666667,1001.2667185333333,36,1.0,0.0380952380952381,40.0,0.48193720172222226,0.9270988134567901,48,-12,7,3,Add or rebalance riders in this interval
DS004_20260701_I27,DS004,2026-07-01,27,Lunch,105,9,0,0,9,0,0.0,,,P_DS004_002|P_DS004_005|P_DS004_008|P_DS004_014|P_DS004_023|P_DS004_026|P_DS004_029|P_DS004_032|P_DS004_035,11.666666666666666,0,625,0.0,40.0,105.0,507.0,111226.8,4.828571428571428,1059.3028571428572,17.542857142857144,16.24174239857143,43.0,0.745788506984127,0.009062244444444444,1.2639508533938228,0.5942857142857143,0.0055885469841269846,5.40498406968254,8.052475381904761,4200.0,39,3.0,2.0,2.0,1.0,0.0,0.0,692.9499999999999,Rider Supply / Availability,43.0,133.8528892,1082.9744795833333,39,0.4095238095238095,0.01904761904761905,40.0,0.4957514414814815,0.9256192133190883,52,-13,7,2,Add or rebalance riders in this interval
DS005_20260710_I25,DS005,2026-07-10,25,Lunch,49,8,0,0,8,0,0.0,,,P_DS005_008|P_DS005_011|P_DS005_014|P_DS005_017|P_DS005_020|P_DS005_023|P_DS005_029|P_DS005_002,6.125,0,1600,0.0,38.0,49.0,249.0,58226.33,5.081632653061225,1188.2924489795919,12.346938775510203,8.651647875510204,1.0,0.0020781931972788793,0.0,1.338085647605561,0.6323129251700681,1.970398563605442,0.0,5.796215290136054,1715.0,34,1.0,1.0,1.0,0.0,0.0,0.0,1023.96,Store Not Ready for Rider,1.0,63.98042475,405.8239873,26,0.02040816326530612,0.02040816326530612,35.0,0.266585103125,0.3978666542156863,20,14,4,4,Recover overdue put-away workload
DS001_20260704_I24,DS001,2026-07-04,24,Lunch,98,11,0,0,11,0,0.0,,,P_DS001_008|P_DS001_011|P_DS001_014|P_DS001_017|P_DS001_023|P_DS001_026|P_DS001_029|P_DS001_032|P_DS001_035|P_DS001_002|P_DS001_005,8.909090909090908,0,850,0.0,38.0,98.0,472.0,109502.37,4.816326530612245,1117.3711224489796,14.938775510204081,10.31447246547619,2.0,0.016771948299319727,0.0,1.3394908103739076,0.6040816326530613,0.2721948022108843,0.9432405568027211,6.566605037925171,3430.0,37,2.0,2.0,1.0,0.0,1.0,0.0,341.56,Last-Mile Travel,1.0,128.5684559,996.43141495,37,0.02040816326530612,0.02040816326530612,35.0,0.3896013815151515,0.8976859594144144,48,-11,7,4,Recover overdue put-away workload
DS005_20260703_I29,DS005,2026-07-03,29,Lunch,62,8,0,0,8,0,0.0,,,P_DS005_020|P_DS005_023|P_DS005_029|P_DS005_002|P_DS005_008|P_DS005_011|P_DS005_014|P_DS005_017,7.75,0,1600,0.0,38.0,62.0,305.0,71936.87,4.919354838709677,1160.2720967741934,15.419354838709678,10.967862402956989,1.0,0.0074979806451612695,0.0,1.3065207232614435,0.5583333333333333,0.5290407180107527,0.8197276008064517,7.391076440860215,2480.0,31,3.0,3.0,2.0,1.0,0.0,0.0,1899.1,Rider Supply / Availability,1.0,79.7445752,837.60650755,31,0.016129032258064516,0.04838709677419355,40.0,0.33226906333333334,0.900652158655914,40,-9,4,4,Recover overdue put-away workload
DS001_20260704_I26,DS001,2026-07-04,26,Lunch,111,11,0,0,11,0,0.0,,,P_DS001_014|P_DS001_017|P_DS001_023|P_DS001_026|P_DS001_029|P_DS001_032|P_DS001_035|P_DS001_002|P_DS001_005|P_DS001_008|P_DS001_011,10.090909090909092,0,850,0.0,38.0,111.0,555.0,119529.96,5.0,1076.8464864864866,17.0990990990991,10.624367587987988,0.0,0.0,0.0,1.327579844817874,0.6528528528528529,0.3465286990990991,1.3760903085585585,6.369796527927928,4440.0,37,1.0,1.0,1.0,0.0,0.0,0.0,106.65,No SLA Breach,0.0,145.84239701666667,978.1256410166667,37,0.0,0.009009009009009009,40.0,0.4419466576262626,0.8811942711861862,47,-10,7,4,Recover overdue put-away workload
DS004_20260714_I24,DS004,2026-07-14,24,Lunch,50,10,0,0,10,0,0.0,,,P_DS004_017|P_DS004_020|P_DS004_026|P_DS004_029|P_DS004_032|P_DS004_035|P_DS004_005|P_DS004_008|P_DS004_011|P_DS004_014,5.0,0,850,0.0,38.0,50.0,229.0,51649.05,4.58,1032.981,13.4,10.716714231666668,2.0,0.022369096999999984,0.0,1.148370898934693,0.645,1.793370889333333,0.0,7.9110100003333335,1750.0,35,0.0,0.0,0.0,0.0,0.0,0.0,0.0,Last-Mile Travel,1.0,54.6948927,494.21783631666665,28,0.04,0.0,35.0,0.18231630899999998,0.4706836536349206,24,11,3,7,Recover overdue put-away workload
DS004_20260705_I23,DS004,2026-07-05,23,Lunch,73,9,0,0,9,0,0.0,,,P_DS004_023|P_DS004_026|P_DS004_029|P_DS004_032|P_DS004_002|P_DS004_005|P_DS004_011|P_DS004_017|P_DS004_020,8.11111111111111,0,100,0.0,38.0,73.0,363.0,78569.06,4.972602739726027,1076.2884931506849,12.684931506849315,11.02800255913242,10.0,0.11977993196347034,0.005414696803652967,1.2108140325100178,0.6376712328767122,0.3717380424657534,1.9301623575342468,6.323392288356164,2190.0,33,2.0,2.0,1.0,0.0,1.0,0.0,295.84000000000003,Rider Supply / Availability,9.0,89.88729955,878.0768911833334,33,0.136986301369863,0.0273972602739726,30.0,0.33291592425925925,0.8869463547306398,42,-9,5,4,Recover overdue put-away workload
DS005_20260709_I24,DS005,2026-07-09,24,Lunch,34,9,0,0,9,0,0.0,,,P_DS005_023|P_DS005_026|P_DS005_029|P_DS005_002|P_DS005_005|P_DS005_008|P_DS005_014|P_DS005_017|P_DS005_020,3.7777777777777777,0,1600,0.0,38.0,34.0,157.0,40584.11,4.617647058823529,1193.650294117647,9.852941176470589,8.452650088235295,5.0,0.1012534299019608,0.0,1.2360176978008068,0.615686274509804,1.8517039647058822,0.0,5.749965723529412,1020.0,32,0.0,0.0,0.0,0.0,0.0,0.0,0.0,Store Not Ready for Rider,3.0,41.07691403333333,274.296696,16,0.14705882352941177,0.0,30.0,0.1521367186419753,0.285725725,14,18,2,7,Recover overdue put-away workload
DS003_20260704_I25,DS003,2026-07-04,25,Lunch,88,10,0,0,10,0,0.0,,,P_DS003_017|P_DS003_023|P_DS003_026|P_DS003_029|P_DS003_032|P_DS003_002|P_DS003_005|P_DS003_008|P_DS003_011|P_DS003_014,8.8,0,100,0.0,38.0,88.0,409.0,88356.0,4.6477272727272725,1004.0454545454545,17.636363636363637,27.561460067992424,88.0,9.925096431628788,0.0,1.23504472267712,0.5939393939393939,0.0,17.370357482007577,7.500754825568182,3520.0,30,1.0,1.0,0.0,1.0,0.0,0.0,206.24,Rider Supply / Availability,88.0,108.15675893333334,830.5900168333334,30,1.0,0.011363636363636364,40.0,0.36052252977777777,0.9228777964814815,40,-10,6,4,Add or rebalance riders in this interval
DS004_20260703_I28,DS004,2026-07-03,28,Lunch,98,9,0,0,9,0,0.0,,,P_DS004_008|P_DS004_011|P_DS004_014|P_DS004_020|P_DS004_023|P_DS004_029|P_DS004_032|P_DS004_035|P_DS004_002,10.88888888888889,0,100,0.0,38.0,98.0,466.0,103895.78,4.755102040816326,1060.1610204081633,18.96938775510204,51.733893195748294,98.0,32.76450544064626,0.0,1.2193689520972517,0.6335034013605443,0.0,40.03904470714286,8.997588371258503,4410.0,38,2.0,2.0,1.0,0.0,1.0,0.0,459.88,Rider Supply / Availability,98.0,119.16996958333333,1069.4133026666666,38,1.0,0.02040816326530612,45.0,0.4413702577160494,0.9380818444444444,51,-13,6,3,Add or rebalance riders in this interval
DS004_20260712_I27,DS004,2026-07-12,27,Lunch,109,10,0,0,10,0,0.0,,,P_DS004_026|P_DS004_029|P_DS004_032|P_DS004_002|P_DS004_005|P_DS004_008|P_DS004_011|P_DS004_017|P_DS004_020|P_DS004_023,10.9,0,100,0.0,38.0,109.0,524.0,113699.06,4.807339449541284,1043.110642201835,20.30275229357798,100.64663341834863,109.0,80.34388112477065,0.0,1.2270163183030416,0.6399082568807339,0.0,88.92396268012233,8.907733922782874,4905.0,34,6.0,6.0,4.0,1.0,1.0,0.0,1834.04,Rider Supply / Availability,109.0,128.56461043333334,958.8406031833333,34,1.0,0.05504587155963303,45.0,0.42854870144444446,0.9400398070424837,46,-12,7,3,Add or rebalance riders in this interval
DS001_20260705_I25,DS001,2026-07-05,25,Lunch,101,10,0,0,10,0,0.0,,,P_DS001_020|P_DS001_023|P_DS001_026|P_DS001_029|P_DS001_032|P_DS001_002|P_DS001_005|P_DS001_008|P_DS001_011|P_DS001_017,10.1,0,2350,0.0,38.5,101.0,512.0,113392.32,5.069306930693069,1122.6962376237625,15.05940594059406,8.716100690924094,0.0,0.0,0.0006392485148514852,1.378074575241224,0.6021452145214521,1.311249647689769,0.3284240800330033,5.460447934323433,3535.0,34,5.0,5.0,4.0,1.0,0.0,0.0,1222.0,No SLA Breach,0.0,141.93184423333332,728.9855018833333,34,0.0,0.04950495049504951,35.0,0.4731061474444444,0.7146916685130719,35,-1,7,3,Recover overdue put-away workload
DS002_20260703_I28,DS002,2026-07-03,28,Lunch,124,9,0,0,9,0,0.0,,,P_DS002_008|P_DS002_011|P_DS002_014|P_DS002_017|P_DS002_020|P_DS002_023|P_DS002_029|P_DS002_032|P_DS002_002,13.77777777777778,0,100,0.0,38.0,124.0,605.0,133655.25,4.879032258064516,1077.8649193548388,20.870967741935484,80.56145604919355,124.0,59.690488307258065,0.003901809408602149,1.3181141559338854,0.6681451612903225,0.0,68.85383731169355,8.82404362486559,5580.0,34,4.0,4.0,1.0,0.0,3.0,0.0,1283.87,Rider Supply / Availability,124.0,160.72493956666668,959.6589968666667,34,1.0,0.03225806451612903,45.0,0.5952775539506173,0.9408421537908497,46,-12,8,1,Add or rebalance riders in this interval
DS005_20260707_I30,DS005,2026-07-07,30,Lunch,51,8,0,0,8,0,0.0,,,P_DS005_026|P_DS005_029|P_DS005_005|P_DS005_008|P_DS005_011|P_DS005_014|P_DS005_017|P_DS005_020,6.375,0,850,0.0,38.0,51.0,258.0,60842.33,5.0588235294117645,1192.986862745098,14.098039215686274,9.685557683986927,0.0,0.0,0.0,1.3688591009188522,0.6967320261437908,1.3510823535947711,0.059750677124183006,6.710215878431373,1785.0,23,2.0,2.0,1.0,1.0,0.0,0.0,316.58,No SLA Breach,0.0,69.21967493333334,530.3305662666667,23,0.0,0.0392156862745098,35.0,0.2884153122222222,0.7685950235748792,26,-3,4,4,Recover overdue put-away workload
DS002_20260712_I30,DS002,2026-07-12,30,Lunch,97,10,0,0,10,0,0.0,,,P_DS002_002|P_DS002_005|P_DS002_008|P_DS002_011|P_DS002_017|P_DS002_020|P_DS002_023|P_DS002_026|P_DS002_029|P_DS002_032,9.7,0,100,0.0,38.0,97.0,457.0,97379.43,4.711340206185567,1003.911649484536,17.608247422680414,81.91712439948454,97.0,64.30887697680413,0.0,1.2120157594368923,0.5634020618556701,0.0,70.2679362895189,8.983564094158075,3880.0,37,5.0,5.0,4.0,1.0,0.0,0.0,1255.68,Rider Supply / Availability,97.0,118.87638331666666,1036.5162090000001,37,1.0,0.05154639175257732,40.0,0.39625461105555554,0.9337983864864866,50,-13,6,4,Add or rebalance riders in this interval
DS002_20260707_I23,DS002,2026-07-07,23,Lunch,37,8,0,0,8,0,0.0,,,P_DS002_032|P_DS002_005|P_DS002_008|P_DS002_011|P_DS002_014|P_DS002_020|P_DS002_026|P_DS002_029,4.625,0,0,0.0,38.0,37.0,205.0,47081.22,5.54054054054054,1272.4654054054054,12.54054054054054,10.593987345495496,6.0,0.13319945495495497,0.0,1.521031075322515,0.6121621621621621,2.133193230630631,0.0,7.55088420045045,1295.0,31,2.0,2.0,0.0,1.0,1.0,0.0,1646.6200000000001,Store Not Ready for Rider,5.0,52.968959383333335,386.00132598333334,25,0.16216216216216217,0.05405405405405406,35.0,0.22070399743055555,0.4150551892293907,19,12,3,5,Protect or increase picker capacity
DS005_20260709_I23,DS005,2026-07-09,23,Lunch,25,9,0,0,9,0,0.0,,,P_DS005_020|P_DS005_023|P_DS005_026|P_DS005_029|P_DS005_002|P_DS005_005|P_DS005_008|P_DS005_014|P_DS005_017,2.7777777777777777,0,1600,0.0,38.0,25.0,112.0,25439.06,4.48,1017.5624,9.52,8.042499127333333,2.0,0.025392763999999977,0.0,1.204567049417643,0.6026666666666667,1.807233708,0.0,5.323932078666667,750.0,32,0.0,0.0,0.0,0.0,0.0,0.0,0.0,Store Not Ready for Rider,2.0,30.114176033333333,239.29371145,17,0.08,0.0,30.0,0.11153398530864198,0.24926428276041665,12,20,2,7,Recover overdue put-away workload
DS004_20260714_I29,DS004,2026-07-14,29,Lunch,61,10,0,0,10,0,0.0,,,P_DS004_035|P_DS004_005|P_DS004_008|P_DS004_011|P_DS004_014|P_DS004_017|P_DS004_020|P_DS004_026|P_DS004_029|P_DS004_032,6.1,0,850,0.0,38.0,61.0,296.0,65810.99,4.852459016393443,1078.8686885245902,13.918032786885245,10.274450993169399,1.0,0.03647563278688525,0.0,1.2624135567680574,0.6016393442622952,1.7927628336065575,0.017777627595628415,7.501363633879781,2135.0,35,1.0,1.0,0.0,0.0,0.0,1.0,150.0,Store Not Ready for Rider,1.0,77.62999020000001,713.7575284333333,35,0.01639344262295082,0.01639344262295082,35.0,0.25876663400000005,0.6797690746984126,34,1,4,6,Recover overdue put-away workload
DS001_20260711_I29,DS001,2026-07-11,29,Lunch,102,10,0,0,10,0,0.0,,,P_DS001_035|P_DS001_002|P_DS001_005|P_DS001_008|P_DS001_011|P_DS001_014|P_DS001_017|P_DS001_023|P_DS001_029|P_DS001_032,10.2,0,850,0.0,38.0,102.0,510.0,113869.31,5.0,1116.3657843137255,13.843137254901961,9.33595581993464,1.0,0.0004371183006535853,0.02467233954248366,1.3037023621294206,0.6148692810457517,0.9118878746732025,0.8779161024509803,5.570514686437909,3060.0,35,5.0,5.0,2.0,3.0,0.0,0.0,1195.28,Rider Supply / Availability,1.0,134.4009257,762.156317,35,0.00980392156862745,0.049019607843137254,30.0,0.44800308566666663,0.725863159047619,37,-2,7,3,Recover overdue put-away workload
DS003_20260707_I24,DS003,2026-07-07,24,Lunch,54,8,0,0,8,0,0.0,,,P_DS003_005|P_DS003_008|P_DS003_011|P_DS003_014|P_DS003_020|P_DS003_026|P_DS003_029|P_DS003_032,6.75,0,100,0.0,38.0,54.0,285.0,65337.340000000004,5.277777777777778,1209.950740740741,13.481481481481481,9.510526226851853,0.0,0.0,0.00038818395061728336,1.4110144556330966,0.6944444444444444,2.0727613555555555,0.0,6.500975438888889,1890.0,28,0.0,0.0,0.0,0.0,0.0,0.0,0.0,No SLA Breach,0.0,79.63743091666666,520.0865633333333,28,0.0,0.0,35.0,0.3318226288194444,0.6191506706349206,25,3,4,4,Recover overdue put-away workload
DS001_20260706_I26,DS001,2026-07-06,26,Lunch,112,10,0,0,10,0,0.0,,,P_DS001_023|P_DS001_026|P_DS001_032|P_DS001_035|P_DS001_002|P_DS001_005|P_DS001_011|P_DS001_014|P_DS001_017|P_DS001_020,11.2,0,850,0.0,38.0,112.0,567.0,128265.02,5.0625,1145.223392857143,20.294642857142858,30.630568635863092,112.0,10.335925778720238,0.000737787351190476,1.3528070357215758,0.5961309523809524,0.0,19.524812273363096,8.180038911458334,5040.0,32,2.0,2.0,1.0,1.0,0.0,0.0,600.96,Rider Supply / Availability,112.0,148.75331271666667,893.5922153166666,32,1.0,0.017857142857142856,45.0,0.49584437572222223,0.9308252242881944,43,-11,8,2,Add or rebalance riders in this interval
DS004_20260713_I29,DS004,2026-07-13,29,Lunch,67,10,0,0,10,0,0.0,,,P_DS004_035|P_DS004_002|P_DS004_005|P_DS004_011|P_DS004_014|P_DS004_017|P_DS004_020|P_DS004_023|P_DS004_026|P_DS004_032,6.7,0,850,0.0,38.0,67.0,315.0,72818.41,4.701492537313433,1086.8419402985076,14.597014925373134,10.33585943482587,0.0,0.0,0.0,1.1917434604773345,0.5935323383084578,0.9264190335820894,0.27042547736318406,7.423939251990049,2345.0,32,4.0,4.0,3.0,1.0,0.0,0.0,1891.96,No SLA Breach,0.0,80.86229503333334,815.6378624500001,32,0.0,0.05970149253731343,35.0,0.26954098344444444,0.8496227733854167,39,-7,4,6,Recover overdue put-away workload
DS003_20260714_I24,DS003,2026-07-14,24,Lunch,50,7,0,0,7,0,0.0,,,P_DS003_014|P_DS003_017|P_DS003_029|P_DS003_032|P_DS003_005|P_DS003_008|P_DS003_011,7.142857142857143,0,100,0.0,38.0,50.0,254.0,53697.1,5.08,1073.942,13.2,10.031162683,0.0,0.0,0.0,1.3379455909932667,0.6723333333333333,2.010278916,0.0,7.027883759333333,1750.0,32,1.0,1.0,1.0,0.0,0.0,0.0,292.04,No SLA Breach,0.0,67.03720151666667,455.58655369999997,26,0.0,0.02,35.0,0.31922476912698416,0.4745693267708333,22,10,4,3,Recover overdue put-away workload
DS004_20260706_I30,DS004,2026-07-06,30,Lunch,68,9,0,0,9,0,0.0,,,P_DS004_017|P_DS004_020|P_DS004_023|P_DS004_026|P_DS004_032|P_DS004_035|P_DS004_002|P_DS004_011|P_DS004_014,7.555555555555555,0,100,0.0,38.0,68.0,346.0,82720.65,5.088235294117647,1216.4801470588234,15.955882352941176,45.901466216911764,68.0,29.94558386397059,0.0,1.2757091313498368,0.5791666666666666,0.0,33.71636034534314,9.432681046568627,2720.0,39,4.0,4.0,2.0,0.0,2.0,0.0,1309.96,Rider Supply / Availability,68.0,81.91128991666666,1107.0314669166667,39,1.0,0.058823529411764705,40.0,0.30337514783950614,0.946180740954416,53,-14,4,5,Add or rebalance riders in this interval
DS002_20260702_I24,DS002,2026-07-02,24,Lunch,53,9,0,0,9,0,0.0,,,P_DS002_023|P_DS002_026|P_DS002_029|P_DS002_002|P_DS002_005|P_DS002_008|P_DS002_014|P_DS002_017|P_DS002_020,5.888888888888889,0,100,0.0,38.0,53.0,248.0,56179.96,4.679245283018868,1059.9992452830188,11.358490566037736,9.380383324528301,5.0,0.10433722610062894,0.0,1.2181860917914646,0.5946540880503145,1.8128401707547168,0.0,6.607480249056604,1590.0,37,1.0,1.0,1.0,0.0,0.0,0.0,892.06,Last-Mile Travel,3.0,64.52993551666667,555.37106955,29,0.09433962264150944,0.018867924528301886,30.0,0.23899976117283953,0.5003342968918919,27,10,4,5,Recover overdue put-away workload
DS003_20260702_I23,DS003,2026-07-02,23,Lunch,36,7,0,0,7,0,0.0,,,P_DS003_008|P_DS003_014|P_DS003_020|P_DS003_023|P_DS003_029|P_DS003_002|P_DS003_005,5.142857142857143,0,850,0.0,38.0,36.0,181.0,38524.05,5.027777777777778,1070.1125000000002,10.25,8.45370159027778,3.0,0.038765727314814806,0.0,1.3215594641976933,0.611574074074074,1.9331335300925925,0.0,5.48954953287037,1080.0,31,1.0,1.0,0.0,1.0,0.0,0.0,174.89,Store Not Ready for Rider,3.0,49.8839997,302.8040879166667,21,0.08333333333333333,0.027777777777777776,30.0,0.2375428557142857,0.32559579345878137,15,16,3,4,Recover overdue put-away workload
DS005_20260706_I30,DS005,2026-07-06,30,Lunch,47,8,0,0,8,0,0.0,,,P_DS005_023|P_DS005_026|P_DS005_002|P_DS005_005|P_DS005_011|P_DS005_014|P_DS005_017|P_DS005_020,5.875,0,1600,0.0,38.0,47.0,246.0,56433.92,5.23404255319149,1200.7217021276595,15.27659574468085,11.240701270567376,0.0,0.0,0.0,1.3946749848348259,0.5989361702127659,1.4087424592198583,0.5538552219858156,7.819830635106383,1880.0,26,3.0,3.0,1.0,1.0,1.0,0.0,1183.8899999999999,No SLA Breach,0.0,70.4818834,637.9023155166667,26,0.0,0.06382978723404255,40.0,0.2936745141666667,0.817823481431624,31,-5,4,4,Recover overdue put-away workload
DS005_20260713_I28,DS005,2026-07-13,28,Lunch,50,7,0,0,7,0,0.0,,,P_DS005_002|P_DS005_005|P_DS005_011|P_DS005_014|P_DS005_020|P_DS005_023|P_DS005_026,7.142857142857143,0,2350,0.0,38.5,50.0,252.0,56744.25,5.04,1134.885,13.92,8.809066902,0.0,0.0,0.001522194666666666,1.3040793927069083,0.7093333333333334,2.014934913333333,0.0,5.884131983,2000.0,34,0.0,0.0,0.0,0.0,0.0,0.0,0.0,No SLA Breach,0.0,64.32956343333333,426.6707362833333,31,0.0,0.0,40.0,0.3063312544444444,0.41830464341503265,21,13,4,3,Recover overdue put-away workload
DS002_20260709_I25,DS002,2026-07-09,25,Lunch,78,9,0,0,9,0,0.0,,,P_DS002_026|P_DS002_029|P_DS002_002|P_DS002_005|P_DS002_008|P_DS002_014|P_DS002_017|P_DS002_020|P_DS002_023,8.666666666666666,0,850,0.0,38.0,78.0,387.0,94603.5,4.961538461538462,1212.8653846153845,14.217948717948717,9.366647524358974,0.0,0.0,0.0,1.2543180873426871,0.6344017094017094,1.817806991239316,0.0,6.5565602066239315,2730.0,36,1.0,1.0,1.0,0.0,0.0,0.0,186.54,No SLA Breach,0.0,96.44924293333334,686.40756085,36,0.0,0.01282051282051282,35.0,0.35721941827160497,0.6355625563425926,33,3,5,4,Recover overdue put-away workload
DS005_20260705_I30,DS005,2026-07-05,30,Lunch,58,9,0,0,9,0,0.0,,,P_DS005_011|P_DS005_017|P_DS005_020|P_DS005_023|P_DS005_026|P_DS005_029|P_DS005_002|P_DS005_005|P_DS005_008,6.444444444444445,0,1600,0.0,38.5,58.0,304.0,73450.07,5.241379310344827,1266.3805172413795,11.241379310344827,8.37844866005747,0.0,0.0,0.0,1.3998059491322759,0.6563218390804597,2.0561277793103447,0.0,5.390424319540229,1740.0,30,2.0,2.0,1.0,1.0,0.0,0.0,1574.58,No SLA Breach,0.0,83.99395106666667,502.2670185833333,30,0.0,0.034482758620689655,30.0,0.311088707654321,0.5580744650925926,24,6,4,5,Recover overdue put-away workload
DS005_20260707_I26,DS005,2026-07-07,26,Lunch,65,8,0,0,8,0,0.0,,,P_DS005_011|P_DS005_014|P_DS005_017|P_DS005_020|P_DS005_026|P_DS005_029|P_DS005_005|P_DS005_008,8.125,0,850,0.0,38.0,65.0,334.0,80801.81,5.138461538461539,1243.1047692307693,16.907692307692308,11.578707453846153,0.0,0.0,0.0,1.3697266330164903,0.5987179487179487,0.6564026851282051,1.8177933025641027,6.902725974102564,2600.0,23,3.0,3.0,2.0,1.0,0.0,0.0,1302.98,No SLA Breach,0.0,88.7613681,561.1259553333333,23,0.0,0.046153846153846156,40.0,0.36983903375,0.8132260222222222,27,-4,5,3,Recover overdue put-away workload
DS005_20260704_I29,DS005,2026-07-04,29,Lunch,77,8,0,0,8,0,0.0,,,P_DS005_023|P_DS005_026|P_DS005_029|P_DS005_002|P_DS005_008|P_DS005_011|P_DS005_014|P_DS005_017,9.625,0,2350,0.0,38.0,77.0,365.0,75150.27,4.740259740259741,975.9775324675326,14.831168831168831,11.687904047402599,3.0,0.04705347878787883,0.0,1.262790001729676,0.6047619047619048,0.0,2.9059506774891775,6.048167687878788,2695.0,29,4.0,4.0,4.0,0.0,0.0,0.0,1830.4299999999998,Rider Supply / Availability,2.0,99.43719245,800.2068836666666,29,0.03896103896103896,0.05194805194805195,35.0,0.4143216352083333,0.9197780272030651,39,-10,5,3,Recover overdue put-away workload
DS003_20260711_I26,DS003,2026-07-11,26,Lunch,73,10,0,0,10,0,0.0,,,P_DS003_023|P_DS003_026|P_DS003_029|P_DS003_032|P_DS003_002|P_DS003_005|P_DS003_008|P_DS003_011|P_DS003_014|P_DS003_017,7.3,0,2350,0.0,38.0,73.0,368.0,85471.53,5.041095890410959,1170.8428767123287,14.397260273972602,9.242008948401827,0.0,0.0,0.0,1.3636900431972656,0.682648401826484,1.2401464639269406,0.07713294223744292,6.116254454337899,2555.0,32,2.0,2.0,2.0,0.0,0.0,0.0,751.4200000000001,No SLA Breach,0.0,102.15312463333333,782.4721825,32,0.0,0.0273972602739726,35.0,0.34051041544444444,0.8150751901041667,38,-6,5,5,Recover overdue put-away workload
DS003_20260714_I30,DS003,2026-07-14,30,Lunch,34,7,0,0,7,0,0.0,,,P_DS003_011|P_DS003_014|P_DS003_017|P_DS003_029|P_DS003_032|P_DS003_005|P_DS003_008,4.857142857142857,0,100,0.0,38.0,34.0,182.0,41848.74,5.352941176470588,1230.845294117647,12.058823529411764,9.858875070098039,2.0,0.05163458774509804,0.0,1.3970145872377397,0.5931372549019608,1.943870138235294,0.0,7.004017344607843,1190.0,32,1.0,1.0,0.0,0.0,1.0,0.0,343.54,Store Not Ready for Rider,2.0,48.392122900000004,427.31860628333334,32,0.058823529411764705,0.029411764705882353,35.0,0.23043868047619048,0.44512354821180555,21,11,3,4,Recover overdue put-away workload
DS003_20260703_I30,DS003,2026-07-03,30,Lunch,43,9,0,0,9,0,0.0,,,P_DS003_014|P_DS003_017|P_DS003_020|P_DS003_023|P_DS003_029|P_DS003_032|P_DS003_002|P_DS003_008|P_DS003_011,4.777777777777778,0,100,0.0,38.0,43.0,226.0,53106.880000000005,5.255813953488372,1235.0437209302327,14.581395348837209,28.460179200775197,43.0,13.878783851937984,0.0,1.3427749671556095,0.7550387596899225,0.0,17.59720263875969,7.8171008112403095,1720.0,31,4.0,4.0,2.0,0.0,2.0,0.0,653.49,Rider Supply / Availability,43.0,55.99543473333333,871.7088673833333,31,1.0,0.09302325581395349,40.0,0.20739049901234569,0.9373213627777778,42,-11,3,6,Add or rebalance riders in this interval
DS004_20260704_I24,DS004,2026-07-04,24,Lunch,97,11,0,0,11,0,0.0,,,P_DS004_008|P_DS004_011|P_DS004_014|P_DS004_017|P_DS004_023|P_DS004_026|P_DS004_029|P_DS004_032|P_DS004_035|P_DS004_002|P_DS004_005,8.818181818181818,0,100,0.0,38.0,97.0,476.0,107177.76,4.907216494845361,1104.9253608247423,15.68041237113402,32.327863016494845,97.0,16.647450645360824,0.0,1.2622614976636213,0.5984536082474227,0.0,21.972509406013746,7.567662550343643,3395.0,37,1.0,1.0,1.0,0.0,0.0,0.0,292.04,Rider Supply / Availability,97.0,122.97976738333334,1027.7830433,37,1.0,0.010309278350515464,35.0,0.3726659617676768,0.9259306696396395,49,-12,6,5,Add or rebalance riders in this interval
DS004_20260714_I25,DS004,2026-07-14,25,Lunch,68,10,0,0,10,0,0.0,,,P_DS004_020|P_DS004_026|P_DS004_029|P_DS004_032|P_DS004_035|P_DS004_005|P_DS004_008|P_DS004_011|P_DS004_014|P_DS004_017,6.8,0,850,0.0,38.0,68.0,352.0,81265.44,5.176470588235294,1195.08,15.764705882352942,10.557479126715686,1.0,0.019734507107843153,0.0,1.3248220455553128,0.6985294117647058,1.7672957568627452,0.02840836568627451,7.621650675000001,2720.0,35,1.0,1.0,0.0,1.0,0.0,0.0,215.8,Last-Mile Travel,1.0,89.18086741666667,757.5596472833333,35,0.014705882352941176,0.014705882352941176,40.0,0.29726955805555555,0.7214853783650793,37,-2,5,5,Recover overdue put-away workload
DS003_20260707_I41,DS003,2026-07-07,41,Evening,141,8,0,0,8,0,0.0,,,P_DS003_006|P_DS003_012|P_DS003_015|P_DS003_018|P_DS003_021|P_DS003_024|P_DS003_027|P_DS003_003,17.625,0,100,0.0,32.0,141.0,703.0,160632.07,4.98581560283688,1139.2345390070923,20.22695035460993,38.0660800641844,141.0,17.83912970957447,0.12105297813238769,1.4413964080078185,0.6567375886524822,0.0,27.70360810319149,7.182646676595745,5640.0,33,7.0,7.0,5.0,2.0,0.0,0.0,1748.3,Rider Supply / Availability,141.0,202.4601743,916.09918005,33,1.0,0.04964539007092199,40.0,0.8435840595833334,0.9253527071212121,44,-11,10,-2,Add or rebalance riders in this interval
DS005_20260705_I37,DS005,2026-07-05,37,Evening,65,11,0,0,11,0,0.0,,,P_DS005_018|P_DS005_024|P_DS005_027|P_DS005_030|P_DS005_021|P_DS005_028|P_DS005_014|P_DS005_003|P_DS005_006|P_DS005_009|P_DS005_012,5.909090909090909,0,1600,0.0,32.5,65.0,313.0,67994.35,4.815384615384615,1046.066923076923,13.876923076923077,8.146691852564102,0.0,0.0,0.0,1.2458419772302491,0.6407692307692308,1.5737492184615385,0.03552612461538461,5.3401955441025635,2275.0,26,2.0,2.0,1.0,0.0,1.0,0.0,891.68,No SLA Breach,0.0,81.19702165,462.20000585,26,0.0,0.03076923076923077,35.0,0.24605158075757574,0.5925641100641026,23,3,4,7,Recover overdue put-away workload
DS005_20260709_I44,DS005,2026-07-09,44,Evening,56,9,0,0,9,0,0.0,,,P_DS005_030|P_DS005_003|P_DS005_006|P_DS005_009|P_DS005_012|P_DS005_015|P_DS005_021|P_DS005_024|P_DS005_027,6.222222222222222,0,1600,0.0,32.0,56.0,282.0,59296.32,5.035714285714286,1058.8628571428571,12.946428571428571,8.878045916369048,3.0,0.022798043750000004,0.0,1.2935589069978328,0.5955357142857143,1.2011727619047619,0.8967826767857143,5.233537662797619,1960.0,27,3.0,3.0,3.0,0.0,0.0,0.0,1144.4099999999999,Rider Supply / Availability,3.0,72.61406383333333,627.9491847666667,27,0.05357142857142857,0.05357142857142857,35.0,0.2689409771604938,0.7752459071193416,30,-3,4,5,Recover overdue put-away workload
DS003_20260710_I41,DS003,2026-07-10,41,Evening,141,11,0,0,11,0,0.0,,,P_DS003_019|P_DS003_012|P_DS003_005|P_DS003_003|P_DS003_006|P_DS003_009|P_DS003_015|P_DS003_021|P_DS003_024|P_DS003_027|P_DS003_030,12.818181818181818,0,850,0.0,32.0,141.0,692.0,157900.92,4.907801418439717,1119.864680851064,17.652482269503547,15.813843881560285,53.0,0.670363081678487,0.048016864775413705,1.3622253137908005,0.6335697399527186,0.007987947517730496,6.58262553286052,6.248162922458629,4935.0,37,3.0,3.0,0.0,3.0,0.0,0.0,1113.32,Rider Supply / Availability,53.0,193.76173735,1008.5877762166667,37,0.375886524822695,0.02127659574468085,35.0,0.5871567798484849,0.9086376362312313,49,-12,10,1,Add or rebalance riders in this interval
DS003_20260711_I38,DS003,2026-07-11,38,Evening,79,11,0,0,11,0,0.0,,,P_DS003_021|P_DS003_024|P_DS003_030|P_DS003_020|P_DS003_013|P_DS003_027|P_DS003_003|P_DS003_009|P_DS003_012|P_DS003_015|P_DS003_018,7.181818181818182,0,2350,0.0,32.0,79.0,393.0,87189.59,4.974683544303797,1103.6656962025315,15.544303797468354,10.03552577679325,0.0,0.0,0.0,1.3727910501853506,0.599789029535865,0.47856650590717303,0.6324038432489452,6.530541847890295,2765.0,29,1.0,1.0,0.0,0.0,1.0,0.0,87.92,No SLA Breach,0.0,103.5186795,760.5071370166667,29,0.0,0.012658227848101266,35.0,0.3136929681818182,0.8741461345019157,37,-8,5,6,Recover overdue put-away workload
DS003_20260713_I45,DS003,2026-07-13,45,Evening,58,9,0,0,9,0,0.0,,,P_DS003_003|P_DS003_006|P_DS003_009|P_DS003_012|P_DS003_018|P_DS003_021|P_DS003_024|P_DS003_027|P_DS003_030,6.444444444444445,0,2350,0.0,33.0,58.0,273.0,61768.62,4.706896551724138,1064.9762068965517,13.431034482758621,48.936154232758625,58.0,35.505119750000006,0.0,1.277981137835172,0.578735632183908,0.0,39.24622734827586,6.941543437068966,2030.0,32,0.0,0.0,0.0,0.0,0.0,0.0,0.0,Rider Supply / Availability,58.0,76.74935843333333,889.3162488333334,32,1.0,0.0,35.0,0.2842568830864197,0.9263710925347223,43,-11,4,5,Add or rebalance riders in this interval
DS005_20260701_I38,DS005,2026-07-01,38,Evening,84,8,0,0,8,0,0.0,,,P_DS005_027|P_DS005_030|P_DS005_006|P_DS005_009|P_DS005_012|P_DS005_015|P_DS005_018|P_DS005_021,10.5,0,1450,0.0,34.0,84.0,457.0,106257.91,5.440476190476191,1264.975119047619,16.261904761904763,9.398437065277777,0.0,0.0,0.01680710734126984,1.4471062972341526,0.5932539682539683,1.3081217061507937,0.18909162757936507,6.271027268253968,3360.0,32,4.0,4.0,2.0,0.0,2.0,0.0,1721.05,No SLA Breach,0.0,121.90535108333333,756.0493259,32,0.0,0.047619047619047616,40.0,0.5079389628472222,0.7875513811458333,37,-5,6,2,Recover overdue put-away workload
DS005_20260714_I45,DS005,2026-07-14,45,Evening,59,7,0,0,7,0,0.0,,,P_DS005_015|P_DS005_018|P_DS005_024|P_DS005_027|P_DS005_003|P_DS005_006|P_DS005_012,8.428571428571429,0,850,0.0,32.0,59.0,269.0,57653.74,4.559322033898305,977.182033898305,13.966101694915254,17.096094363559324,53.0,3.2268546892655365,0.0,1.260786442412761,0.646045197740113,0.0,7.879084727683616,6.354245781638418,2065.0,27,0.0,0.0,0.0,0.0,0.0,0.0,0.0,Rider Supply / Availability,53.0,76.86115173333333,735.22973465,27,0.8983050847457628,0.0,35.0,0.3660054844444444,0.9076910304320988,36,-9,4,3,Add or rebalance riders in this interval
DS002_20260711_I42,DS002,2026-07-11,42,Evening,123,12,0,0,12,0,0.0,,,P_DS002_024|P_DS002_030|P_DS002_033|P_DS002_027|P_DS002_020|P_DS002_006|P_DS002_003|P_DS002_009|P_DS002_012|P_DS002_015|P_DS002_018|P_DS002_021,10.25,0,100,0.0,32.0,123.0,649.0,147733.0,5.276422764227642,1201.081300813008,17.170731707317074,25.966526743224932,123.0,8.795795035907858,0.0,1.3453250887295265,0.6594850948509484,0.0,16.513445471680217,6.529165389159892,4305.0,36,1.0,1.0,0.0,1.0,0.0,0.0,111.02,Rider Supply / Availability,123.0,160.02727848333333,993.99396825,36,1.0,0.008130081300813009,35.0,0.4445202180092593,0.9203647854166667,48,-12,8,4,Add or rebalance riders in this interval
DS003_20260708_I40,DS003,2026-07-08,40,Evening,137,10,0,0,10,0,0.0,,,P_DS003_006|P_DS003_009|P_DS003_012|P_DS003_015|P_DS003_021|P_DS003_027|P_DS003_030|P_DS003_003|P_DS003_017|P_DS003_010,13.7,0,1600,0.0,32.0,137.0,649.0,148731.55,4.737226277372263,1085.6317518248175,19.956204379562045,29.956600263990268,136.0,10.007369942092456,0.01735075243309002,1.325132238898039,0.6411192214111922,0.0,20.1393308120438,6.902158716301703,5480.0,32,4.0,4.0,1.0,2.0,1.0,0.0,712.64,Rider Supply / Availability,136.0,180.02176505,885.1483777666666,32,0.9927007299270073,0.029197080291970802,40.0,0.6000725501666667,0.922029560173611,43,-11,9,1,Add or rebalance riders in this interval
DS005_20260701_I43,DS005,2026-07-01,43,Evening,92,8,0,0,8,0,0.0,,,P_DS005_015|P_DS005_018|P_DS005_021|P_DS005_027|P_DS005_030|P_DS005_006|P_DS005_009|P_DS005_012,11.5,0,1450,0.0,34.0,92.0,431.0,95601.95,4.684782608695652,1039.1516304347826,16.76086956521739,21.649336905253623,92.0,4.8884673400362315,0.0,1.2275527681535752,0.6382246376811594,0.0,12.158437857065218,6.698672359601448,3680.0,32,3.0,3.0,3.0,0.0,0.0,0.0,902.04,Rider Supply / Availability,92.0,116.4703997,881.9542388833333,32,1.0,0.03260869565217391,40.0,0.48529333208333336,0.9187023321701389,42,-10,6,2,Add or rebalance riders in this interval
DS005_20260710_I39,DS005,2026-07-10,39,Evening,97,8,0,0,8,0,0.0,,,P_DS005_030|P_DS005_003|P_DS005_006|P_DS005_009|P_DS005_015|P_DS005_018|P_DS005_024|P_DS005_027,12.125,0,1600,0.0,32.0,97.0,451.0,101227.06,4.649484536082475,1043.57793814433,16.47422680412371,9.952896849828178,0.0,0.0,0.0,1.2943161453690621,0.6582474226804124,0.05132194226804124,1.4669584764604813,5.694886824914089,3395.0,28,3.0,3.0,1.0,1.0,1.0,0.0,822.9200000000001,No SLA Breach,0.0,122.68927565,747.8212716,28,0.0,0.030927835051546393,35.0,0.5112053152083333,0.8902634185714287,36,-8,6,2,Recover overdue put-away workload
DS004_20260712_I44,DS004,2026-07-12,44,Evening,112,13,0,0,13,0,0.0,,,P_DS004_018|P_DS004_024|P_DS004_027|P_DS004_030|P_DS004_033|P_DS004_014|P_DS004_028|P_DS004_035|P_DS004_003|P_DS004_006|P_DS004_009|P_DS004_012|P_DS004_015,8.615384615384615,0,100,0.0,32.0,112.0,568.0,122213.67,5.071428571428571,1091.1934821428572,20.633928571428573,231.9997761342262,112.0,211.36584756279763,0.0,1.3558104416731938,0.6610119047619047,0.0,219.54326772455357,9.532394388244047,5040.0,34,1.0,1.0,1.0,0.0,0.0,0.0,219.34,Rider Supply / Availability,112.0,156.58518838333333,963.77041285,34,1.0,0.008928571428571428,45.0,0.401500483034188,0.9448729537745097,46,-12,8,5,Add or rebalance riders in this interval
DS004_20260706_I40,DS004,2026-07-06,40,Evening,120,10,0,0,10,0,0.0,,,P_DS004_003|P_DS004_006|P_DS004_009|P_DS004_012|P_DS004_018|P_DS004_021|P_DS004_024|P_DS004_027|P_DS004_030|P_DS004_033,12.0,0,100,0.0,32.0,120.0,559.0,132972.79,4.658333333333333,1108.1065833333334,20.016666666666666,57.89145876930556,120.0,37.87479210263889,0.015167717916666663,1.1899988522561968,0.6756944444444444,0.0,45.77038720986111,9.284516091805555,5400.0,39,2.0,2.0,1.0,1.0,0.0,0.0,727.48,Rider Supply / Availability,120.0,149.30412486666665,1101.7751021333333,39,1.0,0.016666666666666666,45.0,0.4976804162222222,0.9416881214814815,53,-14,8,2,Add or rebalance riders in this interval
DS004_20260706_I38,DS004,2026-07-06,38,Evening,105,10,0,0,10,0,0.0,,,P_DS004_030|P_DS004_033|P_DS004_003|P_DS004_006|P_DS004_009|P_DS004_012|P_DS004_018|P_DS004_021|P_DS004_024|P_DS004_027,10.5,0,100,0.0,32.0,105.0,498.0,116287.79,4.742857142857143,1107.5027619047619,19.438095238095237,18.512068318412698,47.0,1.3936143934920635,0.0,1.2142100907025268,0.6563492063492063,0.03478955539682539,6.249425570952381,9.496845347936507,4725.0,39,6.0,5.0,2.0,1.0,3.0,0.0,3099.29,Rider Supply / Availability,47.0,129.63532875,1094.9858244666666,39,0.44761904761904764,0.047619047619047616,45.0,0.43211776250000006,0.93588532005698,53,-14,7,3,Add or rebalance riders in this interval
DS001_20260707_I45,DS001,2026-07-07,45,Evening,77,10,0,0,10,0,0.0,,,P_DS001_021|P_DS001_024|P_DS001_027|P_DS001_033|P_DS001_036|P_DS001_003|P_DS001_006|P_DS001_012|P_DS001_015|P_DS001_018,7.7,0,0,0.0,32.0,77.0,372.0,85340.05,4.8311688311688314,1108.3123376623378,13.987012987012987,49.57867054242425,77.0,35.59165755541126,0.0,1.2422918330118657,0.6532467532467532,0.0,39.99762932229437,6.7935112824675326,2695.0,36,2.0,2.0,1.0,0.0,1.0,0.0,294.48,Rider Supply / Availability,77.0,97.13527301666667,990.2415232,36,1.0,0.025974025974025976,35.0,0.3237842433888889,0.9168902992592592,48,-12,5,5,Add or rebalance riders in this interval
DS004_20260713_I42,DS004,2026-07-13,42,Evening,87,9,0,0,9,0,0.0,,,P_DS004_024|P_DS004_027|P_DS004_033|P_DS004_003|P_DS004_006|P_DS004_009|P_DS004_012|P_DS004_018|P_DS004_021,9.666666666666666,0,850,0.0,32.0,87.0,456.0,100651.91,5.241379310344827,1156.9185057471266,16.17241379310345,21.28079734118774,87.0,5.108383548084292,0.002014397701149424,1.3789563997701262,0.6262452107279693,0.0,10.923539322796934,7.457130123563219,3480.0,40,1.0,1.0,0.0,1.0,0.0,0.0,111.02,Rider Supply / Availability,87.0,122.12702801666667,1110.2457921666667,40,1.0,0.011494252873563218,40.0,0.4523223259876543,0.9252048268055556,53,-13,6,3,Add or rebalance riders in this interval
DS001_20260702_I44,DS001,2026-07-02,44,Evening,100,13,0,0,13,0,0.0,,,P_DS001_021|P_DS001_024|P_DS001_030|P_DS001_033|P_DS001_036|P_DS001_032|P_DS001_025|P_DS001_018|P_DS001_003|P_DS001_006|P_DS001_009|P_DS001_012|P_DS001_015,7.6923076923076925,0,850,0.0,32.0,100.0,472.0,104238.23,4.72,1042.3823,16.06,63.048902743666666,100.0,46.98890274366667,0.0,1.1749293367245068,0.5775,0.0,54.732701933,5.694271466833333,3500.0,31,6.0,6.0,5.0,1.0,0.0,0.0,2153.15,Rider Supply / Availability,100.0,114.84895261666666,842.8065090666666,31,1.0,0.06,35.0,0.29448449388888887,0.9062435581362007,41,-10,6,7,Add or rebalance riders in this interval
DS004_20260708_I44,DS004,2026-07-08,44,Evening,88,8,0,0,8,0,0.0,,,P_DS004_018|P_DS004_021|P_DS004_027|P_DS004_030|P_DS004_006|P_DS004_009|P_DS004_012|P_DS004_015,11.0,0,850,0.0,32.0,88.0,434.0,96013.17,4.931818181818182,1091.05875,16.78409090909091,84.24244276174242,88.0,67.45835185265152,0.0,1.2811753135026342,0.6537878787878788,0.0,73.81828626950757,7.591844806628788,3520.0,36,4.0,3.0,2.0,2.0,0.0,0.0,1385.73,Rider Supply / Availability,88.0,115.62842553333333,996.59435065,36,1.0,0.03409090909090909,40.0,0.4817851063888889,0.9227725468981481,48,-12,6,2,Add or rebalance riders in this interval
DS003_20260712_I37,DS003,2026-07-12,37,Evening,82,10,0,0,10,0,0.0,,,P_DS003_028|P_DS003_014|P_DS003_021|P_DS003_003|P_DS003_006|P_DS003_009|P_DS003_012|P_DS003_015|P_DS003_024|P_DS003_027,8.2,0,850,0.0,32.0,82.0,416.0,94780.62,5.073170731707317,1155.861219512195,18.426829268292682,15.73802732296748,6.0,0.0729160463414634,0.0,1.3415028908200766,0.651829268292683,0.0,4.608058616463414,8.233994262601625,3690.0,33,3.0,3.0,2.0,1.0,0.0,0.0,354.18,Rider Supply / Availability,6.0,108.60279585,927.3776062333334,33,0.07317073170731707,0.036585365853658534,45.0,0.36200931950000004,0.9367450568013469,45,-12,6,4,Recover overdue put-away workload
DS003_20260705_I39,DS003,2026-07-05,39,Evening,97,11,0,0,11,0,0.0,,,P_DS003_024|P_DS003_027|P_DS003_028|P_DS003_007|P_DS003_021|P_DS003_003|P_DS003_006|P_DS003_009|P_DS003_012|P_DS003_015|P_DS003_018,8.818181818181818,0,1600,0.0,32.5,97.0,493.0,121326.75,5.082474226804123,1250.791237113402,15.402061855670103,9.409447887628867,0.0,0.0,0.0,1.3799707370217356,0.611340206185567,0.437293285395189,0.3608222139175258,6.183259744158076,3395.0,34,4.0,4.0,3.0,1.0,0.0,0.0,1231.26,No SLA Breach,0.0,131.81542076666668,893.9317432333333,34,0.0,0.041237113402061855,35.0,0.399440668989899,0.8764036698366013,43,-9,7,4,Recover overdue put-away workload
DS003_20260707_I44,DS003,2026-07-07,44,Evening,68,8,0,0,8,0,0.0,,,P_DS003_018|P_DS003_021|P_DS003_024|P_DS003_027|P_DS003_003|P_DS003_006|P_DS003_012|P_DS003_015,8.5,0,100,0.0,32.0,68.0,360.0,82425.88,5.294117647058823,1212.1452941176472,15.720588235294118,65.29142254509804,68.0,49.57083430980392,0.0,1.4595446982001228,0.5963235294117647,0.0,54.97258325220588,7.288706349754902,2720.0,33,2.0,2.0,0.0,0.0,2.0,0.0,757.1,Rider Supply / Availability,68.0,95.04815376666667,909.0935023333333,33,1.0,0.029411764705882353,40.0,0.3960339740277778,0.918276264983165,44,-11,5,3,Add or rebalance riders in this interval
DS004_20260711_I45,DS004,2026-07-11,45,Evening,71,8,0,0,8,0,0.0,,,P_DS004_021|P_DS004_024|P_DS004_033|P_DS004_003|P_DS004_009|P_DS004_012|P_DS004_015|P_DS004_018,8.875,0,100,0.0,32.0,71.0,355.0,85212.94,5.0,1200.1822535211268,12.788732394366198,9.870722591784038,2.0,0.013400398826291097,0.0,1.3248169466192197,0.6617370892018779,1.621336757511737,0.10862819366197182,6.817793883098592,2130.0,39,1.0,1.0,1.0,0.0,0.0,0.0,85.7,Store Not Ready for Rider,2.0,94.48084958333334,879.8099926333333,39,0.028169014084507043,0.014084507042253521,30.0,0.39367020659722224,0.7519743526780627,42,-3,5,3,Recover overdue put-away workload
DS001_20260708_I46,DS001,2026-07-08,46,Evening,45,9,0,0,9,0,0.0,,,P_DS001_009|P_DS001_012|P_DS001_015|P_DS001_018|P_DS001_021|P_DS001_027|P_DS001_030|P_DS001_033|P_DS001_006,5.0,0,100,0.0,32.0,45.0,210.0,43211.65,4.666666666666667,960.2588888888889,12.133333333333333,35.929295687777774,45.0,23.795962354444445,0.0,1.1906543627465038,0.632962962962963,0.0,27.180797435555558,6.017103141851853,1575.0,34,0.0,0.0,0.0,0.0,0.0,0.0,0.0,Rider Supply / Availability,45.0,52.68776243333333,934.4987598166666,34,1.0,0.0,35.0,0.19513986086419752,0.9161752547222222,45,-11,3,6,Add or rebalance riders in this interval
DS003_20260707_I38,DS003,2026-07-07,38,Evening,87,8,0,0,8,0,0.0,,,P_DS003_024|P_DS003_027|P_DS003_003|P_DS003_006|P_DS003_012|P_DS003_015|P_DS003_018|P_DS003_021,10.875,0,100,0.0,32.0,87.0,424.0,97586.85,4.873563218390805,1121.6879310344827,16.71264367816092,10.252532022988506,0.0,0.0,0.003968028544061301,1.2922471822339543,0.6555555555555556,0.9781106170498084,0.45476814118773945,6.954613801724138,3480.0,33,2.0,2.0,2.0,0.0,0.0,0.0,517.3,No SLA Breach,0.0,111.3422093,816.5803687666667,33,0.0,0.022988505747126436,40.0,0.4639258720833333,0.8248286553198653,39,-6,6,2,Recover overdue put-away workload
DS004_20260709_I41,DS004,2026-07-09,41,Evening,119,9,0,0,9,0,0.0,,,P_DS004_021|P_DS004_027|P_DS004_030|P_DS004_033|P_DS004_003|P_DS004_006|P_DS004_009|P_DS004_012|P_DS004_015,13.22222222222222,0,850,0.0,32.0,119.0,573.0,134613.01,4.815126050420168,1131.2017647058824,15.77310924369748,11.503384909803922,0.0,0.0,0.012251632633053218,1.267285506934039,0.6378151260504202,0.009230491036414564,2.043945486554622,6.631022722829131,4165.0,41,4.0,4.0,3.0,1.0,0.0,0.0,1502.92,No SLA Breach,0.0,151.81383493333334,1129.1990699166668,41,0.0,0.03361344537815126,35.0,0.5622734627160494,0.9180480243224933,54,-13,8,1,Recover overdue put-away workload
DS003_20260702_I41,DS003,2026-07-02,41,Evening,136,9,0,0,9,0,0.0,,,P_DS003_021|P_DS003_024|P_DS003_027|P_DS003_004|P_DS003_003|P_DS003_006|P_DS003_009|P_DS003_012|P_DS003_015,15.11111111111111,0,850,0.0,32.0,136.0,677.0,152065.93,4.977941176470588,1118.131838235294,19.360294117647058,32.288436541911764,136.0,12.928142424264706,0.0484237231617647,1.4083454612368962,0.6720588235294118,0.0,22.987662619607846,6.214225316789216,4760.0,29,3.0,3.0,1.0,1.0,1.0,0.0,463.29,Rider Supply / Availability,136.0,186.0583117,787.7095363666667,29,1.0,0.022058823529411766,35.0,0.6891048581481481,0.905413260191571,38,-9,9,0,Add or rebalance riders in this interval
DS002_20260706_I43,DS002,2026-07-06,43,Evening,119,10,0,0,10,0,0.0,,,P_DS002_012|P_DS002_018|P_DS002_021|P_DS002_024|P_DS002_027|P_DS002_030|P_DS002_033|P_DS002_003|P_DS002_006|P_DS002_009,11.9,0,1600,0.0,32.0,119.0,602.0,140259.06,5.0588235294117645,1178.64756302521,19.529411764705884,69.40462138991597,119.0,49.87520962521009,0.01800465882352941,1.2746772508520015,0.6852941176470588,0.0,57.276829476610644,9.226846689215686,5355.0,42,4.0,4.0,1.0,1.0,2.0,0.0,664.13,Rider Supply / Availability,119.0,154.81696781666668,1189.1241668333334,42,1.0,0.03361344537815126,45.0,0.516056559388889,0.9437493387566138,57,-15,8,2,Add or rebalance riders in this interval
DS002_20260708_I41,DS002,2026-07-08,41,Evening,95,9,0,0,9,0,0.0,,,P_DS002_021|P_DS002_027|P_DS002_030|P_DS002_033|P_DS002_006|P_DS002_009|P_DS002_012|P_DS002_015|P_DS002_018,10.555555555555555,0,1600,0.0,32.0,95.0,467.0,102893.54,4.91578947368421,1083.089894736842,17.11578947368421,40.05288156333334,95.0,22.937092089649123,0.005816084736842105,1.2658955852654032,0.6342105263157894,0.0,29.648840051929824,7.6165403596491235,3800.0,35,3.0,3.0,1.0,1.0,1.0,0.0,947.64,Rider Supply / Availability,95.0,124.22204188333333,965.9388222,35,1.0,0.031578947368421054,40.0,0.4600816366049383,0.9199417354285714,46,-11,6,3,Add or rebalance riders in this interval
DS005_20260703_I39,DS005,2026-07-03,39,Evening,123,10,0,0,10,0,0.0,,,P_DS005_005|P_DS005_003|P_DS005_006|P_DS005_009|P_DS005_015|P_DS005_018|P_DS005_021|P_DS005_024|P_DS005_030|P_DS005_012,12.3,0,1600,0.0,32.0,123.0,616.0,133888.66,5.008130081300813,1088.5256910569105,22.235772357723576,49.971242778455284,123.0,27.735470420731705,0.0,1.3248979239102634,0.608130081300813,0.0,39.24911231802168,7.826094317073171,5535.0,27,4.0,4.0,3.0,0.0,1.0,0.0,435.08000000000004,Rider Supply / Availability,123.0,165.02459063333333,751.4815184,27,1.0,0.032520325203252036,45.0,0.5500819687777778,0.9277549609876543,36,-9,8,2,Add or rebalance riders in this interval
DS002_20260711_I45,DS002,2026-07-11,45,Evening,88,9,0,0,9,0,0.0,,,P_DS002_003|P_DS002_009|P_DS002_012|P_DS002_015|P_DS002_018|P_DS002_021|P_DS002_024|P_DS002_030|P_DS002_033,9.77777777777778,0,100,0.0,32.0,88.0,436.0,92595.82,4.954545454545454,1052.2252272727274,13.5,21.85776520340909,88.0,8.357765203409091,0.0,1.2925897337720595,0.6373106060606061,0.0,12.354617407386364,6.642755024810606,2640.0,36,4.0,4.0,2.0,1.0,1.0,0.0,1333.1599999999999,Rider Supply / Availability,88.0,111.31908858333334,992.5520458333333,36,1.0,0.045454545454545456,30.0,0.41229292067901235,0.9190296720679012,48,-12,6,3,Add or rebalance riders in this interval
DS003_20260701_I46,DS003,2026-07-01,46,Evening,60,7,0,0,7,0,0.0,,,P_DS003_021|P_DS003_027|P_DS003_030|P_DS003_009|P_DS003_012|P_DS003_015|P_DS003_018,8.571428571428571,0,1525,0.0,34.0,60.0,291.0,63912.32,4.85,1065.2053333333333,13.95,75.34097342361112,60.0,61.39097342361111,0.0,1.4140994093920833,0.6030555555555556,0.0,64.89006002027777,7.499869540833333,2100.0,32,2.0,1.0,1.0,1.0,0.0,0.0,430.77,Rider Supply / Availability,60.0,89.82454291666667,883.1689429,32,1.0,0.016666666666666666,35.0,0.4277359186507937,0.9199676488541667,43,-11,5,2,Add or rebalance riders in this interval
DS003_20260705_I46,DS003,2026-07-05,46,Evening,41,8,0,0,8,0,0.0,,,P_DS003_024|P_DS003_027|P_DS003_003|P_DS003_006|P_DS003_009|P_DS003_012|P_DS003_015|P_DS003_018,5.125,0,1600,0.0,32.5,41.0,175.0,41107.2,4.2682926829268295,1002.6146341463414,10.073170731707316,8.587345615853659,7.0,0.12166257398373984,0.0,1.1449498439356027,0.7048780487804879,1.8498278845528455,0.0,5.812314471951219,1230.0,34,0.0,0.0,0.0,0.0,0.0,0.0,0.0,Store Not Ready for Rider,6.0,46.94193563333334,397.21078613333333,24,0.17073170731707318,0.0,30.0,0.19559139847222223,0.38942233934640524,19,15,3,5,Protect or increase picker capacity
DS005_20260711_I37,DS005,2026-07-11,37,Evening,50,11,0,0,11,0,0.0,,,P_DS005_018|P_DS005_021|P_DS005_024|P_DS005_030|P_DS005_027|P_DS005_006|P_DS005_013|P_DS005_003|P_DS005_009|P_DS005_012|P_DS005_015,4.545454545454546,0,850,0.0,32.0,50.0,259.0,56747.66,5.18,1134.9532000000002,13.08,8.839251975666667,0.0,0.0,0.0,1.4204622904707527,0.6423333333333333,2.0627956163333336,0.0,5.812789683333333,1750.0,28,4.0,2.0,3.0,1.0,0.0,0.0,515.74,No SLA Breach,0.0,72.46291641666667,428.12916178333336,26,0.0,0.04,35.0,0.21958459520202023,0.5096775735515874,21,7,4,7,Recover overdue put-away workload
DS002_20260707_I43,DS002,2026-07-07,43,Evening,106,9,0,0,9,0,0.0,,,P_DS002_027|P_DS002_033|P_DS002_003|P_DS002_006|P_DS002_012|P_DS002_015|P_DS002_018|P_DS002_021|P_DS002_024,11.77777777777778,0,0,0.0,32.0,106.0,537.0,121561.93,5.066037735849057,1146.8106603773583,17.49056603773585,48.73812506918239,106.0,31.24755903144654,0.0044356127358490555,1.3210813074187384,0.6166666666666666,0.0,38.45293450801886,7.431686210220126,4240.0,37,2.0,2.0,2.0,0.0,0.0,0.0,690.8399999999999,Rider Supply / Availability,106.0,142.27489476666668,1023.7459402833333,37,1.0,0.018867924528301886,40.0,0.5269440546913581,0.9222936398948949,49,-12,7,2,Add or rebalance riders in this interval
DS002_20260712_I40,DS002,2026-07-12,40,Evening,140,12,0,0,12,0,0.0,,,P_DS002_015|P_DS002_018|P_DS002_024|P_DS002_030|P_DS002_033|P_DS002_014|P_DS002_007|P_DS002_028|P_DS002_003|P_DS002_006|P_DS002_009|P_DS002_012,11.666666666666666,0,100,0.0,32.0,140.0,660.0,156448.94,4.714285714285714,1117.4924285714285,21.735714285714284,87.22949005392857,140.0,65.49377576821428,0.0006261465476190472,1.2471150251127459,0.5883333333333333,0.0,75.98478876833333,8.455650581785715,6300.0,34,6.0,6.0,3.0,1.0,2.0,0.0,2380.2999999999997,Rider Supply / Availability,140.0,176.51850546666665,959.58509115,34,1.0,0.04285714285714286,45.0,0.4903291818518518,0.9407696972058824,46,-12,9,3,Add or rebalance riders in this interval
DS005_20260711_I41,DS005,2026-07-11,41,Evening,85,11,0,0,11,0,0.0,,,P_DS005_027|P_DS005_006|P_DS005_013|P_DS005_003|P_DS005_009|P_DS005_012|P_DS005_015|P_DS005_018|P_DS005_021|P_DS005_024|P_DS005_030,7.727272727272728,0,850,0.0,32.0,85.0,384.0,94811.94,4.517647058823529,1115.434588235294,15.541176470588235,8.868733470392156,0.0,0.0,0.0,1.2059474607504914,0.6305882352941177,0.7748612888235293,0.5430291705882353,5.550541148431373,2975.0,28,2.0,2.0,0.0,1.0,1.0,0.0,496.19,No SLA Breach,0.0,100.02852,689.2331418833334,28,0.0,0.023529411764705882,35.0,0.30311672727272726,0.8205156450992064,33,-5,5,6,Recover overdue put-away workload
DS005_20260709_I40,DS005,2026-07-09,40,Evening,81,9,0,0,9,0,0.0,,,P_DS005_015|P_DS005_021|P_DS005_024|P_DS005_027|P_DS005_030|P_DS005_003|P_DS005_006|P_DS005_009|P_DS005_012,9.0,0,1600,0.0,32.0,81.0,419.0,92621.66,5.172839506172839,1143.4772839506172,15.0,8.632778545679013,0.0,0.0,0.0,1.3549308455562017,0.6487654320987654,1.0477207123456789,0.17523571728395063,5.468867124485596,2835.0,27,3.0,3.0,3.0,0.0,0.0,0.0,278.29,No SLA Breach,0.0,105.77530415,631.7095561833333,27,0.0,0.037037037037037035,35.0,0.39176038574074074,0.7798883409670782,31,-4,6,3,Recover overdue put-away workload
DS002_20260708_I38,DS002,2026-07-08,38,Evening,92,9,0,0,9,0,0.0,,,P_DS002_012|P_DS002_015|P_DS002_018|P_DS002_021|P_DS002_027|P_DS002_030|P_DS002_033|P_DS002_006|P_DS002_009,10.22222222222222,0,1600,0.0,32.0,92.0,461.0,107197.75,5.010869565217392,1165.1929347826087,17.141304347826086,11.59931859039855,0.0,0.0,0.0009504914855072457,1.2802167903891501,0.6269927536231884,0.36751352663043474,1.123519626268116,7.620899792934782,3680.0,35,6.0,6.0,3.0,3.0,0.0,0.0,2522.23,No SLA Breach,0.0,120.26557623333333,920.1295015166667,35,0.0,0.06521739130434782,40.0,0.4454280601234568,0.876313810968254,44,-9,6,3,Recover overdue put-away workload
DS004_20260703_I43,DS004,2026-07-03,43,Evening,127,10,0,0,10,0,0.0,,,P_DS004_018|P_DS004_021|P_DS004_024|P_DS004_027|P_DS004_019|P_DS004_012|P_DS004_033|P_DS004_006|P_DS004_009|P_DS004_015,12.7,0,100,0.0,32.0,127.0,603.0,134135.29,4.748031496062992,1056.1833858267717,20.834645669291337,198.88290112519687,127.0,178.04825545590552,0.0,1.2525128562105274,0.6283464566929133,0.0,187.0109761203412,9.078467259317586,5715.0,36,3.0,3.0,1.0,1.0,1.0,0.0,678.02,Rider Supply / Availability,127.0,160.5011519,1020.3352296166667,36,1.0,0.023622047244094488,45.0,0.5350038396666666,0.9447548422376543,49,-13,8,2,Add or rebalance riders in this interval
DS002_20260702_I41,DS002,2026-07-02,41,Evening,134,12,0,0,12,0,0.0,,,P_DS002_024|P_DS002_027|P_DS002_030|P_DS002_033|P_DS002_025|P_DS002_004|P_DS002_018|P_DS002_006|P_DS002_009|P_DS002_012|P_DS002_015|P_DS002_021,11.166666666666666,0,100,0.0,32.0,134.0,688.0,151006.25,5.134328358208955,1126.9123134328358,20.044776119402986,72.04780747574627,134.0,52.003031356343286,0.000143665174129353,1.3244571093287145,0.5772388059701492,0.0,62.74729058756218,6.485617597636816,4690.0,27,7.0,7.0,2.0,3.0,2.0,0.0,1537.1599999999999,Rider Supply / Availability,134.0,172.48726103333334,738.6421727833333,27,1.0,0.05223880597014925,35.0,0.47913128064814814,0.9119039170164609,36,-9,9,3,Add or rebalance riders in this interval
DS001_20260711_I45,DS001,2026-07-11,45,Evening,92,10,0,0,10,0,0.0,,,P_DS001_021|P_DS001_024|P_DS001_030|P_DS001_033|P_DS001_036|P_DS001_003|P_DS001_009|P_DS001_012|P_DS001_015|P_DS001_018,9.2,0,850,0.0,32.0,92.0,454.0,100922.51,4.934782608695652,1096.983804347826,13.815217391304348,35.24878317427536,92.0,21.433565782971012,0.0,1.2113041847259647,0.6682971014492753,0.0,26.494434142753622,6.0140593318840585,2760.0,33,3.0,3.0,2.0,1.0,0.0,0.0,1774.73,Rider Supply / Availability,92.0,112.11797833333334,887.3084935166667,33,1.0,0.03260869565217391,30.0,0.37372659444444445,0.8962712055723906,43,-10,6,4,Add or rebalance riders in this interval
DS004_20260708_I41,DS004,2026-07-08,41,Evening,138,8,0,0,8,0,0.0,,,P_DS004_009|P_DS004_012|P_DS004_015|P_DS004_018|P_DS004_021|P_DS004_027|P_DS004_030|P_DS004_006,17.25,0,850,0.0,32.0,138.0,651.0,150710.97,4.717391304347826,1092.1084782608696,19.659420289855074,51.890306307125606,138.0,32.230886017270535,0.04419837620772946,1.3122884120971,0.667512077294686,0.0,41.222321658091786,7.704613793357487,5520.0,36,5.0,5.0,4.0,0.0,1.0,0.0,2101.07,Rider Supply / Availability,138.0,179.83940575,1000.0179948166666,36,1.0,0.036231884057971016,40.0,0.7493308572916667,0.9259425877932098,48,-12,9,-1,Add or rebalance riders in this interval
DS001_20260709_I38,DS001,2026-07-09,38,Evening,107,13,0,0,13,0,0.0,,,P_DS001_018|P_DS001_003|P_DS001_006|P_DS001_009|P_DS001_012|P_DS001_015|P_DS001_021|P_DS001_024|P_DS001_027|P_DS001_030|P_DS001_033|P_DS001_036|P_DS001_032,8.23076923076923,0,100,0.0,32.0,107.0,557.0,123881.09,5.205607476635514,1157.767196261682,15.401869158878505,9.73662215623053,0.0,0.0,0.0,1.299537227685806,0.6017133956386294,0.869298388317757,1.1024572325545172,5.807836415420561,3745.0,35,2.0,2.0,2.0,0.0,0.0,0.0,708.64,No SLA Breach,0.0,135.84132118333332,794.24590195,35,0.0,0.018691588785046728,35.0,0.3483110799572649,0.7564246685238095,38,-3,7,6,Recover overdue put-away workload
DS005_20260707_I38,DS005,2026-07-07,38,Evening,90,10,0,0,10,0,0.0,,,P_DS005_023|P_DS005_016|P_DS005_003|P_DS005_006|P_DS005_012|P_DS005_015|P_DS005_018|P_DS005_021|P_DS005_027|P_DS005_002,9.0,0,850,0.0,32.0,90.0,482.0,113591.45,5.355555555555555,1262.1272222222221,17.466666666666665,10.247596915740742,0.0,0.0,0.0,1.4431243143862837,0.6242592592592592,1.0784066322222223,1.0379193388888888,6.2408125190740735,3600.0,28,2.0,2.0,2.0,0.0,0.0,0.0,1216.3200000000002,No SLA Breach,0.0,123.1168527,620.3053104166667,28,0.0,0.022222222222222223,40.0,0.410389509,0.7384587028769841,30,-2,6,4,Recover overdue put-away workload
DS002_20260710_I41,DS002,2026-07-10,41,Evening,141,12,0,0,12,0,0.0,,,P_DS002_021|P_DS002_024|P_DS002_027|P_DS002_030|P_DS002_033|P_DS002_019|P_DS002_026|P_DS002_003|P_DS002_006|P_DS002_009|P_DS002_015|P_DS002_018,11.75,0,1600,0.0,32.0,141.0,762.0,174709.93,5.404255319148936,1239.0775177304963,18.617021276595743,38.67172112813239,141.0,20.054699851536643,0.0005363241134751767,1.4043681098148477,0.6137115839243499,0.0,29.111711870330968,6.578627273877069,4935.0,34,7.0,7.0,4.0,2.0,1.0,0.0,1829.26,Rider Supply / Availability,141.0,193.66886026666666,932.645783,34,1.0,0.04964539007092199,35.0,0.5379690562962962,0.9143586107843138,45,-11,10,2,Add or rebalance riders in this interval
DS005_20260706_I46,DS005,2026-07-06,46,Evening,57,9,0,0,9,0,0.0,,,P_DS005_006|P_DS005_009|P_DS005_012|P_DS005_018|P_DS005_021|P_DS005_024|P_DS005_027|P_DS005_030|P_DS005_003,6.333333333333333,0,1600,0.0,32.0,57.0,299.0,66376.18,5.245614035087719,1164.4943859649122,14.789473684210526,69.08961814239765,57.0,54.300144458187134,0.0,1.3752080453947506,0.6804093567251461,0.0,59.032988040643275,7.102767075730995,2280.0,33,0.0,0.0,0.0,0.0,0.0,0.0,0.0,Rider Supply / Availability,57.0,76.39507173333332,912.2572130333333,33,1.0,0.0,40.0,0.28294471012345673,0.9214719323569023,44,-11,4,5,Add or rebalance riders in this interval
DS003_20260710_I42,DS003,2026-07-10,42,Evening,101,11,0,0,11,0,0.0,,,P_DS003_012|P_DS003_005|P_DS003_003|P_DS003_006|P_DS003_009|P_DS003_015|P_DS003_021|P_DS003_024|P_DS003_027|P_DS003_030|P_DS003_019,9.181818181818182,0,850,0.0,32.0,101.0,500.0,121135.64,4.9504950495049505,1199.3627722772278,15.465346534653465,20.250393364356437,101.0,4.785046829702971,0.0,1.3238538662684525,0.6551155115511552,0.0,11.258308771122113,6.120870980858086,3535.0,37,5.0,5.0,5.0,0.0,0.0,0.0,1879.67,Rider Supply / Availability,101.0,135.05453013333334,1014.1612141666667,37,1.0,0.04950495049504951,35.0,0.40925615191919196,0.9136587515015016,49,-12,7,4,Add or rebalance riders in this interval
DS005_20260710_I42,DS005,2026-07-10,42,Evening,85,8,0,0,8,0,0.0,,,P_DS005_009|P_DS005_015|P_DS005_018|P_DS005_024|P_DS005_027|P_DS005_030|P_DS005_003|P_DS005_006,10.625,0,1600,0.0,32.0,85.0,415.0,92834.85,4.882352941176471,1092.174705882353,15.588235294117647,27.802738058431373,85.0,12.214502764313725,0.004891664313725488,1.3185586805888811,0.6072549019607844,0.0,19.247795510196077,5.679335332352942,2975.0,28,5.0,5.0,3.0,1.0,1.0,0.0,2315.65,Rider Supply / Availability,85.0,116.11588301666667,756.4412174333333,28,1.0,0.058823529411764705,35.0,0.48381617923611114,0.9005252588492064,37,-9,6,2,Add or rebalance riders in this interval
DS005_20260702_I40,DS005,2026-07-02,40,Evening,92,8,0,0,8,0,0.0,,,P_DS005_003|P_DS005_006|P_DS005_009|P_DS005_015|P_DS005_021|P_DS005_024|P_DS005_027|P_DS005_030,11.5,0,2350,0.0,32.0,92.0,447.0,105731.35,4.858695652173913,1149.2538043478262,15.467391304347826,9.137986611413044,0.0,0.0,0.006206250362318839,1.2641314763501688,0.5983695652173913,0.37683815416666666,0.7390602467391305,5.607574139855072,3220.0,31,3.0,3.0,2.0,1.0,0.0,0.0,567.75,No SLA Breach,0.0,118.49571313333334,813.8361450166667,31,0.0,0.03260869565217391,35.0,0.4937321380555556,0.8750926290501793,39,-8,6,2,Recover overdue put-away workload
DS004_20260702_I45,DS004,2026-07-02,45,Evening,65,9,0,0,9,0,0.0,,,P_DS004_003|P_DS004_006|P_DS004_009|P_DS004_015|P_DS004_021|P_DS004_024|P_DS004_027|P_DS004_030|P_DS004_033,7.222222222222222,0,850,0.0,32.0,65.0,340.0,79262.38,5.230769230769231,1219.4212307692308,12.523076923076923,26.538808938205126,65.0,14.015732015128206,0.0,1.3910722431330047,0.5882051282051283,0.0,16.280528923589742,7.350541097692307,1950.0,40,3.0,3.0,3.0,0.0,0.0,0.0,305.63,Rider Supply / Availability,65.0,91.81852053333334,1105.1743991,40,1.0,0.046153846153846156,30.0,0.3400685945679013,0.9209786659166668,53,-13,5,4,Add or rebalance riders in this interval
DS005_20260714_I40,DS005,2026-07-14,40,Evening,88,7,0,0,7,0,0.0,,,P_DS005_024|P_DS005_027|P_DS005_003|P_DS005_006|P_DS005_012|P_DS005_015|P_DS005_018,12.571428571428571,0,850,0.0,32.0,88.0,424.0,98647.6,4.818181818181818,1120.9954545454545,17.568181818181817,11.268472593560606,0.0,0.0,0.009817445454545453,1.3219986116256612,0.6187499999999999,0.574529331439394,1.9747445708333335,6.4050937776515156,3520.0,27,3.0,2.0,2.0,1.0,0.0,0.0,785.24,No SLA Breach,0.0,113.66000308333334,659.6152535,27,0.0,0.022727272727272728,40.0,0.5412381099206349,0.8143398191358024,32,-5,6,1,Recover overdue put-away workload
DS001_20260706_I39,DS001,2026-07-06,39,Evening,132,11,0,0,11,0,0.0,,,P_DS001_027|P_DS001_030|P_DS001_033|P_DS001_008|P_DS001_015|P_DS001_003|P_DS001_009|P_DS001_012|P_DS001_018|P_DS001_021|P_DS001_024,12.0,0,850,0.0,32.0,132.0,649.0,147439.67,4.916666666666667,1116.9671969696972,19.84090909090909,19.766592284848485,65.0,2.0464908545454548,0.0,1.2367140513811854,0.6194444444444445,0.0,9.120146986237373,7.910993864772727,5940.0,40,9.0,9.0,4.0,0.0,5.0,0.0,4807.65,Rider Supply / Availability,65.0,161.24057966666666,1121.6682632333334,40,0.49242424242424243,0.06818181818181818,45.0,0.48860781717171714,0.9347235526944445,54,-14,8,3,Add or rebalance riders in this interval
DS004_20260706_I46,DS004,2026-07-06,46,Evening,44,10,0,0,10,0,0.0,,,P_DS004_024|P_DS004_027|P_DS004_030|P_DS004_033|P_DS004_003|P_DS004_006|P_DS004_009|P_DS004_012|P_DS004_018|P_DS004_021,4.4,0,100,0.0,32.0,44.0,208.0,46001.91,4.7272727272727275,1045.4979545454546,14.681818181818182,101.91927262424242,44.0,87.23745444242424,0.0,1.2186646016518055,0.6314393939393939,0.0,89.81124666363637,9.28595226098485,1760.0,39,3.0,3.0,0.0,0.0,3.0,0.0,401.99,Rider Supply / Availability,44.0,51.40933093333334,1102.10234015,39,1.0,0.06818181818181818,40.0,0.17136443644444446,0.941967812094017,53,-14,3,7,Add or rebalance riders in this interval
DS004_20260711_I39,DS004,2026-07-11,39,Evening,95,11,0,0,11,0,0.0,,,P_DS004_024|P_DS004_033|P_DS004_013|P_DS004_027|P_DS004_034|P_DS004_003|P_DS004_009|P_DS004_012|P_DS004_015|P_DS004_018|P_DS004_021,8.636363636363637,0,100,0.0,32.0,95.0,493.0,120525.39,5.189473684210526,1268.6883157894738,15.273684210526316,10.205392119298246,0.0,0.0,0.0,1.352413025332843,0.624561403508772,0.8608678826315789,0.38221165298245613,6.8118200700000004,3325.0,39,2.0,2.0,1.0,1.0,0.0,0.0,619.3800000000001,No SLA Breach,0.0,133.30528808333332,975.9261539333334,39,0.0,0.021052631578947368,35.0,0.4039554184343434,0.8341249178917379,47,-8,7,4,Recover overdue put-away workload
DS003_20260712_I46,DS003,2026-07-12,46,Evening,54,7,0,0,7,0,0.0,,,P_DS003_015|P_DS003_024|P_DS003_027|P_DS003_003|P_DS003_006|P_DS003_009|P_DS003_012,7.714285714285714,0,850,0.0,32.0,54.0,280.0,62883.22,5.185185185185185,1164.5040740740742,15.444444444444445,89.1248664308642,54.0,73.68042198641976,0.0,1.328758856923344,0.6580246913580247,0.0,77.62918433796295,8.617231870061728,2160.0,33,2.0,2.0,0.0,1.0,1.0,0.0,303.72,Rider Supply / Availability,54.0,66.20186183333334,928.3906077166666,33,1.0,0.037037037037037035,40.0,0.3152469611111111,0.9377682906228956,45,-12,4,3,Add or rebalance riders in this interval
DS001_20260706_I43,DS001,2026-07-06,43,Evening,106,11,0,0,11,0,0.0,,,P_DS001_015|P_DS001_003|P_DS001_009|P_DS001_012|P_DS001_018|P_DS001_021|P_DS001_024|P_DS001_027|P_DS001_030|P_DS001_033|P_DS001_008,9.636363636363637,0,850,0.0,32.0,106.0,528.0,127709.93,4.981132075471698,1204.8106603773583,18.50943396226415,87.89100326194968,106.0,69.38156929968554,0.0,1.2585140227663472,0.6457547169811321,0.0,77.04976519606919,8.078164287264151,4770.0,40,5.0,5.0,4.0,1.0,0.0,0.0,1845.8700000000001,Rider Supply / Availability,106.0,136.01628858333333,1116.2882104833334,40,1.0,0.04716981132075472,45.0,0.4121705714646465,0.9302401754027778,54,-14,7,4,Add or rebalance riders in this interval
DS005_20260704_I46,DS005,2026-07-04,46,Evening,60,7,0,0,7,0,0.0,,,P_DS005_021|P_DS005_024|P_DS005_030|P_DS005_009|P_DS005_012|P_DS005_015|P_DS005_018,8.571428571428571,0,2350,0.0,32.0,60.0,323.0,74099.38,5.383333333333334,1234.9896666666668,13.566666666666666,67.37746715472223,60.0,53.810800488055555,0.0019267747222222217,1.4294723244262568,0.6799999999999999,0.0,58.13970813861111,6.249415464444444,2100.0,29,3.0,3.0,2.0,0.0,1.0,0.0,1012.54,Rider Supply / Availability,60.0,83.61686328333333,792.8039853833334,29,1.0,0.05,35.0,0.39817553944444445,0.9112689487164751,38,-9,4,3,Add or rebalance riders in this interval
DS001_20260706_I45,DS001,2026-07-06,45,Evening,72,9,0,0,9,0,0.0,,,P_DS001_003|P_DS001_009|P_DS001_012|P_DS001_018|P_DS001_021|P_DS001_024|P_DS001_027|P_DS001_030|P_DS001_033,8.0,0,850,0.0,32.0,72.0,350.0,77655.89,4.861111111111111,1078.5540277777777,15.055555555555555,95.89541135462963,72.0,80.83985579907409,0.0,1.1907039991083694,0.5784722222222222,0.0,85.89694927847222,7.339239551620371,2880.0,40,2.0,2.0,0.0,2.0,0.0,0.0,621.84,Rider Supply / Availability,72.0,86.38445511666667,1121.9674080166667,40,1.0,0.027777777777777776,40.0,0.3199424263580247,0.9349728400138889,54,-14,5,4,Add or rebalance riders in this interval
DS001_20260714_I37,DS001,2026-07-14,37,Evening,72,10,0,0,10,0,0.0,,,P_DS001_027|P_DS001_033|P_DS001_036|P_DS001_003|P_DS001_006|P_DS001_012|P_DS001_015|P_DS001_018|P_DS001_021|P_DS001_024,7.2,0,0,0.0,32.0,72.0,342.0,77839.49,4.75,1081.104027777778,15.430555555555555,9.306082243287037,0.0,0.0,0.0,1.2154855896208014,0.64375,1.8400318458333333,0.0,6.503791097222223,2880.0,34,2.0,2.0,1.0,1.0,0.0,0.0,355.99,No SLA Breach,0.0,86.19503536666667,633.2457664333333,34,0.0,0.027777777777777776,40.0,0.2873167845555556,0.6208291827777778,31,3,5,5,Monitor - no immediate intervention
DS001_20260701_I13,DS001,2026-07-01,13,Morning,13,8,3,2,3,225,1.0,P_DS001_019|P_DS001_022|P_DS001_028,P_DS001_001|P_DS001_004,P_DS001_007|P_DS001_013|P_DS001_016,4.333333333333333,225,3475,1.0,49.0,13.0,59.0,15308.55,4.538461538461538,1177.5807692307692,11.461538461538462,9.062616591025641,0.0,0.0,0.0,1.1299431117009928,0.5628205128205128,1.6927636179487178,0.0,6.501904248717949,455.0,32,1.0,1.0,1.0,0.0,0.0,0.0,116.74,No SLA Breach,0.0,18.279550916666665,174.3091702,13,0.0,0.07692307692307693,35.0,0.20310612129629627,0.18157205229166667,9,23,1,2,Recover overdue put-away workload
DS005_20260702_I16,DS005,2026-07-02,16,Morning,21,7,3,2,2,225,1.0,P_DS005_013|P_DS005_016|P_DS005_019,P_DS005_022|P_DS005_028,P_DS005_001|P_DS005_007,10.5,225,2800,1.0,44.0,21.0,118.0,29288.23,5.619047619047619,1394.677619047619,10.142857142857142,8.952986402380953,5.0,0.1775471317460317,0.19828664126984127,1.5806648167330362,0.7420634920634921,2.5210149444444445,0.0,5.529590496031746,630.0,32,4.0,4.0,3.0,0.0,1.0,0.0,673.55,Store Not Ready for Rider,4.0,38.729543416666665,211.17602985,17,0.23809523809523808,0.19047619047619047,30.0,0.6454923902777777,0.21997503109375,11,21,2,0,Protect or increase picker capacity
DS001_20260701_I15,DS001,2026-07-01,15,Morning,26,8,3,2,3,225,1.0,P_DS001_028|P_DS001_001|P_DS001_004,P_DS001_007|P_DS001_013,P_DS001_016|P_DS001_019|P_DS001_022,8.666666666666666,225,3025,1.0,47.0,26.0,159.0,32757.56,6.115384615384615,1259.906153846154,11.615384615384615,9.635111012179486,3.0,0.12496055064102564,0.037946687179487175,1.6046674339520333,0.5705128205128205,2.2131269346153846,0.0,6.513009710897436,910.0,32,2.0,2.0,2.0,0.0,0.0,0.0,850.24,Store Not Ready for Rider,3.0,42.185027383333335,257.5099561833333,14,0.11538461538461539,0.07692307692307693,35.0,0.4687225264814815,0.2682395376909722,13,19,3,0,Recover overdue put-away workload
DS004_20260706_I13,DS004,2026-07-06,13,Morning,18,10,3,2,5,225,1.0,P_DS004_013|P_DS004_016|P_DS004_019,P_DS004_025|P_DS004_028,P_DS004_031|P_DS004_034|P_DS004_004|P_DS004_007|P_DS004_010,3.6,225,1225,1.0,47.0,18.0,95.0,19284.32,5.277777777777778,1071.351111111111,14.055555555555555,11.4505154,1.0,0.14877824907407403,0.0,1.377440802405351,0.5212962962962963,1.8987370898148148,0.0,8.728630155555557,720.0,36,0.0,0.0,0.0,0.0,0.0,0.0,0.0,Last-Mile Travel,1.0,24.434133316666667,246.76224333333334,13,0.05555555555555555,0.0,40.0,0.16289422211111113,0.2284835586419753,12,24,2,3,Recover overdue put-away workload
DS002_20260705_I14,DS002,2026-07-05,14,Morning,9,8,3,2,3,225,1.0,P_DS002_031|P_DS002_034|P_DS002_001,P_DS002_010|P_DS002_013,P_DS002_016|P_DS002_022|P_DS002_025,3.0,225,2500,1.0,46.0,9.0,39.0,8579.32,4.333333333333333,953.2577777777777,10.11111111111111,8.637629977777777,0.0,0.0,0.0,1.11238416298285,0.7574074074074074,1.8697915611111111,0.0,5.814134703703704,270.0,35,0.0,0.0,0.0,0.0,0.0,0.0,0.0,No SLA Breach,0.0,10.011457383333333,87.68361085,7,0.0,0.0,30.0,0.11123841537037037,0.0835082008095238,5,30,1,2,Recover overdue put-away workload
DS003_20260705_I15,DS003,2026-07-05,15,Morning,10,8,3,2,3,225,1.0,P_DS003_031|P_DS003_001|P_DS003_004,P_DS003_010|P_DS003_016,P_DS003_019|P_DS003_022|P_DS003_025,3.3333333333333335,225,2275,1.0,45.5,10.0,45.0,7905.85,4.5,790.585,9.7,8.57868923,2.0,0.047061935000000145,0.0,1.1964955713111456,0.6133333333333333,1.8098288966666665,0.0,5.970526991666667,300.0,37,2.0,1.0,0.0,2.0,0.0,0.0,451.53,Last-Mile Travel,1.0,13.288165283333333,106.27965788333333,7,0.2,0.1,30.0,0.1476462809259259,0.09574743953453453,6,31,1,2,Recover overdue put-away workload
DS001_20260705_I22,DS001,2026-07-05,22,Morning,73,10,0,2,8,0,1.0,,P_DS001_008|P_DS001_011,P_DS001_017|P_DS001_020|P_DS001_023|P_DS001_026|P_DS001_029|P_DS001_032|P_DS001_002|P_DS001_005,9.125,0,2350,1.0,38.5,73.0,360.0,87928.65,4.931506849315069,1204.5020547945205,11.808219178082192,8.414305857534247,0.0,0.0,0.0,1.313183668564617,0.7079908675799086,2.0211745287671232,0.0,5.478747758675799,2190.0,34,0.0,0.0,0.0,0.0,0.0,0.0,0.0,No SLA Breach,0.0,92.98669988333333,616.4033198666667,34,0.0,0.0,30.0,0.3874445828472222,0.604316980261438,30,4,5,3,Recover overdue put-away workload
DS004_20260713_I15,DS004,2026-07-13,15,Morning,28,9,3,2,4,225,1.0,P_DS004_028|P_DS004_031|P_DS004_034,P_DS004_004|P_DS004_010,P_DS004_013|P_DS004_016|P_DS004_019|P_DS004_025,7.0,225,1525,1.0,45.0,28.0,123.0,26095.69,4.392857142857143,931.9889285714286,12.571428571428571,10.748616096428572,3.0,0.13460286547619052,0.0,1.139568986525972,0.6964285714285714,1.8359975482142856,0.0,8.0501185375,980.0,41,0.0,0.0,0.0,0.0,0.0,0.0,0.0,Store Not Ready for Rider,3.0,30.777302083333336,282.55477741666664,17,0.10714285714285714,0.0,35.0,0.25647751736111113,0.22971933123306232,14,27,2,2,Recover overdue put-away workload
DS005_20260702_I19,DS005,2026-07-02,19,Morning,38,9,0,2,7,0,1.0,,P_DS005_005|P_DS005_008,P_DS005_014|P_DS005_017|P_DS005_020|P_DS005_023|P_DS005_026|P_DS005_029|P_DS005_002,5.428571428571429,0,2350,1.0,41.0,38.0,208.0,48813.9,5.473684210526316,1284.5763157894737,11.0,8.252495010526317,2.0,0.02593632368421054,0.0,1.4503663877728639,0.5899122807017544,2.0402786605263157,0.0,5.307830378070176,1140.0,26,4.0,4.0,2.0,1.0,1.0,0.0,809.09,Store Not Ready for Rider,2.0,54.61758245,360.9697663,32,0.05263157894736842,0.10526315789473684,30.0,0.26008372595238094,0.4627817516666667,18,8,3,4,Recover overdue put-away workload
DS002_20260712_I18,DS002,2026-07-12,18,Morning,40,20,3,2,15,225,1.0,P_DS002_032|P_DS002_034|P_DS002_001,P_DS002_002|P_DS002_004,P_DS002_005|P_DS002_008|P_DS002_010|P_DS002_011|P_DS002_013|P_DS002_016|P_DS002_017|P_DS002_019|P_DS002_020|P_DS002_022|P_DS002_023|P_DS002_025|P_DS002_026|P_DS002_029|P_DS002_031,2.6666666666666665,225,100,1.0,42.0,40.0,209.0,48309.28,5.225,1207.732,14.0,11.897984369166668,7.0,0.22345987000000012,0.0,1.393147772607793,0.5683333333333334,1.96148109875,0.0,8.922753262083333,1600.0,72,2.0,2.0,1.0,0.0,1.0,0.0,680.8299999999999,Last-Mile Travel,4.0,55.261418416666665,420.4844056,26,0.175,0.05,40.0,0.12280315203703704,0.1946687062962963,21,51,3,12,Recover overdue put-away workload
DS003_20260710_I13,DS003,2026-07-10,13,Morning,16,9,3,2,4,225,1.0,P_DS003_013|P_DS003_016|P_DS003_022,P_DS003_028|P_DS003_031,P_DS003_001|P_DS003_004|P_DS003_007|P_DS003_010,4.0,225,1975,1.0,47.0,16.0,78.0,18415.95,4.875,1150.996875,10.625,9.840520740625,5.0,0.22436511562500017,0.009419175,1.2791930699543421,0.7354166666666667,2.024028904166667,0.0,6.7717001625,480.0,30,0.0,0.0,0.0,0.0,0.0,0.0,0.0,Store Not Ready for Rider,3.0,20.467089,121.63860583333333,9,0.3125,0.0,30.0,0.170559075,0.1351540064814815,6,24,1,3,Protect or increase picker capacity
DS001_20260707_I14,DS001,2026-07-07,14,Morning,21,11,3,2,6,225,1.0,P_DS001_010|P_DS001_013|P_DS001_019,P_DS001_022|P_DS001_025,P_DS001_028|P_DS001_031|P_DS001_034|P_DS001_001|P_DS001_004|P_DS001_007,3.5,225,250,1.0,46.0,21.0,107.0,25026.22,5.095238095238095,1191.7247619047619,11.619047619047619,9.658760776984128,2.0,0.016826750793650747,0.0,1.296940507307845,0.7174603174603175,2.014400814285714,0.0,6.711026618253968,735.0,35,2.0,2.0,2.0,0.0,0.0,0.0,705.3199999999999,Store Not Ready for Rider,2.0,27.196152416666667,171.0502715,11,0.09523809523809523,0.09523809523809523,35.0,0.15108973564814815,0.1629050204761905,9,26,2,4,Recover overdue put-away workload
DS003_20260711_I21,DS003,2026-07-11,21,Morning,61,10,0,2,8,0,1.0,,P_DS003_005|P_DS003_008,P_DS003_011|P_DS003_014|P_DS003_017|P_DS003_023|P_DS003_026|P_DS003_029|P_DS003_032|P_DS003_002,7.625,0,2350,1.0,39.0,61.0,293.0,70434.64,4.80327868852459,1154.6662295081967,12.147540983606557,8.886659554644808,0.0,0.0,0.0,1.2671355807099665,0.6316939890710382,1.8560346606557376,0.0,6.07389556010929,1830.0,32,2.0,2.0,2.0,0.0,0.0,0.0,433.53,No SLA Breach,0.0,77.52724148333333,623.4188932833333,32,0.0,0.03278688524590164,30.0,0.3230301728472222,0.6493946805034722,30,2,4,4,Recover overdue put-away workload
DS001_20260714_I14,DS001,2026-07-14,14,Morning,20,11,3,2,6,225,1.0,P_DS001_010|P_DS001_013|P_DS001_019,P_DS001_022|P_DS001_025,P_DS001_028|P_DS001_031|P_DS001_034|P_DS001_001|P_DS001_004|P_DS001_007,3.3333333333333335,225,250,1.0,46.0,20.0,86.0,20437.57,4.3,1021.8785,11.3,8.67780701,1.0,0.00472181333333328,0.0,1.1424828601078436,0.6566666666666666,1.7991495199999998,0.0,5.951157484166666,700.0,37,0.0,0.0,0.0,0.0,0.0,0.0,0.0,Last-Mile Travel,1.0,20.877340016666665,152.34929148333333,10,0.05,0.0,35.0,0.1159852223148148,0.13725161394894894,8,29,1,5,Recover overdue put-away workload
DS003_20260701_I18,DS003,2026-07-01,18,Morning,47,18,3,2,13,225,1.0,P_DS003_001|P_DS003_002|P_DS003_004,P_DS003_005|P_DS003_007,P_DS003_008|P_DS003_011|P_DS003_013|P_DS003_016|P_DS003_019|P_DS003_020|P_DS003_022|P_DS003_023|P_DS003_025|P_DS003_026|P_DS003_028|P_DS003_029|P_DS003_032,3.6153846153846154,225,1525,1.0,44.0,47.0,245.0,54749.88,5.212765957446808,1164.891063829787,12.02127659574468,9.99818145319149,5.0,0.16151985460992913,0.0,1.3796027155910164,0.5482269503546099,1.9278296574468083,0.0,7.111131929787234,1645.0,64,3.0,3.0,0.0,3.0,0.0,0.0,867.47,Store Not Ready for Rider,4.0,66.66514716666667,557.21284195,29,0.10638297872340426,0.06382978723404255,35.0,0.1709362747863248,0.2902150218489583,27,37,4,9,Recover overdue put-away workload
DS003_20260711_I18,DS003,2026-07-11,18,Morning,30,16,3,2,11,225,1.0,P_DS003_004|P_DS003_005|P_DS003_008,P_DS003_011|P_DS003_014,P_DS003_016|P_DS003_017|P_DS003_019|P_DS003_022|P_DS003_023|P_DS003_026|P_DS003_029|P_DS003_031|P_DS003_032|P_DS003_001|P_DS003_002,2.727272727272727,225,2350,1.0,42.0,30.0,154.0,33545.8,5.133333333333334,1118.1933333333334,10.5,9.177642471111112,5.0,0.20999978277777784,0.0,1.3870695605189296,0.6061111111111112,1.9931806633333333,0.0,6.249461800000001,900.0,56,3.0,3.0,2.0,1.0,0.0,0.0,490.65999999999997,Store Not Ready for Rider,5.0,40.4689335,269.81182863333333,17,0.16666666666666666,0.1,30.0,0.12263313181818182,0.1606022789484127,13,43,2,9,Protect or increase picker capacity
DS001_20260707_I15,DS001,2026-07-07,15,Morning,33,11,3,2,6,225,1.0,P_DS001_013|P_DS001_019|P_DS001_022,P_DS001_025|P_DS001_028,P_DS001_031|P_DS001_034|P_DS001_001|P_DS001_004|P_DS001_007|P_DS001_010,5.5,225,25,1.0,45.0,33.0,162.0,37667.03,4.909090909090909,1141.4251515151516,11.393939393939394,9.049082153030302,1.0,0.007703446969696967,0.0,1.2633400277192495,0.5924242424242424,1.8557642611111111,0.0,6.275136064646465,1155.0,35,2.0,2.0,1.0,0.0,1.0,0.0,676.18,Store Not Ready for Rider,1.0,40.07745368333333,309.96085031666667,17,0.030303030303030304,0.06060606060606061,35.0,0.22265252046296297,0.2952008098253968,15,20,2,4,Recover overdue put-away workload
DS002_20260712_I17,DS002,2026-07-12,17,Morning,30,20,3,2,15,225,1.0,P_DS002_031|P_DS002_032|P_DS002_034,P_DS002_001|P_DS002_002,P_DS002_004|P_DS002_005|P_DS002_008|P_DS002_010|P_DS002_011|P_DS002_013|P_DS002_016|P_DS002_017|P_DS002_019|P_DS002_020|P_DS002_022|P_DS002_023|P_DS002_025|P_DS002_026|P_DS002_029,2.0,225,325,1.0,43.0,30.0,146.0,27434.43,4.866666666666666,914.481,13.666666666666666,10.196771583333334,0.0,0.0,0.0,1.2386062581290782,0.5938888888888889,1.8324951383333332,0.0,7.455943106111111,1200.0,71,0.0,0.0,0.0,0.0,0.0,0.0,0.0,No SLA Breach,0.0,36.74192768333334,289.16819333333336,21,0.0,0.0,40.0,0.08164872818518519,0.1357597151799687,14,57,2,13,Recover overdue put-away workload
DS003_20260706_I13,DS003,2026-07-06,13,Morning,11,9,3,2,4,225,1.0,P_DS003_016|P_DS003_019|P_DS003_025,P_DS003_028|P_DS003_031,P_DS003_004|P_DS003_007|P_DS003_010|P_DS003_013,2.75,225,1975,1.0,47.0,11.0,49.0,11685.86,4.454545454545454,1062.3509090909092,14.0,10.418249227272728,0.0,0.0,0.0,1.1520334372875143,0.4954545454545455,1.6474879757575758,0.0,7.9692460924242425,440.0,33,0.0,0.0,0.0,0.0,0.0,0.0,0.0,No SLA Breach,0.0,12.672367733333333,161.20796255,8,0.0,0.0,40.0,0.10560306444444444,0.1628363258080808,8,25,1,3,Recover overdue put-away workload
DS004_20260701_I14,DS004,2026-07-01,14,Morning,18,10,3,2,5,225,1.0,P_DS004_016|P_DS004_019|P_DS004_022,P_DS004_025|P_DS004_028,P_DS004_034|P_DS004_001|P_DS004_004|P_DS004_007|P_DS004_013,3.6,225,1525,1.0,48.0,18.0,102.0,22916.88,5.666666666666667,1273.16,12.0,10.036532836111112,1.0,0.07564851481481473,0.0,1.5842794117475743,0.5416666666666666,2.1259460685185183,0.0,6.898549719444444,630.0,35,1.0,1.0,0.0,1.0,0.0,0.0,132.27,Store Not Ready for Rider,1.0,27.370691,189.24130171666667,10,0.05555555555555555,0.05555555555555555,35.0,0.18247127333333335,0.18022981115873016,10,25,2,3,Recover overdue put-away workload
DS005_20260708_I19,DS005,2026-07-08,19,Morning,36,9,0,2,7,0,1.0,,P_DS005_005|P_DS005_008,P_DS005_011|P_DS005_014|P_DS005_020|P_DS005_023|P_DS005_026|P_DS005_029|P_DS005_002,5.142857142857143,0,850,1.0,41.0,36.0,172.0,41255.97,4.777777777777778,1145.9991666666667,11.777777777777779,9.497388937037037,1.0,0.001215321759259275,0.0,1.2517714333162338,0.6444444444444444,1.8962158699074072,0.0,6.734043427777777,1260.0,34,3.0,3.0,1.0,2.0,0.0,0.0,563.0,Store Not Ready for Rider,1.0,44.89096263333333,409.2970641,33,0.027777777777777776,0.08333333333333333,35.0,0.21376648873015872,0.40127163147058825,20,14,3,4,Recover overdue put-away workload
DS004_20260702_I20,DS004,2026-07-02,20,Morning,54,9,0,2,7,0,1.0,,P_DS004_014|P_DS004_017,P_DS004_020|P_DS004_023|P_DS004_026|P_DS004_029|P_DS004_035|P_DS004_002|P_DS004_008,7.714285714285714,0,850,1.0,40.0,54.0,269.0,63399.909999999996,4.981481481481482,1174.0724074074074,11.777777777777779,9.55869679660494,5.0,0.1000909311728395,0.0,1.2735762531924462,0.5725308641975309,1.8461071086419754,0.0,6.865058815123456,1620.0,39,2.0,2.0,0.0,1.0,1.0,0.0,511.23,Store Not Ready for Rider,3.0,71.56379303333333,584.9105750833334,31,0.09259259259259259,0.037037037037037035,30.0,0.3407799668253968,0.49992356844729346,28,11,4,3,Recover overdue put-away workload
DS003_20260713_I13,DS003,2026-07-13,13,Morning,12,7,3,2,2,225,1.0,P_DS003_031|P_DS003_004|P_DS003_007,P_DS003_013|P_DS003_019,P_DS003_025|P_DS003_028,6.0,225,3475,1.0,48.0,12.0,60.0,14215.69,5.0,1184.6408333333334,12.0,9.841624040277779,0.0,0.0,0.1491871875,1.306597888561667,0.6236111111111111,2.0793961819444444,0.0,6.796950072222223,420.0,28,0.0,0.0,0.0,0.0,0.0,0.0,0.0,No SLA Breach,0.0,14.455859466666668,111.19314271666666,8,0.0,0.0,35.0,0.24093099111111113,0.13237278894841267,6,22,1,1,Recover overdue put-away workload
DS002_20260706_I21,DS002,2026-07-06,21,Morning,37,7,0,2,5,0,1.0,,P_DS002_005|P_DS002_011,P_DS002_014|P_DS002_020|P_DS002_023|P_DS002_026|P_DS002_032,7.4,0,1600,1.0,39.0,37.0,176.0,38976.87,4.756756756756757,1053.428918918919,14.162162162162161,10.96061449234234,2.0,0.06713584954954946,0.0,1.2535790251899759,0.5914414414414414,1.845020458108108,0.0,8.160188621621622,1480.0,34,1.0,1.0,0.0,0.0,1.0,0.0,774.84,Last-Mile Travel,1.0,45.4803065,456.60444723333336,25,0.05405405405405406,0.02702702702702703,40.0,0.30320204333333334,0.4476514188562092,22,12,3,2,Recover overdue put-away workload
DS005_20260714_I17,DS005,2026-07-14,17,Morning,39,14,3,2,9,225,1.0,P_DS005_007|P_DS005_008|P_DS005_010,P_DS005_013|P_DS005_014,P_DS005_019|P_DS005_020|P_DS005_022|P_DS005_025|P_DS005_028|P_DS005_029|P_DS005_001|P_DS005_004|P_DS005_005,4.333333333333333,225,1075,1.0,43.0,39.0,198.0,44665.3,5.076923076923077,1145.2641025641026,11.846153846153847,9.641655695299145,1.0,0.02929972991452992,0.0,1.30107528157333,0.6017094017094017,1.9027846752136752,0.0,6.8269052012820515,1365.0,55,1.0,1.0,1.0,0.0,0.0,0.0,111.19,Store Not Ready for Rider,1.0,50.70914115,332.66762851666664,20,0.02564102564102564,0.02564102564102564,35.0,0.18781163388888888,0.20161674455555553,16,39,3,6,Recover overdue put-away workload
DS001_20260709_I22,DS001,2026-07-09,22,Morning,49,10,0,2,8,0,1.0,,P_DS001_008|P_DS001_014,P_DS001_017|P_DS001_020|P_DS001_023|P_DS001_026|P_DS001_029|P_DS001_035|P_DS001_002|P_DS001_005,6.125,0,100,1.0,38.0,49.0,252.0,58066.3,5.142857142857143,1185.0265306122449,10.244897959183673,8.490952981632653,3.0,0.035031329591836705,0.0,1.3744626824493558,0.6210884353741497,1.9955511085034014,0.0,5.664449483333333,1470.0,37,1.0,1.0,1.0,0.0,0.0,0.0,234.68,Store Not Ready for Rider,2.0,64.96889371666667,392.50713898333333,24,0.061224489795918366,0.02040816326530612,30.0,0.27070372381944446,0.3536100351201201,19,18,4,4,Recover overdue put-away workload
DS005_20260712_I21,DS005,2026-07-12,21,Morning,53,9,0,2,7,0,1.0,,P_DS005_011|P_DS005_017,P_DS005_020|P_DS005_023|P_DS005_026|P_DS005_029|P_DS005_002|P_DS005_005|P_DS005_008,7.571428571428571,0,1600,1.0,39.0,53.0,254.0,58284.32,4.7924528301886795,1099.7041509433961,14.773584905660377,10.389586839937106,1.0,0.0050568226415094565,0.0,1.3207587142590107,0.6150943396226415,1.9358530455974843,0.0,7.514111145283018,2120.0,33,2.0,2.0,1.0,0.0,1.0,0.0,1295.65,Store Not Ready for Rider,1.0,71.31850948333333,573.4859095,31,0.018867924528301886,0.03773584905660377,40.0,0.3396119499206349,0.5792786964646465,28,5,4,3,Recover overdue put-away workload
DS005_20260701_I15,DS005,2026-07-01,15,Morning,24,9,3,2,4,225,1.0,P_DS005_022|P_DS005_025|P_DS005_028,P_DS005_001|P_DS005_004,P_DS005_007|P_DS005_013|P_DS005_016|P_DS005_019,6.0,225,2125,1.0,47.0,24.0,105.0,23547.98,4.375,981.1658333333334,11.791666666666666,9.520881193055557,1.0,0.03673463125000002,0.0,1.1826710955012427,0.7055555555555556,1.8882266437499997,0.0,6.7354323208333335,840.0,31,0.0,0.0,0.0,0.0,0.0,0.0,0.0,Store Not Ready for Rider,1.0,26.5802926,217.64901746666666,12,0.041666666666666664,0.0,35.0,0.22150243833333333,0.23403120157706092,11,20,2,2,Recover overdue put-away workload
DS004_20260711_I15,DS004,2026-07-11,15,Morning,11,10,3,2,5,225,1.0,P_DS004_019|P_DS004_022|P_DS004_025,P_DS004_028|P_DS004_031,P_DS004_001|P_DS004_004|P_DS004_007|P_DS004_010|P_DS004_016,2.2,225,775,1.0,45.0,11.0,49.0,10378.93,4.454545454545454,943.539090909091,11.454545454545455,10.108279653030303,1.0,0.019561851515151538,0.0,1.2337652778287498,0.6454545454545454,1.8792198136363636,0.0,7.247241648484848,330.0,29,1.0,1.0,0.0,0.0,1.0,0.0,98.45,Store Not Ready for Rider,1.0,13.57141795,141.32360018333333,9,0.09090909090909091,0.09090909090909091,30.0,0.09047611966666667,0.16244091975095784,7,22,1,4,Recover overdue put-away workload
DS002_20260703_I14,DS002,2026-07-03,14,Morning,9,10,3,2,5,225,1.0,P_DS002_016|P_DS002_022|P_DS002_025,P_DS002_028|P_DS002_031,P_DS002_034|P_DS002_001|P_DS002_007|P_DS002_010|P_DS002_013,1.8,225,1000,1.0,46.0,9.0,39.0,8611.56,4.333333333333333,956.8399999999999,13.88888888888889,12.495601512962963,2.0,0.07039386851851859,0.0,1.1716592952526461,0.5851851851851851,1.7568444703703703,0.0,10.007275551851853,360.0,36,0.0,0.0,0.0,0.0,0.0,0.0,0.0,Last-Mile Travel,2.0,11.14420985,224.75409488333332,12,0.2222222222222222,0.0,40.0,0.07429473233333334,0.2081056434104938,11,25,1,4,Recover overdue put-away workload
DS002_20260706_I16,DS002,2026-07-06,16,Morning,41,8,3,2,3,225,1.0,P_DS002_004|P_DS002_010|P_DS002_013,P_DS002_016|P_DS002_019,P_DS002_025|P_DS002_028|P_DS002_031,13.666666666666666,225,2050,1.0,44.0,41.0,212.0,50452.97,5.170731707317073,1230.560243902439,14.146341463414634,11.72155123292683,6.0,0.2490987203252032,0.275679618699187,1.4346333824307256,0.7329268292682927,2.4432398256097563,0.0,8.280750422357723,1640.0,37,3.0,3.0,0.0,0.0,3.0,0.0,1142.75,Store Not Ready for Rider,5.0,58.819968333333335,502.87795451666665,26,0.14634146341463414,0.07317073170731707,40.0,0.6535552037037037,0.45304320226726724,24,13,3,0,Recover overdue put-away workload
DS002_20260703_I19,DS002,2026-07-03,19,Morning,67,9,0,2,7,0,1.0,,P_DS002_008|P_DS002_011,P_DS002_014|P_DS002_017|P_DS002_020|P_DS002_023|P_DS002_029|P_DS002_032|P_DS002_002,9.571428571428571,0,100,1.0,41.0,67.0,360.0,80487.28,5.373134328358209,1201.302686567164,16.223880597014926,12.06447158606965,1.0,0.0018873952736318538,0.004758467164179102,1.4195355021018128,0.7,1.5229848422885572,0.20539756069651738,8.818113387064676,2680.0,34,3.0,2.0,1.0,2.0,0.0,0.0,290.72,Store Not Ready for Rider,1.0,94.73781136666666,947.35918425,55,0.014925373134328358,0.029850746268656716,40.0,0.45113243507936507,0.9287835139705882,46,-12,5,2,Recover overdue put-away workload
DS001_20260713_I13,DS001,2026-07-13,13,Morning,9,10,3,2,5,225,1.0,P_DS001_013|P_DS001_016|P_DS001_019,P_DS001_025|P_DS001_028,P_DS001_031|P_DS001_034|P_DS001_004|P_DS001_007|P_DS001_010,1.8,225,1225,1.0,47.0,9.0,49.0,8541.34,5.444444444444445,949.0377777777778,11.222222222222221,8.566547983333333,0.0,0.0,0.0,1.3130655784535614,0.6425925925925926,1.955658162962963,0.0,5.622000924074074,315.0,33,1.0,1.0,0.0,0.0,1.0,0.0,206.65,No SLA Breach,0.0,11.817590133333333,71.64501616666666,5,0.0,0.1111111111111111,35.0,0.07878393422222221,0.0723687031986532,4,29,1,4,Recover overdue put-away workload
DS004_20260709_I21,DS004,2026-07-09,21,Morning,30,10,0,2,8,0,1.0,,P_DS004_005|P_DS004_008,P_DS004_014|P_DS004_017|P_DS004_020|P_DS004_023|P_DS004_026|P_DS004_029|P_DS004_035|P_DS004_002,3.75,0,850,1.0,39.0,30.0,136.0,28512.12,4.533333333333333,950.404,10.3,8.975421387777777,5.0,0.19063096777777772,0.0,1.1418495033037033,0.5527777777777777,1.6946272727777776,0.0,6.351905215555556,900.0,35,1.0,1.0,0.0,0.0,1.0,0.0,456.23,Store Not Ready for Rider,4.0,33.11166781666667,302.97239368333334,16,0.16666666666666666,0.03333333333333333,30.0,0.13796528256944446,0.28854513684126987,15,20,2,6,Protect or increase picker capacity
DS001_20260712_I15,DS001,2026-07-12,15,Morning,18,10,3,2,5,225,1.0,P_DS001_019|P_DS001_022|P_DS001_025,P_DS001_031|P_DS001_034,P_DS001_001|P_DS001_004|P_DS001_010|P_DS001_013|P_DS001_016,3.6,225,775,1.0,45.0,18.0,87.0,16020.89,4.833333333333333,890.0494444444444,13.5,10.524959311111111,1.0,0.00276425092592595,0.0,1.2640029405912336,0.5342592592592593,1.7982621916666668,0.0,7.891511925,720.0,36,1.0,1.0,0.0,0.0,1.0,0.0,92.6,Store Not Ready for Rider,1.0,22.752052783333333,150.58054645,10,0.05555555555555555,0.05555555555555555,40.0,0.1516803518888889,0.13942643189814816,8,28,2,3,Recover overdue put-away workload
DS003_20260702_I17,DS003,2026-07-02,17,Morning,44,16,3,2,11,225,1.0,P_DS003_002|P_DS003_005|P_DS003_007,P_DS003_008|P_DS003_010,P_DS003_013|P_DS003_014|P_DS003_016|P_DS003_019|P_DS003_020|P_DS003_022|P_DS003_023|P_DS003_028|P_DS003_029|P_DS003_031|P_DS003_001,4.0,225,1075,1.0,43.0,44.0,216.0,46052.59,4.909090909090909,1046.6497727272726,10.681818181818182,9.22701525719697,5.0,0.08477176553030304,0.0,1.3679294370405042,0.5950757575757576,1.9630051875,0.0,6.309085819318182,1320.0,62,1.0,1.0,0.0,1.0,0.0,0.0,551.25,Store Not Ready for Rider,5.0,58.336690516666664,356.6095933166667,29,0.11363636363636363,0.022727272727272728,30.0,0.17677785005050503,0.1917255878046595,17,45,3,8,Recover overdue put-away workload
DS002_20260713_I20,DS002,2026-07-13,20,Morning,34,9,0,2,7,0,1.0,,P_DS002_011|P_DS002_014,P_DS002_017|P_DS002_020|P_DS002_023|P_DS002_026|P_DS002_032|P_DS002_002|P_DS002_005,4.857142857142857,0,850,1.0,40.0,34.0,201.0,45283.159999999996,5.911764705882353,1331.8576470588234,12.352941176470589,10.527087221078432,6.0,0.1483018093137255,0.0,1.5234589766148219,0.6176470588235294,2.1411060269607844,0.0,7.535981184313725,1190.0,36,2.0,2.0,2.0,0.0,0.0,0.0,782.3,Store Not Ready for Rider,4.0,54.22638325,447.6542813,29,0.17647058823529413,0.058823529411764705,35.0,0.2582208726190476,0.41449470490740736,22,14,3,4,Protect or increase picker capacity
DS002_20260710_I21,DS002,2026-07-10,21,Morning,36,8,0,2,6,0,1.0,,P_DS002_023|P_DS002_029,P_DS002_032|P_DS002_002|P_DS002_008|P_DS002_011|P_DS002_014|P_DS002_017,6.0,0,1600,1.0,39.0,36.0,175.0,41476.65,4.861111111111111,1152.1291666666666,10.583333333333334,9.238616662962961,6.0,0.11825083287037039,0.0,1.2833139558861388,0.5842592592592593,1.8675732078703706,0.0,6.514561966666666,1080.0,35,0.0,0.0,0.0,0.0,0.0,0.0,0.0,Last-Mile Travel,3.0,44.29136835,380.26927093333336,20,0.16666666666666666,0.0,30.0,0.2460631575,0.36216121041269844,19,16,3,3,Recover overdue put-away workload
DS005_20260710_I13,DS005,2026-07-10,13,Morning,7,8,3,2,3,225,1.0,P_DS005_022|P_DS005_025|P_DS005_028,P_DS005_001|P_DS005_004,P_DS005_007|P_DS005_010|P_DS005_016,2.3333333333333335,225,2725,1.0,47.0,7.0,35.0,7037.99,5.0,1005.4271428571428,10.571428571428571,9.353213426190477,1.0,0.05396285714285704,0.0,1.2761788874916726,0.6666666666666666,1.942845545238095,0.0,6.412748828571429,210.0,28,0.0,0.0,0.0,0.0,0.0,0.0,0.0,Store Not Ready for Rider,1.0,9.202379066666666,74.413524,6,0.14285714285714285,0.0,30.0,0.10224865629629629,0.08858752857142857,4,24,1,2,Recover overdue put-away workload
DS003_20260704_I17,DS003,2026-07-04,17,Morning,20,19,3,2,14,225,1.0,P_DS003_031|P_DS003_032|P_DS003_001,P_DS003_002|P_DS003_004,P_DS003_005|P_DS003_007|P_DS003_008|P_DS003_010|P_DS003_011|P_DS003_014|P_DS003_016|P_DS003_019|P_DS003_022|P_DS003_023|P_DS003_025|P_DS003_026|P_DS003_028|P_DS003_029,1.4285714285714286,225,325,1.0,43.0,20.0,95.0,19866.83,4.75,993.3415000000001,12.5,10.458294495,3.0,0.1502029216666667,0.0,1.3075323013295288,0.6041666666666667,1.9116989591666667,0.0,7.630762194166667,700.0,65,0.0,0.0,0.0,0.0,0.0,0.0,0.0,Store Not Ready for Rider,3.0,27.79731145,211.97528403333334,14,0.15,0.0,35.0,0.06618407488095238,0.10870527386324787,11,54,2,12,Protect or increase picker capacity
DS004_20260707_I07,DS004,2026-07-07,7,Night,2,11,10,0,1,750,0.0,P_DS004_025|P_DS004_028|P_DS004_031|P_DS004_034|P_DS004_001|P_DS004_004|P_DS004_007|P_DS004_010|P_DS004_013|P_DS004_019,,P_DS004_022,2.0,750,4450,0.0,48.0,2.0,7.0,2236.71,3.5,1118.355,12.0,8.165528883333334,0.0,0.0,0.0,0.8305596888996276,0.375,1.2055596833333333,0.0,6.268302525,70.0,40,1.0,1.0,0.0,0.0,1.0,0.0,399.24,No SLA Breach,0.0,1.6611193666666668,43.0058246,4,0.0,0.5,35.0,0.05537064555555556,0.03583818716666667,3,37,1,0,Investigate inventory and order-quality process
DS004_20260711_I10,DS004,2026-07-11,10,Night,8,10,9,0,1,675,0.0,P_DS004_001|P_DS004_004|P_DS004_007|P_DS004_010|P_DS004_016|P_DS004_019|P_DS004_022|P_DS004_025|P_DS004_028,,P_DS004_031,8.0,675,2800,0.0,48.0,8.0,45.0,11485.289999999999,5.625,1435.6612499999999,11.25,10.329403325,1.0,0.040931141666666664,0.4461989458333333,1.27207711099918,0.7416666666666667,2.4599427208333333,0.0,6.7361272625,240.0,29,1.0,1.0,1.0,0.0,0.0,0.0,364.04,Store Not Ready for Rider,1.0,9.676709416666666,62.273612566666664,4,0.125,0.125,30.0,0.32255698055555554,0.07157886501915708,3,26,1,0,Investigate inventory and order-quality process
DS001_20260712_I11,DS001,2026-07-12,11,Night,5,10,9,0,1,675,0.0,P_DS001_004|P_DS001_010|P_DS001_013|P_DS001_016|P_DS001_019|P_DS001_022|P_DS001_025|P_DS001_031|P_DS001_034,,P_DS001_001,5.0,675,2125,0.0,48.0,5.0,18.0,4681.54,3.6,936.308,13.0,8.8925789,0.0,0.0,0.0,1.0053777146966538,0.5533333333333333,1.55871104,0.0,6.487201186666667,200.0,36,0.0,0.0,0.0,0.0,0.0,0.0,0.0,No SLA Breach,0.0,5.026888533333333,47.472316316666664,6,0.0,0.0,40.0,0.16756295111111108,0.043955848441358025,3,33,1,0,Monitor - no immediate intervention
DS002_20260705_I08,DS002,2026-07-05,8,Night,11,8,7,0,1,525,0.0,P_DS002_001|P_DS002_010|P_DS002_013|P_DS002_016|P_DS002_022|P_DS002_025|P_DS002_031,,P_DS002_034,11.0,525,5050,0.0,48.0,11.0,60.0,11936.52,5.454545454545454,1085.138181818182,10.181818181818182,10.49700622878788,5.0,0.947998243939394,0.8373776030303031,1.6331680687927106,0.7045454545454546,3.175091124242424,0.0,6.532521156060605,330.0,35,1.0,1.0,1.0,0.0,0.0,0.0,63.51,Store Not Ready for Rider,5.0,17.9648487,96.71201026666667,8,0.45454545454545453,0.09090909090909091,30.0,0.59882829,0.09210667644444444,5,30,1,0,Protect or increase picker capacity
DS003_20260701_I05,DS003,2026-07-01,5,Night,5,9,8,0,1,600,0.0,P_DS003_019|P_DS003_022|P_DS003_025|P_DS003_028|P_DS003_001|P_DS003_004|P_DS003_007|P_DS003_013,,P_DS003_016,5.0,600,7075,0.0,50.0,5.0,20.0,4011.1,4.0,802.22,11.8,7.822402813333335,0.0,0.0,0.0,0.9016561064230204,0.6066666666666667,1.5083227666666665,0.0,5.694080043333334,175.0,34,0.0,0.0,0.0,0.0,0.0,0.0,0.0,No SLA Breach,0.0,4.5082805,55.9682738,5,0.0,0.0,35.0,0.15027601666666665,0.05487085666666666,3,31,1,0,Monitor - no immediate intervention
DS001_20260710_I02,DS001,2026-07-10,2,Night,10,21,12,2,7,900,1.0,P_DS001_009|P_DS001_012|P_DS001_015|P_DS001_021|P_DS001_024|P_DS001_027|P_DS001_030|P_DS001_033|P_DS001_036|P_DS001_004|P_DS001_007|P_DS001_010,P_DS001_013|P_DS001_016,P_DS001_022|P_DS001_025|P_DS001_028|P_DS001_031|P_DS001_034|P_DS001_003|P_DS001_006,1.4285714285714286,900,8200,1.0,48.0,10.0,44.0,10392.16,4.4,1039.216,9.7,8.182840771666667,1.0,0.04453873833333333,0.0,1.0236483517622461,0.7183333333333334,1.7419816733333335,0.0,5.639192416666667,300.0,73,0.0,0.0,0.0,0.0,0.0,0.0,0.0,Store Not Ready for Rider,1.0,9.928716183333334,80.98924151666667,8,0.1,0.0,30.0,0.04727960087301587,0.03698138882039574,4,69,1,6,Monitor - no immediate intervention
DS003_20260710_I07,DS003,2026-07-10,7,Night,8,9,8,0,1,600,0.0,P_DS003_028|P_DS003_031|P_DS003_001|P_DS003_004|P_DS003_007|P_DS003_010|P_DS003_013|P_DS003_016,,P_DS003_022,8.0,600,5200,0.0,48.0,8.0,51.0,10186.91,6.375,1273.36375,10.5,9.310636170833334,2.0,0.1330992875000001,0.07294879583333333,1.5704388088049308,0.4520833333333333,2.09547093125,0.0,6.223498564583333,240.0,30,1.0,1.0,0.0,1.0,0.0,0.0,63.51,Store Not Ready for Rider,2.0,12.563510383333332,90.52882918333333,6,0.25,0.125,30.0,0.4187836794444444,0.10058758798148147,5,25,1,0,Protect or increase picker capacity
DS004_20260702_I12,DS004,2026-07-02,12,Night,7,9,8,0,1,600,0.0,P_DS004_013|P_DS004_016|P_DS004_022|P_DS004_028|P_DS004_031|P_DS004_034|P_DS004_001|P_DS004_007,,P_DS004_010,7.0,600,2200,0.0,48.0,7.0,49.0,9423.85,7.0,1346.2642857142857,10.857142857142858,9.497834671428572,1.0,0.04976754285714285,0.09682626666666667,1.6418740940017378,0.6761904761904762,2.414890828571429,0.0,5.963896211904762,210.0,35,0.0,0.0,0.0,0.0,0.0,0.0,0.0,Store Not Ready for Rider,1.0,11.427305216666666,81.62819741666667,7,0.14285714285714285,0.0,30.0,0.38091017388888887,0.07774114039682539,4,31,1,0,Monitor - no immediate intervention
DS004_20260702_I01,DS004,2026-07-02,1,Night,6,17,12,2,3,900,1.0,P_DS004_009|P_DS004_012|P_DS004_018|P_DS004_021|P_DS004_027|P_DS004_030|P_DS004_033|P_DS004_001|P_DS004_007|P_DS004_010|P_DS004_013|P_DS004_016,P_DS004_022|P_DS004_028,P_DS004_031|P_DS004_034|P_DS004_006,2.0,900,9100,1.0,49.0,6.0,39.0,8903.3,6.5,1483.8833333333332,10.833333333333334,27.508370058333337,6.0,16.675036725000002,0.0,1.6968365328994925,0.7972222222222222,0.0,16.85101946944444,7.204958491666666,180.0,69,0.0,0.0,0.0,0.0,0.0,0.0,0.0,Rider Supply / Availability,6.0,8.573147533333334,1852.8661241166667,69,1.0,0.0,30.0,0.09525719481481482,0.8951044077858293,89,-20,1,2,Add or rebalance riders in this interval
DS004_20260701_I03,DS004,2026-07-01,3,Night,12,10,9,0,1,675,0.0,P_DS004_013|P_DS004_016|P_DS004_019|P_DS004_022|P_DS004_025|P_DS004_028|P_DS004_034|P_DS004_001|P_DS004_004,,P_DS004_007,12.0,675,8050,0.0,50.0,12.0,69.0,15613.58,5.75,1301.1316666666667,12.333333333333334,11.406798291666666,6.0,0.33188219861111107,0.9996395180555556,1.666146483860665,0.5819444444444445,3.247730440277778,0.0,7.457678952777777,420.0,35,2.0,2.0,1.0,0.0,1.0,0.0,563.12,Store Not Ready for Rider,5.0,17.410740533333332,115.8352536,7,0.5,0.16666666666666666,35.0,0.5803580177777777,0.11031928914285714,6,29,1,0,Protect or increase picker capacity
DS001_20260710_I04,DS001,2026-07-10,4,Night,9,10,9,0,1,675,0.0,P_DS001_016|P_DS001_022|P_DS001_025|P_DS001_028|P_DS001_031|P_DS001_034|P_DS001_004|P_DS001_007|P_DS001_010,,P_DS001_013,9.0,675,6850,0.0,48.0,9.0,32.0,7790.9,3.5555555555555554,865.6555555555556,9.444444444444445,8.011704324074074,1.0,0.07628615370370362,0.20666063518518518,0.9420236981433665,0.6203703703703703,1.7690546981481483,0.0,5.314871846296295,270.0,39,0.0,0.0,0.0,0.0,0.0,0.0,0.0,Last-Mile Travel,1.0,8.478213216666667,89.68580166666666,6,0.1111111111111111,0.0,30.0,0.2826071072222222,0.07665453133903134,5,34,1,0,Monitor - no immediate intervention
DS004_20260708_I10,DS004,2026-07-08,10,Night,13,9,8,0,1,600,0.0,P_DS004_007|P_DS004_013|P_DS004_016|P_DS004_019|P_DS004_022|P_DS004_025|P_DS004_028|P_DS004_034,,P_DS004_001,13.0,600,3400,0.0,48.0,13.0,82.0,17471.94,6.3076923076923075,1343.9953846153844,11.461538461538462,10.599691547435897,3.0,0.3354016448717948,1.666203744871795,1.6452336057956636,0.6807692307692308,3.9922065794871795,0.0,5.733125987179488,455.0,39,0.0,0.0,0.0,0.0,0.0,0.0,0.0,Store Not Ready for Rider,3.0,21.388036733333333,98.74497953333334,9,0.23076923076923078,0.0,35.0,0.7129345577777778,0.0843974184045584,5,34,2,-1,Protect or increase picker capacity
DS005_20260706_I06,DS005,2026-07-06,6,Night,7,8,7,0,1,525,0.0,P_DS005_025|P_DS005_028|P_DS005_004|P_DS005_007|P_DS005_010|P_DS005_013|P_DS005_016,,P_DS005_019,7.0,525,6100,0.0,48.0,7.0,29.0,6460.59,4.142857142857143,922.9414285714286,13.142857142857142,10.059912502380952,1.0,0.04938082142857146,0.21204185714285712,1.1141375354536893,0.5476190476190476,1.873798430952381,0.0,7.4742093023809515,280.0,29,0.0,0.0,0.0,0.0,0.0,0.0,0.0,Last-Mile Travel,1.0,7.798962666666666,90.65297581666667,6,0.14285714285714285,0.0,40.0,0.2599654222222222,0.10419882277777778,5,24,1,0,Monitor - no immediate intervention
DS003_20260709_I05,DS003,2026-07-09,5,Night,8,8,7,0,1,525,0.0,P_DS003_019|P_DS003_028|P_DS003_031|P_DS003_001|P_DS003_007|P_DS003_010|P_DS003_013,,P_DS003_016,8.0,525,6625,0.0,48.5,8.0,42.0,8818.4,5.25,1102.3,10.25,9.472682060416666,2.0,0.20022504583333323,0.33167573749999996,1.2966808999203963,0.5583333333333333,2.1866899645833335,0.0,6.175575420833334,240.0,32,1.0,1.0,0.0,1.0,0.0,0.0,233.94,Store Not Ready for Rider,2.0,11.457075566666667,86.88970631666668,6,0.25,0.125,30.0,0.3819025188888889,0.09051011074652779,5,27,1,0,Protect or increase picker capacity
DS004_20260711_I08,DS004,2026-07-11,8,Night,7,10,9,0,1,675,0.0,P_DS004_028|P_DS004_031|P_DS004_001|P_DS004_004|P_DS004_007|P_DS004_010|P_DS004_016|P_DS004_019|P_DS004_022,,P_DS004_025,7.0,675,4150,0.0,48.0,7.0,32.0,7677.29,4.571428571428571,1096.7557142857142,10.857142857142858,10.4775025,2.0,0.3685672357142857,0.5081326119047619,1.2415931446270427,0.6642857142857144,2.414011466666667,0.0,7.232538647619047,210.0,29,0.0,0.0,0.0,0.0,0.0,0.0,0.0,Last-Mile Travel,1.0,10.313734816666667,79.11167628333334,5,0.2857142857142857,0.0,30.0,0.3437911605555556,0.09093296124521073,4,25,1,0,Monitor - no immediate intervention
DS005_20260711_I09,DS005,2026-07-11,9,Night,3,9,8,0,1,600,0.0,P_DS005_001|P_DS005_004|P_DS005_007|P_DS005_010|P_DS005_016|P_DS005_019|P_DS005_022|P_DS005_025,,P_DS005_028,3.0,600,4000,0.0,48.0,3.0,11.0,3552.62,3.6666666666666665,1184.2066666666667,10.666666666666666,7.8735366,0.0,0.0,0.0,1.0382995285510768,0.5499999999999999,1.588299522222222,0.0,5.757459294444445,90.0,35,0.0,0.0,0.0,0.0,0.0,0.0,0.0,No SLA Breach,0.0,3.673922516666667,51.898162533333334,4,0.0,0.0,30.0,0.1224640838888889,0.04942682146031746,3,32,1,0,Monitor - no immediate intervention
DS001_20260712_I04,DS001,2026-07-12,4,Night,10,10,9,0,1,675,0.0,P_DS001_016|P_DS001_019|P_DS001_022|P_DS001_025|P_DS001_031|P_DS001_034|P_DS001_001|P_DS001_004|P_DS001_010,,P_DS001_013,10.0,675,6850,0.0,48.0,10.0,42.0,9257.04,4.2,925.7040000000001,14.4,12.251997691666668,1.0,0.17498543499999997,0.29987808,1.0699624670759076,0.6933333333333334,2.063173875,0.0,9.257157141666667,400.0,36,2.0,2.0,0.0,1.0,1.0,0.0,848.72,Store Not Ready for Rider,1.0,10.699624583333334,118.67644921666667,7,0.1,0.2,40.0,0.3566541527777778,0.1098856011265432,6,30,1,0,Investigate inventory and order-quality process
DS002_20260709_I05,DS002,2026-07-09,5,Night,3,9,8,0,1,600,0.0,P_DS002_019|P_DS002_028|P_DS002_031|P_DS002_034|P_DS002_001|P_DS002_007|P_DS002_010|P_DS002_013,,P_DS002_016,3.0,600,6400,0.0,48.0,3.0,14.0,4198.05,4.666666666666667,1399.3500000000001,9.333333333333334,8.873552633333334,2.0,0.42375795,0.0,1.4593509249030614,0.8666666666666667,2.3260175833333334,0.0,5.814201705555557,90.0,36,0.0,0.0,0.0,0.0,0.0,0.0,0.0,Store Not Ready for Rider,2.0,4.37805275,16.04826535,2,0.6666666666666666,0.0,30.0,0.14593509166666668,0.014859504953703705,1,35,1,0,Protect or increase picker capacity
DS001_20260712_I07,DS001,2026-07-12,7,Night,9,10,9,0,1,675,0.0,P_DS001_025|P_DS001_031|P_DS001_034|P_DS001_001|P_DS001_004|P_DS001_010|P_DS001_013|P_DS001_016|P_DS001_019,,P_DS001_022,9.0,675,4825,0.0,48.0,9.0,39.0,9308.41,4.333333333333333,1034.2677777777778,14.11111111111111,11.867059775925926,2.0,0.10889252777777791,0.4736304648148148,1.1676612945359048,0.6425925925925926,2.283884346296296,0.0,8.68873097962963,360.0,36,1.0,1.0,1.0,0.0,0.0,0.0,272.14,Store Not Ready for Rider,2.0,11.9644005,79.12976815,8,0.2222222222222222,0.1111111111111111,40.0,0.39881335,0.0732683038425926,4,32,1,0,Protect or increase picker capacity
DS004_20260705_I03,DS004,2026-07-05,3,Night,8,10,9,0,1,675,0.0,P_DS004_013|P_DS004_016|P_DS004_019|P_DS004_022|P_DS004_025|P_DS004_031|P_DS004_034|P_DS004_001|P_DS004_004,,P_DS004_010,8.0,675,7525,0.0,48.0,8.0,40.0,9868.17,5.0,1233.52125,10.375,9.780628041666667,2.0,0.3210365291666666,0.8061347333333333,1.1370022142086307,0.7208333333333333,2.6639702791666666,0.0,6.1062410875,240.0,30,2.0,2.0,2.0,0.0,0.0,0.0,479.18,Store Not Ready for Rider,2.0,9.671209916666667,68.1011096,7,0.25,0.25,30.0,0.3223736638888889,0.07566789955555556,4,26,1,0,Protect or increase picker capacity
DS003_20260710_I10,DS003,2026-07-10,10,Night,9,9,8,0,1,600,0.0,P_DS003_004|P_DS003_007|P_DS003_010|P_DS003_013|P_DS003_016|P_DS003_022|P_DS003_028|P_DS003_031,,P_DS003_001,9.0,600,3400,0.0,48.0,9.0,39.0,9351.98,4.333333333333333,1039.108888888889,10.666666666666666,9.62462217962963,2.0,0.04304447962962991,0.10766408333333334,1.269259179831336,0.7444444444444444,2.1213677018518515,0.0,6.560661877777778,270.0,30,0.0,0.0,0.0,0.0,0.0,0.0,0.0,Store Not Ready for Rider,2.0,11.423332566666666,89.10437096666666,5,0.2222222222222222,0.0,30.0,0.3807777522222222,0.09900485662962963,5,25,1,0,Protect or increase picker capacity
DS003_20260707_I08,DS003,2026-07-07,8,Night,5,10,9,0,1,675,0.0,P_DS003_028|P_DS003_031|P_DS003_001|P_DS003_004|P_DS003_007|P_DS003_010|P_DS003_013|P_DS003_019|P_DS003_022,,P_DS003_025,5.0,675,4150,0.0,48.0,5.0,29.0,6270.8,5.8,1254.16,13.4,12.00117277,0.0,0.0,0.0,1.5654945518214844,0.62,2.1854945399999997,0.0,9.10567822,175.0,31,0.0,0.0,0.0,0.0,0.0,0.0,0.0,No SLA Breach,0.0,7.8274726999999995,80.02088221666666,4,0.0,0.0,35.0,0.26091575666666666,0.08604395937275985,4,27,1,0,Monitor - no immediate intervention
DS003_20260703_I05,DS003,2026-07-03,5,Night,14,10,9,0,1,675,0.0,P_DS003_016|P_DS003_022|P_DS003_025|P_DS003_028|P_DS003_031|P_DS003_001|P_DS003_004|P_DS003_007|P_DS003_010,,P_DS003_013,14.0,675,6175,0.0,48.0,14.0,76.0,17256.2,5.428571428571429,1232.5857142857144,14.071428571428571,11.760773197619047,0.0,0.0,0.49300832857142857,1.4610595821553833,0.5964285714285714,2.5504964785714286,0.0,8.376943377380952,560.0,32,1.0,1.0,0.0,0.0,1.0,0.0,496.1,No SLA Breach,0.0,22.042532833333333,230.8370285,13,0.0,0.07142857142857142,40.0,0.7347510944444444,0.24045523802083332,11,21,2,-1,Investigate inventory and order-quality process
DS001_20260704_I11,DS001,2026-07-04,11,Night,11,9,8,0,1,600,0.0,P_DS001_007|P_DS001_010|P_DS001_016|P_DS001_019|P_DS001_025|P_DS001_028|P_DS001_031|P_DS001_001,,P_DS001_004,11.0,600,2800,0.0,48.0,11.0,49.0,10105.24,4.454545454545454,918.6581818181818,11.090909090909092,8.607572624242424,0.0,0.0,0.021649316666666654,0.9883751264461936,0.6681818181818181,1.6782062575757577,0.0,5.961184543939395,385.0,39,0.0,0.0,0.0,0.0,0.0,0.0,0.0,No SLA Breach,0.0,10.872126333333332,104.55581061666666,7,0.0,0.0,35.0,0.3624042111111111,0.0893639406980057,5,34,1,0,Monitor - no immediate intervention
DS004_20260704_I10,DS004,2026-07-04,10,Night,11,10,9,0,1,675,0.0,P_DS004_001|P_DS004_004|P_DS004_007|P_DS004_010|P_DS004_016|P_DS004_019|P_DS004_022|P_DS004_025|P_DS004_028,,P_DS004_031,11.0,675,2800,0.0,48.0,11.0,57.0,13744.47,5.181818181818182,1249.4972727272727,12.727272727272727,10.051065906060607,0.0,0.0,0.2814537803030303,1.201640238776434,0.6045454545454546,2.087639468181818,0.0,7.302820368181818,385.0,33,0.0,0.0,0.0,0.0,0.0,0.0,0.0,No SLA Breach,0.0,13.891189066666666,142.6034654,9,0.0,0.0,35.0,0.46303963555555555,0.14404390444444445,7,26,1,0,Monitor - no immediate intervention
DS001_20260714_I01,DS001,2026-07-14,1,Night,5,19,12,2,5,900,1.0,P_DS001_012|P_DS001_018|P_DS001_021|P_DS001_024|P_DS001_027|P_DS001_030|P_DS001_033|P_DS001_001|P_DS001_004|P_DS001_007|P_DS001_010|P_DS001_013,P_DS001_019|P_DS001_022,P_DS001_025|P_DS001_028|P_DS001_031|P_DS001_034|P_DS001_006,1.0,900,9100,1.0,49.0,5.0,24.0,4939.65,4.8,987.93,12.0,10.308448506666668,0.0,0.0,0.0,1.2163727358447483,0.8633333333333333,2.07970606,0.0,7.415409109999999,175.0,72,0.0,0.0,0.0,0.0,0.0,0.0,0.0,No SLA Breach,0.0,6.081863633333333,88.83746526666667,12,0.0,0.0,35.0,0.040545757555555555,0.04112845614197531,5,67,1,4,Monitor - no immediate intervention
DS001_20260712_I08,DS001,2026-07-12,8,Night,12,10,9,0,1,675,0.0,P_DS001_031|P_DS001_034|P_DS001_001|P_DS001_004|P_DS001_010|P_DS001_013|P_DS001_016|P_DS001_019|P_DS001_022,,P_DS001_025,12.0,675,4150,0.0,48.0,12.0,68.0,13999.46,5.666666666666667,1166.6216666666667,13.416666666666666,10.08174195,0.0,0.0,0.27257698611111114,1.302541726092823,0.625,2.2001187069444446,0.0,7.035789902777778,480.0,36,1.0,1.0,0.0,0.0,1.0,0.0,469.24,No SLA Breach,0.0,15.080436083333334,167.3963058,11,0.0,0.08333333333333333,40.0,0.5026812027777778,0.15499657944444445,8,28,1,0,Investigate inventory and order-quality process
DS004_20260709_I03,DS004,2026-07-09,3,Night,6,9,8,0,1,600,0.0,P_DS004_013|P_DS004_016|P_DS004_022|P_DS004_028|P_DS004_031|P_DS004_034|P_DS004_001|P_DS004_007,,P_DS004_010,6.0,600,7600,0.0,48.0,6.0,35.0,9342.69,5.833333333333333,1557.115,11.0,10.692897294444444,1.0,0.5008461055555559,0.0,1.3402068447022701,0.8305555555555556,2.1707623916666665,0.0,7.469357119444445,180.0,35,1.0,1.0,1.0,0.0,0.0,0.0,154.59,Store Not Ready for Rider,1.0,8.041241016666667,63.048271916666664,4,0.16666666666666666,0.16666666666666666,30.0,0.26804136722222227,0.06004597325396825,4,31,1,0,Protect or increase picker capacity
DS004_20260709_I05,DS004,2026-07-09,5,Night,7,9,8,0,1,600,0.0,P_DS004_022|P_DS004_028|P_DS004_031|P_DS004_034|P_DS004_001|P_DS004_007|P_DS004_010|P_DS004_013,,P_DS004_016,7.0,600,6400,0.0,48.0,7.0,40.0,7742.56,5.714285714285714,1106.0800000000002,10.857142857142858,11.098081892857142,4.0,0.7354222571428569,0.16281970714285715,1.8024882046301844,0.8214285714285714,2.7867364761904763,0.0,7.347059695238095,210.0,35,0.0,0.0,0.0,0.0,0.0,0.0,0.0,Store Not Ready for Rider,3.0,12.617417366666666,69.63119161666667,5,0.5714285714285714,0.0,30.0,0.4205805788888889,0.0663154205873016,4,31,1,0,Protect or increase picker capacity
DS001_20260713_I11,DS001,2026-07-13,11,Night,10,10,9,0,1,675,0.0,P_DS001_007|P_DS001_010|P_DS001_013|P_DS001_016|P_DS001_019|P_DS001_025|P_DS001_028|P_DS001_031|P_DS001_034,,P_DS001_004,10.0,675,2125,0.0,48.0,10.0,45.0,12921.3,4.5,1292.1299999999999,11.8,8.813990875,0.0,0.0,0.08711451666666667,0.9933126258526187,0.6783333333333333,1.75876047,0.0,6.085230396666667,350.0,33,0.0,0.0,0.0,0.0,0.0,0.0,0.0,No SLA Breach,0.0,9.933126183333332,85.51814913333334,6,0.0,0.0,35.0,0.3311042061111111,0.08638196882154883,5,28,1,0,Monitor - no immediate intervention
DS001_20260705_I05,DS001,2026-07-05,5,Night,7,7,6,0,1,450,0.0,P_DS001_022|P_DS001_031|P_DS001_001|P_DS001_004|P_DS001_010|P_DS001_013,,P_DS001_019,7.0,450,6850,0.0,48.5,7.0,33.0,8495.94,4.714285714285714,1213.7057142857143,9.285714285714286,9.253625864285715,3.0,0.5791848738095238,1.1607888476190475,1.2332240320943544,0.6047619047619047,2.998774780952381,0.0,5.319136792857143,210.0,35,1.0,1.0,1.0,0.0,0.0,0.0,218.79,Store Not Ready for Rider,3.0,6.3734161,52.60670085,4,0.42857142857142855,0.14285714285714285,30.0,0.21244720333333333,0.05010161985714286,3,32,1,0,Protect or increase picker capacity
DS005_20260707_I04,DS005,2026-07-07,4,Night,12,9,8,0,1,600,0.0,P_DS005_013|P_DS005_019|P_DS005_022|P_DS005_025|P_DS005_028|P_DS005_001|P_DS005_004|P_DS005_007,,P_DS005_010,12.0,600,7000,0.0,48.0,12.0,65.0,12471.689999999999,5.416666666666667,1039.3075,11.416666666666666,9.666534919444445,0.0,0.0,0.8064286388888888,1.6365387576405848,0.6097222222222222,3.0526896125,0.0,5.687456406944444,420.0,34,2.0,2.0,2.0,0.0,0.0,0.0,87.4,No SLA Breach,0.0,16.258882883333335,62.21739078333333,7,0.0,0.16666666666666666,35.0,0.5419627627777779,0.06099744194444444,3,31,1,0,Investigate inventory and order-quality process
DS005_20260706_I05,DS005,2026-07-06,5,Night,8,8,7,0,1,525,0.0,P_DS005_019|P_DS005_025|P_DS005_028|P_DS005_004|P_DS005_007|P_DS005_010|P_DS005_013,,P_DS005_016,8.0,525,6625,0.0,48.0,8.0,32.0,6600.27,4.0,825.03375,13.625,10.481020941666667,1.0,0.03279066874999991,0.0,1.118815795804651,0.69375,1.8125657854166666,0.0,7.720538477083334,320.0,29,0.0,0.0,0.0,0.0,0.0,0.0,0.0,Store Not Ready for Rider,1.0,9.841691266666666,88.24587896666667,6,0.125,0.0,40.0,0.32805637555555556,0.10143204478927204,5,24,1,0,Monitor - no immediate intervention
DS001_20260708_I12,DS001,2026-07-08,12,Night,9,10,9,0,1,675,0.0,P_DS001_007|P_DS001_013|P_DS001_016|P_DS001_019|P_DS001_022|P_DS001_025|P_DS001_028|P_DS001_034|P_DS001_001,,P_DS001_004,9.0,675,1450,0.0,48.0,9.0,45.0,8274.35,5.0,919.3722222222223,11.666666666666666,9.49294865,0.0,0.0,0.044711014814814806,1.138491512973964,0.5833333333333334,1.7665358537037037,0.0,6.826412790740741,315.0,36,0.0,0.0,0.0,0.0,0.0,0.0,0.0,No SLA Breach,0.0,11.145719866666667,88.55945543333333,7,0.0,0.0,35.0,0.37152399555555554,0.08199949577160494,5,31,1,0,Monitor - no immediate intervention
DS004_20260702_I11,DS004,2026-07-02,11,Night,10,9,8,0,1,600,0.0,P_DS004_010|P_DS004_013|P_DS004_016|P_DS004_022|P_DS004_028|P_DS004_031|P_DS004_034|P_DS004_001,,P_DS004_007,10.0,600,2800,0.0,48.0,10.0,54.0,13033.45,5.4,1303.345,11.7,11.719344733333333,6.0,0.5040269816666664,0.24365698333333335,1.6277473811125869,0.5733333333333334,2.444737693333333,0.0,8.331273696666667,300.0,35,0.0,0.0,0.0,0.0,0.0,0.0,0.0,Store Not Ready for Rider,6.0,15.318187783333334,81.75188946666667,6,0.6,0.0,30.0,0.5106062594444445,0.07785894234920634,4,31,1,0,Protect or increase picker capacity
DS005_20260712_I10,DS005,2026-07-12,10,Night,6,8,7,0,1,525,0.0,P_DS005_010|P_DS005_013|P_DS005_016|P_DS005_019|P_DS005_022|P_DS005_025|P_DS005_001,,P_DS005_004,6.0,525,4000,0.0,48.0,6.0,27.0,4682.3,4.5,780.3833333333333,13.5,10.277916794444444,0.0,0.0,0.0,1.08036564190184,0.42777777777777776,1.5081434138888887,0.0,7.8086622611111105,240.0,25,0.0,0.0,0.0,0.0,0.0,0.0,0.0,No SLA Breach,0.0,6.482193816666667,75.34325743333333,4,0.0,0.0,40.0,0.21607312722222224,0.10045767657777778,4,21,1,0,Monitor - no immediate intervention
DS002_20260707_I08,DS002,2026-07-07,8,Night,10,11,10,0,1,750,0.0,P_DS002_028|P_DS002_031|P_DS002_034|P_DS002_001|P_DS002_004|P_DS002_007|P_DS002_010|P_DS002_013|P_DS002_019|P_DS002_022,,P_DS002_025,10.0,750,3700,0.0,48.0,10.0,46.0,10179.84,4.6,1017.984,12.5,9.97360812,2.0,0.18604669666666657,0.17572346333333333,1.1315570409871039,0.5483333333333333,1.8556138333333334,0.0,7.182994276666667,350.0,37,0.0,0.0,0.0,0.0,0.0,0.0,0.0,Store Not Ready for Rider,2.0,11.315570333333334,111.04829846666667,8,0.2,0.0,35.0,0.3771856777777778,0.10004351213213213,6,31,1,0,Protect or increase picker capacity
DS005_20260703_I10,DS005,2026-07-03,10,Night,7,8,7,0,1,525,0.0,P_DS005_010|P_DS005_013|P_DS005_016|P_DS005_022|P_DS005_025|P_DS005_028|P_DS005_001,,P_DS005_004,7.0,525,4000,0.0,48.0,7.0,37.0,8206.1,5.285714285714286,1172.3,12.714285714285714,9.497281421428571,0.0,0.0,0.0,1.4280985732351072,0.5166666666666666,1.9447652333333334,0.0,6.664420942857143,280.0,33,1.0,1.0,0.0,1.0,0.0,0.0,78.55,No SLA Breach,0.0,9.289442866666667,66.31350523333333,5,0.0,0.14285714285714285,40.0,0.30964809555555556,0.06698333861952861,4,29,1,0,Investigate inventory and order-quality process
DS002_20260708_I01,DS002,2026-07-08,1,Night,5,17,12,2,3,900,1.0,P_DS002_006|P_DS002_012|P_DS002_015|P_DS002_018|P_DS002_021|P_DS002_024|P_DS002_027|P_DS002_033|P_DS002_001|P_DS002_004|P_DS002_007|P_DS002_013,P_DS002_016|P_DS002_019,P_DS002_022|P_DS002_034|P_DS002_003,1.6666666666666667,900,9100,1.0,49.0,5.0,26.0,6282.54,5.2,1256.508,13.2,11.746448533333332,1.0,0.18831800666666682,0.0,1.4788813899050812,0.5533333333333333,2.0322147133333335,0.0,8.817567143333333,175.0,73,0.0,0.0,0.0,0.0,0.0,0.0,0.0,Store Not Ready for Rider,1.0,7.3944069,165.43497108333332,14,0.2,0.0,35.0,0.08216007666666666,0.07554108268645357,8,65,1,2,Protect or increase picker capacity
DS003_20260714_I07,DS003,2026-07-14,7,Night,15,10,9,0,1,675,0.0,P_DS003_025|P_DS003_028|P_DS003_031|P_DS003_001|P_DS003_004|P_DS003_007|P_DS003_010|P_DS003_013|P_DS003_019,,P_DS003_022,15.0,675,4825,0.0,48.0,15.0,71.0,16308.71,4.733333333333333,1087.2473333333332,12.2,10.386230815555557,2.0,0.10441837888888893,0.5004303411111111,1.2831025819369302,0.7077777777777778,2.491310698888889,0.0,6.961586775555556,525.0,36,2.0,2.0,0.0,0.0,2.0,0.0,871.26,Last-Mile Travel,1.0,19.908954483333332,104.57407886666667,10,0.13333333333333333,0.13333333333333333,35.0,0.6636318161111111,0.09682785080246914,5,31,1,0,Investigate inventory and order-quality process
