Store_Date_Interval_ID,Store_ID,Date,Interval_ID,Daypart,Actual_Orders,Active_Pickers,Putaway_Pickers,Audit_Pickers,Picking_Pickers,Putaway_Units_Capacity,Audit_Hours_Capacity,Putaway_Worker_IDs,Audit_Worker_IDs,Picking_Worker_IDs,Orders_Per_Picking_Picker,Putaway_Units_Completed,Putaway_Backlog_Units,Audit_Hours_Completed,Audit_Backlog_Hours
DS001_20260701_I01,DS001,2026-07-01,1,Night,9,8,7,0,1,525,0.0,P_DS001_004|P_DS001_007|P_DS001_013|P_DS001_016|P_DS001_019|P_DS001_022|P_DS001_028,,P_DS001_001,9.0,525,9475,0.0,50.0
DS001_20260701_I02,DS001,2026-07-01,2,Night,4,8,7,0,1,525,0.0,P_DS001_007|P_DS001_013|P_DS001_016|P_DS001_019|P_DS001_022|P_DS001_028|P_DS001_001,,P_DS001_004,4.0,525,8950,0.0,50.0
DS001_20260701_I03,DS001,2026-07-01,3,Night,3,8,7,0,1,525,0.0,P_DS001_013|P_DS001_016|P_DS001_019|P_DS001_022|P_DS001_028|P_DS001_001|P_DS001_004,,P_DS001_007,3.0,525,8425,0.0,50.0
DS001_20260701_I04,DS001,2026-07-01,4,Night,11,8,7,0,1,525,0.0,P_DS001_016|P_DS001_019|P_DS001_022|P_DS001_028|P_DS001_001|P_DS001_004|P_DS001_007,,P_DS001_013,11.0,525,7900,0.0,50.0
DS001_20260701_I05,DS001,2026-07-01,5,Night,9,8,7,0,1,525,0.0,P_DS001_019|P_DS001_022|P_DS001_028|P_DS001_001|P_DS001_004|P_DS001_007|P_DS001_013,,P_DS001_016,9.0,525,7375,0.0,50.0
DS001_20260701_I06,DS001,2026-07-01,6,Night,6,8,7,0,1,525,0.0,P_DS001_022|P_DS001_028|P_DS001_001|P_DS001_004|P_DS001_007|P_DS001_013|P_DS001_016,,P_DS001_019,6.0,525,6850,0.0,50.0
DS001_20260701_I07,DS001,2026-07-01,7,Night,10,8,7,0,1,525,0.0,P_DS001_028|P_DS001_001|P_DS001_004|P_DS001_007|P_DS001_013|P_DS001_016|P_DS001_019,,P_DS001_022,10.0,525,6325,0.0,50.0
DS001_20260701_I08,DS001,2026-07-01,8,Night,6,8,7,0,1,525,0.0,P_DS001_001|P_DS001_004|P_DS001_007|P_DS001_013|P_DS001_016|P_DS001_019|P_DS001_022,,P_DS001_028,6.0,525,5800,0.0,50.0
DS001_20260701_I09,DS001,2026-07-01,9,Night,8,8,7,0,1,525,0.0,P_DS001_004|P_DS001_007|P_DS001_013|P_DS001_016|P_DS001_019|P_DS001_022|P_DS001_028,,P_DS001_001,8.0,525,5275,0.0,50.0
DS001_20260701_I10,DS001,2026-07-01,10,Night,8,8,7,0,1,525,0.0,P_DS001_007|P_DS001_013|P_DS001_016|P_DS001_019|P_DS001_022|P_DS001_028|P_DS001_001,,P_DS001_004,8.0,525,4750,0.0,50.0
DS001_20260701_I11,DS001,2026-07-01,11,Night,15,8,7,0,1,525,0.0,P_DS001_013|P_DS001_016|P_DS001_019|P_DS001_022|P_DS001_028|P_DS001_001|P_DS001_004,,P_DS001_007,15.0,525,4225,0.0,50.0
DS001_20260701_I12,DS001,2026-07-01,12,Night,16,8,7,0,1,525,0.0,P_DS001_016|P_DS001_019|P_DS001_022|P_DS001_028|P_DS001_001|P_DS001_004|P_DS001_007,,P_DS001_013,16.0,525,3700,0.0,50.0
DS001_20260701_I13,DS001,2026-07-01,13,Morning,13,8,3,2,3,225,1.0,P_DS001_019|P_DS001_022|P_DS001_028,P_DS001_001|P_DS001_004,P_DS001_007|P_DS001_013|P_DS001_016,4.333333333333333,225,3475,1.0,49.0
DS001_20260701_I14,DS001,2026-07-01,14,Morning,19,8,3,2,3,225,1.0,P_DS001_022|P_DS001_028|P_DS001_001,P_DS001_004|P_DS001_007,P_DS001_013|P_DS001_016|P_DS001_019,6.333333333333333,225,3250,1.0,48.0
DS001_20260701_I15,DS001,2026-07-01,15,Morning,26,8,3,2,3,225,1.0,P_DS001_028|P_DS001_001|P_DS001_004,P_DS001_007|P_DS001_013,P_DS001_016|P_DS001_019|P_DS001_022,8.666666666666666,225,3025,1.0,47.0
DS001_20260701_I16,DS001,2026-07-01,16,Morning,40,8,3,2,3,225,1.0,P_DS001_001|P_DS001_004|P_DS001_007,P_DS001_013|P_DS001_016,P_DS001_019|P_DS001_022|P_DS001_028,13.333333333333334,225,2800,1.0,46.0
DS001_20260701_I17,DS001,2026-07-01,17,Morning,37,19,3,2,14,225,1.0,P_DS001_032|P_DS001_035|P_DS001_001,P_DS001_002|P_DS001_004,P_DS001_005|P_DS001_007|P_DS001_008|P_DS001_011|P_DS001_013|P_DS001_014|P_DS001_016|P_DS001_019|P_DS001_020|P_DS001_022|P_DS001_023|P_DS001_026|P_DS001_028|P_DS001_029,2.642857142857143,225,2575,1.0,45.0
DS001_20260701_I18,DS001,2026-07-01,18,Morning,49,19,3,2,14,225,1.0,P_DS001_035|P_DS001_001|P_DS001_002,P_DS001_004|P_DS001_005,P_DS001_007|P_DS001_008|P_DS001_011|P_DS001_013|P_DS001_014|P_DS001_016|P_DS001_019|P_DS001_020|P_DS001_022|P_DS001_023|P_DS001_026|P_DS001_028|P_DS001_029|P_DS001_032,3.5,225,2350,1.0,44.0
DS001_20260701_I19,DS001,2026-07-01,19,Morning,52,11,0,2,9,0,1.0,,P_DS001_029|P_DS001_032,P_DS001_035|P_DS001_002|P_DS001_005|P_DS001_008|P_DS001_011|P_DS001_014|P_DS001_020|P_DS001_023|P_DS001_026,5.777777777777778,0,2350,1.0,43.0
DS001_20260701_I20,DS001,2026-07-01,20,Morning,49,11,0,2,9,0,1.0,,P_DS001_032|P_DS001_035,P_DS001_002|P_DS001_005|P_DS001_008|P_DS001_011|P_DS001_014|P_DS001_020|P_DS001_023|P_DS001_026|P_DS001_029,5.444444444444445,0,2350,1.0,42.0
DS001_20260701_I21,DS001,2026-07-01,21,Morning,40,11,0,2,9,0,1.0,,P_DS001_035|P_DS001_002,P_DS001_005|P_DS001_008|P_DS001_011|P_DS001_014|P_DS001_020|P_DS001_023|P_DS001_026|P_DS001_029|P_DS001_032,4.444444444444445,0,2350,1.0,41.0
DS001_20260701_I22,DS001,2026-07-01,22,Morning,41,11,0,2,9,0,1.0,,P_DS001_002|P_DS001_005,P_DS001_008|P_DS001_011|P_DS001_014|P_DS001_020|P_DS001_023|P_DS001_026|P_DS001_029|P_DS001_032|P_DS001_035,4.555555555555555,0,2350,1.0,40.0
DS001_20260701_I23,DS001,2026-07-01,23,Lunch,55,11,0,0,11,0,0.0,,,P_DS001_005|P_DS001_008|P_DS001_011|P_DS001_014|P_DS001_020|P_DS001_023|P_DS001_026|P_DS001_029|P_DS001_032|P_DS001_035|P_DS001_002,5.0,0,2350,0.0,40.0
DS001_20260701_I24,DS001,2026-07-01,24,Lunch,71,11,0,0,11,0,0.0,,,P_DS001_008|P_DS001_011|P_DS001_014|P_DS001_020|P_DS001_023|P_DS001_026|P_DS001_029|P_DS001_032|P_DS001_035|P_DS001_002|P_DS001_005,6.454545454545454,0,2350,0.0,40.0
DS001_20260701_I25,DS001,2026-07-01,25,Lunch,98,11,0,0,11,0,0.0,,,P_DS001_011|P_DS001_014|P_DS001_020|P_DS001_023|P_DS001_026|P_DS001_029|P_DS001_032|P_DS001_035|P_DS001_002|P_DS001_005|P_DS001_008,8.909090909090908,0,2350,0.0,40.0
DS001_20260701_I26,DS001,2026-07-01,26,Lunch,88,11,0,0,11,0,0.0,,,P_DS001_014|P_DS001_020|P_DS001_023|P_DS001_026|P_DS001_029|P_DS001_032|P_DS001_035|P_DS001_002|P_DS001_005|P_DS001_008|P_DS001_011,8.0,0,2350,0.0,40.0
DS001_20260701_I27,DS001,2026-07-01,27,Lunch,94,11,0,0,11,0,0.0,,,P_DS001_020|P_DS001_023|P_DS001_026|P_DS001_029|P_DS001_032|P_DS001_035|P_DS001_002|P_DS001_005|P_DS001_008|P_DS001_011|P_DS001_014,8.545454545454545,0,2350,0.0,40.0
DS001_20260701_I28,DS001,2026-07-01,28,Lunch,106,11,0,0,11,0,0.0,,,P_DS001_023|P_DS001_026|P_DS001_029|P_DS001_032|P_DS001_035|P_DS001_002|P_DS001_005|P_DS001_008|P_DS001_011|P_DS001_014|P_DS001_020,9.636363636363637,0,2350,0.0,40.0
DS001_20260701_I29,DS001,2026-07-01,29,Lunch,94,11,0,0,11,0,0.0,,,P_DS001_026|P_DS001_029|P_DS001_032|P_DS001_035|P_DS001_002|P_DS001_005|P_DS001_008|P_DS001_011|P_DS001_014|P_DS001_020|P_DS001_023,8.545454545454545,0,2350,0.0,40.0
DS001_20260701_I30,DS001,2026-07-01,30,Lunch,70,11,0,0,11,0,0.0,,,P_DS001_029|P_DS001_032|P_DS001_035|P_DS001_002|P_DS001_005|P_DS001_008|P_DS001_011|P_DS001_014|P_DS001_020|P_DS001_023|P_DS001_026,6.363636363636363,0,2350,0.0,40.0
DS001_20260701_I31,DS001,2026-07-01,31,Afternoon,47,11,0,2,9,0,1.0,,P_DS001_032|P_DS001_035,P_DS001_002|P_DS001_005|P_DS001_008|P_DS001_011|P_DS001_014|P_DS001_020|P_DS001_023|P_DS001_026|P_DS001_029,5.222222222222222,0,2350,1.0,39.0
DS001_20260701_I32,DS001,2026-07-01,32,Afternoon,28,11,0,2,9,0,1.0,,P_DS001_035|P_DS001_002,P_DS001_005|P_DS001_008|P_DS001_011|P_DS001_014|P_DS001_020|P_DS001_023|P_DS001_026|P_DS001_029|P_DS001_032,3.111111111111111,0,2350,1.0,38.0
DS001_20260701_I33,DS001,2026-07-01,33,Afternoon,22,19,0,2,17,0,1.0,,P_DS001_029|P_DS001_030,P_DS001_032|P_DS001_033|P_DS001_035|P_DS001_002|P_DS001_005|P_DS001_008|P_DS001_009|P_DS001_011|P_DS001_012|P_DS001_014|P_DS001_015|P_DS001_018|P_DS001_020|P_DS001_021|P_DS001_023|P_DS001_026|P_DS001_027,1.2941176470588236,0,2350,1.0,37.0
DS001_20260701_I34,DS001,2026-07-01,34,Afternoon,37,20,0,2,18,0,1.0,,P_DS001_027|P_DS001_029,P_DS001_030|P_DS001_032|P_DS001_033|P_DS001_035|P_DS001_002|P_DS001_005|P_DS001_006|P_DS001_008|P_DS001_009|P_DS001_011|P_DS001_012|P_DS001_014|P_DS001_015|P_DS001_018|P_DS001_020|P_DS001_021|P_DS001_023|P_DS001_026,2.0555555555555554,0,2350,1.0,36.0
DS001_20260701_I35,DS001,2026-07-01,35,Afternoon,45,9,0,2,7,0,1.0,,P_DS001_033|P_DS001_006,P_DS001_009|P_DS001_012|P_DS001_015|P_DS001_018|P_DS001_021|P_DS001_027|P_DS001_030,6.428571428571429,0,2350,1.0,35.0
DS001_20260701_I36,DS001,2026-07-01,36,Afternoon,68,9,0,2,7,0,1.0,,P_DS001_006|P_DS001_009,P_DS001_012|P_DS001_015|P_DS001_018|P_DS001_021|P_DS001_027|P_DS001_030|P_DS001_033,9.714285714285714,0,2350,1.0,34.0
DS001_20260701_I37,DS001,2026-07-01,37,Evening,75,9,0,0,9,0,0.0,,,P_DS001_009|P_DS001_012|P_DS001_015|P_DS001_018|P_DS001_021|P_DS001_027|P_DS001_030|P_DS001_033|P_DS001_006,8.333333333333334,0,2350,0.0,34.0
DS001_20260701_I38,DS001,2026-07-01,38,Evening,85,9,0,0,9,0,0.0,,,P_DS001_012|P_DS001_015|P_DS001_018|P_DS001_021|P_DS001_027|P_DS001_030|P_DS001_033|P_DS001_006|P_DS001_009,9.444444444444445,0,2350,0.0,34.0
DS001_20260701_I39,DS001,2026-07-01,39,Evening,112,9,0,0,9,0,0.0,,,P_DS001_015|P_DS001_018|P_DS001_021|P_DS001_027|P_DS001_030|P_DS001_033|P_DS001_006|P_DS001_009|P_DS001_012,12.444444444444445,0,2350,0.0,34.0
DS001_20260701_I40,DS001,2026-07-01,40,Evening,146,9,0,0,9,0,0.0,,,P_DS001_018|P_DS001_021|P_DS001_027|P_DS001_030|P_DS001_033|P_DS001_006|P_DS001_009|P_DS001_012|P_DS001_015,16.22222222222222,0,2350,0.0,34.0
DS001_20260701_I41,DS001,2026-07-01,41,Evening,156,9,0,0,9,0,0.0,,,P_DS001_021|P_DS001_027|P_DS001_030|P_DS001_033|P_DS001_006|P_DS001_009|P_DS001_012|P_DS001_015|P_DS001_018,17.333333333333332,0,2350,0.0,34.0
DS001_20260701_I42,DS001,2026-07-01,42,Evening,144,9,0,0,9,0,0.0,,,P_DS001_027|P_DS001_030|P_DS001_033|P_DS001_006|P_DS001_009|P_DS001_012|P_DS001_015|P_DS001_018|P_DS001_021,16.0,0,2350,0.0,34.0
DS001_20260701_I43,DS001,2026-07-01,43,Evening,119,9,0,0,9,0,0.0,,,P_DS001_030|P_DS001_033|P_DS001_006|P_DS001_009|P_DS001_012|P_DS001_015|P_DS001_018|P_DS001_021|P_DS001_027,13.222222222222221,0,2350,0.0,34.0
DS001_20260701_I44,DS001,2026-07-01,44,Evening,98,9,0,0,9,0,0.0,,,P_DS001_033|P_DS001_006|P_DS001_009|P_DS001_012|P_DS001_015|P_DS001_018|P_DS001_021|P_DS001_027|P_DS001_030,10.88888888888889,0,2350,0.0,34.0
DS001_20260701_I45,DS001,2026-07-01,45,Evening,77,9,0,0,9,0,0.0,,,P_DS001_006|P_DS001_009|P_DS001_012|P_DS001_015|P_DS001_018|P_DS001_021|P_DS001_027|P_DS001_030|P_DS001_033,8.555555555555555,0,2350,0.0,34.0
DS001_20260701_I46,DS001,2026-07-01,46,Evening,61,9,0,0,9,0,0.0,,,P_DS001_009|P_DS001_012|P_DS001_015|P_DS001_018|P_DS001_021|P_DS001_027|P_DS001_030|P_DS001_033|P_DS001_006,6.777777777777778,0,2350,0.0,34.0
DS001_20260701_I47,DS001,2026-07-01,47,Late Night,42,9,0,2,7,0,1.0,,P_DS001_012|P_DS001_015,P_DS001_018|P_DS001_021|P_DS001_027|P_DS001_030|P_DS001_033|P_DS001_006|P_DS001_009,6.0,0,2350,1.0,33.0
DS001_20260701_I48,DS001,2026-07-01,48,Late Night,35,9,0,2,7,0,1.0,,P_DS001_015|P_DS001_018,P_DS001_021|P_DS001_027|P_DS001_030|P_DS001_033|P_DS001_006|P_DS001_009|P_DS001_012,5.0,0,2350,1.0,32.0
DS001_20260702_I01,DS001,2026-07-02,1,Night,6,18,12,2,4,900,1.0,P_DS001_009|P_DS001_012|P_DS001_015|P_DS001_018|P_DS001_021|P_DS001_027|P_DS001_030|P_DS001_033|P_DS001_001|P_DS001_010|P_DS001_013|P_DS001_016,P_DS001_019|P_DS001_022,P_DS001_028|P_DS001_031|P_DS001_034|P_DS001_006,1.5,900,9100,1.0,49.0
DS001_20260702_I02,DS001,2026-07-02,2,Night,10,17,12,2,3,900,1.0,P_DS001_012|P_DS001_015|P_DS001_018|P_DS001_027|P_DS001_030|P_DS001_033|P_DS001_001|P_DS001_010|P_DS001_013|P_DS001_016|P_DS001_019|P_DS001_022,P_DS001_028|P_DS001_031,P_DS001_034|P_DS001_006|P_DS001_009,3.3333333333333335,900,8200,1.0,48.0
DS001_20260702_I03,DS001,2026-07-02,3,Night,13,9,8,0,1,600,0.0,P_DS001_016|P_DS001_019|P_DS001_022|P_DS001_028|P_DS001_031|P_DS001_034|P_DS001_001|P_DS001_010,,P_DS001_013,13.0,600,7600,0.0,48.0
DS001_20260702_I04,DS001,2026-07-02,4,Night,8,9,8,0,1,600,0.0,P_DS001_019|P_DS001_022|P_DS001_028|P_DS001_031|P_DS001_034|P_DS001_001|P_DS001_010|P_DS001_013,,P_DS001_016,8.0,600,7000,0.0,48.0
DS001_20260702_I05,DS001,2026-07-02,5,Night,7,9,8,0,1,600,0.0,P_DS001_022|P_DS001_028|P_DS001_031|P_DS001_034|P_DS001_001|P_DS001_010|P_DS001_013|P_DS001_016,,P_DS001_019,7.0,600,6400,0.0,48.0
DS001_20260702_I06,DS001,2026-07-02,6,Night,7,9,8,0,1,600,0.0,P_DS001_028|P_DS001_031|P_DS001_034|P_DS001_001|P_DS001_010|P_DS001_013|P_DS001_016|P_DS001_019,,P_DS001_022,7.0,600,5800,0.0,48.0
DS001_20260702_I07,DS001,2026-07-02,7,Night,8,9,8,0,1,600,0.0,P_DS001_031|P_DS001_034|P_DS001_001|P_DS001_010|P_DS001_013|P_DS001_016|P_DS001_019|P_DS001_022,,P_DS001_028,8.0,600,5200,0.0,48.0
DS001_20260702_I08,DS001,2026-07-02,8,Night,9,9,8,0,1,600,0.0,P_DS001_034|P_DS001_001|P_DS001_010|P_DS001_013|P_DS001_016|P_DS001_019|P_DS001_022|P_DS001_028,,P_DS001_031,9.0,600,4600,0.0,48.0
DS001_20260702_I09,DS001,2026-07-02,9,Night,13,9,8,0,1,600,0.0,P_DS001_001|P_DS001_010|P_DS001_013|P_DS001_016|P_DS001_019|P_DS001_022|P_DS001_028|P_DS001_031,,P_DS001_034,13.0,600,4000,0.0,48.0
DS001_20260702_I10,DS001,2026-07-02,10,Night,11,9,8,0,1,600,0.0,P_DS001_010|P_DS001_013|P_DS001_016|P_DS001_019|P_DS001_022|P_DS001_028|P_DS001_031|P_DS001_034,,P_DS001_001,11.0,600,3400,0.0,48.0
DS001_20260702_I11,DS001,2026-07-02,11,Night,13,9,8,0,1,600,0.0,P_DS001_013|P_DS001_016|P_DS001_019|P_DS001_022|P_DS001_028|P_DS001_031|P_DS001_034|P_DS001_001,,P_DS001_010,13.0,600,2800,0.0,48.0
DS001_20260702_I12,DS001,2026-07-02,12,Night,14,9,8,0,1,600,0.0,P_DS001_016|P_DS001_019|P_DS001_022|P_DS001_028|P_DS001_031|P_DS001_034|P_DS001_001|P_DS001_010,,P_DS001_013,14.0,600,2200,0.0,48.0
DS001_20260702_I13,DS001,2026-07-02,13,Morning,15,9,3,2,4,225,1.0,P_DS001_019|P_DS001_022|P_DS001_028,P_DS001_031|P_DS001_034,P_DS001_001|P_DS001_010|P_DS001_013|P_DS001_016,3.75,225,1975,1.0,47.0
DS001_20260702_I14,DS001,2026-07-02,14,Morning,30,9,3,2,4,225,1.0,P_DS001_022|P_DS001_028|P_DS001_031,P_DS001_034|P_DS001_001,P_DS001_010|P_DS001_013|P_DS001_016|P_DS001_019,7.5,225,1750,1.0,46.0
DS001_20260702_I15,DS001,2026-07-02,15,Morning,42,9,3,2,4,225,1.0,P_DS001_028|P_DS001_031|P_DS001_034,P_DS001_001|P_DS001_010,P_DS001_013|P_DS001_016|P_DS001_019|P_DS001_022,10.5,225,1525,1.0,45.0
DS001_20260702_I16,DS001,2026-07-02,16,Morning,33,9,3,2,4,225,1.0,P_DS001_031|P_DS001_034|P_DS001_001,P_DS001_010|P_DS001_013,P_DS001_016|P_DS001_019|P_DS001_022|P_DS001_028,8.25,225,1300,1.0,44.0
DS001_20260702_I17,DS001,2026-07-02,17,Morning,49,17,3,2,12,225,1.0,P_DS001_001|P_DS001_005|P_DS001_010,P_DS001_013|P_DS001_014,P_DS001_016|P_DS001_017|P_DS001_019|P_DS001_020|P_DS001_022|P_DS001_023|P_DS001_026|P_DS001_028|P_DS001_029|P_DS001_031|P_DS001_034|P_DS001_035,4.083333333333333,225,1075,1.0,43.0
DS001_20260702_I18,DS001,2026-07-02,18,Morning,44,17,3,2,12,225,1.0,P_DS001_005|P_DS001_010|P_DS001_013,P_DS001_014|P_DS001_016,P_DS001_017|P_DS001_019|P_DS001_020|P_DS001_022|P_DS001_023|P_DS001_026|P_DS001_028|P_DS001_029|P_DS001_031|P_DS001_034|P_DS001_035|P_DS001_001,3.6666666666666665,225,850,1.0,42.0
DS001_20260702_I19,DS001,2026-07-02,19,Morning,57,8,0,2,6,0,1.0,,P_DS001_020|P_DS001_023,P_DS001_026|P_DS001_029|P_DS001_035|P_DS001_005|P_DS001_014|P_DS001_017,9.5,0,850,1.0,41.0
DS001_20260702_I20,DS001,2026-07-02,20,Morning,47,8,0,2,6,0,1.0,,P_DS001_023|P_DS001_026,P_DS001_029|P_DS001_035|P_DS001_005|P_DS001_014|P_DS001_017|P_DS001_020,7.833333333333333,0,850,1.0,40.0
DS001_20260702_I21,DS001,2026-07-02,21,Morning,55,8,0,2,6,0,1.0,,P_DS001_026|P_DS001_029,P_DS001_035|P_DS001_005|P_DS001_014|P_DS001_017|P_DS001_020|P_DS001_023,9.166666666666666,0,850,1.0,39.0
DS001_20260702_I22,DS001,2026-07-02,22,Morning,60,8,0,2,6,0,1.0,,P_DS001_029|P_DS001_035,P_DS001_005|P_DS001_014|P_DS001_017|P_DS001_020|P_DS001_023|P_DS001_026,10.0,0,850,1.0,38.0
DS001_20260702_I23,DS001,2026-07-02,23,Lunch,60,8,0,0,8,0,0.0,,,P_DS001_035|P_DS001_005|P_DS001_014|P_DS001_017|P_DS001_020|P_DS001_023|P_DS001_026|P_DS001_029,7.5,0,850,0.0,38.0
DS001_20260702_I24,DS001,2026-07-02,24,Lunch,70,8,0,0,8,0,0.0,,,P_DS001_005|P_DS001_014|P_DS001_017|P_DS001_020|P_DS001_023|P_DS001_026|P_DS001_029|P_DS001_035,8.75,0,850,0.0,38.0
DS001_20260702_I25,DS001,2026-07-02,25,Lunch,80,8,0,0,8,0,0.0,,,P_DS001_014|P_DS001_017|P_DS001_020|P_DS001_023|P_DS001_026|P_DS001_029|P_DS001_035|P_DS001_005,10.0,0,850,0.0,38.0
DS001_20260702_I26,DS001,2026-07-02,26,Lunch,105,8,0,0,8,0,0.0,,,P_DS001_017|P_DS001_020|P_DS001_023|P_DS001_026|P_DS001_029|P_DS001_035|P_DS001_005|P_DS001_014,13.125,0,850,0.0,38.0
DS001_20260702_I27,DS001,2026-07-02,27,Lunch,99,8,0,0,8,0,0.0,,,P_DS001_020|P_DS001_023|P_DS001_026|P_DS001_029|P_DS001_035|P_DS001_005|P_DS001_014|P_DS001_017,12.375,0,850,0.0,38.0
DS001_20260702_I28,DS001,2026-07-02,28,Lunch,96,8,0,0,8,0,0.0,,,P_DS001_023|P_DS001_026|P_DS001_029|P_DS001_035|P_DS001_005|P_DS001_014|P_DS001_017|P_DS001_020,12.0,0,850,0.0,38.0
DS001_20260702_I29,DS001,2026-07-02,29,Lunch,88,8,0,0,8,0,0.0,,,P_DS001_026|P_DS001_029|P_DS001_035|P_DS001_005|P_DS001_014|P_DS001_017|P_DS001_020|P_DS001_023,11.0,0,850,0.0,38.0
DS001_20260702_I30,DS001,2026-07-02,30,Lunch,71,8,0,0,8,0,0.0,,,P_DS001_029|P_DS001_035|P_DS001_005|P_DS001_014|P_DS001_017|P_DS001_020|P_DS001_023|P_DS001_026,8.875,0,850,0.0,38.0
DS001_20260702_I31,DS001,2026-07-02,31,Afternoon,39,8,0,2,6,0,1.0,,P_DS001_035|P_DS001_005,P_DS001_014|P_DS001_017|P_DS001_020|P_DS001_023|P_DS001_026|P_DS001_029,6.5,0,850,1.0,37.0
DS001_20260702_I32,DS001,2026-07-02,32,Afternoon,40,8,0,2,6,0,1.0,,P_DS001_005|P_DS001_014,P_DS001_017|P_DS001_020|P_DS001_023|P_DS001_026|P_DS001_029|P_DS001_035,6.666666666666667,0,850,1.0,36.0
DS001_20260702_I33,DS001,2026-07-02,33,Afternoon,26,18,0,2,16,0,1.0,,P_DS001_033|P_DS001_035,P_DS001_036|P_DS001_003|P_DS001_005|P_DS001_006|P_DS001_009|P_DS001_012|P_DS001_014|P_DS001_015|P_DS001_017|P_DS001_020|P_DS001_021|P_DS001_023|P_DS001_024|P_DS001_026|P_DS001_029|P_DS001_030,1.625,0,850,1.0,35.0
DS001_20260702_I34,DS001,2026-07-02,34,Afternoon,28,18,0,2,16,0,1.0,,P_DS001_035|P_DS001_036,P_DS001_003|P_DS001_005|P_DS001_006|P_DS001_009|P_DS001_012|P_DS001_014|P_DS001_015|P_DS001_017|P_DS001_020|P_DS001_021|P_DS001_023|P_DS001_024|P_DS001_026|P_DS001_029|P_DS001_030|P_DS001_033,1.75,0,850,1.0,34.0
DS001_20260702_I35,DS001,2026-07-02,35,Afternoon,49,10,0,2,8,0,1.0,,P_DS001_021|P_DS001_024,P_DS001_030|P_DS001_033|P_DS001_036|P_DS001_003|P_DS001_006|P_DS001_009|P_DS001_012|P_DS001_015,6.125,0,850,1.0,33.0
DS001_20260702_I36,DS001,2026-07-02,36,Afternoon,57,10,0,2,8,0,1.0,,P_DS001_024|P_DS001_030,P_DS001_033|P_DS001_036|P_DS001_003|P_DS001_006|P_DS001_009|P_DS001_012|P_DS001_015|P_DS001_021,7.125,0,850,1.0,32.0
DS001_20260702_I37,DS001,2026-07-02,37,Evening,88,12,0,0,12,0,0.0,,,P_DS001_006|P_DS001_009|P_DS001_012|P_DS001_015|P_DS001_021|P_DS001_024|P_DS001_030|P_DS001_033|P_DS001_036|P_DS001_032|P_DS001_018|P_DS001_003,7.333333333333333,0,850,0.0,32.0
DS001_20260702_I38,DS001,2026-07-02,38,Evening,108,13,0,0,13,0,0.0,,,P_DS001_018|P_DS001_003|P_DS001_006|P_DS001_009|P_DS001_012|P_DS001_015|P_DS001_021|P_DS001_024|P_DS001_030|P_DS001_033|P_DS001_036|P_DS001_032|P_DS001_025,8.307692307692308,0,850,0.0,32.0
DS001_20260702_I39,DS001,2026-07-02,39,Evening,119,13,0,0,13,0,0.0,,,P_DS001_003|P_DS001_006|P_DS001_009|P_DS001_012|P_DS001_015|P_DS001_021|P_DS001_024|P_DS001_030|P_DS001_033|P_DS001_036|P_DS001_032|P_DS001_025|P_DS001_018,9.153846153846153,0,850,0.0,32.0
DS001_20260702_I40,DS001,2026-07-02,40,Evening,134,13,0,0,13,0,0.0,,,P_DS001_006|P_DS001_009|P_DS001_012|P_DS001_015|P_DS001_021|P_DS001_024|P_DS001_030|P_DS001_033|P_DS001_036|P_DS001_032|P_DS001_025|P_DS001_018|P_DS001_003,10.307692307692308,0,850,0.0,32.0
DS001_20260702_I41,DS001,2026-07-02,41,Evening,136,13,0,0,13,0,0.0,,,P_DS001_009|P_DS001_012|P_DS001_015|P_DS001_021|P_DS001_024|P_DS001_030|P_DS001_033|P_DS001_036|P_DS001_032|P_DS001_025|P_DS001_018|P_DS001_003|P_DS001_006,10.461538461538462,0,850,0.0,32.0
DS001_20260702_I42,DS001,2026-07-02,42,Evening,152,13,0,0,13,0,0.0,,,P_DS001_012|P_DS001_015|P_DS001_021|P_DS001_024|P_DS001_030|P_DS001_033|P_DS001_036|P_DS001_032|P_DS001_025|P_DS001_018|P_DS001_003|P_DS001_006|P_DS001_009,11.692307692307692,0,850,0.0,32.0
DS001_20260702_I43,DS001,2026-07-02,43,Evening,111,13,0,0,13,0,0.0,,,P_DS001_015|P_DS001_021|P_DS001_024|P_DS001_030|P_DS001_033|P_DS001_036|P_DS001_032|P_DS001_025|P_DS001_018|P_DS001_003|P_DS001_006|P_DS001_009|P_DS001_012,8.538461538461538,0,850,0.0,32.0
DS001_20260702_I44,DS001,2026-07-02,44,Evening,100,13,0,0,13,0,0.0,,,P_DS001_021|P_DS001_024|P_DS001_030|P_DS001_033|P_DS001_036|P_DS001_032|P_DS001_025|P_DS001_018|P_DS001_003|P_DS001_006|P_DS001_009|P_DS001_012|P_DS001_015,7.6923076923076925,0,850,0.0,32.0
DS001_20260702_I45,DS001,2026-07-02,45,Evening,69,10,0,0,10,0,0.0,,,P_DS001_021|P_DS001_024|P_DS001_030|P_DS001_033|P_DS001_036|P_DS001_003|P_DS001_006|P_DS001_009|P_DS001_012|P_DS001_015,6.9,0,850,0.0,32.0
DS001_20260702_I46,DS001,2026-07-02,46,Evening,40,10,0,0,10,0,0.0,,,P_DS001_024|P_DS001_030|P_DS001_033|P_DS001_036|P_DS001_003|P_DS001_006|P_DS001_009|P_DS001_012|P_DS001_015|P_DS001_021,4.0,0,850,0.0,32.0
DS001_20260702_I47,DS001,2026-07-02,47,Late Night,35,10,0,2,8,0,1.0,,P_DS001_030|P_DS001_033,P_DS001_036|P_DS001_003|P_DS001_006|P_DS001_009|P_DS001_012|P_DS001_015|P_DS001_021|P_DS001_024,4.375,0,850,1.0,31.0
DS001_20260702_I48,DS001,2026-07-02,48,Late Night,27,10,0,2,8,0,1.0,,P_DS001_033|P_DS001_036,P_DS001_003|P_DS001_006|P_DS001_009|P_DS001_012|P_DS001_015|P_DS001_021|P_DS001_024|P_DS001_030,3.375,0,850,1.0,30.0
DS001_20260703_I01,DS001,2026-07-03,1,Night,10,20,12,2,6,900,1.0,P_DS001_006|P_DS001_009|P_DS001_012|P_DS001_015|P_DS001_021|P_DS001_024|P_DS001_030|P_DS001_033|P_DS001_036|P_DS001_001|P_DS001_007|P_DS001_010,P_DS001_013|P_DS001_016,P_DS001_022|P_DS001_025|P_DS001_028|P_DS001_031|P_DS001_034|P_DS001_003,1.6666666666666667,900,9100,1.0,49.0
DS001_20260703_I02,DS001,2026-07-03,2,Night,11,19,12,2,5,900,1.0,P_DS001_009|P_DS001_012|P_DS001_015|P_DS001_024|P_DS001_030|P_DS001_033|P_DS001_036|P_DS001_001|P_DS001_007|P_DS001_010|P_DS001_013|P_DS001_016,P_DS001_022|P_DS001_025,P_DS001_028|P_DS001_031|P_DS001_034|P_DS001_003|P_DS001_006,2.2,900,8200,1.0,48.0
DS001_20260703_I03,DS001,2026-07-03,3,Night,10,10,9,0,1,675,0.0,P_DS001_013|P_DS001_016|P_DS001_022|P_DS001_025|P_DS001_028|P_DS001_031|P_DS001_034|P_DS001_001|P_DS001_007,,P_DS001_010,10.0,675,7525,0.0,48.0
DS001_20260703_I04,DS001,2026-07-03,4,Night,9,10,9,0,1,675,0.0,P_DS001_016|P_DS001_022|P_DS001_025|P_DS001_028|P_DS001_031|P_DS001_034|P_DS001_001|P_DS001_007|P_DS001_010,,P_DS001_013,9.0,675,6850,0.0,48.0
DS001_20260703_I05,DS001,2026-07-03,5,Night,9,10,9,0,1,675,0.0,P_DS001_022|P_DS001_025|P_DS001_028|P_DS001_031|P_DS001_034|P_DS001_001|P_DS001_007|P_DS001_010|P_DS001_013,,P_DS001_016,9.0,675,6175,0.0,48.0
DS001_20260703_I06,DS001,2026-07-03,6,Night,3,10,9,0,1,675,0.0,P_DS001_025|P_DS001_028|P_DS001_031|P_DS001_034|P_DS001_001|P_DS001_007|P_DS001_010|P_DS001_013|P_DS001_016,,P_DS001_022,3.0,675,5500,0.0,48.0
DS001_20260703_I07,DS001,2026-07-03,7,Night,10,10,9,0,1,675,0.0,P_DS001_028|P_DS001_031|P_DS001_034|P_DS001_001|P_DS001_007|P_DS001_010|P_DS001_013|P_DS001_016|P_DS001_022,,P_DS001_025,10.0,675,4825,0.0,48.0
DS001_20260703_I08,DS001,2026-07-03,8,Night,16,10,9,0,1,675,0.0,P_DS001_031|P_DS001_034|P_DS001_001|P_DS001_007|P_DS001_010|P_DS001_013|P_DS001_016|P_DS001_022|P_DS001_025,,P_DS001_028,16.0,675,4150,0.0,48.0
DS001_20260703_I09,DS001,2026-07-03,9,Night,9,10,9,0,1,675,0.0,P_DS001_034|P_DS001_001|P_DS001_007|P_DS001_010|P_DS001_013|P_DS001_016|P_DS001_022|P_DS001_025|P_DS001_028,,P_DS001_031,9.0,675,3475,0.0,48.0
DS001_20260703_I10,DS001,2026-07-03,10,Night,6,10,9,0,1,675,0.0,P_DS001_001|P_DS001_007|P_DS001_010|P_DS001_013|P_DS001_016|P_DS001_022|P_DS001_025|P_DS001_028|P_DS001_031,,P_DS001_034,6.0,675,2800,0.0,48.0
DS001_20260703_I11,DS001,2026-07-03,11,Night,12,10,9,0,1,675,0.0,P_DS001_007|P_DS001_010|P_DS001_013|P_DS001_016|P_DS001_022|P_DS001_025|P_DS001_028|P_DS001_031|P_DS001_034,,P_DS001_001,12.0,675,2125,0.0,48.0
DS001_20260703_I12,DS001,2026-07-03,12,Night,12,10,9,0,1,675,0.0,P_DS001_010|P_DS001_013|P_DS001_016|P_DS001_022|P_DS001_025|P_DS001_028|P_DS001_031|P_DS001_034|P_DS001_001,,P_DS001_007,12.0,675,1450,0.0,48.0
DS001_20260703_I13,DS001,2026-07-03,13,Morning,13,10,3,2,5,225,1.0,P_DS001_013|P_DS001_016|P_DS001_022,P_DS001_025|P_DS001_028,P_DS001_031|P_DS001_034|P_DS001_001|P_DS001_007|P_DS001_010,2.6,225,1225,1.0,47.0
DS001_20260703_I14,DS001,2026-07-03,14,Morning,25,10,3,2,5,225,1.0,P_DS001_016|P_DS001_022|P_DS001_025,P_DS001_028|P_DS001_031,P_DS001_034|P_DS001_001|P_DS001_007|P_DS001_010|P_DS001_013,5.0,225,1000,1.0,46.0
DS001_20260703_I15,DS001,2026-07-03,15,Morning,31,10,3,2,5,225,1.0,P_DS001_022|P_DS001_025|P_DS001_028,P_DS001_031|P_DS001_034,P_DS001_001|P_DS001_007|P_DS001_010|P_DS001_013|P_DS001_016,6.2,225,775,1.0,45.0
DS001_20260703_I16,DS001,2026-07-03,16,Morning,49,10,3,2,5,225,1.0,P_DS001_025|P_DS001_028|P_DS001_031,P_DS001_034|P_DS001_001,P_DS001_007|P_DS001_010|P_DS001_013|P_DS001_016|P_DS001_022,9.8,225,550,1.0,44.0
DS001_20260703_I17,DS001,2026-07-03,17,Morning,42,20,3,2,15,225,1.0,P_DS001_032|P_DS001_034|P_DS001_035,P_DS001_001|P_DS001_002,P_DS001_007|P_DS001_008|P_DS001_010|P_DS001_011|P_DS001_013|P_DS001_014|P_DS001_016|P_DS001_017|P_DS001_020|P_DS001_022|P_DS001_023|P_DS001_025|P_DS001_028|P_DS001_029|P_DS001_031,2.8,225,325,1.0,43.0
DS001_20260703_I18,DS001,2026-07-03,18,Morning,69,19,3,2,14,225,1.0,P_DS001_035|P_DS001_001|P_DS001_002,P_DS001_007|P_DS001_008,P_DS001_011|P_DS001_013|P_DS001_014|P_DS001_016|P_DS001_017|P_DS001_020|P_DS001_022|P_DS001_023|P_DS001_025|P_DS001_028|P_DS001_029|P_DS001_031|P_DS001_032|P_DS001_034,4.928571428571429,225,100,1.0,42.0
DS001_20260703_I19,DS001,2026-07-03,19,Morning,55,10,0,2,8,0,1.0,,P_DS001_035|P_DS001_002,P_DS001_008|P_DS001_011|P_DS001_014|P_DS001_017|P_DS001_020|P_DS001_023|P_DS001_029|P_DS001_032,6.875,0,100,1.0,41.0
DS001_20260703_I20,DS001,2026-07-03,20,Morning,51,10,0,2,8,0,1.0,,P_DS001_002|P_DS001_008,P_DS001_011|P_DS001_014|P_DS001_017|P_DS001_020|P_DS001_023|P_DS001_029|P_DS001_032|P_DS001_035,6.375,0,100,1.0,40.0
DS001_20260703_I21,DS001,2026-07-03,21,Morning,52,10,0,2,8,0,1.0,,P_DS001_008|P_DS001_011,P_DS001_014|P_DS001_017|P_DS001_020|P_DS001_023|P_DS001_029|P_DS001_032|P_DS001_035|P_DS001_002,6.5,0,100,1.0,39.0
DS001_20260703_I22,DS001,2026-07-03,22,Morning,43,10,0,2,8,0,1.0,,P_DS001_011|P_DS001_014,P_DS001_017|P_DS001_020|P_DS001_023|P_DS001_029|P_DS001_032|P_DS001_035|P_DS001_002|P_DS001_008,5.375,0,100,1.0,38.0
DS001_20260703_I23,DS001,2026-07-03,23,Lunch,56,10,0,0,10,0,0.0,,,P_DS001_014|P_DS001_017|P_DS001_020|P_DS001_023|P_DS001_029|P_DS001_032|P_DS001_035|P_DS001_002|P_DS001_008|P_DS001_011,5.6,0,100,0.0,38.0
DS001_20260703_I24,DS001,2026-07-03,24,Lunch,91,10,0,0,10,0,0.0,,,P_DS001_017|P_DS001_020|P_DS001_023|P_DS001_029|P_DS001_032|P_DS001_035|P_DS001_002|P_DS001_008|P_DS001_011|P_DS001_014,9.1,0,100,0.0,38.0
DS001_20260703_I25,DS001,2026-07-03,25,Lunch,108,10,0,0,10,0,0.0,,,P_DS001_020|P_DS001_023|P_DS001_029|P_DS001_032|P_DS001_035|P_DS001_002|P_DS001_008|P_DS001_011|P_DS001_014|P_DS001_017,10.8,0,100,0.0,38.0
DS001_20260703_I26,DS001,2026-07-03,26,Lunch,112,10,0,0,10,0,0.0,,,P_DS001_023|P_DS001_029|P_DS001_032|P_DS001_035|P_DS001_002|P_DS001_008|P_DS001_011|P_DS001_014|P_DS001_017|P_DS001_020,11.2,0,100,0.0,38.0
DS001_20260703_I27,DS001,2026-07-03,27,Lunch,118,10,0,0,10,0,0.0,,,P_DS001_029|P_DS001_032|P_DS001_035|P_DS001_002|P_DS001_008|P_DS001_011|P_DS001_014|P_DS001_017|P_DS001_020|P_DS001_023,11.8,0,100,0.0,38.0
DS001_20260703_I28,DS001,2026-07-03,28,Lunch,127,10,0,0,10,0,0.0,,,P_DS001_032|P_DS001_035|P_DS001_002|P_DS001_008|P_DS001_011|P_DS001_014|P_DS001_017|P_DS001_020|P_DS001_023|P_DS001_029,12.7,0,100,0.0,38.0
DS001_20260703_I29,DS001,2026-07-03,29,Lunch,105,10,0,0,10,0,0.0,,,P_DS001_035|P_DS001_002|P_DS001_008|P_DS001_011|P_DS001_014|P_DS001_017|P_DS001_020|P_DS001_023|P_DS001_029|P_DS001_032,10.5,0,100,0.0,38.0
DS001_20260703_I30,DS001,2026-07-03,30,Lunch,69,10,0,0,10,0,0.0,,,P_DS001_002|P_DS001_008|P_DS001_011|P_DS001_014|P_DS001_017|P_DS001_020|P_DS001_023|P_DS001_029|P_DS001_032|P_DS001_035,6.9,0,100,0.0,38.0
DS001_20260703_I31,DS001,2026-07-03,31,Afternoon,61,10,0,2,8,0,1.0,,P_DS001_008|P_DS001_011,P_DS001_014|P_DS001_017|P_DS001_020|P_DS001_023|P_DS001_029|P_DS001_032|P_DS001_035|P_DS001_002,7.625,0,100,1.0,37.0
DS001_20260703_I32,DS001,2026-07-03,32,Afternoon,30,10,0,2,8,0,1.0,,P_DS001_011|P_DS001_014,P_DS001_017|P_DS001_020|P_DS001_023|P_DS001_029|P_DS001_032|P_DS001_035|P_DS001_002|P_DS001_008,3.75,0,100,1.0,36.0
DS001_20260703_I33,DS001,2026-07-03,33,Afternoon,43,20,0,2,18,0,1.0,,P_DS001_024|P_DS001_027,P_DS001_029|P_DS001_030|P_DS001_032|P_DS001_035|P_DS001_036|P_DS001_002|P_DS001_003|P_DS001_006|P_DS001_008|P_DS001_009|P_DS001_011|P_DS001_014|P_DS001_015|P_DS001_017|P_DS001_018|P_DS001_020|P_DS001_021|P_DS001_023,2.388888888888889,0,100,1.0,35.0
DS001_20260703_I34,DS001,2026-07-03,34,Afternoon,37,20,0,2,18,0,1.0,,P_DS001_027|P_DS001_029,P_DS001_030|P_DS001_032|P_DS001_035|P_DS001_036|P_DS001_002|P_DS001_003|P_DS001_006|P_DS001_008|P_DS001_009|P_DS001_011|P_DS001_014|P_DS001_015|P_DS001_017|P_DS001_018|P_DS001_020|P_DS001_021|P_DS001_023|P_DS001_024,2.0555555555555554,0,100,1.0,34.0
DS001_20260703_I35,DS001,2026-07-03,35,Afternoon,50,10,0,2,8,0,1.0,,P_DS001_021|P_DS001_024,P_DS001_027|P_DS001_030|P_DS001_036|P_DS001_003|P_DS001_006|P_DS001_009|P_DS001_015|P_DS001_018,6.25,0,100,1.0,33.0
DS001_20260703_I36,DS001,2026-07-03,36,Afternoon,65,10,0,2,8,0,1.0,,P_DS001_024|P_DS001_027,P_DS001_030|P_DS001_036|P_DS001_003|P_DS001_006|P_DS001_009|P_DS001_015|P_DS001_018|P_DS001_021,8.125,0,100,1.0,32.0
DS001_20260703_I37,DS001,2026-07-03,37,Evening,85,13,0,0,13,0,0.0,,,P_DS001_026|P_DS001_033|P_DS001_003|P_DS001_006|P_DS001_009|P_DS001_015|P_DS001_018|P_DS001_021|P_DS001_024|P_DS001_027|P_DS001_030|P_DS001_036|P_DS001_019,6.538461538461538,0,100,0.0,32.0
DS001_20260703_I38,DS001,2026-07-03,38,Evening,115,13,0,0,13,0,0.0,,,P_DS001_033|P_DS001_003|P_DS001_006|P_DS001_009|P_DS001_015|P_DS001_018|P_DS001_021|P_DS001_024|P_DS001_027|P_DS001_030|P_DS001_036|P_DS001_019|P_DS001_026,8.846153846153847,0,100,0.0,32.0
DS001_20260703_I39,DS001,2026-07-03,39,Evening,129,13,0,0,13,0,0.0,,,P_DS001_003|P_DS001_006|P_DS001_009|P_DS001_015|P_DS001_018|P_DS001_021|P_DS001_024|P_DS001_027|P_DS001_030|P_DS001_036|P_DS001_019|P_DS001_026|P_DS001_033,9.923076923076923,0,100,0.0,32.0
DS001_20260703_I40,DS001,2026-07-03,40,Evening,156,13,0,0,13,0,0.0,,,P_DS001_006|P_DS001_009|P_DS001_015|P_DS001_018|P_DS001_021|P_DS001_024|P_DS001_027|P_DS001_030|P_DS001_036|P_DS001_019|P_DS001_026|P_DS001_033|P_DS001_003,12.0,0,100,0.0,32.0
DS001_20260703_I41,DS001,2026-07-03,41,Evening,164,13,0,0,13,0,0.0,,,P_DS001_009|P_DS001_015|P_DS001_018|P_DS001_021|P_DS001_024|P_DS001_027|P_DS001_030|P_DS001_036|P_DS001_019|P_DS001_026|P_DS001_033|P_DS001_003|P_DS001_006,12.615384615384615,0,100,0.0,32.0
DS001_20260703_I42,DS001,2026-07-03,42,Evening,157,13,0,0,13,0,0.0,,,P_DS001_015|P_DS001_018|P_DS001_021|P_DS001_024|P_DS001_027|P_DS001_030|P_DS001_036|P_DS001_019|P_DS001_026|P_DS001_033|P_DS001_003|P_DS001_006|P_DS001_009,12.076923076923077,0,100,0.0,32.0
DS001_20260703_I43,DS001,2026-07-03,43,Evening,138,13,0,0,13,0,0.0,,,P_DS001_018|P_DS001_021|P_DS001_024|P_DS001_027|P_DS001_030|P_DS001_036|P_DS001_019|P_DS001_026|P_DS001_033|P_DS001_003|P_DS001_006|P_DS001_009|P_DS001_015,10.615384615384615,0,100,0.0,32.0
DS001_20260703_I44,DS001,2026-07-03,44,Evening,109,13,0,0,13,0,0.0,,,P_DS001_021|P_DS001_024|P_DS001_027|P_DS001_030|P_DS001_036|P_DS001_019|P_DS001_026|P_DS001_033|P_DS001_003|P_DS001_006|P_DS001_009|P_DS001_015|P_DS001_018,8.384615384615385,0,100,0.0,32.0
DS001_20260703_I45,DS001,2026-07-03,45,Evening,86,10,0,0,10,0,0.0,,,P_DS001_021|P_DS001_024|P_DS001_027|P_DS001_030|P_DS001_036|P_DS001_003|P_DS001_006|P_DS001_009|P_DS001_015|P_DS001_018,8.6,0,100,0.0,32.0
DS001_20260703_I46,DS001,2026-07-03,46,Evening,63,10,0,0,10,0,0.0,,,P_DS001_024|P_DS001_027|P_DS001_030|P_DS001_036|P_DS001_003|P_DS001_006|P_DS001_009|P_DS001_015|P_DS001_018|P_DS001_021,6.3,0,100,0.0,32.0
DS001_20260703_I47,DS001,2026-07-03,47,Late Night,35,10,0,2,8,0,1.0,,P_DS001_027|P_DS001_030,P_DS001_036|P_DS001_003|P_DS001_006|P_DS001_009|P_DS001_015|P_DS001_018|P_DS001_021|P_DS001_024,4.375,0,100,1.0,31.0
DS001_20260703_I48,DS001,2026-07-03,48,Late Night,33,10,0,2,8,0,1.0,,P_DS001_030|P_DS001_036,P_DS001_003|P_DS001_006|P_DS001_009|P_DS001_015|P_DS001_018|P_DS001_021|P_DS001_024|P_DS001_027,4.125,0,100,1.0,30.0
DS001_20260704_I01,DS001,2026-07-04,1,Night,14,19,12,2,5,900,1.0,P_DS001_006|P_DS001_009|P_DS001_015|P_DS001_018|P_DS001_021|P_DS001_024|P_DS001_027|P_DS001_030|P_DS001_036|P_DS001_001|P_DS001_004|P_DS001_007,P_DS001_010|P_DS001_016,P_DS001_019|P_DS001_025|P_DS001_028|P_DS001_031|P_DS001_003,2.8,900,9100,1.0,49.0
DS001_20260704_I02,DS001,2026-07-04,2,Night,6,19,12,2,5,900,1.0,P_DS001_009|P_DS001_015|P_DS001_018|P_DS001_021|P_DS001_024|P_DS001_027|P_DS001_030|P_DS001_036|P_DS001_001|P_DS001_004|P_DS001_007|P_DS001_010,P_DS001_016|P_DS001_019,P_DS001_025|P_DS001_028|P_DS001_031|P_DS001_003|P_DS001_006,1.2,900,8200,1.0,48.0
DS001_20260704_I03,DS001,2026-07-04,3,Night,7,9,8,0,1,600,0.0,P_DS001_010|P_DS001_016|P_DS001_019|P_DS001_025|P_DS001_028|P_DS001_031|P_DS001_001|P_DS001_004,,P_DS001_007,7.0,600,7600,0.0,48.0
DS001_20260704_I04,DS001,2026-07-04,4,Night,17,9,8,0,1,600,0.0,P_DS001_016|P_DS001_019|P_DS001_025|P_DS001_028|P_DS001_031|P_DS001_001|P_DS001_004|P_DS001_007,,P_DS001_010,17.0,600,7000,0.0,48.0
DS001_20260704_I05,DS001,2026-07-04,5,Night,12,9,8,0,1,600,0.0,P_DS001_019|P_DS001_025|P_DS001_028|P_DS001_031|P_DS001_001|P_DS001_004|P_DS001_007|P_DS001_010,,P_DS001_016,12.0,600,6400,0.0,48.0
DS001_20260704_I06,DS001,2026-07-04,6,Night,14,9,8,0,1,600,0.0,P_DS001_025|P_DS001_028|P_DS001_031|P_DS001_001|P_DS001_004|P_DS001_007|P_DS001_010|P_DS001_016,,P_DS001_019,14.0,600,5800,0.0,48.0
DS001_20260704_I07,DS001,2026-07-04,7,Night,12,9,8,0,1,600,0.0,P_DS001_028|P_DS001_031|P_DS001_001|P_DS001_004|P_DS001_007|P_DS001_010|P_DS001_016|P_DS001_019,,P_DS001_025,12.0,600,5200,0.0,48.0
DS001_20260704_I08,DS001,2026-07-04,8,Night,9,9,8,0,1,600,0.0,P_DS001_031|P_DS001_001|P_DS001_004|P_DS001_007|P_DS001_010|P_DS001_016|P_DS001_019|P_DS001_025,,P_DS001_028,9.0,600,4600,0.0,48.0
DS001_20260704_I09,DS001,2026-07-04,9,Night,10,9,8,0,1,600,0.0,P_DS001_001|P_DS001_004|P_DS001_007|P_DS001_010|P_DS001_016|P_DS001_019|P_DS001_025|P_DS001_028,,P_DS001_031,10.0,600,4000,0.0,48.0
DS001_20260704_I10,DS001,2026-07-04,10,Night,11,9,8,0,1,600,0.0,P_DS001_004|P_DS001_007|P_DS001_010|P_DS001_016|P_DS001_019|P_DS001_025|P_DS001_028|P_DS001_031,,P_DS001_001,11.0,600,3400,0.0,48.0
DS001_20260704_I11,DS001,2026-07-04,11,Night,11,9,8,0,1,600,0.0,P_DS001_007|P_DS001_010|P_DS001_016|P_DS001_019|P_DS001_025|P_DS001_028|P_DS001_031|P_DS001_001,,P_DS001_004,11.0,600,2800,0.0,48.0
DS001_20260704_I12,DS001,2026-07-04,12,Night,10,9,8,0,1,600,0.0,P_DS001_010|P_DS001_016|P_DS001_019|P_DS001_025|P_DS001_028|P_DS001_031|P_DS001_001|P_DS001_004,,P_DS001_007,10.0,600,2200,0.0,48.0
DS001_20260704_I13,DS001,2026-07-04,13,Morning,4,9,3,2,4,225,1.0,P_DS001_016|P_DS001_019|P_DS001_025,P_DS001_028|P_DS001_031,P_DS001_001|P_DS001_004|P_DS001_007|P_DS001_010,1.0,225,1975,1.0,47.0
DS001_20260704_I14,DS001,2026-07-04,14,Morning,20,9,3,2,4,225,1.0,P_DS001_019|P_DS001_025|P_DS001_028,P_DS001_031|P_DS001_001,P_DS001_004|P_DS001_007|P_DS001_010|P_DS001_016,5.0,225,1750,1.0,46.0
DS001_20260704_I15,DS001,2026-07-04,15,Morning,14,9,3,2,4,225,1.0,P_DS001_025|P_DS001_028|P_DS001_031,P_DS001_001|P_DS001_004,P_DS001_007|P_DS001_010|P_DS001_016|P_DS001_019,3.5,225,1525,1.0,45.0
DS001_20260704_I16,DS001,2026-07-04,16,Morning,15,9,3,2,4,225,1.0,P_DS001_028|P_DS001_031|P_DS001_001,P_DS001_004|P_DS001_007,P_DS001_010|P_DS001_016|P_DS001_019|P_DS001_025,3.75,225,1300,1.0,44.0
DS001_20260704_I17,DS001,2026-07-04,17,Morning,26,20,3,2,15,225,1.0,P_DS001_031|P_DS001_032|P_DS001_035,P_DS001_001|P_DS001_002,P_DS001_004|P_DS001_005|P_DS001_007|P_DS001_008|P_DS001_010|P_DS001_011|P_DS001_014|P_DS001_016|P_DS001_017|P_DS001_019|P_DS001_023|P_DS001_025|P_DS001_026|P_DS001_028|P_DS001_029,1.7333333333333334,225,1075,1.0,43.0
DS001_20260704_I18,DS001,2026-07-04,18,Morning,49,20,3,2,15,225,1.0,P_DS001_032|P_DS001_035|P_DS001_001,P_DS001_002|P_DS001_004,P_DS001_005|P_DS001_007|P_DS001_008|P_DS001_010|P_DS001_011|P_DS001_014|P_DS001_016|P_DS001_017|P_DS001_019|P_DS001_023|P_DS001_025|P_DS001_026|P_DS001_028|P_DS001_029|P_DS001_031,3.2666666666666666,225,850,1.0,42.0
DS001_20260704_I19,DS001,2026-07-04,19,Morning,60,11,0,2,9,0,1.0,,P_DS001_029|P_DS001_032,P_DS001_035|P_DS001_002|P_DS001_005|P_DS001_008|P_DS001_011|P_DS001_014|P_DS001_017|P_DS001_023|P_DS001_026,6.666666666666667,0,850,1.0,41.0
DS001_20260704_I20,DS001,2026-07-04,20,Morning,77,11,0,2,9,0,1.0,,P_DS001_032|P_DS001_035,P_DS001_002|P_DS001_005|P_DS001_008|P_DS001_011|P_DS001_014|P_DS001_017|P_DS001_023|P_DS001_026|P_DS001_029,8.555555555555555,0,850,1.0,40.0
DS001_20260704_I21,DS001,2026-07-04,21,Morning,72,11,0,2,9,0,1.0,,P_DS001_035|P_DS001_002,P_DS001_005|P_DS001_008|P_DS001_011|P_DS001_014|P_DS001_017|P_DS001_023|P_DS001_026|P_DS001_029|P_DS001_032,8.0,0,850,1.0,39.0
DS001_20260704_I22,DS001,2026-07-04,22,Morning,95,11,0,2,9,0,1.0,,P_DS001_002|P_DS001_005,P_DS001_008|P_DS001_011|P_DS001_014|P_DS001_017|P_DS001_023|P_DS001_026|P_DS001_029|P_DS001_032|P_DS001_035,10.555555555555555,0,850,1.0,38.0
DS001_20260704_I23,DS001,2026-07-04,23,Lunch,111,11,0,0,11,0,0.0,,,P_DS001_005|P_DS001_008|P_DS001_011|P_DS001_014|P_DS001_017|P_DS001_023|P_DS001_026|P_DS001_029|P_DS001_032|P_DS001_035|P_DS001_002,10.090909090909092,0,850,0.0,38.0
DS001_20260704_I24,DS001,2026-07-04,24,Lunch,98,11,0,0,11,0,0.0,,,P_DS001_008|P_DS001_011|P_DS001_014|P_DS001_017|P_DS001_023|P_DS001_026|P_DS001_029|P_DS001_032|P_DS001_035|P_DS001_002|P_DS001_005,8.909090909090908,0,850,0.0,38.0
DS001_20260704_I25,DS001,2026-07-04,25,Lunch,91,11,0,0,11,0,0.0,,,P_DS001_011|P_DS001_014|P_DS001_017|P_DS001_023|P_DS001_026|P_DS001_029|P_DS001_032|P_DS001_035|P_DS001_002|P_DS001_005|P_DS001_008,8.272727272727273,0,850,0.0,38.0
DS001_20260704_I26,DS001,2026-07-04,26,Lunch,111,11,0,0,11,0,0.0,,,P_DS001_014|P_DS001_017|P_DS001_023|P_DS001_026|P_DS001_029|P_DS001_032|P_DS001_035|P_DS001_002|P_DS001_005|P_DS001_008|P_DS001_011,10.090909090909092,0,850,0.0,38.0
DS001_20260704_I27,DS001,2026-07-04,27,Lunch,116,11,0,0,11,0,0.0,,,P_DS001_017|P_DS001_023|P_DS001_026|P_DS001_029|P_DS001_032|P_DS001_035|P_DS001_002|P_DS001_005|P_DS001_008|P_DS001_011|P_DS001_014,10.545454545454545,0,850,0.0,38.0
DS001_20260704_I28,DS001,2026-07-04,28,Lunch,106,11,0,0,11,0,0.0,,,P_DS001_023|P_DS001_026|P_DS001_029|P_DS001_032|P_DS001_035|P_DS001_002|P_DS001_005|P_DS001_008|P_DS001_011|P_DS001_014|P_DS001_017,9.636363636363637,0,850,0.0,38.0
DS001_20260704_I29,DS001,2026-07-04,29,Lunch,102,11,0,0,11,0,0.0,,,P_DS001_026|P_DS001_029|P_DS001_032|P_DS001_035|P_DS001_002|P_DS001_005|P_DS001_008|P_DS001_011|P_DS001_014|P_DS001_017|P_DS001_023,9.272727272727273,0,850,0.0,38.0
DS001_20260704_I30,DS001,2026-07-04,30,Lunch,102,11,0,0,11,0,0.0,,,P_DS001_029|P_DS001_032|P_DS001_035|P_DS001_002|P_DS001_005|P_DS001_008|P_DS001_011|P_DS001_014|P_DS001_017|P_DS001_023|P_DS001_026,9.272727272727273,0,850,0.0,38.0
DS001_20260704_I31,DS001,2026-07-04,31,Afternoon,102,11,0,2,9,0,1.0,,P_DS001_032|P_DS001_035,P_DS001_002|P_DS001_005|P_DS001_008|P_DS001_011|P_DS001_014|P_DS001_017|P_DS001_023|P_DS001_026|P_DS001_029,11.333333333333334,0,850,1.0,37.0
DS001_20260704_I32,DS001,2026-07-04,32,Afternoon,81,11,0,2,9,0,1.0,,P_DS001_035|P_DS001_002,P_DS001_005|P_DS001_008|P_DS001_011|P_DS001_014|P_DS001_017|P_DS001_023|P_DS001_026|P_DS001_029|P_DS001_032,9.0,0,850,1.0,36.0
DS001_20260704_I33,DS001,2026-07-04,33,Afternoon,55,18,0,2,16,0,1.0,,P_DS001_033|P_DS001_035,P_DS001_036|P_DS001_002|P_DS001_005|P_DS001_008|P_DS001_009|P_DS001_011|P_DS001_012|P_DS001_014|P_DS001_015|P_DS001_017|P_DS001_018|P_DS001_023|P_DS001_026|P_DS001_029|P_DS001_030|P_DS001_032,3.4375,0,850,1.0,35.0
DS001_20260704_I34,DS001,2026-07-04,34,Afternoon,66,19,0,2,17,0,1.0,,P_DS001_032|P_DS001_033,P_DS001_035|P_DS001_036|P_DS001_002|P_DS001_005|P_DS001_008|P_DS001_009|P_DS001_011|P_DS001_012|P_DS001_014|P_DS001_015|P_DS001_017|P_DS001_018|P_DS001_021|P_DS001_023|P_DS001_026|P_DS001_029|P_DS001_030,3.8823529411764706,0,850,1.0,34.0
DS001_20260704_I35,DS001,2026-07-04,35,Afternoon,93,8,0,2,6,0,1.0,,P_DS001_018|P_DS001_021,P_DS001_030|P_DS001_033|P_DS001_036|P_DS001_009|P_DS001_012|P_DS001_015,15.5,0,850,1.0,33.0
DS001_20260704_I36,DS001,2026-07-04,36,Afternoon,86,8,0,2,6,0,1.0,,P_DS001_021|P_DS001_030,P_DS001_033|P_DS001_036|P_DS001_009|P_DS001_012|P_DS001_015|P_DS001_018,14.333333333333334,0,850,1.0,32.0
DS001_20260704_I37,DS001,2026-07-04,37,Evening,92,11,0,0,11,0,0.0,,,P_DS001_021|P_DS001_030|P_DS001_033|P_DS001_036|P_DS001_020|P_DS001_027|P_DS001_013|P_DS001_009|P_DS001_012|P_DS001_015|P_DS001_018,8.363636363636363,0,850,0.0,32.0
DS001_20260704_I38,DS001,2026-07-04,38,Evening,132,11,0,0,11,0,0.0,,,P_DS001_030|P_DS001_033|P_DS001_036|P_DS001_020|P_DS001_027|P_DS001_013|P_DS001_009|P_DS001_012|P_DS001_015|P_DS001_018|P_DS001_021,12.0,0,850,0.0,32.0
DS001_20260704_I39,DS001,2026-07-04,39,Evening,147,11,0,0,11,0,0.0,,,P_DS001_033|P_DS001_036|P_DS001_020|P_DS001_027|P_DS001_013|P_DS001_009|P_DS001_012|P_DS001_015|P_DS001_018|P_DS001_021|P_DS001_030,13.363636363636363,0,850,0.0,32.0
DS001_20260704_I40,DS001,2026-07-04,40,Evening,148,11,0,0,11,0,0.0,,,P_DS001_036|P_DS001_020|P_DS001_027|P_DS001_013|P_DS001_009|P_DS001_012|P_DS001_015|P_DS001_018|P_DS001_021|P_DS001_030|P_DS001_033,13.454545454545455,0,850,0.0,32.0
DS001_20260704_I41,DS001,2026-07-04,41,Evening,157,11,0,0,11,0,0.0,,,P_DS001_020|P_DS001_027|P_DS001_013|P_DS001_009|P_DS001_012|P_DS001_015|P_DS001_018|P_DS001_021|P_DS001_030|P_DS001_033|P_DS001_036,14.272727272727273,0,850,0.0,32.0
DS001_20260704_I42,DS001,2026-07-04,42,Evening,161,11,0,0,11,0,0.0,,,P_DS001_027|P_DS001_013|P_DS001_009|P_DS001_012|P_DS001_015|P_DS001_018|P_DS001_021|P_DS001_030|P_DS001_033|P_DS001_036|P_DS001_020,14.636363636363637,0,850,0.0,32.0
DS001_20260704_I43,DS001,2026-07-04,43,Evening,132,11,0,0,11,0,0.0,,,P_DS001_013|P_DS001_009|P_DS001_012|P_DS001_015|P_DS001_018|P_DS001_021|P_DS001_030|P_DS001_033|P_DS001_036|P_DS001_020|P_DS001_027,12.0,0,850,0.0,32.0
DS001_20260704_I44,DS001,2026-07-04,44,Evening,110,11,0,0,11,0,0.0,,,P_DS001_009|P_DS001_012|P_DS001_015|P_DS001_018|P_DS001_021|P_DS001_030|P_DS001_033|P_DS001_036|P_DS001_020|P_DS001_027|P_DS001_013,10.0,0,850,0.0,32.0
DS001_20260704_I45,DS001,2026-07-04,45,Evening,96,8,0,0,8,0,0.0,,,P_DS001_030|P_DS001_033|P_DS001_036|P_DS001_009|P_DS001_012|P_DS001_015|P_DS001_018|P_DS001_021,12.0,0,850,0.0,32.0
DS001_20260704_I46,DS001,2026-07-04,46,Evening,84,8,0,0,8,0,0.0,,,P_DS001_033|P_DS001_036|P_DS001_009|P_DS001_012|P_DS001_015|P_DS001_018|P_DS001_021|P_DS001_030,10.5,0,850,0.0,32.0
DS001_20260704_I47,DS001,2026-07-04,47,Late Night,71,8,0,2,6,0,1.0,,P_DS001_036|P_DS001_009,P_DS001_012|P_DS001_015|P_DS001_018|P_DS001_021|P_DS001_030|P_DS001_033,11.833333333333334,0,850,1.0,31.0
DS001_20260704_I48,DS001,2026-07-04,48,Late Night,30,8,0,2,6,0,1.0,,P_DS001_009|P_DS001_012,P_DS001_015|P_DS001_018|P_DS001_021|P_DS001_030|P_DS001_033|P_DS001_036,5.0,0,850,1.0,30.0
DS001_20260705_I01,DS001,2026-07-05,1,Night,12,14,12,1,1,900,0.5,P_DS001_012|P_DS001_015|P_DS001_018|P_DS001_021|P_DS001_030|P_DS001_033|P_DS001_036|P_DS001_001|P_DS001_004|P_DS001_010|P_DS001_013|P_DS001_019,P_DS001_031,P_DS001_009,12.0,900,9100,0.5,49.5
DS001_20260705_I02,DS001,2026-07-05,2,Night,3,15,12,2,1,900,1.0,P_DS001_015|P_DS001_018|P_DS001_021|P_DS001_030|P_DS001_033|P_DS001_036|P_DS001_001|P_DS001_004|P_DS001_010|P_DS001_013|P_DS001_019|P_DS001_022,P_DS001_031|P_DS001_009,P_DS001_012,3.0,900,8200,1.0,48.5
DS001_20260705_I03,DS001,2026-07-05,3,Night,14,7,6,0,1,450,0.0,P_DS001_013|P_DS001_019|P_DS001_022|P_DS001_031|P_DS001_001|P_DS001_004,,P_DS001_010,14.0,450,7750,0.0,48.5
DS001_20260705_I04,DS001,2026-07-05,4,Night,11,7,6,0,1,450,0.0,P_DS001_019|P_DS001_022|P_DS001_031|P_DS001_001|P_DS001_004|P_DS001_010,,P_DS001_013,11.0,450,7300,0.0,48.5
DS001_20260705_I05,DS001,2026-07-05,5,Night,7,7,6,0,1,450,0.0,P_DS001_022|P_DS001_031|P_DS001_001|P_DS001_004|P_DS001_010|P_DS001_013,,P_DS001_019,7.0,450,6850,0.0,48.5
DS001_20260705_I06,DS001,2026-07-05,6,Night,11,7,6,0,1,450,0.0,P_DS001_031|P_DS001_001|P_DS001_004|P_DS001_010|P_DS001_013|P_DS001_019,,P_DS001_022,11.0,450,6400,0.0,48.5
DS001_20260705_I07,DS001,2026-07-05,7,Night,12,7,6,0,1,450,0.0,P_DS001_001|P_DS001_004|P_DS001_010|P_DS001_013|P_DS001_019|P_DS001_022,,P_DS001_031,12.0,450,5950,0.0,48.5
DS001_20260705_I08,DS001,2026-07-05,8,Night,11,7,6,0,1,450,0.0,P_DS001_004|P_DS001_010|P_DS001_013|P_DS001_019|P_DS001_022|P_DS001_031,,P_DS001_001,11.0,450,5500,0.0,48.5
DS001_20260705_I09,DS001,2026-07-05,9,Night,6,7,6,0,1,450,0.0,P_DS001_010|P_DS001_013|P_DS001_019|P_DS001_022|P_DS001_031|P_DS001_001,,P_DS001_004,6.0,450,5050,0.0,48.5
DS001_20260705_I10,DS001,2026-07-05,10,Night,3,7,6,0,1,450,0.0,P_DS001_013|P_DS001_019|P_DS001_022|P_DS001_031|P_DS001_001|P_DS001_004,,P_DS001_010,3.0,450,4600,0.0,48.5
DS001_20260705_I11,DS001,2026-07-05,11,Night,8,7,6,0,1,450,0.0,P_DS001_019|P_DS001_022|P_DS001_031|P_DS001_001|P_DS001_004|P_DS001_010,,P_DS001_013,8.0,450,4150,0.0,48.5
DS001_20260705_I12,DS001,2026-07-05,12,Night,15,7,6,0,1,450,0.0,P_DS001_022|P_DS001_031|P_DS001_001|P_DS001_004|P_DS001_010|P_DS001_013,,P_DS001_019,15.0,450,3700,0.0,48.5
DS001_20260705_I13,DS001,2026-07-05,13,Morning,9,7,3,2,2,225,1.0,P_DS001_031|P_DS001_001|P_DS001_004,P_DS001_010|P_DS001_013,P_DS001_019|P_DS001_022,4.5,225,3475,1.0,47.5
DS001_20260705_I14,DS001,2026-07-05,14,Morning,10,7,3,2,2,225,1.0,P_DS001_001|P_DS001_004|P_DS001_010,P_DS001_013|P_DS001_019,P_DS001_022|P_DS001_031,5.0,225,3250,1.0,46.5
DS001_20260705_I15,DS001,2026-07-05,15,Morning,13,7,3,2,2,225,1.0,P_DS001_004|P_DS001_010|P_DS001_013,P_DS001_019|P_DS001_022,P_DS001_031|P_DS001_001,6.5,225,3025,1.0,45.5
DS001_20260705_I16,DS001,2026-07-05,16,Morning,20,7,3,2,2,225,1.0,P_DS001_010|P_DS001_013|P_DS001_019,P_DS001_022|P_DS001_031,P_DS001_001|P_DS001_004,10.0,225,2800,1.0,44.5
DS001_20260705_I17,DS001,2026-07-05,17,Morning,33,16,3,2,11,225,1.0,P_DS001_002|P_DS001_004|P_DS001_005,P_DS001_008|P_DS001_010,P_DS001_011|P_DS001_013|P_DS001_017|P_DS001_019|P_DS001_020|P_DS001_022|P_DS001_023|P_DS001_026|P_DS001_031|P_DS001_032|P_DS001_001,3.0,225,2575,1.0,43.5
DS001_20260705_I18,DS001,2026-07-05,18,Morning,28,17,3,2,12,225,1.0,P_DS001_002|P_DS001_004|P_DS001_005,P_DS001_008|P_DS001_010,P_DS001_011|P_DS001_013|P_DS001_017|P_DS001_019|P_DS001_020|P_DS001_022|P_DS001_023|P_DS001_026|P_DS001_029|P_DS001_031|P_DS001_032|P_DS001_001,2.3333333333333335,225,2350,1.0,42.5
DS001_20260705_I19,DS001,2026-07-05,19,Morning,56,10,0,2,8,0,1.0,,P_DS001_032|P_DS001_002,P_DS001_005|P_DS001_008|P_DS001_011|P_DS001_017|P_DS001_020|P_DS001_023|P_DS001_026|P_DS001_029,7.0,0,2350,1.0,41.5
DS001_20260705_I20,DS001,2026-07-05,20,Morning,56,10,0,2,8,0,1.0,,P_DS001_002|P_DS001_005,P_DS001_008|P_DS001_011|P_DS001_017|P_DS001_020|P_DS001_023|P_DS001_026|P_DS001_029|P_DS001_032,7.0,0,2350,1.0,40.5
DS001_20260705_I21,DS001,2026-07-05,21,Morning,77,10,0,2,8,0,1.0,,P_DS001_005|P_DS001_008,P_DS001_011|P_DS001_017|P_DS001_020|P_DS001_023|P_DS001_026|P_DS001_029|P_DS001_032|P_DS001_002,9.625,0,2350,1.0,39.5
DS001_20260705_I22,DS001,2026-07-05,22,Morning,73,10,0,2,8,0,1.0,,P_DS001_008|P_DS001_011,P_DS001_017|P_DS001_020|P_DS001_023|P_DS001_026|P_DS001_029|P_DS001_032|P_DS001_002|P_DS001_005,9.125,0,2350,1.0,38.5
DS001_20260705_I23,DS001,2026-07-05,23,Lunch,91,10,0,0,10,0,0.0,,,P_DS001_011|P_DS001_017|P_DS001_020|P_DS001_023|P_DS001_026|P_DS001_029|P_DS001_032|P_DS001_002|P_DS001_005|P_DS001_008,9.1,0,2350,0.0,38.5
DS001_20260705_I24,DS001,2026-07-05,24,Lunch,76,10,0,0,10,0,0.0,,,P_DS001_017|P_DS001_020|P_DS001_023|P_DS001_026|P_DS001_029|P_DS001_032|P_DS001_002|P_DS001_005|P_DS001_008|P_DS001_011,7.6,0,2350,0.0,38.5
DS001_20260705_I25,DS001,2026-07-05,25,Lunch,101,10,0,0,10,0,0.0,,,P_DS001_020|P_DS001_023|P_DS001_026|P_DS001_029|P_DS001_032|P_DS001_002|P_DS001_005|P_DS001_008|P_DS001_011|P_DS001_017,10.1,0,2350,0.0,38.5
DS001_20260705_I26,DS001,2026-07-05,26,Lunch,100,10,0,0,10,0,0.0,,,P_DS001_023|P_DS001_026|P_DS001_029|P_DS001_032|P_DS001_002|P_DS001_005|P_DS001_008|P_DS001_011|P_DS001_017|P_DS001_020,10.0,0,2350,0.0,38.5
DS001_20260705_I27,DS001,2026-07-05,27,Lunch,123,10,0,0,10,0,0.0,,,P_DS001_026|P_DS001_029|P_DS001_032|P_DS001_002|P_DS001_005|P_DS001_008|P_DS001_011|P_DS001_017|P_DS001_020|P_DS001_023,12.3,0,2350,0.0,38.5
DS001_20260705_I28,DS001,2026-07-05,28,Lunch,87,10,0,0,10,0,0.0,,,P_DS001_029|P_DS001_032|P_DS001_002|P_DS001_005|P_DS001_008|P_DS001_011|P_DS001_017|P_DS001_020|P_DS001_023|P_DS001_026,8.7,0,2350,0.0,38.5
DS001_20260705_I29,DS001,2026-07-05,29,Lunch,93,10,0,0,10,0,0.0,,,P_DS001_032|P_DS001_002|P_DS001_005|P_DS001_008|P_DS001_011|P_DS001_017|P_DS001_020|P_DS001_023|P_DS001_026|P_DS001_029,9.3,0,2350,0.0,38.5
DS001_20260705_I30,DS001,2026-07-05,30,Lunch,91,10,0,0,10,0,0.0,,,P_DS001_002|P_DS001_005|P_DS001_008|P_DS001_011|P_DS001_017|P_DS001_020|P_DS001_023|P_DS001_026|P_DS001_029|P_DS001_032,9.1,0,2350,0.0,38.5
DS001_20260705_I31,DS001,2026-07-05,31,Afternoon,95,10,0,2,8,0,1.0,,P_DS001_005|P_DS001_008,P_DS001_011|P_DS001_017|P_DS001_020|P_DS001_023|P_DS001_026|P_DS001_029|P_DS001_032|P_DS001_002,11.875,0,2350,1.0,37.5
DS001_20260705_I32,DS001,2026-07-05,32,Afternoon,57,10,0,2,8,0,1.0,,P_DS001_008|P_DS001_011,P_DS001_017|P_DS001_020|P_DS001_023|P_DS001_026|P_DS001_029|P_DS001_032|P_DS001_002|P_DS001_005,7.125,0,2350,1.0,36.5
DS001_20260705_I33,DS001,2026-07-05,33,Afternoon,55,20,0,2,18,0,1.0,,P_DS001_026|P_DS001_027,P_DS001_029|P_DS001_030|P_DS001_032|P_DS001_033|P_DS001_036|P_DS001_002|P_DS001_003|P_DS001_005|P_DS001_008|P_DS001_009|P_DS001_011|P_DS001_012|P_DS001_015|P_DS001_017|P_DS001_018|P_DS001_020|P_DS001_023|P_DS001_024,3.0555555555555554,0,2350,1.0,35.5
DS001_20260705_I34,DS001,2026-07-05,34,Afternoon,52,20,0,2,18,0,1.0,,P_DS001_027|P_DS001_029,P_DS001_030|P_DS001_032|P_DS001_033|P_DS001_036|P_DS001_002|P_DS001_003|P_DS001_005|P_DS001_008|P_DS001_009|P_DS001_011|P_DS001_012|P_DS001_015|P_DS001_017|P_DS001_018|P_DS001_020|P_DS001_023|P_DS001_024|P_DS001_026,2.888888888888889,0,2350,1.0,34.5
DS001_20260705_I35,DS001,2026-07-05,35,Afternoon,48,10,0,2,8,0,1.0,,P_DS001_024|P_DS001_027,P_DS001_030|P_DS001_033|P_DS001_036|P_DS001_003|P_DS001_009|P_DS001_012|P_DS001_015|P_DS001_018,6.0,0,2350,1.0,33.5
DS001_20260705_I36,DS001,2026-07-05,36,Afternoon,77,10,0,2,8,0,1.0,,P_DS001_027|P_DS001_030,P_DS001_033|P_DS001_036|P_DS001_003|P_DS001_009|P_DS001_012|P_DS001_015|P_DS001_018|P_DS001_024,9.625,0,2350,1.0,32.5
DS001_20260705_I37,DS001,2026-07-05,37,Evening,88,13,0,0,13,0,0.0,,,P_DS001_007|P_DS001_014|P_DS001_003|P_DS001_009|P_DS001_012|P_DS001_015|P_DS001_018|P_DS001_024|P_DS001_027|P_DS001_030|P_DS001_033|P_DS001_036|P_DS001_035,6.769230769230769,0,2350,0.0,32.5
DS001_20260705_I38,DS001,2026-07-05,38,Evening,93,13,0,0,13,0,0.0,,,P_DS001_014|P_DS001_003|P_DS001_009|P_DS001_012|P_DS001_015|P_DS001_018|P_DS001_024|P_DS001_027|P_DS001_030|P_DS001_033|P_DS001_036|P_DS001_035|P_DS001_007,7.153846153846154,0,2350,0.0,32.5
DS001_20260705_I39,DS001,2026-07-05,39,Evening,99,13,0,0,13,0,0.0,,,P_DS001_003|P_DS001_009|P_DS001_012|P_DS001_015|P_DS001_018|P_DS001_024|P_DS001_027|P_DS001_030|P_DS001_033|P_DS001_036|P_DS001_035|P_DS001_007|P_DS001_014,7.615384615384615,0,2350,0.0,32.5
DS001_20260705_I40,DS001,2026-07-05,40,Evening,134,13,0,0,13,0,0.0,,,P_DS001_009|P_DS001_012|P_DS001_015|P_DS001_018|P_DS001_024|P_DS001_027|P_DS001_030|P_DS001_033|P_DS001_036|P_DS001_035|P_DS001_007|P_DS001_014|P_DS001_003,10.307692307692308,0,2350,0.0,32.5
DS001_20260705_I41,DS001,2026-07-05,41,Evening,140,13,0,0,13,0,0.0,,,P_DS001_012|P_DS001_015|P_DS001_018|P_DS001_024|P_DS001_027|P_DS001_030|P_DS001_033|P_DS001_036|P_DS001_035|P_DS001_007|P_DS001_014|P_DS001_003|P_DS001_009,10.76923076923077,0,2350,0.0,32.5
DS001_20260705_I42,DS001,2026-07-05,42,Evening,130,13,0,0,13,0,0.0,,,P_DS001_015|P_DS001_018|P_DS001_024|P_DS001_027|P_DS001_030|P_DS001_033|P_DS001_036|P_DS001_035|P_DS001_007|P_DS001_014|P_DS001_003|P_DS001_009|P_DS001_012,10.0,0,2350,0.0,32.5
DS001_20260705_I43,DS001,2026-07-05,43,Evening,136,13,0,0,13,0,0.0,,,P_DS001_018|P_DS001_024|P_DS001_027|P_DS001_030|P_DS001_033|P_DS001_036|P_DS001_035|P_DS001_007|P_DS001_014|P_DS001_003|P_DS001_009|P_DS001_012|P_DS001_015,10.461538461538462,0,2350,0.0,32.5
DS001_20260705_I44,DS001,2026-07-05,44,Evening,111,13,0,0,13,0,0.0,,,P_DS001_024|P_DS001_027|P_DS001_030|P_DS001_033|P_DS001_036|P_DS001_035|P_DS001_007|P_DS001_014|P_DS001_003|P_DS001_009|P_DS001_012|P_DS001_015|P_DS001_018,8.538461538461538,0,2350,0.0,32.5
DS001_20260705_I45,DS001,2026-07-05,45,Evening,80,10,0,0,10,0,0.0,,,P_DS001_024|P_DS001_027|P_DS001_030|P_DS001_033|P_DS001_036|P_DS001_003|P_DS001_009|P_DS001_012|P_DS001_015|P_DS001_018,8.0,0,2350,0.0,32.5
DS001_20260705_I46,DS001,2026-07-05,46,Evening,54,10,0,0,10,0,0.0,,,P_DS001_027|P_DS001_030|P_DS001_033|P_DS001_036|P_DS001_003|P_DS001_009|P_DS001_012|P_DS001_015|P_DS001_018|P_DS001_024,5.4,0,2350,0.0,32.5
DS001_20260705_I47,DS001,2026-07-05,47,Late Night,42,10,0,2,8,0,1.0,,P_DS001_030|P_DS001_033,P_DS001_036|P_DS001_003|P_DS001_009|P_DS001_012|P_DS001_015|P_DS001_018|P_DS001_024|P_DS001_027,5.25,0,2350,1.0,31.5
DS001_20260705_I48,DS001,2026-07-05,48,Late Night,32,10,0,2,8,0,1.0,,P_DS001_033|P_DS001_036,P_DS001_003|P_DS001_009|P_DS001_012|P_DS001_015|P_DS001_018|P_DS001_024|P_DS001_027|P_DS001_030,4.0,0,2350,1.0,30.5
DS001_20260706_I01,DS001,2026-07-06,1,Night,8,19,12,2,5,900,1.0,P_DS001_009|P_DS001_012|P_DS001_015|P_DS001_018|P_DS001_024|P_DS001_027|P_DS001_030|P_DS001_033|P_DS001_036|P_DS001_004|P_DS001_007|P_DS001_010,P_DS001_013|P_DS001_016,P_DS001_019|P_DS001_025|P_DS001_028|P_DS001_031|P_DS001_003,1.6,900,9100,1.0,49.0
DS001_20260706_I02,DS001,2026-07-06,2,Night,7,19,12,2,5,900,1.0,P_DS001_012|P_DS001_015|P_DS001_018|P_DS001_024|P_DS001_027|P_DS001_030|P_DS001_033|P_DS001_036|P_DS001_004|P_DS001_007|P_DS001_010|P_DS001_013,P_DS001_016|P_DS001_019,P_DS001_025|P_DS001_028|P_DS001_031|P_DS001_003|P_DS001_009,1.4,900,8200,1.0,48.0
DS001_20260706_I03,DS001,2026-07-06,3,Night,12,9,8,0,1,600,0.0,P_DS001_013|P_DS001_016|P_DS001_019|P_DS001_025|P_DS001_028|P_DS001_031|P_DS001_004|P_DS001_007,,P_DS001_010,12.0,600,7600,0.0,48.0
DS001_20260706_I04,DS001,2026-07-06,4,Night,8,9,8,0,1,600,0.0,P_DS001_016|P_DS001_019|P_DS001_025|P_DS001_028|P_DS001_031|P_DS001_004|P_DS001_007|P_DS001_010,,P_DS001_013,8.0,600,7000,0.0,48.0
DS001_20260706_I05,DS001,2026-07-06,5,Night,7,9,8,0,1,600,0.0,P_DS001_019|P_DS001_025|P_DS001_028|P_DS001_031|P_DS001_004|P_DS001_007|P_DS001_010|P_DS001_013,,P_DS001_016,7.0,600,6400,0.0,48.0
DS001_20260706_I06,DS001,2026-07-06,6,Night,9,9,8,0,1,600,0.0,P_DS001_025|P_DS001_028|P_DS001_031|P_DS001_004|P_DS001_007|P_DS001_010|P_DS001_013|P_DS001_016,,P_DS001_019,9.0,600,5800,0.0,48.0
DS001_20260706_I07,DS001,2026-07-06,7,Night,7,9,8,0,1,600,0.0,P_DS001_028|P_DS001_031|P_DS001_004|P_DS001_007|P_DS001_010|P_DS001_013|P_DS001_016|P_DS001_019,,P_DS001_025,7.0,600,5200,0.0,48.0
DS001_20260706_I08,DS001,2026-07-06,8,Night,11,9,8,0,1,600,0.0,P_DS001_031|P_DS001_004|P_DS001_007|P_DS001_010|P_DS001_013|P_DS001_016|P_DS001_019|P_DS001_025,,P_DS001_028,11.0,600,4600,0.0,48.0
DS001_20260706_I09,DS001,2026-07-06,9,Night,4,9,8,0,1,600,0.0,P_DS001_004|P_DS001_007|P_DS001_010|P_DS001_013|P_DS001_016|P_DS001_019|P_DS001_025|P_DS001_028,,P_DS001_031,4.0,600,4000,0.0,48.0
DS001_20260706_I10,DS001,2026-07-06,10,Night,10,9,8,0,1,600,0.0,P_DS001_007|P_DS001_010|P_DS001_013|P_DS001_016|P_DS001_019|P_DS001_025|P_DS001_028|P_DS001_031,,P_DS001_004,10.0,600,3400,0.0,48.0
DS001_20260706_I11,DS001,2026-07-06,11,Night,4,9,8,0,1,600,0.0,P_DS001_010|P_DS001_013|P_DS001_016|P_DS001_019|P_DS001_025|P_DS001_028|P_DS001_031|P_DS001_004,,P_DS001_007,4.0,600,2800,0.0,48.0
DS001_20260706_I12,DS001,2026-07-06,12,Night,11,9,8,0,1,600,0.0,P_DS001_013|P_DS001_016|P_DS001_019|P_DS001_025|P_DS001_028|P_DS001_031|P_DS001_004|P_DS001_007,,P_DS001_010,11.0,600,2200,0.0,48.0
DS001_20260706_I13,DS001,2026-07-06,13,Morning,16,9,3,2,4,225,1.0,P_DS001_016|P_DS001_019|P_DS001_025,P_DS001_028|P_DS001_031,P_DS001_004|P_DS001_007|P_DS001_010|P_DS001_013,4.0,225,1975,1.0,47.0
DS001_20260706_I14,DS001,2026-07-06,14,Morning,18,9,3,2,4,225,1.0,P_DS001_019|P_DS001_025|P_DS001_028,P_DS001_031|P_DS001_004,P_DS001_007|P_DS001_010|P_DS001_013|P_DS001_016,4.5,225,1750,1.0,46.0
DS001_20260706_I15,DS001,2026-07-06,15,Morning,41,9,3,2,4,225,1.0,P_DS001_025|P_DS001_028|P_DS001_031,P_DS001_004|P_DS001_007,P_DS001_010|P_DS001_013|P_DS001_016|P_DS001_019,10.25,225,1525,1.0,45.0
DS001_20260706_I16,DS001,2026-07-06,16,Morning,53,9,3,2,4,225,1.0,P_DS001_028|P_DS001_031|P_DS001_004,P_DS001_007|P_DS001_010,P_DS001_013|P_DS001_016|P_DS001_019|P_DS001_025,13.25,225,1300,1.0,44.0
DS001_20260706_I17,DS001,2026-07-06,17,Morning,44,19,3,2,14,225,1.0,P_DS001_032|P_DS001_035|P_DS001_002,P_DS001_004|P_DS001_005,P_DS001_007|P_DS001_010|P_DS001_011|P_DS001_013|P_DS001_014|P_DS001_016|P_DS001_017|P_DS001_019|P_DS001_020|P_DS001_023|P_DS001_025|P_DS001_026|P_DS001_028|P_DS001_031,3.142857142857143,225,1075,1.0,43.0
DS001_20260706_I18,DS001,2026-07-06,18,Morning,59,19,3,2,14,225,1.0,P_DS001_035|P_DS001_002|P_DS001_004,P_DS001_005|P_DS001_007,P_DS001_010|P_DS001_011|P_DS001_013|P_DS001_014|P_DS001_016|P_DS001_017|P_DS001_019|P_DS001_020|P_DS001_023|P_DS001_025|P_DS001_026|P_DS001_028|P_DS001_031|P_DS001_032,4.214285714285714,225,850,1.0,42.0
DS001_20260706_I19,DS001,2026-07-06,19,Morning,58,10,0,2,8,0,1.0,,P_DS001_035|P_DS001_002,P_DS001_005|P_DS001_011|P_DS001_014|P_DS001_017|P_DS001_020|P_DS001_023|P_DS001_026|P_DS001_032,7.25,0,850,1.0,41.0
DS001_20260706_I20,DS001,2026-07-06,20,Morning,52,10,0,2,8,0,1.0,,P_DS001_002|P_DS001_005,P_DS001_011|P_DS001_014|P_DS001_017|P_DS001_020|P_DS001_023|P_DS001_026|P_DS001_032|P_DS001_035,6.5,0,850,1.0,40.0
DS001_20260706_I21,DS001,2026-07-06,21,Morning,52,10,0,2,8,0,1.0,,P_DS001_005|P_DS001_011,P_DS001_014|P_DS001_017|P_DS001_020|P_DS001_023|P_DS001_026|P_DS001_032|P_DS001_035|P_DS001_002,6.5,0,850,1.0,39.0
DS001_20260706_I22,DS001,2026-07-06,22,Morning,37,10,0,2,8,0,1.0,,P_DS001_011|P_DS001_014,P_DS001_017|P_DS001_020|P_DS001_023|P_DS001_026|P_DS001_032|P_DS001_035|P_DS001_002|P_DS001_005,4.625,0,850,1.0,38.0
DS001_20260706_I23,DS001,2026-07-06,23,Lunch,60,10,0,0,10,0,0.0,,,P_DS001_014|P_DS001_017|P_DS001_020|P_DS001_023|P_DS001_026|P_DS001_032|P_DS001_035|P_DS001_002|P_DS001_005|P_DS001_011,6.0,0,850,0.0,38.0
DS001_20260706_I24,DS001,2026-07-06,24,Lunch,72,10,0,0,10,0,0.0,,,P_DS001_017|P_DS001_020|P_DS001_023|P_DS001_026|P_DS001_032|P_DS001_035|P_DS001_002|P_DS001_005|P_DS001_011|P_DS001_014,7.2,0,850,0.0,38.0
DS001_20260706_I25,DS001,2026-07-06,25,Lunch,94,10,0,0,10,0,0.0,,,P_DS001_020|P_DS001_023|P_DS001_026|P_DS001_032|P_DS001_035|P_DS001_002|P_DS001_005|P_DS001_011|P_DS001_014|P_DS001_017,9.4,0,850,0.0,38.0
DS001_20260706_I26,DS001,2026-07-06,26,Lunch,112,10,0,0,10,0,0.0,,,P_DS001_023|P_DS001_026|P_DS001_032|P_DS001_035|P_DS001_002|P_DS001_005|P_DS001_011|P_DS001_014|P_DS001_017|P_DS001_020,11.2,0,850,0.0,38.0
DS001_20260706_I27,DS001,2026-07-06,27,Lunch,121,10,0,0,10,0,0.0,,,P_DS001_026|P_DS001_032|P_DS001_035|P_DS001_002|P_DS001_005|P_DS001_011|P_DS001_014|P_DS001_017|P_DS001_020|P_DS001_023,12.1,0,850,0.0,38.0
DS001_20260706_I28,DS001,2026-07-06,28,Lunch,119,10,0,0,10,0,0.0,,,P_DS001_032|P_DS001_035|P_DS001_002|P_DS001_005|P_DS001_011|P_DS001_014|P_DS001_017|P_DS001_020|P_DS001_023|P_DS001_026,11.9,0,850,0.0,38.0
DS001_20260706_I29,DS001,2026-07-06,29,Lunch,90,10,0,0,10,0,0.0,,,P_DS001_035|P_DS001_002|P_DS001_005|P_DS001_011|P_DS001_014|P_DS001_017|P_DS001_020|P_DS001_023|P_DS001_026|P_DS001_032,9.0,0,850,0.0,38.0
DS001_20260706_I30,DS001,2026-07-06,30,Lunch,65,10,0,0,10,0,0.0,,,P_DS001_002|P_DS001_005|P_DS001_011|P_DS001_014|P_DS001_017|P_DS001_020|P_DS001_023|P_DS001_026|P_DS001_032|P_DS001_035,6.5,0,850,0.0,38.0
DS001_20260706_I31,DS001,2026-07-06,31,Afternoon,41,10,0,2,8,0,1.0,,P_DS001_005|P_DS001_011,P_DS001_014|P_DS001_017|P_DS001_020|P_DS001_023|P_DS001_026|P_DS001_032|P_DS001_035|P_DS001_002,5.125,0,850,1.0,37.0
DS001_20260706_I32,DS001,2026-07-06,32,Afternoon,46,10,0,2,8,0,1.0,,P_DS001_011|P_DS001_014,P_DS001_017|P_DS001_020|P_DS001_023|P_DS001_026|P_DS001_032|P_DS001_035|P_DS001_002|P_DS001_005,5.75,0,850,1.0,36.0
DS001_20260706_I33,DS001,2026-07-06,33,Afternoon,22,19,0,2,17,0,1.0,,P_DS001_027|P_DS001_030,P_DS001_032|P_DS001_033|P_DS001_035|P_DS001_002|P_DS001_003|P_DS001_005|P_DS001_009|P_DS001_011|P_DS001_012|P_DS001_014|P_DS001_017|P_DS001_018|P_DS001_020|P_DS001_021|P_DS001_023|P_DS001_024|P_DS001_026,1.2941176470588236,0,850,1.0,35.0
DS001_20260706_I34,DS001,2026-07-06,34,Afternoon,35,19,0,2,17,0,1.0,,P_DS001_030|P_DS001_032,P_DS001_033|P_DS001_035|P_DS001_002|P_DS001_003|P_DS001_005|P_DS001_009|P_DS001_011|P_DS001_012|P_DS001_014|P_DS001_017|P_DS001_018|P_DS001_020|P_DS001_021|P_DS001_023|P_DS001_024|P_DS001_026|P_DS001_027,2.0588235294117645,0,850,1.0,34.0
DS001_20260706_I35,DS001,2026-07-06,35,Afternoon,51,9,0,2,7,0,1.0,,P_DS001_033|P_DS001_003,P_DS001_009|P_DS001_012|P_DS001_018|P_DS001_021|P_DS001_024|P_DS001_027|P_DS001_030,7.285714285714286,0,850,1.0,33.0
DS001_20260706_I36,DS001,2026-07-06,36,Afternoon,46,9,0,2,7,0,1.0,,P_DS001_003|P_DS001_009,P_DS001_012|P_DS001_018|P_DS001_021|P_DS001_024|P_DS001_027|P_DS001_030|P_DS001_033,6.571428571428571,0,850,1.0,32.0
DS001_20260706_I37,DS001,2026-07-06,37,Evening,89,11,0,0,11,0,0.0,,,P_DS001_021|P_DS001_024|P_DS001_027|P_DS001_030|P_DS001_033|P_DS001_008|P_DS001_015|P_DS001_003|P_DS001_009|P_DS001_012|P_DS001_018,8.090909090909092,0,850,0.0,32.0
DS001_20260706_I38,DS001,2026-07-06,38,Evening,98,11,0,0,11,0,0.0,,,P_DS001_024|P_DS001_027|P_DS001_030|P_DS001_033|P_DS001_008|P_DS001_015|P_DS001_003|P_DS001_009|P_DS001_012|P_DS001_018|P_DS001_021,8.909090909090908,0,850,0.0,32.0
DS001_20260706_I39,DS001,2026-07-06,39,Evening,132,11,0,0,11,0,0.0,,,P_DS001_027|P_DS001_030|P_DS001_033|P_DS001_008|P_DS001_015|P_DS001_003|P_DS001_009|P_DS001_012|P_DS001_018|P_DS001_021|P_DS001_024,12.0,0,850,0.0,32.0
DS001_20260706_I40,DS001,2026-07-06,40,Evening,149,11,0,0,11,0,0.0,,,P_DS001_030|P_DS001_033|P_DS001_008|P_DS001_015|P_DS001_003|P_DS001_009|P_DS001_012|P_DS001_018|P_DS001_021|P_DS001_024|P_DS001_027,13.545454545454545,0,850,0.0,32.0
DS001_20260706_I41,DS001,2026-07-06,41,Evening,158,11,0,0,11,0,0.0,,,P_DS001_033|P_DS001_008|P_DS001_015|P_DS001_003|P_DS001_009|P_DS001_012|P_DS001_018|P_DS001_021|P_DS001_024|P_DS001_027|P_DS001_030,14.363636363636363,0,850,0.0,32.0
DS001_20260706_I42,DS001,2026-07-06,42,Evening,143,11,0,0,11,0,0.0,,,P_DS001_008|P_DS001_015|P_DS001_003|P_DS001_009|P_DS001_012|P_DS001_018|P_DS001_021|P_DS001_024|P_DS001_027|P_DS001_030|P_DS001_033,13.0,0,850,0.0,32.0
DS001_20260706_I43,DS001,2026-07-06,43,Evening,106,11,0,0,11,0,0.0,,,P_DS001_015|P_DS001_003|P_DS001_009|P_DS001_012|P_DS001_018|P_DS001_021|P_DS001_024|P_DS001_027|P_DS001_030|P_DS001_033|P_DS001_008,9.636363636363637,0,850,0.0,32.0
DS001_20260706_I44,DS001,2026-07-06,44,Evening,124,11,0,0,11,0,0.0,,,P_DS001_003|P_DS001_009|P_DS001_012|P_DS001_018|P_DS001_021|P_DS001_024|P_DS001_027|P_DS001_030|P_DS001_033|P_DS001_008|P_DS001_015,11.272727272727273,0,850,0.0,32.0
DS001_20260706_I45,DS001,2026-07-06,45,Evening,72,9,0,0,9,0,0.0,,,P_DS001_003|P_DS001_009|P_DS001_012|P_DS001_018|P_DS001_021|P_DS001_024|P_DS001_027|P_DS001_030|P_DS001_033,8.0,0,850,0.0,32.0
DS001_20260706_I46,DS001,2026-07-06,46,Evening,55,9,0,0,9,0,0.0,,,P_DS001_009|P_DS001_012|P_DS001_018|P_DS001_021|P_DS001_024|P_DS001_027|P_DS001_030|P_DS001_033|P_DS001_003,6.111111111111111,0,850,0.0,32.0
DS001_20260706_I47,DS001,2026-07-06,47,Late Night,59,9,0,2,7,0,1.0,,P_DS001_012|P_DS001_018,P_DS001_021|P_DS001_024|P_DS001_027|P_DS001_030|P_DS001_033|P_DS001_003|P_DS001_009,8.428571428571429,0,850,1.0,31.0
DS001_20260706_I48,DS001,2026-07-06,48,Late Night,23,9,0,2,7,0,1.0,,P_DS001_018|P_DS001_021,P_DS001_024|P_DS001_027|P_DS001_030|P_DS001_033|P_DS001_003|P_DS001_009|P_DS001_012,3.2857142857142856,0,850,1.0,30.0
DS001_20260707_I01,DS001,2026-07-07,1,Night,8,19,12,2,5,900,1.0,P_DS001_009|P_DS001_012|P_DS001_018|P_DS001_021|P_DS001_024|P_DS001_027|P_DS001_030|P_DS001_033|P_DS001_001|P_DS001_004|P_DS001_007|P_DS001_010,P_DS001_013|P_DS001_019,P_DS001_022|P_DS001_025|P_DS001_031|P_DS001_034|P_DS001_003,1.6,900,9100,1.0,49.0
DS001_20260707_I02,DS001,2026-07-07,2,Night,9,20,12,2,6,900,1.0,P_DS001_012|P_DS001_018|P_DS001_021|P_DS001_024|P_DS001_027|P_DS001_030|P_DS001_033|P_DS001_001|P_DS001_004|P_DS001_007|P_DS001_010|P_DS001_013,P_DS001_019|P_DS001_022,P_DS001_025|P_DS001_028|P_DS001_031|P_DS001_034|P_DS001_003|P_DS001_009,1.5,900,8200,1.0,48.0
DS001_20260707_I03,DS001,2026-07-07,3,Night,8,11,10,0,1,750,0.0,P_DS001_010|P_DS001_013|P_DS001_019|P_DS001_022|P_DS001_025|P_DS001_028|P_DS001_031|P_DS001_034|P_DS001_001|P_DS001_004,,P_DS001_007,8.0,750,7450,0.0,48.0
DS001_20260707_I04,DS001,2026-07-07,4,Night,7,11,10,0,1,750,0.0,P_DS001_013|P_DS001_019|P_DS001_022|P_DS001_025|P_DS001_028|P_DS001_031|P_DS001_034|P_DS001_001|P_DS001_004|P_DS001_007,,P_DS001_010,7.0,750,6700,0.0,48.0
DS001_20260707_I05,DS001,2026-07-07,5,Night,8,11,10,0,1,750,0.0,P_DS001_019|P_DS001_022|P_DS001_025|P_DS001_028|P_DS001_031|P_DS001_034|P_DS001_001|P_DS001_004|P_DS001_007|P_DS001_010,,P_DS001_013,8.0,750,5950,0.0,48.0
DS001_20260707_I06,DS001,2026-07-07,6,Night,8,11,10,0,1,750,0.0,P_DS001_022|P_DS001_025|P_DS001_028|P_DS001_031|P_DS001_034|P_DS001_001|P_DS001_004|P_DS001_007|P_DS001_010|P_DS001_013,,P_DS001_019,8.0,750,5200,0.0,48.0
DS001_20260707_I07,DS001,2026-07-07,7,Night,7,11,10,0,1,750,0.0,P_DS001_025|P_DS001_028|P_DS001_031|P_DS001_034|P_DS001_001|P_DS001_004|P_DS001_007|P_DS001_010|P_DS001_013|P_DS001_019,,P_DS001_022,7.0,750,4450,0.0,48.0
DS001_20260707_I08,DS001,2026-07-07,8,Night,4,11,10,0,1,750,0.0,P_DS001_028|P_DS001_031|P_DS001_034|P_DS001_001|P_DS001_004|P_DS001_007|P_DS001_010|P_DS001_013|P_DS001_019|P_DS001_022,,P_DS001_025,4.0,750,3700,0.0,48.0
DS001_20260707_I09,DS001,2026-07-07,9,Night,9,11,10,0,1,750,0.0,P_DS001_031|P_DS001_034|P_DS001_001|P_DS001_004|P_DS001_007|P_DS001_010|P_DS001_013|P_DS001_019|P_DS001_022|P_DS001_025,,P_DS001_028,9.0,750,2950,0.0,48.0
DS001_20260707_I10,DS001,2026-07-07,10,Night,11,11,10,0,1,750,0.0,P_DS001_034|P_DS001_001|P_DS001_004|P_DS001_007|P_DS001_010|P_DS001_013|P_DS001_019|P_DS001_022|P_DS001_025|P_DS001_028,,P_DS001_031,11.0,750,2200,0.0,48.0
DS001_20260707_I11,DS001,2026-07-07,11,Night,6,11,10,0,1,750,0.0,P_DS001_001|P_DS001_004|P_DS001_007|P_DS001_010|P_DS001_013|P_DS001_019|P_DS001_022|P_DS001_025|P_DS001_028|P_DS001_031,,P_DS001_034,6.0,750,1450,0.0,48.0
DS001_20260707_I12,DS001,2026-07-07,12,Night,12,11,10,0,1,750,0.0,P_DS001_004|P_DS001_007|P_DS001_010|P_DS001_013|P_DS001_019|P_DS001_022|P_DS001_025|P_DS001_028|P_DS001_031|P_DS001_034,,P_DS001_001,12.0,750,700,0.0,48.0
DS001_20260707_I13,DS001,2026-07-07,13,Morning,14,11,3,2,6,225,1.0,P_DS001_007|P_DS001_010|P_DS001_013,P_DS001_019|P_DS001_022,P_DS001_025|P_DS001_028|P_DS001_031|P_DS001_034|P_DS001_001|P_DS001_004,2.3333333333333335,225,475,1.0,47.0
DS001_20260707_I14,DS001,2026-07-07,14,Morning,21,11,3,2,6,225,1.0,P_DS001_010|P_DS001_013|P_DS001_019,P_DS001_022|P_DS001_025,P_DS001_028|P_DS001_031|P_DS001_034|P_DS001_001|P_DS001_004|P_DS001_007,3.5,225,250,1.0,46.0
DS001_20260707_I15,DS001,2026-07-07,15,Morning,33,11,3,2,6,225,1.0,P_DS001_013|P_DS001_019|P_DS001_022,P_DS001_025|P_DS001_028,P_DS001_031|P_DS001_034|P_DS001_001|P_DS001_004|P_DS001_007|P_DS001_010,5.5,225,25,1.0,45.0
DS001_20260707_I16,DS001,2026-07-07,16,Morning,42,11,3,2,6,225,1.0,P_DS001_019|P_DS001_022|P_DS001_025,P_DS001_028|P_DS001_031,P_DS001_034|P_DS001_001|P_DS001_004|P_DS001_007|P_DS001_010|P_DS001_013,7.0,25,0,1.0,44.0
DS001_20260707_I17,DS001,2026-07-07,17,Morning,54,17,3,2,12,225,1.0,P_DS001_001|P_DS001_004|P_DS001_007,P_DS001_010|P_DS001_011,P_DS001_013|P_DS001_014|P_DS001_017|P_DS001_019|P_DS001_020|P_DS001_022|P_DS001_025|P_DS001_026|P_DS001_028|P_DS001_031|P_DS001_032|P_DS001_034,4.5,0,0,1.0,43.0
DS001_20260707_I18,DS001,2026-07-07,18,Morning,60,18,3,2,13,225,1.0,P_DS001_001|P_DS001_004|P_DS001_005,P_DS001_007|P_DS001_010,P_DS001_011|P_DS001_013|P_DS001_014|P_DS001_017|P_DS001_019|P_DS001_020|P_DS001_022|P_DS001_025|P_DS001_026|P_DS001_028|P_DS001_031|P_DS001_032|P_DS001_034,4.615384615384615,0,0,1.0,42.0
DS001_20260707_I19,DS001,2026-07-07,19,Morning,54,7,0,2,5,0,1.0,,P_DS001_026|P_DS001_032,P_DS001_005|P_DS001_011|P_DS001_014|P_DS001_017|P_DS001_020,10.8,0,0,1.0,41.0
DS001_20260707_I20,DS001,2026-07-07,20,Morning,36,7,0,2,5,0,1.0,,P_DS001_032|P_DS001_005,P_DS001_011|P_DS001_014|P_DS001_017|P_DS001_020|P_DS001_026,7.2,0,0,1.0,40.0
DS001_20260707_I21,DS001,2026-07-07,21,Morning,41,7,0,2,5,0,1.0,,P_DS001_005|P_DS001_011,P_DS001_014|P_DS001_017|P_DS001_020|P_DS001_026|P_DS001_032,8.2,0,0,1.0,39.0
DS001_20260707_I22,DS001,2026-07-07,22,Morning,40,7,0,2,5,0,1.0,,P_DS001_011|P_DS001_014,P_DS001_017|P_DS001_020|P_DS001_026|P_DS001_032|P_DS001_005,8.0,0,0,1.0,38.0
DS001_20260707_I23,DS001,2026-07-07,23,Lunch,49,7,0,0,7,0,0.0,,,P_DS001_014|P_DS001_017|P_DS001_020|P_DS001_026|P_DS001_032|P_DS001_005|P_DS001_011,7.0,0,0,0.0,38.0
DS001_20260707_I24,DS001,2026-07-07,24,Lunch,75,7,0,0,7,0,0.0,,,P_DS001_017|P_DS001_020|P_DS001_026|P_DS001_032|P_DS001_005|P_DS001_011|P_DS001_014,10.714285714285714,0,0,0.0,38.0
DS001_20260707_I25,DS001,2026-07-07,25,Lunch,99,7,0,0,7,0,0.0,,,P_DS001_020|P_DS001_026|P_DS001_032|P_DS001_005|P_DS001_011|P_DS001_014|P_DS001_017,14.142857142857142,0,0,0.0,38.0
DS001_20260707_I26,DS001,2026-07-07,26,Lunch,70,7,0,0,7,0,0.0,,,P_DS001_026|P_DS001_032|P_DS001_005|P_DS001_011|P_DS001_014|P_DS001_017|P_DS001_020,10.0,0,0,0.0,38.0
DS001_20260707_I27,DS001,2026-07-07,27,Lunch,98,7,0,0,7,0,0.0,,,P_DS001_032|P_DS001_005|P_DS001_011|P_DS001_014|P_DS001_017|P_DS001_020|P_DS001_026,14.0,0,0,0.0,38.0
DS001_20260707_I28,DS001,2026-07-07,28,Lunch,90,7,0,0,7,0,0.0,,,P_DS001_005|P_DS001_011|P_DS001_014|P_DS001_017|P_DS001_020|P_DS001_026|P_DS001_032,12.857142857142858,0,0,0.0,38.0
DS001_20260707_I29,DS001,2026-07-07,29,Lunch,94,7,0,0,7,0,0.0,,,P_DS001_011|P_DS001_014|P_DS001_017|P_DS001_020|P_DS001_026|P_DS001_032|P_DS001_005,13.428571428571429,0,0,0.0,38.0
DS001_20260707_I30,DS001,2026-07-07,30,Lunch,63,7,0,0,7,0,0.0,,,P_DS001_014|P_DS001_017|P_DS001_020|P_DS001_026|P_DS001_032|P_DS001_005|P_DS001_011,9.0,0,0,0.0,38.0
DS001_20260707_I31,DS001,2026-07-07,31,Afternoon,52,7,0,2,5,0,1.0,,P_DS001_017|P_DS001_020,P_DS001_026|P_DS001_032|P_DS001_005|P_DS001_011|P_DS001_014,10.4,0,0,1.0,37.0
DS001_20260707_I32,DS001,2026-07-07,32,Afternoon,31,7,0,2,5,0,1.0,,P_DS001_020|P_DS001_026,P_DS001_032|P_DS001_005|P_DS001_011|P_DS001_014|P_DS001_017,6.2,0,0,1.0,36.0
DS001_20260707_I33,DS001,2026-07-07,33,Afternoon,29,16,0,2,14,0,1.0,,P_DS001_005|P_DS001_006,P_DS001_011|P_DS001_012|P_DS001_014|P_DS001_015|P_DS001_017|P_DS001_018|P_DS001_020|P_DS001_021|P_DS001_026|P_DS001_027|P_DS001_032|P_DS001_033|P_DS001_036|P_DS001_003,2.0714285714285716,0,0,1.0,35.0
DS001_20260707_I34,DS001,2026-07-07,34,Afternoon,26,17,0,2,15,0,1.0,,P_DS001_003|P_DS001_005,P_DS001_006|P_DS001_011|P_DS001_012|P_DS001_014|P_DS001_015|P_DS001_017|P_DS001_018|P_DS001_020|P_DS001_021|P_DS001_024|P_DS001_026|P_DS001_027|P_DS001_032|P_DS001_033|P_DS001_036,1.7333333333333334,0,0,1.0,34.0
DS001_20260707_I35,DS001,2026-07-07,35,Afternoon,34,10,0,2,8,0,1.0,,P_DS001_021|P_DS001_024,P_DS001_027|P_DS001_033|P_DS001_036|P_DS001_003|P_DS001_006|P_DS001_012|P_DS001_015|P_DS001_018,4.25,0,0,1.0,33.0
DS001_20260707_I36,DS001,2026-07-07,36,Afternoon,46,10,0,2,8,0,1.0,,P_DS001_024|P_DS001_027,P_DS001_033|P_DS001_036|P_DS001_003|P_DS001_006|P_DS001_012|P_DS001_015|P_DS001_018|P_DS001_021,5.75,0,0,1.0,32.0
DS001_20260707_I37,DS001,2026-07-07,37,Evening,72,10,0,0,10,0,0.0,,,P_DS001_027|P_DS001_033|P_DS001_036|P_DS001_003|P_DS001_006|P_DS001_012|P_DS001_015|P_DS001_018|P_DS001_021|P_DS001_024,7.2,0,0,0.0,32.0
DS001_20260707_I38,DS001,2026-07-07,38,Evening,89,10,0,0,10,0,0.0,,,P_DS001_033|P_DS001_036|P_DS001_003|P_DS001_006|P_DS001_012|P_DS001_015|P_DS001_018|P_DS001_021|P_DS001_024|P_DS001_027,8.9,0,0,0.0,32.0
DS001_20260707_I39,DS001,2026-07-07,39,Evening,119,10,0,0,10,0,0.0,,,P_DS001_036|P_DS001_003|P_DS001_006|P_DS001_012|P_DS001_015|P_DS001_018|P_DS001_021|P_DS001_024|P_DS001_027|P_DS001_033,11.9,0,0,0.0,32.0
DS001_20260707_I40,DS001,2026-07-07,40,Evening,142,10,0,0,10,0,0.0,,,P_DS001_003|P_DS001_006|P_DS001_012|P_DS001_015|P_DS001_018|P_DS001_021|P_DS001_024|P_DS001_027|P_DS001_033|P_DS001_036,14.2,0,0,0.0,32.0
DS001_20260707_I41,DS001,2026-07-07,41,Evening,110,10,0,0,10,0,0.0,,,P_DS001_006|P_DS001_012|P_DS001_015|P_DS001_018|P_DS001_021|P_DS001_024|P_DS001_027|P_DS001_033|P_DS001_036|P_DS001_003,11.0,0,0,0.0,32.0
DS001_20260707_I42,DS001,2026-07-07,42,Evening,137,10,0,0,10,0,0.0,,,P_DS001_012|P_DS001_015|P_DS001_018|P_DS001_021|P_DS001_024|P_DS001_027|P_DS001_033|P_DS001_036|P_DS001_003|P_DS001_006,13.7,0,0,0.0,32.0
DS001_20260707_I43,DS001,2026-07-07,43,Evening,118,10,0,0,10,0,0.0,,,P_DS001_015|P_DS001_018|P_DS001_021|P_DS001_024|P_DS001_027|P_DS001_033|P_DS001_036|P_DS001_003|P_DS001_006|P_DS001_012,11.8,0,0,0.0,32.0
DS001_20260707_I44,DS001,2026-07-07,44,Evening,105,10,0,0,10,0,0.0,,,P_DS001_018|P_DS001_021|P_DS001_024|P_DS001_027|P_DS001_033|P_DS001_036|P_DS001_003|P_DS001_006|P_DS001_012|P_DS001_015,10.5,0,0,0.0,32.0
DS001_20260707_I45,DS001,2026-07-07,45,Evening,77,10,0,0,10,0,0.0,,,P_DS001_021|P_DS001_024|P_DS001_027|P_DS001_033|P_DS001_036|P_DS001_003|P_DS001_006|P_DS001_012|P_DS001_015|P_DS001_018,7.7,0,0,0.0,32.0
DS001_20260707_I46,DS001,2026-07-07,46,Evening,52,10,0,0,10,0,0.0,,,P_DS001_024|P_DS001_027|P_DS001_033|P_DS001_036|P_DS001_003|P_DS001_006|P_DS001_012|P_DS001_015|P_DS001_018|P_DS001_021,5.2,0,0,0.0,32.0
DS001_20260707_I47,DS001,2026-07-07,47,Late Night,38,10,0,2,8,0,1.0,,P_DS001_027|P_DS001_033,P_DS001_036|P_DS001_003|P_DS001_006|P_DS001_012|P_DS001_015|P_DS001_018|P_DS001_021|P_DS001_024,4.75,0,0,1.0,31.0
DS001_20260707_I48,DS001,2026-07-07,48,Late Night,34,10,0,2,8,0,1.0,,P_DS001_033|P_DS001_036,P_DS001_003|P_DS001_006|P_DS001_012|P_DS001_015|P_DS001_018|P_DS001_021|P_DS001_024|P_DS001_027,4.25,0,0,1.0,30.0
DS001_20260708_I01,DS001,2026-07-08,1,Night,9,18,12,2,4,900,1.0,P_DS001_006|P_DS001_012|P_DS001_015|P_DS001_018|P_DS001_021|P_DS001_024|P_DS001_027|P_DS001_033|P_DS001_036|P_DS001_001|P_DS001_004|P_DS001_013,P_DS001_016|P_DS001_022,P_DS001_025|P_DS001_028|P_DS001_034|P_DS001_003,2.25,900,9100,1.0,49.0
DS001_20260708_I02,DS001,2026-07-08,2,Night,6,20,12,2,6,900,1.0,P_DS001_012|P_DS001_015|P_DS001_018|P_DS001_021|P_DS001_024|P_DS001_027|P_DS001_033|P_DS001_036|P_DS001_001|P_DS001_004|P_DS001_007|P_DS001_013,P_DS001_016|P_DS001_019,P_DS001_022|P_DS001_025|P_DS001_028|P_DS001_034|P_DS001_003|P_DS001_006,1.0,900,8200,1.0,48.0
DS001_20260708_I03,DS001,2026-07-08,3,Night,7,10,9,0,1,675,0.0,P_DS001_013|P_DS001_016|P_DS001_019|P_DS001_022|P_DS001_025|P_DS001_028|P_DS001_034|P_DS001_001|P_DS001_004,,P_DS001_007,7.0,675,7525,0.0,48.0
DS001_20260708_I04,DS001,2026-07-08,4,Night,6,10,9,0,1,675,0.0,P_DS001_016|P_DS001_019|P_DS001_022|P_DS001_025|P_DS001_028|P_DS001_034|P_DS001_001|P_DS001_004|P_DS001_007,,P_DS001_013,6.0,675,6850,0.0,48.0
DS001_20260708_I05,DS001,2026-07-08,5,Night,10,10,9,0,1,675,0.0,P_DS001_019|P_DS001_022|P_DS001_025|P_DS001_028|P_DS001_034|P_DS001_001|P_DS001_004|P_DS001_007|P_DS001_013,,P_DS001_016,10.0,675,6175,0.0,48.0
DS001_20260708_I06,DS001,2026-07-08,6,Night,8,10,9,0,1,675,0.0,P_DS001_022|P_DS001_025|P_DS001_028|P_DS001_034|P_DS001_001|P_DS001_004|P_DS001_007|P_DS001_013|P_DS001_016,,P_DS001_019,8.0,675,5500,0.0,48.0
DS001_20260708_I07,DS001,2026-07-08,7,Night,14,10,9,0,1,675,0.0,P_DS001_025|P_DS001_028|P_DS001_034|P_DS001_001|P_DS001_004|P_DS001_007|P_DS001_013|P_DS001_016|P_DS001_019,,P_DS001_022,14.0,675,4825,0.0,48.0
DS001_20260708_I08,DS001,2026-07-08,8,Night,7,10,9,0,1,675,0.0,P_DS001_028|P_DS001_034|P_DS001_001|P_DS001_004|P_DS001_007|P_DS001_013|P_DS001_016|P_DS001_019|P_DS001_022,,P_DS001_025,7.0,675,4150,0.0,48.0
DS001_20260708_I09,DS001,2026-07-08,9,Night,7,10,9,0,1,675,0.0,P_DS001_034|P_DS001_001|P_DS001_004|P_DS001_007|P_DS001_013|P_DS001_016|P_DS001_019|P_DS001_022|P_DS001_025,,P_DS001_028,7.0,675,3475,0.0,48.0
DS001_20260708_I10,DS001,2026-07-08,10,Night,13,10,9,0,1,675,0.0,P_DS001_001|P_DS001_004|P_DS001_007|P_DS001_013|P_DS001_016|P_DS001_019|P_DS001_022|P_DS001_025|P_DS001_028,,P_DS001_034,13.0,675,2800,0.0,48.0
DS001_20260708_I11,DS001,2026-07-08,11,Night,11,10,9,0,1,675,0.0,P_DS001_004|P_DS001_007|P_DS001_013|P_DS001_016|P_DS001_019|P_DS001_022|P_DS001_025|P_DS001_028|P_DS001_034,,P_DS001_001,11.0,675,2125,0.0,48.0
DS001_20260708_I12,DS001,2026-07-08,12,Night,9,10,9,0,1,675,0.0,P_DS001_007|P_DS001_013|P_DS001_016|P_DS001_019|P_DS001_022|P_DS001_025|P_DS001_028|P_DS001_034|P_DS001_001,,P_DS001_004,9.0,675,1450,0.0,48.0
DS001_20260708_I13,DS001,2026-07-08,13,Morning,15,10,3,2,5,225,1.0,P_DS001_013|P_DS001_016|P_DS001_019,P_DS001_022|P_DS001_025,P_DS001_028|P_DS001_034|P_DS001_001|P_DS001_004|P_DS001_007,3.0,225,1225,1.0,47.0
DS001_20260708_I14,DS001,2026-07-08,14,Morning,17,10,3,2,5,225,1.0,P_DS001_016|P_DS001_019|P_DS001_022,P_DS001_025|P_DS001_028,P_DS001_034|P_DS001_001|P_DS001_004|P_DS001_007|P_DS001_013,3.4,225,1000,1.0,46.0
DS001_20260708_I15,DS001,2026-07-08,15,Morning,23,10,3,2,5,225,1.0,P_DS001_019|P_DS001_022|P_DS001_025,P_DS001_028|P_DS001_034,P_DS001_001|P_DS001_004|P_DS001_007|P_DS001_013|P_DS001_016,4.6,225,775,1.0,45.0
DS001_20260708_I16,DS001,2026-07-08,16,Morning,40,10,3,2,5,225,1.0,P_DS001_022|P_DS001_025|P_DS001_028,P_DS001_034|P_DS001_001,P_DS001_004|P_DS001_007|P_DS001_013|P_DS001_016|P_DS001_019,8.0,225,550,1.0,44.0
DS001_20260708_I17,DS001,2026-07-08,17,Morning,54,20,3,2,15,225,1.0,P_DS001_032|P_DS001_034|P_DS001_035,P_DS001_001|P_DS001_002,P_DS001_004|P_DS001_007|P_DS001_008|P_DS001_011|P_DS001_013|P_DS001_014|P_DS001_016|P_DS001_019|P_DS001_020|P_DS001_022|P_DS001_023|P_DS001_025|P_DS001_026|P_DS001_028|P_DS001_029,3.6,225,325,1.0,43.0
DS001_20260708_I18,DS001,2026-07-08,18,Morning,46,19,3,2,14,225,1.0,P_DS001_035|P_DS001_001|P_DS001_002,P_DS001_004|P_DS001_007,P_DS001_008|P_DS001_011|P_DS001_013|P_DS001_014|P_DS001_016|P_DS001_019|P_DS001_020|P_DS001_022|P_DS001_023|P_DS001_025|P_DS001_026|P_DS001_029|P_DS001_032|P_DS001_034,3.2857142857142856,225,100,1.0,42.0
DS001_20260708_I19,DS001,2026-07-08,19,Morning,55,10,0,2,8,0,1.0,,P_DS001_035|P_DS001_002,P_DS001_008|P_DS001_011|P_DS001_014|P_DS001_020|P_DS001_023|P_DS001_026|P_DS001_029|P_DS001_032,6.875,0,100,1.0,41.0
DS001_20260708_I20,DS001,2026-07-08,20,Morning,48,10,0,2,8,0,1.0,,P_DS001_002|P_DS001_008,P_DS001_011|P_DS001_014|P_DS001_020|P_DS001_023|P_DS001_026|P_DS001_029|P_DS001_032|P_DS001_035,6.0,0,100,1.0,40.0
DS001_20260708_I21,DS001,2026-07-08,21,Morning,35,10,0,2,8,0,1.0,,P_DS001_008|P_DS001_011,P_DS001_014|P_DS001_020|P_DS001_023|P_DS001_026|P_DS001_029|P_DS001_032|P_DS001_035|P_DS001_002,4.375,0,100,1.0,39.0
DS001_20260708_I22,DS001,2026-07-08,22,Morning,41,10,0,2,8,0,1.0,,P_DS001_011|P_DS001_014,P_DS001_020|P_DS001_023|P_DS001_026|P_DS001_029|P_DS001_032|P_DS001_035|P_DS001_002|P_DS001_008,5.125,0,100,1.0,38.0
DS001_20260708_I23,DS001,2026-07-08,23,Lunch,64,10,0,0,10,0,0.0,,,P_DS001_014|P_DS001_020|P_DS001_023|P_DS001_026|P_DS001_029|P_DS001_032|P_DS001_035|P_DS001_002|P_DS001_008|P_DS001_011,6.4,0,100,0.0,38.0
DS001_20260708_I24,DS001,2026-07-08,24,Lunch,57,10,0,0,10,0,0.0,,,P_DS001_020|P_DS001_023|P_DS001_026|P_DS001_029|P_DS001_032|P_DS001_035|P_DS001_002|P_DS001_008|P_DS001_011|P_DS001_014,5.7,0,100,0.0,38.0
DS001_20260708_I25,DS001,2026-07-08,25,Lunch,93,10,0,0,10,0,0.0,,,P_DS001_023|P_DS001_026|P_DS001_029|P_DS001_032|P_DS001_035|P_DS001_002|P_DS001_008|P_DS001_011|P_DS001_014|P_DS001_020,9.3,0,100,0.0,38.0
DS001_20260708_I26,DS001,2026-07-08,26,Lunch,108,10,0,0,10,0,0.0,,,P_DS001_026|P_DS001_029|P_DS001_032|P_DS001_035|P_DS001_002|P_DS001_008|P_DS001_011|P_DS001_014|P_DS001_020|P_DS001_023,10.8,0,100,0.0,38.0
DS001_20260708_I27,DS001,2026-07-08,27,Lunch,111,10,0,0,10,0,0.0,,,P_DS001_029|P_DS001_032|P_DS001_035|P_DS001_002|P_DS001_008|P_DS001_011|P_DS001_014|P_DS001_020|P_DS001_023|P_DS001_026,11.1,0,100,0.0,38.0
DS001_20260708_I28,DS001,2026-07-08,28,Lunch,116,10,0,0,10,0,0.0,,,P_DS001_032|P_DS001_035|P_DS001_002|P_DS001_008|P_DS001_011|P_DS001_014|P_DS001_020|P_DS001_023|P_DS001_026|P_DS001_029,11.6,0,100,0.0,38.0
DS001_20260708_I29,DS001,2026-07-08,29,Lunch,70,10,0,0,10,0,0.0,,,P_DS001_035|P_DS001_002|P_DS001_008|P_DS001_011|P_DS001_014|P_DS001_020|P_DS001_023|P_DS001_026|P_DS001_029|P_DS001_032,7.0,0,100,0.0,38.0
DS001_20260708_I30,DS001,2026-07-08,30,Lunch,60,10,0,0,10,0,0.0,,,P_DS001_002|P_DS001_008|P_DS001_011|P_DS001_014|P_DS001_020|P_DS001_023|P_DS001_026|P_DS001_029|P_DS001_032|P_DS001_035,6.0,0,100,0.0,38.0
DS001_20260708_I31,DS001,2026-07-08,31,Afternoon,48,10,0,2,8,0,1.0,,P_DS001_008|P_DS001_011,P_DS001_014|P_DS001_020|P_DS001_023|P_DS001_026|P_DS001_029|P_DS001_032|P_DS001_035|P_DS001_002,6.0,0,100,1.0,37.0
DS001_20260708_I32,DS001,2026-07-08,32,Afternoon,38,10,0,2,8,0,1.0,,P_DS001_011|P_DS001_014,P_DS001_020|P_DS001_023|P_DS001_026|P_DS001_029|P_DS001_032|P_DS001_035|P_DS001_002|P_DS001_008,4.75,0,100,1.0,36.0
DS001_20260708_I33,DS001,2026-07-08,33,Afternoon,27,19,0,2,17,0,1.0,,P_DS001_029|P_DS001_030,P_DS001_032|P_DS001_033|P_DS001_035|P_DS001_002|P_DS001_006|P_DS001_008|P_DS001_009|P_DS001_011|P_DS001_012|P_DS001_014|P_DS001_015|P_DS001_018|P_DS001_020|P_DS001_021|P_DS001_023|P_DS001_026|P_DS001_027,1.588235294117647,0,100,1.0,35.0
DS001_20260708_I34,DS001,2026-07-08,34,Afternoon,32,19,0,2,17,0,1.0,,P_DS001_030|P_DS001_032,P_DS001_033|P_DS001_035|P_DS001_002|P_DS001_006|P_DS001_008|P_DS001_009|P_DS001_011|P_DS001_012|P_DS001_014|P_DS001_015|P_DS001_018|P_DS001_020|P_DS001_021|P_DS001_023|P_DS001_026|P_DS001_027|P_DS001_029,1.8823529411764706,0,100,1.0,34.0
DS001_20260708_I35,DS001,2026-07-08,35,Afternoon,45,9,0,2,7,0,1.0,,P_DS001_033|P_DS001_006,P_DS001_009|P_DS001_012|P_DS001_015|P_DS001_018|P_DS001_021|P_DS001_027|P_DS001_030,6.428571428571429,0,100,1.0,33.0
DS001_20260708_I36,DS001,2026-07-08,36,Afternoon,60,9,0,2,7,0,1.0,,P_DS001_006|P_DS001_009,P_DS001_012|P_DS001_015|P_DS001_018|P_DS001_021|P_DS001_027|P_DS001_030|P_DS001_033,8.571428571428571,0,100,1.0,32.0
DS001_20260708_I37,DS001,2026-07-08,37,Evening,84,9,0,0,9,0,0.0,,,P_DS001_009|P_DS001_012|P_DS001_015|P_DS001_018|P_DS001_021|P_DS001_027|P_DS001_030|P_DS001_033|P_DS001_006,9.333333333333334,0,100,0.0,32.0
DS001_20260708_I38,DS001,2026-07-08,38,Evening,100,9,0,0,9,0,0.0,,,P_DS001_012|P_DS001_015|P_DS001_018|P_DS001_021|P_DS001_027|P_DS001_030|P_DS001_033|P_DS001_006|P_DS001_009,11.11111111111111,0,100,0.0,32.0
DS001_20260708_I39,DS001,2026-07-08,39,Evening,128,9,0,0,9,0,0.0,,,P_DS001_015|P_DS001_018|P_DS001_021|P_DS001_027|P_DS001_030|P_DS001_033|P_DS001_006|P_DS001_009|P_DS001_012,14.222222222222221,0,100,0.0,32.0
DS001_20260708_I40,DS001,2026-07-08,40,Evening,110,9,0,0,9,0,0.0,,,P_DS001_018|P_DS001_021|P_DS001_027|P_DS001_030|P_DS001_033|P_DS001_006|P_DS001_009|P_DS001_012|P_DS001_015,12.222222222222221,0,100,0.0,32.0
DS001_20260708_I41,DS001,2026-07-08,41,Evening,139,9,0,0,9,0,0.0,,,P_DS001_021|P_DS001_027|P_DS001_030|P_DS001_033|P_DS001_006|P_DS001_009|P_DS001_012|P_DS001_015|P_DS001_018,15.444444444444445,0,100,0.0,32.0
DS001_20260708_I42,DS001,2026-07-08,42,Evening,102,9,0,0,9,0,0.0,,,P_DS001_027|P_DS001_030|P_DS001_033|P_DS001_006|P_DS001_009|P_DS001_012|P_DS001_015|P_DS001_018|P_DS001_021,11.333333333333334,0,100,0.0,32.0
DS001_20260708_I43,DS001,2026-07-08,43,Evening,119,9,0,0,9,0,0.0,,,P_DS001_030|P_DS001_033|P_DS001_006|P_DS001_009|P_DS001_012|P_DS001_015|P_DS001_018|P_DS001_021|P_DS001_027,13.222222222222221,0,100,0.0,32.0
DS001_20260708_I44,DS001,2026-07-08,44,Evening,93,9,0,0,9,0,0.0,,,P_DS001_033|P_DS001_006|P_DS001_009|P_DS001_012|P_DS001_015|P_DS001_018|P_DS001_021|P_DS001_027|P_DS001_030,10.333333333333334,0,100,0.0,32.0
DS001_20260708_I45,DS001,2026-07-08,45,Evening,71,9,0,0,9,0,0.0,,,P_DS001_006|P_DS001_009|P_DS001_012|P_DS001_015|P_DS001_018|P_DS001_021|P_DS001_027|P_DS001_030|P_DS001_033,7.888888888888889,0,100,0.0,32.0
DS001_20260708_I46,DS001,2026-07-08,46,Evening,45,9,0,0,9,0,0.0,,,P_DS001_009|P_DS001_012|P_DS001_015|P_DS001_018|P_DS001_021|P_DS001_027|P_DS001_030|P_DS001_033|P_DS001_006,5.0,0,100,0.0,32.0
DS001_20260708_I47,DS001,2026-07-08,47,Late Night,38,9,0,2,7,0,1.0,,P_DS001_012|P_DS001_015,P_DS001_018|P_DS001_021|P_DS001_027|P_DS001_030|P_DS001_033|P_DS001_006|P_DS001_009,5.428571428571429,0,100,1.0,31.0
DS001_20260708_I48,DS001,2026-07-08,48,Late Night,29,9,0,2,7,0,1.0,,P_DS001_015|P_DS001_018,P_DS001_021|P_DS001_027|P_DS001_030|P_DS001_033|P_DS001_006|P_DS001_009|P_DS001_012,4.142857142857143,0,100,1.0,30.0
DS001_20260709_I01,DS001,2026-07-09,1,Night,8,19,12,2,5,900,1.0,P_DS001_009|P_DS001_012|P_DS001_015|P_DS001_018|P_DS001_021|P_DS001_027|P_DS001_030|P_DS001_033|P_DS001_001|P_DS001_007|P_DS001_010|P_DS001_013,P_DS001_016|P_DS001_019,P_DS001_022|P_DS001_028|P_DS001_031|P_DS001_034|P_DS001_006,1.6,900,9100,1.0,49.0
DS001_20260709_I02,DS001,2026-07-09,2,Night,7,19,12,2,5,900,1.0,P_DS001_012|P_DS001_015|P_DS001_018|P_DS001_021|P_DS001_027|P_DS001_030|P_DS001_033|P_DS001_001|P_DS001_007|P_DS001_010|P_DS001_013|P_DS001_016,P_DS001_019|P_DS001_022,P_DS001_028|P_DS001_031|P_DS001_034|P_DS001_006|P_DS001_009,1.4,900,8200,1.0,48.0
DS001_20260709_I03,DS001,2026-07-09,3,Night,16,10,9,0,1,675,0.0,P_DS001_013|P_DS001_016|P_DS001_019|P_DS001_022|P_DS001_028|P_DS001_031|P_DS001_034|P_DS001_001|P_DS001_007,,P_DS001_010,16.0,675,7525,0.0,48.0
DS001_20260709_I04,DS001,2026-07-09,4,Night,8,10,9,0,1,675,0.0,P_DS001_016|P_DS001_019|P_DS001_022|P_DS001_028|P_DS001_031|P_DS001_034|P_DS001_001|P_DS001_007|P_DS001_010,,P_DS001_013,8.0,675,6850,0.0,48.0
DS001_20260709_I05,DS001,2026-07-09,5,Night,11,10,9,0,1,675,0.0,P_DS001_019|P_DS001_022|P_DS001_028|P_DS001_031|P_DS001_034|P_DS001_001|P_DS001_007|P_DS001_010|P_DS001_013,,P_DS001_016,11.0,675,6175,0.0,48.0
DS001_20260709_I06,DS001,2026-07-09,6,Night,7,10,9,0,1,675,0.0,P_DS001_022|P_DS001_028|P_DS001_031|P_DS001_034|P_DS001_001|P_DS001_007|P_DS001_010|P_DS001_013|P_DS001_016,,P_DS001_019,7.0,675,5500,0.0,48.0
DS001_20260709_I07,DS001,2026-07-09,7,Night,10,10,9,0,1,675,0.0,P_DS001_028|P_DS001_031|P_DS001_034|P_DS001_001|P_DS001_007|P_DS001_010|P_DS001_013|P_DS001_016|P_DS001_019,,P_DS001_022,10.0,675,4825,0.0,48.0
DS001_20260709_I08,DS001,2026-07-09,8,Night,4,10,9,0,1,675,0.0,P_DS001_031|P_DS001_034|P_DS001_001|P_DS001_007|P_DS001_010|P_DS001_013|P_DS001_016|P_DS001_019|P_DS001_022,,P_DS001_028,4.0,675,4150,0.0,48.0
DS001_20260709_I09,DS001,2026-07-09,9,Night,5,10,9,0,1,675,0.0,P_DS001_034|P_DS001_001|P_DS001_007|P_DS001_010|P_DS001_013|P_DS001_016|P_DS001_019|P_DS001_022|P_DS001_028,,P_DS001_031,5.0,675,3475,0.0,48.0
DS001_20260709_I10,DS001,2026-07-09,10,Night,13,10,9,0,1,675,0.0,P_DS001_001|P_DS001_007|P_DS001_010|P_DS001_013|P_DS001_016|P_DS001_019|P_DS001_022|P_DS001_028|P_DS001_031,,P_DS001_034,13.0,675,2800,0.0,48.0
DS001_20260709_I11,DS001,2026-07-09,11,Night,17,10,9,0,1,675,0.0,P_DS001_007|P_DS001_010|P_DS001_013|P_DS001_016|P_DS001_019|P_DS001_022|P_DS001_028|P_DS001_031|P_DS001_034,,P_DS001_001,17.0,675,2125,0.0,48.0
DS001_20260709_I12,DS001,2026-07-09,12,Night,13,10,9,0,1,675,0.0,P_DS001_010|P_DS001_013|P_DS001_016|P_DS001_019|P_DS001_022|P_DS001_028|P_DS001_031|P_DS001_034|P_DS001_001,,P_DS001_007,13.0,675,1450,0.0,48.0
DS001_20260709_I13,DS001,2026-07-09,13,Morning,14,10,3,2,5,225,1.0,P_DS001_013|P_DS001_016|P_DS001_019,P_DS001_022|P_DS001_028,P_DS001_031|P_DS001_034|P_DS001_001|P_DS001_007|P_DS001_010,2.8,225,1225,1.0,47.0
DS001_20260709_I14,DS001,2026-07-09,14,Morning,25,10,3,2,5,225,1.0,P_DS001_016|P_DS001_019|P_DS001_022,P_DS001_028|P_DS001_031,P_DS001_034|P_DS001_001|P_DS001_007|P_DS001_010|P_DS001_013,5.0,225,1000,1.0,46.0
DS001_20260709_I15,DS001,2026-07-09,15,Morning,38,10,3,2,5,225,1.0,P_DS001_019|P_DS001_022|P_DS001_028,P_DS001_031|P_DS001_034,P_DS001_001|P_DS001_007|P_DS001_010|P_DS001_013|P_DS001_016,7.6,225,775,1.0,45.0
DS001_20260709_I16,DS001,2026-07-09,16,Morning,55,10,3,2,5,225,1.0,P_DS001_022|P_DS001_028|P_DS001_031,P_DS001_034|P_DS001_001,P_DS001_007|P_DS001_010|P_DS001_013|P_DS001_016|P_DS001_019,11.0,225,550,1.0,44.0
DS001_20260709_I17,DS001,2026-07-09,17,Morning,44,20,3,2,15,225,1.0,P_DS001_031|P_DS001_034|P_DS001_035,P_DS001_001|P_DS001_002,P_DS001_005|P_DS001_007|P_DS001_008|P_DS001_010|P_DS001_013|P_DS001_014|P_DS001_016|P_DS001_017|P_DS001_019|P_DS001_020|P_DS001_022|P_DS001_023|P_DS001_026|P_DS001_028|P_DS001_029,2.933333333333333,225,325,1.0,43.0
DS001_20260709_I18,DS001,2026-07-09,18,Morning,75,20,3,2,15,225,1.0,P_DS001_034|P_DS001_035|P_DS001_001,P_DS001_002|P_DS001_005,P_DS001_007|P_DS001_008|P_DS001_010|P_DS001_013|P_DS001_014|P_DS001_016|P_DS001_017|P_DS001_019|P_DS001_020|P_DS001_022|P_DS001_023|P_DS001_026|P_DS001_028|P_DS001_029|P_DS001_031,5.0,225,100,1.0,42.0
DS001_20260709_I19,DS001,2026-07-09,19,Morning,50,10,0,2,8,0,1.0,,P_DS001_035|P_DS001_002,P_DS001_005|P_DS001_008|P_DS001_014|P_DS001_017|P_DS001_020|P_DS001_023|P_DS001_026|P_DS001_029,6.25,0,100,1.0,41.0
DS001_20260709_I20,DS001,2026-07-09,20,Morning,49,10,0,2,8,0,1.0,,P_DS001_002|P_DS001_005,P_DS001_008|P_DS001_014|P_DS001_017|P_DS001_020|P_DS001_023|P_DS001_026|P_DS001_029|P_DS001_035,6.125,0,100,1.0,40.0
DS001_20260709_I21,DS001,2026-07-09,21,Morning,46,10,0,2,8,0,1.0,,P_DS001_005|P_DS001_008,P_DS001_014|P_DS001_017|P_DS001_020|P_DS001_023|P_DS001_026|P_DS001_029|P_DS001_035|P_DS001_002,5.75,0,100,1.0,39.0
DS001_20260709_I22,DS001,2026-07-09,22,Morning,49,10,0,2,8,0,1.0,,P_DS001_008|P_DS001_014,P_DS001_017|P_DS001_020|P_DS001_023|P_DS001_026|P_DS001_029|P_DS001_035|P_DS001_002|P_DS001_005,6.125,0,100,1.0,38.0
DS001_20260709_I23,DS001,2026-07-09,23,Lunch,64,10,0,0,10,0,0.0,,,P_DS001_014|P_DS001_017|P_DS001_020|P_DS001_023|P_DS001_026|P_DS001_029|P_DS001_035|P_DS001_002|P_DS001_005|P_DS001_008,6.4,0,100,0.0,38.0
DS001_20260709_I24,DS001,2026-07-09,24,Lunch,73,10,0,0,10,0,0.0,,,P_DS001_017|P_DS001_020|P_DS001_023|P_DS001_026|P_DS001_029|P_DS001_035|P_DS001_002|P_DS001_005|P_DS001_008|P_DS001_014,7.3,0,100,0.0,38.0
DS001_20260709_I25,DS001,2026-07-09,25,Lunch,106,10,0,0,10,0,0.0,,,P_DS001_020|P_DS001_023|P_DS001_026|P_DS001_029|P_DS001_035|P_DS001_002|P_DS001_005|P_DS001_008|P_DS001_014|P_DS001_017,10.6,0,100,0.0,38.0
DS001_20260709_I26,DS001,2026-07-09,26,Lunch,118,10,0,0,10,0,0.0,,,P_DS001_023|P_DS001_026|P_DS001_029|P_DS001_035|P_DS001_002|P_DS001_005|P_DS001_008|P_DS001_014|P_DS001_017|P_DS001_020,11.8,0,100,0.0,38.0
DS001_20260709_I27,DS001,2026-07-09,27,Lunch,119,10,0,0,10,0,0.0,,,P_DS001_026|P_DS001_029|P_DS001_035|P_DS001_002|P_DS001_005|P_DS001_008|P_DS001_014|P_DS001_017|P_DS001_020|P_DS001_023,11.9,0,100,0.0,38.0
DS001_20260709_I28,DS001,2026-07-09,28,Lunch,125,10,0,0,10,0,0.0,,,P_DS001_029|P_DS001_035|P_DS001_002|P_DS001_005|P_DS001_008|P_DS001_014|P_DS001_017|P_DS001_020|P_DS001_023|P_DS001_026,12.5,0,100,0.0,38.0
DS001_20260709_I29,DS001,2026-07-09,29,Lunch,93,10,0,0,10,0,0.0,,,P_DS001_035|P_DS001_002|P_DS001_005|P_DS001_008|P_DS001_014|P_DS001_017|P_DS001_020|P_DS001_023|P_DS001_026|P_DS001_029,9.3,0,100,0.0,38.0
DS001_20260709_I30,DS001,2026-07-09,30,Lunch,79,10,0,0,10,0,0.0,,,P_DS001_002|P_DS001_005|P_DS001_008|P_DS001_014|P_DS001_017|P_DS001_020|P_DS001_023|P_DS001_026|P_DS001_029|P_DS001_035,7.9,0,100,0.0,38.0
DS001_20260709_I31,DS001,2026-07-09,31,Afternoon,52,10,0,2,8,0,1.0,,P_DS001_005|P_DS001_008,P_DS001_014|P_DS001_017|P_DS001_020|P_DS001_023|P_DS001_026|P_DS001_029|P_DS001_035|P_DS001_002,6.5,0,100,1.0,37.0
DS001_20260709_I32,DS001,2026-07-09,32,Afternoon,45,10,0,2,8,0,1.0,,P_DS001_008|P_DS001_014,P_DS001_017|P_DS001_020|P_DS001_023|P_DS001_026|P_DS001_029|P_DS001_035|P_DS001_002|P_DS001_005,5.625,0,100,1.0,36.0
DS001_20260709_I33,DS001,2026-07-09,33,Afternoon,44,20,0,2,18,0,1.0,,P_DS001_026|P_DS001_027,P_DS001_029|P_DS001_030|P_DS001_033|P_DS001_035|P_DS001_036|P_DS001_002|P_DS001_003|P_DS001_005|P_DS001_006|P_DS001_008|P_DS001_009|P_DS001_012|P_DS001_014|P_DS001_015|P_DS001_017|P_DS001_020|P_DS001_023|P_DS001_024,2.4444444444444446,0,100,1.0,35.0
DS001_20260709_I34,DS001,2026-07-09,34,Afternoon,39,20,0,2,18,0,1.0,,P_DS001_027|P_DS001_029,P_DS001_030|P_DS001_033|P_DS001_035|P_DS001_036|P_DS001_002|P_DS001_003|P_DS001_005|P_DS001_006|P_DS001_008|P_DS001_009|P_DS001_012|P_DS001_014|P_DS001_015|P_DS001_020|P_DS001_021|P_DS001_023|P_DS001_024|P_DS001_026,2.1666666666666665,0,100,1.0,34.0
DS001_20260709_I35,DS001,2026-07-09,35,Afternoon,41,11,0,2,9,0,1.0,,P_DS001_009|P_DS001_012,P_DS001_015|P_DS001_021|P_DS001_024|P_DS001_027|P_DS001_030|P_DS001_033|P_DS001_036|P_DS001_003|P_DS001_006,4.555555555555555,0,100,1.0,33.0
DS001_20260709_I36,DS001,2026-07-09,36,Afternoon,74,11,0,2,9,0,1.0,,P_DS001_012|P_DS001_015,P_DS001_021|P_DS001_024|P_DS001_027|P_DS001_030|P_DS001_033|P_DS001_036|P_DS001_003|P_DS001_006|P_DS001_009,8.222222222222221,0,100,1.0,32.0
DS001_20260709_I37,DS001,2026-07-09,37,Evening,97,13,0,0,13,0,0.0,,,P_DS001_032|P_DS001_018|P_DS001_003|P_DS001_006|P_DS001_009|P_DS001_012|P_DS001_015|P_DS001_021|P_DS001_024|P_DS001_027|P_DS001_030|P_DS001_033|P_DS001_036,7.461538461538462,0,100,0.0,32.0
DS001_20260709_I38,DS001,2026-07-09,38,Evening,107,13,0,0,13,0,0.0,,,P_DS001_018|P_DS001_003|P_DS001_006|P_DS001_009|P_DS001_012|P_DS001_015|P_DS001_021|P_DS001_024|P_DS001_027|P_DS001_030|P_DS001_033|P_DS001_036|P_DS001_032,8.23076923076923,0,100,0.0,32.0
DS001_20260709_I39,DS001,2026-07-09,39,Evening,133,13,0,0,13,0,0.0,,,P_DS001_003|P_DS001_006|P_DS001_009|P_DS001_012|P_DS001_015|P_DS001_021|P_DS001_024|P_DS001_027|P_DS001_030|P_DS001_033|P_DS001_036|P_DS001_032|P_DS001_018,10.23076923076923,0,100,0.0,32.0
DS001_20260709_I40,DS001,2026-07-09,40,Evening,161,13,0,0,13,0,0.0,,,P_DS001_006|P_DS001_009|P_DS001_012|P_DS001_015|P_DS001_021|P_DS001_024|P_DS001_027|P_DS001_030|P_DS001_033|P_DS001_036|P_DS001_032|P_DS001_018|P_DS001_003,12.384615384615385,0,100,0.0,32.0
DS001_20260709_I41,DS001,2026-07-09,41,Evening,152,13,0,0,13,0,0.0,,,P_DS001_009|P_DS001_012|P_DS001_015|P_DS001_021|P_DS001_024|P_DS001_027|P_DS001_030|P_DS001_033|P_DS001_036|P_DS001_032|P_DS001_018|P_DS001_003|P_DS001_006,11.692307692307692,0,100,0.0,32.0
DS001_20260709_I42,DS001,2026-07-09,42,Evening,167,13,0,0,13,0,0.0,,,P_DS001_012|P_DS001_015|P_DS001_021|P_DS001_024|P_DS001_027|P_DS001_030|P_DS001_033|P_DS001_036|P_DS001_032|P_DS001_018|P_DS001_003|P_DS001_006|P_DS001_009,12.846153846153847,0,100,0.0,32.0
DS001_20260709_I43,DS001,2026-07-09,43,Evening,129,13,0,0,13,0,0.0,,,P_DS001_015|P_DS001_021|P_DS001_024|P_DS001_027|P_DS001_030|P_DS001_033|P_DS001_036|P_DS001_032|P_DS001_018|P_DS001_003|P_DS001_006|P_DS001_009|P_DS001_012,9.923076923076923,0,100,0.0,32.0
DS001_20260709_I44,DS001,2026-07-09,44,Evening,116,12,0,0,12,0,0.0,,,P_DS001_030|P_DS001_033|P_DS001_036|P_DS001_032|P_DS001_003|P_DS001_006|P_DS001_009|P_DS001_012|P_DS001_015|P_DS001_021|P_DS001_024|P_DS001_027,9.666666666666666,0,100,0.0,32.0
DS001_20260709_I45,DS001,2026-07-09,45,Evening,87,11,0,0,11,0,0.0,,,P_DS001_006|P_DS001_009|P_DS001_012|P_DS001_015|P_DS001_021|P_DS001_024|P_DS001_027|P_DS001_030|P_DS001_033|P_DS001_036|P_DS001_003,7.909090909090909,0,100,0.0,32.0
DS001_20260709_I46,DS001,2026-07-09,46,Evening,55,11,0,0,11,0,0.0,,,P_DS001_009|P_DS001_012|P_DS001_015|P_DS001_021|P_DS001_024|P_DS001_027|P_DS001_030|P_DS001_033|P_DS001_036|P_DS001_003|P_DS001_006,5.0,0,100,0.0,32.0
DS001_20260709_I47,DS001,2026-07-09,47,Late Night,48,11,0,2,9,0,1.0,,P_DS001_012|P_DS001_015,P_DS001_021|P_DS001_024|P_DS001_027|P_DS001_030|P_DS001_033|P_DS001_036|P_DS001_003|P_DS001_006|P_DS001_009,5.333333333333333,0,100,1.0,31.0
DS001_20260709_I48,DS001,2026-07-09,48,Late Night,21,11,0,2,9,0,1.0,,P_DS001_015|P_DS001_021,P_DS001_024|P_DS001_027|P_DS001_030|P_DS001_033|P_DS001_036|P_DS001_003|P_DS001_006|P_DS001_009|P_DS001_012,2.3333333333333335,0,100,1.0,30.0
DS001_20260710_I01,DS001,2026-07-10,1,Night,12,21,12,2,7,900,1.0,P_DS001_006|P_DS001_009|P_DS001_012|P_DS001_015|P_DS001_021|P_DS001_024|P_DS001_027|P_DS001_030|P_DS001_033|P_DS001_036|P_DS001_004|P_DS001_007,P_DS001_010|P_DS001_013,P_DS001_016|P_DS001_022|P_DS001_025|P_DS001_028|P_DS001_031|P_DS001_034|P_DS001_003,1.7142857142857142,900,9100,1.0,49.0
DS001_20260710_I02,DS001,2026-07-10,2,Night,10,21,12,2,7,900,1.0,P_DS001_009|P_DS001_012|P_DS001_015|P_DS001_021|P_DS001_024|P_DS001_027|P_DS001_030|P_DS001_033|P_DS001_036|P_DS001_004|P_DS001_007|P_DS001_010,P_DS001_013|P_DS001_016,P_DS001_022|P_DS001_025|P_DS001_028|P_DS001_031|P_DS001_034|P_DS001_003|P_DS001_006,1.4285714285714286,900,8200,1.0,48.0
DS001_20260710_I03,DS001,2026-07-10,3,Night,6,10,9,0,1,675,0.0,P_DS001_013|P_DS001_016|P_DS001_022|P_DS001_025|P_DS001_028|P_DS001_031|P_DS001_034|P_DS001_004|P_DS001_007,,P_DS001_010,6.0,675,7525,0.0,48.0
DS001_20260710_I04,DS001,2026-07-10,4,Night,9,10,9,0,1,675,0.0,P_DS001_016|P_DS001_022|P_DS001_025|P_DS001_028|P_DS001_031|P_DS001_034|P_DS001_004|P_DS001_007|P_DS001_010,,P_DS001_013,9.0,675,6850,0.0,48.0
DS001_20260710_I05,DS001,2026-07-10,5,Night,4,10,9,0,1,675,0.0,P_DS001_022|P_DS001_025|P_DS001_028|P_DS001_031|P_DS001_034|P_DS001_004|P_DS001_007|P_DS001_010|P_DS001_013,,P_DS001_016,4.0,675,6175,0.0,48.0
DS001_20260710_I06,DS001,2026-07-10,6,Night,7,10,9,0,1,675,0.0,P_DS001_025|P_DS001_028|P_DS001_031|P_DS001_034|P_DS001_004|P_DS001_007|P_DS001_010|P_DS001_013|P_DS001_016,,P_DS001_022,7.0,675,5500,0.0,48.0
DS001_20260710_I07,DS001,2026-07-10,7,Night,9,10,9,0,1,675,0.0,P_DS001_028|P_DS001_031|P_DS001_034|P_DS001_004|P_DS001_007|P_DS001_010|P_DS001_013|P_DS001_016|P_DS001_022,,P_DS001_025,9.0,675,4825,0.0,48.0
DS001_20260710_I08,DS001,2026-07-10,8,Night,10,10,9,0,1,675,0.0,P_DS001_031|P_DS001_034|P_DS001_004|P_DS001_007|P_DS001_010|P_DS001_013|P_DS001_016|P_DS001_022|P_DS001_025,,P_DS001_028,10.0,675,4150,0.0,48.0
DS001_20260710_I09,DS001,2026-07-10,9,Night,9,10,9,0,1,675,0.0,P_DS001_034|P_DS001_004|P_DS001_007|P_DS001_010|P_DS001_013|P_DS001_016|P_DS001_022|P_DS001_025|P_DS001_028,,P_DS001_031,9.0,675,3475,0.0,48.0
DS001_20260710_I10,DS001,2026-07-10,10,Night,6,10,9,0,1,675,0.0,P_DS001_004|P_DS001_007|P_DS001_010|P_DS001_013|P_DS001_016|P_DS001_022|P_DS001_025|P_DS001_028|P_DS001_031,,P_DS001_034,6.0,675,2800,0.0,48.0
DS001_20260710_I11,DS001,2026-07-10,11,Night,14,10,9,0,1,675,0.0,P_DS001_007|P_DS001_010|P_DS001_013|P_DS001_016|P_DS001_022|P_DS001_025|P_DS001_028|P_DS001_031|P_DS001_034,,P_DS001_004,14.0,675,2125,0.0,48.0
DS001_20260710_I12,DS001,2026-07-10,12,Night,14,10,9,0,1,675,0.0,P_DS001_010|P_DS001_013|P_DS001_016|P_DS001_022|P_DS001_025|P_DS001_028|P_DS001_031|P_DS001_034|P_DS001_004,,P_DS001_007,14.0,675,1450,0.0,48.0
DS001_20260710_I13,DS001,2026-07-10,13,Morning,12,10,3,2,5,225,1.0,P_DS001_013|P_DS001_016|P_DS001_022,P_DS001_025|P_DS001_028,P_DS001_031|P_DS001_034|P_DS001_004|P_DS001_007|P_DS001_010,2.4,225,1225,1.0,47.0
DS001_20260710_I14,DS001,2026-07-10,14,Morning,19,10,3,2,5,225,1.0,P_DS001_016|P_DS001_022|P_DS001_025,P_DS001_028|P_DS001_031,P_DS001_034|P_DS001_004|P_DS001_007|P_DS001_010|P_DS001_013,3.8,225,1000,1.0,46.0
DS001_20260710_I15,DS001,2026-07-10,15,Morning,23,10,3,2,5,225,1.0,P_DS001_022|P_DS001_025|P_DS001_028,P_DS001_031|P_DS001_034,P_DS001_004|P_DS001_007|P_DS001_010|P_DS001_013|P_DS001_016,4.6,225,775,1.0,45.0
DS001_20260710_I16,DS001,2026-07-10,16,Morning,39,10,3,2,5,225,1.0,P_DS001_025|P_DS001_028|P_DS001_031,P_DS001_034|P_DS001_004,P_DS001_007|P_DS001_010|P_DS001_013|P_DS001_016|P_DS001_022,7.8,225,550,1.0,44.0
DS001_20260710_I17,DS001,2026-07-10,17,Morning,49,18,3,2,13,225,1.0,P_DS001_035|P_DS001_002|P_DS001_004,P_DS001_007|P_DS001_010,P_DS001_011|P_DS001_013|P_DS001_014|P_DS001_016|P_DS001_017|P_DS001_022|P_DS001_023|P_DS001_025|P_DS001_028|P_DS001_029|P_DS001_031|P_DS001_032|P_DS001_034,3.769230769230769,225,325,1.0,43.0
DS001_20260710_I18,DS001,2026-07-10,18,Morning,64,20,3,2,15,225,1.0,P_DS001_034|P_DS001_035|P_DS001_002,P_DS001_004|P_DS001_007,P_DS001_008|P_DS001_010|P_DS001_011|P_DS001_013|P_DS001_014|P_DS001_016|P_DS001_017|P_DS001_020|P_DS001_022|P_DS001_023|P_DS001_025|P_DS001_028|P_DS001_029|P_DS001_031|P_DS001_032,4.266666666666667,225,100,1.0,42.0
DS001_20260710_I19,DS001,2026-07-10,19,Morning,41,10,0,2,8,0,1.0,,P_DS001_035|P_DS001_002,P_DS001_008|P_DS001_011|P_DS001_014|P_DS001_017|P_DS001_020|P_DS001_023|P_DS001_029|P_DS001_032,5.125,0,100,1.0,41.0
DS001_20260710_I20,DS001,2026-07-10,20,Morning,47,10,0,2,8,0,1.0,,P_DS001_002|P_DS001_008,P_DS001_011|P_DS001_014|P_DS001_017|P_DS001_020|P_DS001_023|P_DS001_029|P_DS001_032|P_DS001_035,5.875,0,100,1.0,40.0
DS001_20260710_I21,DS001,2026-07-10,21,Morning,44,10,0,2,8,0,1.0,,P_DS001_008|P_DS001_011,P_DS001_014|P_DS001_017|P_DS001_020|P_DS001_023|P_DS001_029|P_DS001_032|P_DS001_035|P_DS001_002,5.5,0,100,1.0,39.0
DS001_20260710_I22,DS001,2026-07-10,22,Morning,40,10,0,2,8,0,1.0,,P_DS001_011|P_DS001_014,P_DS001_017|P_DS001_020|P_DS001_023|P_DS001_029|P_DS001_032|P_DS001_035|P_DS001_002|P_DS001_008,5.0,0,100,1.0,38.0
DS001_20260710_I23,DS001,2026-07-10,23,Lunch,50,10,0,0,10,0,0.0,,,P_DS001_014|P_DS001_017|P_DS001_020|P_DS001_023|P_DS001_029|P_DS001_032|P_DS001_035|P_DS001_002|P_DS001_008|P_DS001_011,5.0,0,100,0.0,38.0
DS001_20260710_I24,DS001,2026-07-10,24,Lunch,60,10,0,0,10,0,0.0,,,P_DS001_017|P_DS001_020|P_DS001_023|P_DS001_029|P_DS001_032|P_DS001_035|P_DS001_002|P_DS001_008|P_DS001_011|P_DS001_014,6.0,0,100,0.0,38.0
DS001_20260710_I25,DS001,2026-07-10,25,Lunch,102,10,0,0,10,0,0.0,,,P_DS001_020|P_DS001_023|P_DS001_029|P_DS001_032|P_DS001_035|P_DS001_002|P_DS001_008|P_DS001_011|P_DS001_014|P_DS001_017,10.2,0,100,0.0,38.0
DS001_20260710_I26,DS001,2026-07-10,26,Lunch,102,10,0,0,10,0,0.0,,,P_DS001_023|P_DS001_029|P_DS001_032|P_DS001_035|P_DS001_002|P_DS001_008|P_DS001_011|P_DS001_014|P_DS001_017|P_DS001_020,10.2,0,100,0.0,38.0
DS001_20260710_I27,DS001,2026-07-10,27,Lunch,112,10,0,0,10,0,0.0,,,P_DS001_029|P_DS001_032|P_DS001_035|P_DS001_002|P_DS001_008|P_DS001_011|P_DS001_014|P_DS001_017|P_DS001_020|P_DS001_023,11.2,0,100,0.0,38.0
DS001_20260710_I28,DS001,2026-07-10,28,Lunch,88,10,0,0,10,0,0.0,,,P_DS001_032|P_DS001_035|P_DS001_002|P_DS001_008|P_DS001_011|P_DS001_014|P_DS001_017|P_DS001_020|P_DS001_023|P_DS001_029,8.8,0,100,0.0,38.0
DS001_20260710_I29,DS001,2026-07-10,29,Lunch,99,10,0,0,10,0,0.0,,,P_DS001_035|P_DS001_002|P_DS001_008|P_DS001_011|P_DS001_014|P_DS001_017|P_DS001_020|P_DS001_023|P_DS001_029|P_DS001_032,9.9,0,100,0.0,38.0
DS001_20260710_I30,DS001,2026-07-10,30,Lunch,53,10,0,0,10,0,0.0,,,P_DS001_002|P_DS001_008|P_DS001_011|P_DS001_014|P_DS001_017|P_DS001_020|P_DS001_023|P_DS001_029|P_DS001_032|P_DS001_035,5.3,0,100,0.0,38.0
DS001_20260710_I31,DS001,2026-07-10,31,Afternoon,45,10,0,2,8,0,1.0,,P_DS001_008|P_DS001_011,P_DS001_014|P_DS001_017|P_DS001_020|P_DS001_023|P_DS001_029|P_DS001_032|P_DS001_035|P_DS001_002,5.625,0,100,1.0,37.0
DS001_20260710_I32,DS001,2026-07-10,32,Afternoon,41,10,0,2,8,0,1.0,,P_DS001_011|P_DS001_014,P_DS001_017|P_DS001_020|P_DS001_023|P_DS001_029|P_DS001_032|P_DS001_035|P_DS001_002|P_DS001_008,5.125,0,100,1.0,36.0
DS001_20260710_I33,DS001,2026-07-10,33,Afternoon,31,20,0,2,18,0,1.0,,P_DS001_024|P_DS001_027,P_DS001_029|P_DS001_030|P_DS001_032|P_DS001_035|P_DS001_036|P_DS001_002|P_DS001_003|P_DS001_006|P_DS001_008|P_DS001_009|P_DS001_011|P_DS001_014|P_DS001_015|P_DS001_017|P_DS001_018|P_DS001_020|P_DS001_021|P_DS001_023,1.7222222222222223,0,100,1.0,35.0
DS001_20260710_I34,DS001,2026-07-10,34,Afternoon,44,20,0,2,18,0,1.0,,P_DS001_027|P_DS001_029,P_DS001_030|P_DS001_032|P_DS001_035|P_DS001_036|P_DS001_002|P_DS001_003|P_DS001_006|P_DS001_008|P_DS001_009|P_DS001_011|P_DS001_014|P_DS001_015|P_DS001_017|P_DS001_018|P_DS001_020|P_DS001_021|P_DS001_023|P_DS001_024,2.4444444444444446,0,100,1.0,34.0
DS001_20260710_I35,DS001,2026-07-10,35,Afternoon,47,10,0,2,8,0,1.0,,P_DS001_021|P_DS001_024,P_DS001_027|P_DS001_030|P_DS001_036|P_DS001_003|P_DS001_006|P_DS001_009|P_DS001_015|P_DS001_018,5.875,0,100,1.0,33.0
DS001_20260710_I36,DS001,2026-07-10,36,Afternoon,52,10,0,2,8,0,1.0,,P_DS001_024|P_DS001_027,P_DS001_030|P_DS001_036|P_DS001_003|P_DS001_006|P_DS001_009|P_DS001_015|P_DS001_018|P_DS001_021,6.5,0,100,1.0,32.0
DS001_20260710_I37,DS001,2026-07-10,37,Evening,64,10,0,0,10,0,0.0,,,P_DS001_027|P_DS001_030|P_DS001_036|P_DS001_003|P_DS001_006|P_DS001_009|P_DS001_015|P_DS001_018|P_DS001_021|P_DS001_024,6.4,0,100,0.0,32.0
DS001_20260710_I38,DS001,2026-07-10,38,Evening,90,10,0,0,10,0,0.0,,,P_DS001_030|P_DS001_036|P_DS001_003|P_DS001_006|P_DS001_009|P_DS001_015|P_DS001_018|P_DS001_021|P_DS001_024|P_DS001_027,9.0,0,100,0.0,32.0
DS001_20260710_I39,DS001,2026-07-10,39,Evening,123,10,0,0,10,0,0.0,,,P_DS001_036|P_DS001_003|P_DS001_006|P_DS001_009|P_DS001_015|P_DS001_018|P_DS001_021|P_DS001_024|P_DS001_027|P_DS001_030,12.3,0,100,0.0,32.0
DS001_20260710_I40,DS001,2026-07-10,40,Evening,125,10,0,0,10,0,0.0,,,P_DS001_003|P_DS001_006|P_DS001_009|P_DS001_015|P_DS001_018|P_DS001_021|P_DS001_024|P_DS001_027|P_DS001_030|P_DS001_036,12.5,0,100,0.0,32.0
DS001_20260710_I41,DS001,2026-07-10,41,Evening,161,10,0,0,10,0,0.0,,,P_DS001_006|P_DS001_009|P_DS001_015|P_DS001_018|P_DS001_021|P_DS001_024|P_DS001_027|P_DS001_030|P_DS001_036|P_DS001_003,16.1,0,100,0.0,32.0
DS001_20260710_I42,DS001,2026-07-10,42,Evening,128,10,0,0,10,0,0.0,,,P_DS001_009|P_DS001_015|P_DS001_018|P_DS001_021|P_DS001_024|P_DS001_027|P_DS001_030|P_DS001_036|P_DS001_003|P_DS001_006,12.8,0,100,0.0,32.0
DS001_20260710_I43,DS001,2026-07-10,43,Evening,109,10,0,0,10,0,0.0,,,P_DS001_015|P_DS001_018|P_DS001_021|P_DS001_024|P_DS001_027|P_DS001_030|P_DS001_036|P_DS001_003|P_DS001_006|P_DS001_009,10.9,0,100,0.0,32.0
DS001_20260710_I44,DS001,2026-07-10,44,Evening,106,10,0,0,10,0,0.0,,,P_DS001_018|P_DS001_021|P_DS001_024|P_DS001_027|P_DS001_030|P_DS001_036|P_DS001_003|P_DS001_006|P_DS001_009|P_DS001_015,10.6,0,100,0.0,32.0
DS001_20260710_I45,DS001,2026-07-10,45,Evening,82,10,0,0,10,0,0.0,,,P_DS001_021|P_DS001_024|P_DS001_027|P_DS001_030|P_DS001_036|P_DS001_003|P_DS001_006|P_DS001_009|P_DS001_015|P_DS001_018,8.2,0,100,0.0,32.0
DS001_20260710_I46,DS001,2026-07-10,46,Evening,62,10,0,0,10,0,0.0,,,P_DS001_024|P_DS001_027|P_DS001_030|P_DS001_036|P_DS001_003|P_DS001_006|P_DS001_009|P_DS001_015|P_DS001_018|P_DS001_021,6.2,0,100,0.0,32.0
DS001_20260710_I47,DS001,2026-07-10,47,Late Night,37,10,0,2,8,0,1.0,,P_DS001_027|P_DS001_030,P_DS001_036|P_DS001_003|P_DS001_006|P_DS001_009|P_DS001_015|P_DS001_018|P_DS001_021|P_DS001_024,4.625,0,100,1.0,31.0
DS001_20260710_I48,DS001,2026-07-10,48,Late Night,30,10,0,2,8,0,1.0,,P_DS001_030|P_DS001_036,P_DS001_003|P_DS001_006|P_DS001_009|P_DS001_015|P_DS001_018|P_DS001_021|P_DS001_024|P_DS001_027,3.75,0,100,1.0,30.0
DS001_20260711_I01,DS001,2026-07-11,1,Night,7,19,12,2,5,900,1.0,P_DS001_006|P_DS001_009|P_DS001_015|P_DS001_018|P_DS001_021|P_DS001_024|P_DS001_027|P_DS001_030|P_DS001_036|P_DS001_001|P_DS001_004|P_DS001_007,P_DS001_010|P_DS001_016,P_DS001_019|P_DS001_022|P_DS001_028|P_DS001_031|P_DS001_003,1.4,900,9100,1.0,49.0
DS001_20260711_I02,DS001,2026-07-11,2,Night,6,16,12,2,2,900,1.0,P_DS001_009|P_DS001_024|P_DS001_027|P_DS001_030|P_DS001_036|P_DS001_001|P_DS001_004|P_DS001_007|P_DS001_010|P_DS001_016|P_DS001_019|P_DS001_022,P_DS001_028|P_DS001_031,P_DS001_003|P_DS001_006,3.0,900,8200,1.0,48.0
DS001_20260711_I03,DS001,2026-07-11,3,Night,7,9,8,0,1,600,0.0,P_DS001_010|P_DS001_016|P_DS001_019|P_DS001_022|P_DS001_028|P_DS001_031|P_DS001_001|P_DS001_004,,P_DS001_007,7.0,600,7600,0.0,48.0
DS001_20260711_I04,DS001,2026-07-11,4,Night,7,9,8,0,1,600,0.0,P_DS001_016|P_DS001_019|P_DS001_022|P_DS001_028|P_DS001_031|P_DS001_001|P_DS001_004|P_DS001_007,,P_DS001_010,7.0,600,7000,0.0,48.0
DS001_20260711_I05,DS001,2026-07-11,5,Night,17,9,8,0,1,600,0.0,P_DS001_019|P_DS001_022|P_DS001_028|P_DS001_031|P_DS001_001|P_DS001_004|P_DS001_007|P_DS001_010,,P_DS001_016,17.0,600,6400,0.0,48.0
DS001_20260711_I06,DS001,2026-07-11,6,Night,10,9,8,0,1,600,0.0,P_DS001_022|P_DS001_028|P_DS001_031|P_DS001_001|P_DS001_004|P_DS001_007|P_DS001_010|P_DS001_016,,P_DS001_019,10.0,600,5800,0.0,48.0
DS001_20260711_I07,DS001,2026-07-11,7,Night,11,9,8,0,1,600,0.0,P_DS001_028|P_DS001_031|P_DS001_001|P_DS001_004|P_DS001_007|P_DS001_010|P_DS001_016|P_DS001_019,,P_DS001_022,11.0,600,5200,0.0,48.0
DS001_20260711_I08,DS001,2026-07-11,8,Night,5,9,8,0,1,600,0.0,P_DS001_031|P_DS001_001|P_DS001_004|P_DS001_007|P_DS001_010|P_DS001_016|P_DS001_019|P_DS001_022,,P_DS001_028,5.0,600,4600,0.0,48.0
DS001_20260711_I09,DS001,2026-07-11,9,Night,14,9,8,0,1,600,0.0,P_DS001_001|P_DS001_004|P_DS001_007|P_DS001_010|P_DS001_016|P_DS001_019|P_DS001_022|P_DS001_028,,P_DS001_031,14.0,600,4000,0.0,48.0
DS001_20260711_I10,DS001,2026-07-11,10,Night,5,9,8,0,1,600,0.0,P_DS001_004|P_DS001_007|P_DS001_010|P_DS001_016|P_DS001_019|P_DS001_022|P_DS001_028|P_DS001_031,,P_DS001_001,5.0,600,3400,0.0,48.0
DS001_20260711_I11,DS001,2026-07-11,11,Night,5,9,8,0,1,600,0.0,P_DS001_007|P_DS001_010|P_DS001_016|P_DS001_019|P_DS001_022|P_DS001_028|P_DS001_031|P_DS001_001,,P_DS001_004,5.0,600,2800,0.0,48.0
DS001_20260711_I12,DS001,2026-07-11,12,Night,8,9,8,0,1,600,0.0,P_DS001_010|P_DS001_016|P_DS001_019|P_DS001_022|P_DS001_028|P_DS001_031|P_DS001_001|P_DS001_004,,P_DS001_007,8.0,600,2200,0.0,48.0
DS001_20260711_I13,DS001,2026-07-11,13,Morning,9,9,3,2,4,225,1.0,P_DS001_016|P_DS001_019|P_DS001_022,P_DS001_028|P_DS001_031,P_DS001_001|P_DS001_004|P_DS001_007|P_DS001_010,2.25,225,1975,1.0,47.0
DS001_20260711_I14,DS001,2026-07-11,14,Morning,7,9,3,2,4,225,1.0,P_DS001_019|P_DS001_022|P_DS001_028,P_DS001_031|P_DS001_001,P_DS001_004|P_DS001_007|P_DS001_010|P_DS001_016,1.75,225,1750,1.0,46.0
DS001_20260711_I15,DS001,2026-07-11,15,Morning,16,9,3,2,4,225,1.0,P_DS001_022|P_DS001_028|P_DS001_031,P_DS001_001|P_DS001_004,P_DS001_007|P_DS001_010|P_DS001_016|P_DS001_019,4.0,225,1525,1.0,45.0
DS001_20260711_I16,DS001,2026-07-11,16,Morning,19,9,3,2,4,225,1.0,P_DS001_028|P_DS001_031|P_DS001_001,P_DS001_004|P_DS001_007,P_DS001_010|P_DS001_016|P_DS001_019|P_DS001_022,4.75,225,1300,1.0,44.0
DS001_20260711_I17,DS001,2026-07-11,17,Morning,24,19,3,2,14,225,1.0,P_DS001_032|P_DS001_035|P_DS001_001,P_DS001_002|P_DS001_004,P_DS001_005|P_DS001_007|P_DS001_008|P_DS001_010|P_DS001_011|P_DS001_014|P_DS001_016|P_DS001_017|P_DS001_019|P_DS001_022|P_DS001_023|P_DS001_028|P_DS001_029|P_DS001_031,1.7142857142857142,225,1075,1.0,43.0
DS001_20260711_I18,DS001,2026-07-11,18,Morning,52,19,3,2,14,225,1.0,P_DS001_035|P_DS001_001|P_DS001_002,P_DS001_004|P_DS001_005,P_DS001_007|P_DS001_008|P_DS001_010|P_DS001_011|P_DS001_014|P_DS001_016|P_DS001_017|P_DS001_019|P_DS001_022|P_DS001_023|P_DS001_028|P_DS001_029|P_DS001_031|P_DS001_032,3.7142857142857144,225,850,1.0,42.0
DS001_20260711_I19,DS001,2026-07-11,19,Morning,63,10,0,2,8,0,1.0,,P_DS001_035|P_DS001_002,P_DS001_005|P_DS001_008|P_DS001_011|P_DS001_014|P_DS001_017|P_DS001_023|P_DS001_029|P_DS001_032,7.875,0,850,1.0,41.0
DS001_20260711_I20,DS001,2026-07-11,20,Morning,65,10,0,2,8,0,1.0,,P_DS001_002|P_DS001_005,P_DS001_008|P_DS001_011|P_DS001_014|P_DS001_017|P_DS001_023|P_DS001_029|P_DS001_032|P_DS001_035,8.125,0,850,1.0,40.0
DS001_20260711_I21,DS001,2026-07-11,21,Morning,61,10,0,2,8,0,1.0,,P_DS001_005|P_DS001_008,P_DS001_011|P_DS001_014|P_DS001_017|P_DS001_023|P_DS001_029|P_DS001_032|P_DS001_035|P_DS001_002,7.625,0,850,1.0,39.0
DS001_20260711_I22,DS001,2026-07-11,22,Morning,60,10,0,2,8,0,1.0,,P_DS001_008|P_DS001_011,P_DS001_014|P_DS001_017|P_DS001_023|P_DS001_029|P_DS001_032|P_DS001_035|P_DS001_002|P_DS001_005,7.5,0,850,1.0,38.0
DS001_20260711_I23,DS001,2026-07-11,23,Lunch,67,10,0,0,10,0,0.0,,,P_DS001_011|P_DS001_014|P_DS001_017|P_DS001_023|P_DS001_029|P_DS001_032|P_DS001_035|P_DS001_002|P_DS001_005|P_DS001_008,6.7,0,850,0.0,38.0
DS001_20260711_I24,DS001,2026-07-11,24,Lunch,87,10,0,0,10,0,0.0,,,P_DS001_014|P_DS001_017|P_DS001_023|P_DS001_029|P_DS001_032|P_DS001_035|P_DS001_002|P_DS001_005|P_DS001_008|P_DS001_011,8.7,0,850,0.0,38.0
DS001_20260711_I25,DS001,2026-07-11,25,Lunch,98,10,0,0,10,0,0.0,,,P_DS001_017|P_DS001_023|P_DS001_029|P_DS001_032|P_DS001_035|P_DS001_002|P_DS001_005|P_DS001_008|P_DS001_011|P_DS001_014,9.8,0,850,0.0,38.0
DS001_20260711_I26,DS001,2026-07-11,26,Lunch,87,10,0,0,10,0,0.0,,,P_DS001_023|P_DS001_029|P_DS001_032|P_DS001_035|P_DS001_002|P_DS001_005|P_DS001_008|P_DS001_011|P_DS001_014|P_DS001_017,8.7,0,850,0.0,38.0
DS001_20260711_I27,DS001,2026-07-11,27,Lunch,105,10,0,0,10,0,0.0,,,P_DS001_029|P_DS001_032|P_DS001_035|P_DS001_002|P_DS001_005|P_DS001_008|P_DS001_011|P_DS001_014|P_DS001_017|P_DS001_023,10.5,0,850,0.0,38.0
DS001_20260711_I28,DS001,2026-07-11,28,Lunch,80,10,0,0,10,0,0.0,,,P_DS001_032|P_DS001_035|P_DS001_002|P_DS001_005|P_DS001_008|P_DS001_011|P_DS001_014|P_DS001_017|P_DS001_023|P_DS001_029,8.0,0,850,0.0,38.0
DS001_20260711_I29,DS001,2026-07-11,29,Lunch,102,10,0,0,10,0,0.0,,,P_DS001_035|P_DS001_002|P_DS001_005|P_DS001_008|P_DS001_011|P_DS001_014|P_DS001_017|P_DS001_023|P_DS001_029|P_DS001_032,10.2,0,850,0.0,38.0
DS001_20260711_I30,DS001,2026-07-11,30,Lunch,87,10,0,0,10,0,0.0,,,P_DS001_002|P_DS001_005|P_DS001_008|P_DS001_011|P_DS001_014|P_DS001_017|P_DS001_023|P_DS001_029|P_DS001_032|P_DS001_035,8.7,0,850,0.0,38.0
DS001_20260711_I31,DS001,2026-07-11,31,Afternoon,71,10,0,2,8,0,1.0,,P_DS001_005|P_DS001_008,P_DS001_011|P_DS001_014|P_DS001_017|P_DS001_023|P_DS001_029|P_DS001_032|P_DS001_035|P_DS001_002,8.875,0,850,1.0,37.0
DS001_20260711_I32,DS001,2026-07-11,32,Afternoon,67,10,0,2,8,0,1.0,,P_DS001_008|P_DS001_011,P_DS001_014|P_DS001_017|P_DS001_023|P_DS001_029|P_DS001_032|P_DS001_035|P_DS001_002|P_DS001_005,8.375,0,850,1.0,36.0
DS001_20260711_I33,DS001,2026-07-11,33,Afternoon,55,19,0,2,17,0,1.0,,P_DS001_030|P_DS001_032,P_DS001_033|P_DS001_035|P_DS001_036|P_DS001_002|P_DS001_003|P_DS001_005|P_DS001_008|P_DS001_009|P_DS001_011|P_DS001_012|P_DS001_014|P_DS001_015|P_DS001_017|P_DS001_021|P_DS001_023|P_DS001_024|P_DS001_029,3.235294117647059,0,850,1.0,35.0
DS001_20260711_I34,DS001,2026-07-11,34,Afternoon,69,20,0,2,18,0,1.0,,P_DS001_029|P_DS001_030,P_DS001_032|P_DS001_033|P_DS001_035|P_DS001_036|P_DS001_002|P_DS001_003|P_DS001_005|P_DS001_008|P_DS001_009|P_DS001_011|P_DS001_012|P_DS001_014|P_DS001_015|P_DS001_017|P_DS001_018|P_DS001_021|P_DS001_023|P_DS001_024,3.8333333333333335,0,850,1.0,34.0
DS001_20260711_I35,DS001,2026-07-11,35,Afternoon,73,10,0,2,8,0,1.0,,P_DS001_021|P_DS001_024,P_DS001_030|P_DS001_033|P_DS001_036|P_DS001_003|P_DS001_009|P_DS001_012|P_DS001_015|P_DS001_018,9.125,0,850,1.0,33.0
DS001_20260711_I36,DS001,2026-07-11,36,Afternoon,78,10,0,2,8,0,1.0,,P_DS001_024|P_DS001_030,P_DS001_033|P_DS001_036|P_DS001_003|P_DS001_009|P_DS001_012|P_DS001_015|P_DS001_018|P_DS001_021,9.75,0,850,1.0,32.0
DS001_20260711_I37,DS001,2026-07-11,37,Evening,96,13,0,0,13,0,0.0,,,P_DS001_013|P_DS001_034|P_DS001_003|P_DS001_009|P_DS001_012|P_DS001_015|P_DS001_018|P_DS001_021|P_DS001_024|P_DS001_030|P_DS001_033|P_DS001_036|P_DS001_006,7.384615384615385,0,850,0.0,32.0
DS001_20260711_I38,DS001,2026-07-11,38,Evening,93,13,0,0,13,0,0.0,,,P_DS001_034|P_DS001_003|P_DS001_009|P_DS001_012|P_DS001_015|P_DS001_018|P_DS001_021|P_DS001_024|P_DS001_030|P_DS001_033|P_DS001_036|P_DS001_006|P_DS001_013,7.153846153846154,0,850,0.0,32.0
DS001_20260711_I39,DS001,2026-07-11,39,Evening,126,13,0,0,13,0,0.0,,,P_DS001_003|P_DS001_009|P_DS001_012|P_DS001_015|P_DS001_018|P_DS001_021|P_DS001_024|P_DS001_030|P_DS001_033|P_DS001_036|P_DS001_006|P_DS001_013|P_DS001_034,9.692307692307692,0,850,0.0,32.0
DS001_20260711_I40,DS001,2026-07-11,40,Evening,117,13,0,0,13,0,0.0,,,P_DS001_009|P_DS001_012|P_DS001_015|P_DS001_018|P_DS001_021|P_DS001_024|P_DS001_030|P_DS001_033|P_DS001_036|P_DS001_006|P_DS001_013|P_DS001_034|P_DS001_003,9.0,0,850,0.0,32.0
DS001_20260711_I41,DS001,2026-07-11,41,Evening,134,13,0,0,13,0,0.0,,,P_DS001_012|P_DS001_015|P_DS001_018|P_DS001_021|P_DS001_024|P_DS001_030|P_DS001_033|P_DS001_036|P_DS001_006|P_DS001_013|P_DS001_034|P_DS001_003|P_DS001_009,10.307692307692308,0,850,0.0,32.0
DS001_20260711_I42,DS001,2026-07-11,42,Evening,128,13,0,0,13,0,0.0,,,P_DS001_015|P_DS001_018|P_DS001_021|P_DS001_024|P_DS001_030|P_DS001_033|P_DS001_036|P_DS001_006|P_DS001_013|P_DS001_034|P_DS001_003|P_DS001_009|P_DS001_012,9.846153846153847,0,850,0.0,32.0
DS001_20260711_I43,DS001,2026-07-11,43,Evening,103,13,0,0,13,0,0.0,,,P_DS001_018|P_DS001_021|P_DS001_024|P_DS001_030|P_DS001_033|P_DS001_036|P_DS001_006|P_DS001_013|P_DS001_034|P_DS001_003|P_DS001_009|P_DS001_012|P_DS001_015,7.923076923076923,0,850,0.0,32.0
DS001_20260711_I44,DS001,2026-07-11,44,Evening,98,13,0,0,13,0,0.0,,,P_DS001_021|P_DS001_024|P_DS001_030|P_DS001_033|P_DS001_036|P_DS001_006|P_DS001_013|P_DS001_034|P_DS001_003|P_DS001_009|P_DS001_012|P_DS001_015|P_DS001_018,7.538461538461538,0,850,0.0,32.0
DS001_20260711_I45,DS001,2026-07-11,45,Evening,92,10,0,0,10,0,0.0,,,P_DS001_021|P_DS001_024|P_DS001_030|P_DS001_033|P_DS001_036|P_DS001_003|P_DS001_009|P_DS001_012|P_DS001_015|P_DS001_018,9.2,0,850,0.0,32.0
DS001_20260711_I46,DS001,2026-07-11,46,Evening,73,10,0,0,10,0,0.0,,,P_DS001_024|P_DS001_030|P_DS001_033|P_DS001_036|P_DS001_003|P_DS001_009|P_DS001_012|P_DS001_015|P_DS001_018|P_DS001_021,7.3,0,850,0.0,32.0
DS001_20260711_I47,DS001,2026-07-11,47,Late Night,41,10,0,2,8,0,1.0,,P_DS001_030|P_DS001_033,P_DS001_036|P_DS001_003|P_DS001_009|P_DS001_012|P_DS001_015|P_DS001_018|P_DS001_021|P_DS001_024,5.125,0,850,1.0,31.0
DS001_20260711_I48,DS001,2026-07-11,48,Late Night,22,10,0,2,8,0,1.0,,P_DS001_033|P_DS001_036,P_DS001_003|P_DS001_009|P_DS001_012|P_DS001_015|P_DS001_018|P_DS001_021|P_DS001_024|P_DS001_030,2.75,0,850,1.0,30.0
DS001_20260712_I01,DS001,2026-07-12,1,Night,5,19,12,2,5,900,1.0,P_DS001_009|P_DS001_012|P_DS001_015|P_DS001_018|P_DS001_021|P_DS001_024|P_DS001_030|P_DS001_033|P_DS001_036|P_DS001_001|P_DS001_004|P_DS001_010,P_DS001_013|P_DS001_019,P_DS001_022|P_DS001_025|P_DS001_031|P_DS001_034|P_DS001_003,1.0,900,9100,1.0,49.0
DS001_20260712_I02,DS001,2026-07-12,2,Night,5,20,12,2,6,900,1.0,P_DS001_012|P_DS001_015|P_DS001_018|P_DS001_021|P_DS001_024|P_DS001_030|P_DS001_033|P_DS001_036|P_DS001_001|P_DS001_004|P_DS001_010|P_DS001_013,P_DS001_016|P_DS001_019,P_DS001_022|P_DS001_025|P_DS001_031|P_DS001_034|P_DS001_003|P_DS001_009,0.8333333333333334,900,8200,1.0,48.0
DS001_20260712_I03,DS001,2026-07-12,3,Night,10,10,9,0,1,675,0.0,P_DS001_013|P_DS001_016|P_DS001_019|P_DS001_022|P_DS001_025|P_DS001_031|P_DS001_034|P_DS001_001|P_DS001_004,,P_DS001_010,10.0,675,7525,0.0,48.0
DS001_20260712_I04,DS001,2026-07-12,4,Night,10,10,9,0,1,675,0.0,P_DS001_016|P_DS001_019|P_DS001_022|P_DS001_025|P_DS001_031|P_DS001_034|P_DS001_001|P_DS001_004|P_DS001_010,,P_DS001_013,10.0,675,6850,0.0,48.0
DS001_20260712_I05,DS001,2026-07-12,5,Night,13,10,9,0,1,675,0.0,P_DS001_019|P_DS001_022|P_DS001_025|P_DS001_031|P_DS001_034|P_DS001_001|P_DS001_004|P_DS001_010|P_DS001_013,,P_DS001_016,13.0,675,6175,0.0,48.0
DS001_20260712_I06,DS001,2026-07-12,6,Night,10,10,9,0,1,675,0.0,P_DS001_022|P_DS001_025|P_DS001_031|P_DS001_034|P_DS001_001|P_DS001_004|P_DS001_010|P_DS001_013|P_DS001_016,,P_DS001_019,10.0,675,5500,0.0,48.0
DS001_20260712_I07,DS001,2026-07-12,7,Night,9,10,9,0,1,675,0.0,P_DS001_025|P_DS001_031|P_DS001_034|P_DS001_001|P_DS001_004|P_DS001_010|P_DS001_013|P_DS001_016|P_DS001_019,,P_DS001_022,9.0,675,4825,0.0,48.0
DS001_20260712_I08,DS001,2026-07-12,8,Night,12,10,9,0,1,675,0.0,P_DS001_031|P_DS001_034|P_DS001_001|P_DS001_004|P_DS001_010|P_DS001_013|P_DS001_016|P_DS001_019|P_DS001_022,,P_DS001_025,12.0,675,4150,0.0,48.0
DS001_20260712_I09,DS001,2026-07-12,9,Night,7,10,9,0,1,675,0.0,P_DS001_034|P_DS001_001|P_DS001_004|P_DS001_010|P_DS001_013|P_DS001_016|P_DS001_019|P_DS001_022|P_DS001_025,,P_DS001_031,7.0,675,3475,0.0,48.0
DS001_20260712_I10,DS001,2026-07-12,10,Night,10,10,9,0,1,675,0.0,P_DS001_001|P_DS001_004|P_DS001_010|P_DS001_013|P_DS001_016|P_DS001_019|P_DS001_022|P_DS001_025|P_DS001_031,,P_DS001_034,10.0,675,2800,0.0,48.0
DS001_20260712_I11,DS001,2026-07-12,11,Night,5,10,9,0,1,675,0.0,P_DS001_004|P_DS001_010|P_DS001_013|P_DS001_016|P_DS001_019|P_DS001_022|P_DS001_025|P_DS001_031|P_DS001_034,,P_DS001_001,5.0,675,2125,0.0,48.0
DS001_20260712_I12,DS001,2026-07-12,12,Night,9,10,9,0,1,675,0.0,P_DS001_010|P_DS001_013|P_DS001_016|P_DS001_019|P_DS001_022|P_DS001_025|P_DS001_031|P_DS001_034|P_DS001_001,,P_DS001_004,9.0,675,1450,0.0,48.0
DS001_20260712_I13,DS001,2026-07-12,13,Morning,13,10,3,2,5,225,1.0,P_DS001_013|P_DS001_016|P_DS001_019,P_DS001_022|P_DS001_025,P_DS001_031|P_DS001_034|P_DS001_001|P_DS001_004|P_DS001_010,2.6,225,1225,1.0,47.0
DS001_20260712_I14,DS001,2026-07-12,14,Morning,6,10,3,2,5,225,1.0,P_DS001_016|P_DS001_019|P_DS001_022,P_DS001_025|P_DS001_031,P_DS001_034|P_DS001_001|P_DS001_004|P_DS001_010|P_DS001_013,1.2,225,1000,1.0,46.0
DS001_20260712_I15,DS001,2026-07-12,15,Morning,18,10,3,2,5,225,1.0,P_DS001_019|P_DS001_022|P_DS001_025,P_DS001_031|P_DS001_034,P_DS001_001|P_DS001_004|P_DS001_010|P_DS001_013|P_DS001_016,3.6,225,775,1.0,45.0
DS001_20260712_I16,DS001,2026-07-12,16,Morning,24,10,3,2,5,225,1.0,P_DS001_022|P_DS001_025|P_DS001_031,P_DS001_034|P_DS001_001,P_DS001_004|P_DS001_010|P_DS001_013|P_DS001_016|P_DS001_019,4.8,225,550,1.0,44.0
DS001_20260712_I17,DS001,2026-07-12,17,Morning,38,20,3,2,15,225,1.0,P_DS001_031|P_DS001_032|P_DS001_034,P_DS001_001|P_DS001_002,P_DS001_004|P_DS001_005|P_DS001_008|P_DS001_010|P_DS001_011|P_DS001_013|P_DS001_016|P_DS001_017|P_DS001_019|P_DS001_020|P_DS001_022|P_DS001_023|P_DS001_025|P_DS001_026|P_DS001_029,2.533333333333333,225,325,1.0,43.0
DS001_20260712_I18,DS001,2026-07-12,18,Morning,62,19,3,2,14,225,1.0,P_DS001_034|P_DS001_001|P_DS001_002,P_DS001_004|P_DS001_005,P_DS001_008|P_DS001_011|P_DS001_013|P_DS001_016|P_DS001_017|P_DS001_019|P_DS001_020|P_DS001_022|P_DS001_023|P_DS001_025|P_DS001_026|P_DS001_029|P_DS001_031|P_DS001_032,4.428571428571429,225,100,1.0,42.0
DS001_20260712_I19,DS001,2026-07-12,19,Morning,45,10,0,2,8,0,1.0,,P_DS001_032|P_DS001_002,P_DS001_005|P_DS001_008|P_DS001_011|P_DS001_017|P_DS001_020|P_DS001_023|P_DS001_026|P_DS001_029,5.625,0,100,1.0,41.0
DS001_20260712_I20,DS001,2026-07-12,20,Morning,71,10,0,2,8,0,1.0,,P_DS001_002|P_DS001_005,P_DS001_008|P_DS001_011|P_DS001_017|P_DS001_020|P_DS001_023|P_DS001_026|P_DS001_029|P_DS001_032,8.875,0,100,1.0,40.0
DS001_20260712_I21,DS001,2026-07-12,21,Morning,83,10,0,2,8,0,1.0,,P_DS001_005|P_DS001_008,P_DS001_011|P_DS001_017|P_DS001_020|P_DS001_023|P_DS001_026|P_DS001_029|P_DS001_032|P_DS001_002,10.375,0,100,1.0,39.0
DS001_20260712_I22,DS001,2026-07-12,22,Morning,87,10,0,2,8,0,1.0,,P_DS001_008|P_DS001_011,P_DS001_017|P_DS001_020|P_DS001_023|P_DS001_026|P_DS001_029|P_DS001_032|P_DS001_002|P_DS001_005,10.875,0,100,1.0,38.0
DS001_20260712_I23,DS001,2026-07-12,23,Lunch,78,10,0,0,10,0,0.0,,,P_DS001_011|P_DS001_017|P_DS001_020|P_DS001_023|P_DS001_026|P_DS001_029|P_DS001_032|P_DS001_002|P_DS001_005|P_DS001_008,7.8,0,100,0.0,38.0
DS001_20260712_I24,DS001,2026-07-12,24,Lunch,96,10,0,0,10,0,0.0,,,P_DS001_017|P_DS001_020|P_DS001_023|P_DS001_026|P_DS001_029|P_DS001_032|P_DS001_002|P_DS001_005|P_DS001_008|P_DS001_011,9.6,0,100,0.0,38.0
DS001_20260712_I25,DS001,2026-07-12,25,Lunch,99,10,0,0,10,0,0.0,,,P_DS001_020|P_DS001_023|P_DS001_026|P_DS001_029|P_DS001_032|P_DS001_002|P_DS001_005|P_DS001_008|P_DS001_011|P_DS001_017,9.9,0,100,0.0,38.0
DS001_20260712_I26,DS001,2026-07-12,26,Lunch,92,10,0,0,10,0,0.0,,,P_DS001_023|P_DS001_026|P_DS001_029|P_DS001_032|P_DS001_002|P_DS001_005|P_DS001_008|P_DS001_011|P_DS001_017|P_DS001_020,9.2,0,100,0.0,38.0
DS001_20260712_I27,DS001,2026-07-12,27,Lunch,106,10,0,0,10,0,0.0,,,P_DS001_026|P_DS001_029|P_DS001_032|P_DS001_002|P_DS001_005|P_DS001_008|P_DS001_011|P_DS001_017|P_DS001_020|P_DS001_023,10.6,0,100,0.0,38.0
DS001_20260712_I28,DS001,2026-07-12,28,Lunch,129,10,0,0,10,0,0.0,,,P_DS001_029|P_DS001_032|P_DS001_002|P_DS001_005|P_DS001_008|P_DS001_011|P_DS001_017|P_DS001_020|P_DS001_023|P_DS001_026,12.9,0,100,0.0,38.0
DS001_20260712_I29,DS001,2026-07-12,29,Lunch,89,10,0,0,10,0,0.0,,,P_DS001_032|P_DS001_002|P_DS001_005|P_DS001_008|P_DS001_011|P_DS001_017|P_DS001_020|P_DS001_023|P_DS001_026|P_DS001_029,8.9,0,100,0.0,38.0
DS001_20260712_I30,DS001,2026-07-12,30,Lunch,96,10,0,0,10,0,0.0,,,P_DS001_002|P_DS001_005|P_DS001_008|P_DS001_011|P_DS001_017|P_DS001_020|P_DS001_023|P_DS001_026|P_DS001_029|P_DS001_032,9.6,0,100,0.0,38.0
DS001_20260712_I31,DS001,2026-07-12,31,Afternoon,92,10,0,2,8,0,1.0,,P_DS001_005|P_DS001_008,P_DS001_011|P_DS001_017|P_DS001_020|P_DS001_023|P_DS001_026|P_DS001_029|P_DS001_032|P_DS001_002,11.5,0,100,1.0,37.0
DS001_20260712_I32,DS001,2026-07-12,32,Afternoon,82,10,0,2,8,0,1.0,,P_DS001_008|P_DS001_011,P_DS001_017|P_DS001_020|P_DS001_023|P_DS001_026|P_DS001_029|P_DS001_032|P_DS001_002|P_DS001_005,10.25,0,100,1.0,36.0
DS001_20260712_I33,DS001,2026-07-12,33,Afternoon,67,19,0,2,17,0,1.0,,P_DS001_029|P_DS001_030,P_DS001_032|P_DS001_033|P_DS001_036|P_DS001_002|P_DS001_003|P_DS001_005|P_DS001_008|P_DS001_009|P_DS001_011|P_DS001_012|P_DS001_015|P_DS001_017|P_DS001_018|P_DS001_020|P_DS001_023|P_DS001_026|P_DS001_027,3.9411764705882355,0,100,1.0,35.0
DS001_20260712_I34,DS001,2026-07-12,34,Afternoon,78,19,0,2,17,0,1.0,,P_DS001_030|P_DS001_032,P_DS001_033|P_DS001_036|P_DS001_002|P_DS001_003|P_DS001_005|P_DS001_008|P_DS001_009|P_DS001_011|P_DS001_012|P_DS001_015|P_DS001_017|P_DS001_018|P_DS001_020|P_DS001_023|P_DS001_026|P_DS001_027|P_DS001_029,4.588235294117647,0,100,1.0,34.0
DS001_20260712_I35,DS001,2026-07-12,35,Afternoon,60,9,0,2,7,0,1.0,,P_DS001_036|P_DS001_003,P_DS001_009|P_DS001_012|P_DS001_015|P_DS001_018|P_DS001_027|P_DS001_030|P_DS001_033,8.571428571428571,0,100,1.0,33.0
DS001_20260712_I36,DS001,2026-07-12,36,Afternoon,71,9,0,2,7,0,1.0,,P_DS001_003|P_DS001_009,P_DS001_012|P_DS001_015|P_DS001_018|P_DS001_027|P_DS001_030|P_DS001_033|P_DS001_036,10.142857142857142,0,100,1.0,32.0
DS001_20260712_I37,DS001,2026-07-12,37,Evening,116,12,0,0,12,0,0.0,,,P_DS001_009|P_DS001_012|P_DS001_015|P_DS001_018|P_DS001_027|P_DS001_030|P_DS001_033|P_DS001_036|P_DS001_021|P_DS001_007|P_DS001_028|P_DS001_003,9.666666666666666,0,100,0.0,32.0
DS001_20260712_I38,DS001,2026-07-12,38,Evening,107,12,0,0,12,0,0.0,,,P_DS001_012|P_DS001_015|P_DS001_018|P_DS001_027|P_DS001_030|P_DS001_033|P_DS001_036|P_DS001_021|P_DS001_007|P_DS001_028|P_DS001_003|P_DS001_009,8.916666666666666,0,100,0.0,32.0
DS001_20260712_I39,DS001,2026-07-12,39,Evening,105,12,0,0,12,0,0.0,,,P_DS001_015|P_DS001_018|P_DS001_027|P_DS001_030|P_DS001_033|P_DS001_036|P_DS001_021|P_DS001_007|P_DS001_028|P_DS001_003|P_DS001_009|P_DS001_012,8.75,0,100,0.0,32.0
DS001_20260712_I40,DS001,2026-07-12,40,Evening,149,12,0,0,12,0,0.0,,,P_DS001_018|P_DS001_027|P_DS001_030|P_DS001_033|P_DS001_036|P_DS001_021|P_DS001_007|P_DS001_028|P_DS001_003|P_DS001_009|P_DS001_012|P_DS001_015,12.416666666666666,0,100,0.0,32.0
DS001_20260712_I41,DS001,2026-07-12,41,Evening,150,12,0,0,12,0,0.0,,,P_DS001_027|P_DS001_030|P_DS001_033|P_DS001_036|P_DS001_021|P_DS001_007|P_DS001_028|P_DS001_003|P_DS001_009|P_DS001_012|P_DS001_015|P_DS001_018,12.5,0,100,0.0,32.0
DS001_20260712_I42,DS001,2026-07-12,42,Evening,126,12,0,0,12,0,0.0,,,P_DS001_030|P_DS001_033|P_DS001_036|P_DS001_021|P_DS001_007|P_DS001_028|P_DS001_003|P_DS001_009|P_DS001_012|P_DS001_015|P_DS001_018|P_DS001_027,10.5,0,100,0.0,32.0
DS001_20260712_I43,DS001,2026-07-12,43,Evening,116,12,0,0,12,0,0.0,,,P_DS001_033|P_DS001_036|P_DS001_021|P_DS001_007|P_DS001_028|P_DS001_003|P_DS001_009|P_DS001_012|P_DS001_015|P_DS001_018|P_DS001_027|P_DS001_030,9.666666666666666,0,100,0.0,32.0
DS001_20260712_I44,DS001,2026-07-12,44,Evening,107,12,0,0,12,0,0.0,,,P_DS001_036|P_DS001_021|P_DS001_007|P_DS001_028|P_DS001_003|P_DS001_009|P_DS001_012|P_DS001_015|P_DS001_018|P_DS001_027|P_DS001_030|P_DS001_033,8.916666666666666,0,100,0.0,32.0
DS001_20260712_I45,DS001,2026-07-12,45,Evening,93,9,0,0,9,0,0.0,,,P_DS001_003|P_DS001_009|P_DS001_012|P_DS001_015|P_DS001_018|P_DS001_027|P_DS001_030|P_DS001_033|P_DS001_036,10.333333333333334,0,100,0.0,32.0
DS001_20260712_I46,DS001,2026-07-12,46,Evening,62,9,0,0,9,0,0.0,,,P_DS001_009|P_DS001_012|P_DS001_015|P_DS001_018|P_DS001_027|P_DS001_030|P_DS001_033|P_DS001_036|P_DS001_003,6.888888888888889,0,100,0.0,32.0
DS001_20260712_I47,DS001,2026-07-12,47,Late Night,55,9,0,2,7,0,1.0,,P_DS001_012|P_DS001_015,P_DS001_018|P_DS001_027|P_DS001_030|P_DS001_033|P_DS001_036|P_DS001_003|P_DS001_009,7.857142857142857,0,100,1.0,31.0
DS001_20260712_I48,DS001,2026-07-12,48,Late Night,36,9,0,2,7,0,1.0,,P_DS001_015|P_DS001_018,P_DS001_027|P_DS001_030|P_DS001_033|P_DS001_036|P_DS001_003|P_DS001_009|P_DS001_012,5.142857142857143,0,100,1.0,30.0
DS001_20260713_I01,DS001,2026-07-13,1,Night,11,19,12,2,5,900,1.0,P_DS001_009|P_DS001_012|P_DS001_015|P_DS001_018|P_DS001_027|P_DS001_030|P_DS001_033|P_DS001_036|P_DS001_004|P_DS001_007|P_DS001_010|P_DS001_013,P_DS001_016|P_DS001_019,P_DS001_025|P_DS001_028|P_DS001_031|P_DS001_034|P_DS001_003,2.2,900,9100,1.0,49.0
DS001_20260713_I02,DS001,2026-07-13,2,Night,6,19,12,2,5,900,1.0,P_DS001_012|P_DS001_015|P_DS001_018|P_DS001_027|P_DS001_030|P_DS001_033|P_DS001_036|P_DS001_004|P_DS001_007|P_DS001_010|P_DS001_013|P_DS001_016,P_DS001_019|P_DS001_025,P_DS001_028|P_DS001_031|P_DS001_034|P_DS001_003|P_DS001_009,1.2,900,8200,1.0,48.0
DS001_20260713_I03,DS001,2026-07-13,3,Night,16,10,9,0,1,675,0.0,P_DS001_013|P_DS001_016|P_DS001_019|P_DS001_025|P_DS001_028|P_DS001_031|P_DS001_034|P_DS001_004|P_DS001_007,,P_DS001_010,16.0,675,7525,0.0,48.0
DS001_20260713_I04,DS001,2026-07-13,4,Night,11,10,9,0,1,675,0.0,P_DS001_016|P_DS001_019|P_DS001_025|P_DS001_028|P_DS001_031|P_DS001_034|P_DS001_004|P_DS001_007|P_DS001_010,,P_DS001_013,11.0,675,6850,0.0,48.0
DS001_20260713_I05,DS001,2026-07-13,5,Night,7,10,9,0,1,675,0.0,P_DS001_019|P_DS001_025|P_DS001_028|P_DS001_031|P_DS001_034|P_DS001_004|P_DS001_007|P_DS001_010|P_DS001_013,,P_DS001_016,7.0,675,6175,0.0,48.0
DS001_20260713_I06,DS001,2026-07-13,6,Night,4,10,9,0,1,675,0.0,P_DS001_025|P_DS001_028|P_DS001_031|P_DS001_034|P_DS001_004|P_DS001_007|P_DS001_010|P_DS001_013|P_DS001_016,,P_DS001_019,4.0,675,5500,0.0,48.0
DS001_20260713_I07,DS001,2026-07-13,7,Night,4,10,9,0,1,675,0.0,P_DS001_028|P_DS001_031|P_DS001_034|P_DS001_004|P_DS001_007|P_DS001_010|P_DS001_013|P_DS001_016|P_DS001_019,,P_DS001_025,4.0,675,4825,0.0,48.0
DS001_20260713_I08,DS001,2026-07-13,8,Night,10,10,9,0,1,675,0.0,P_DS001_031|P_DS001_034|P_DS001_004|P_DS001_007|P_DS001_010|P_DS001_013|P_DS001_016|P_DS001_019|P_DS001_025,,P_DS001_028,10.0,675,4150,0.0,48.0
DS001_20260713_I09,DS001,2026-07-13,9,Night,6,10,9,0,1,675,0.0,P_DS001_034|P_DS001_004|P_DS001_007|P_DS001_010|P_DS001_013|P_DS001_016|P_DS001_019|P_DS001_025|P_DS001_028,,P_DS001_031,6.0,675,3475,0.0,48.0
DS001_20260713_I10,DS001,2026-07-13,10,Night,4,10,9,0,1,675,0.0,P_DS001_004|P_DS001_007|P_DS001_010|P_DS001_013|P_DS001_016|P_DS001_019|P_DS001_025|P_DS001_028|P_DS001_031,,P_DS001_034,4.0,675,2800,0.0,48.0
DS001_20260713_I11,DS001,2026-07-13,11,Night,10,10,9,0,1,675,0.0,P_DS001_007|P_DS001_010|P_DS001_013|P_DS001_016|P_DS001_019|P_DS001_025|P_DS001_028|P_DS001_031|P_DS001_034,,P_DS001_004,10.0,675,2125,0.0,48.0
DS001_20260713_I12,DS001,2026-07-13,12,Night,5,10,9,0,1,675,0.0,P_DS001_010|P_DS001_013|P_DS001_016|P_DS001_019|P_DS001_025|P_DS001_028|P_DS001_031|P_DS001_034|P_DS001_004,,P_DS001_007,5.0,675,1450,0.0,48.0
DS001_20260713_I13,DS001,2026-07-13,13,Morning,9,10,3,2,5,225,1.0,P_DS001_013|P_DS001_016|P_DS001_019,P_DS001_025|P_DS001_028,P_DS001_031|P_DS001_034|P_DS001_004|P_DS001_007|P_DS001_010,1.8,225,1225,1.0,47.0
DS001_20260713_I14,DS001,2026-07-13,14,Morning,20,10,3,2,5,225,1.0,P_DS001_016|P_DS001_019|P_DS001_025,P_DS001_028|P_DS001_031,P_DS001_034|P_DS001_004|P_DS001_007|P_DS001_010|P_DS001_013,4.0,225,1000,1.0,46.0
DS001_20260713_I15,DS001,2026-07-13,15,Morning,28,10,3,2,5,225,1.0,P_DS001_019|P_DS001_025|P_DS001_028,P_DS001_031|P_DS001_034,P_DS001_004|P_DS001_007|P_DS001_010|P_DS001_013|P_DS001_016,5.6,225,775,1.0,45.0
DS001_20260713_I16,DS001,2026-07-13,16,Morning,42,10,3,2,5,225,1.0,P_DS001_025|P_DS001_028|P_DS001_031,P_DS001_034|P_DS001_004,P_DS001_007|P_DS001_010|P_DS001_013|P_DS001_016|P_DS001_019,8.4,225,550,1.0,44.0
DS001_20260713_I17,DS001,2026-07-13,17,Morning,48,19,3,2,14,225,1.0,P_DS001_034|P_DS001_035|P_DS001_002,P_DS001_004|P_DS001_007,P_DS001_010|P_DS001_011|P_DS001_013|P_DS001_014|P_DS001_016|P_DS001_017|P_DS001_019|P_DS001_020|P_DS001_023|P_DS001_025|P_DS001_026|P_DS001_028|P_DS001_031|P_DS001_032,3.4285714285714284,225,325,1.0,43.0
DS001_20260713_I18,DS001,2026-07-13,18,Morning,41,18,3,2,13,225,1.0,P_DS001_002|P_DS001_004|P_DS001_010,P_DS001_011|P_DS001_013,P_DS001_014|P_DS001_016|P_DS001_017|P_DS001_019|P_DS001_020|P_DS001_023|P_DS001_025|P_DS001_026|P_DS001_028|P_DS001_031|P_DS001_032|P_DS001_034|P_DS001_035,3.1538461538461537,225,100,1.0,42.0
DS001_20260713_I19,DS001,2026-07-13,19,Morning,46,9,0,2,7,0,1.0,,P_DS001_011|P_DS001_014,P_DS001_017|P_DS001_020|P_DS001_023|P_DS001_026|P_DS001_032|P_DS001_035|P_DS001_002,6.571428571428571,0,100,1.0,41.0
DS001_20260713_I20,DS001,2026-07-13,20,Morning,34,9,0,2,7,0,1.0,,P_DS001_014|P_DS001_017,P_DS001_020|P_DS001_023|P_DS001_026|P_DS001_032|P_DS001_035|P_DS001_002|P_DS001_011,4.857142857142857,0,100,1.0,40.0
DS001_20260713_I21,DS001,2026-07-13,21,Morning,52,9,0,2,7,0,1.0,,P_DS001_017|P_DS001_020,P_DS001_023|P_DS001_026|P_DS001_032|P_DS001_035|P_DS001_002|P_DS001_011|P_DS001_014,7.428571428571429,0,100,1.0,39.0
DS001_20260713_I22,DS001,2026-07-13,22,Morning,27,9,0,2,7,0,1.0,,P_DS001_020|P_DS001_023,P_DS001_026|P_DS001_032|P_DS001_035|P_DS001_002|P_DS001_011|P_DS001_014|P_DS001_017,3.857142857142857,0,100,1.0,38.0
DS001_20260713_I23,DS001,2026-07-13,23,Lunch,43,9,0,0,9,0,0.0,,,P_DS001_023|P_DS001_026|P_DS001_032|P_DS001_035|P_DS001_002|P_DS001_011|P_DS001_014|P_DS001_017|P_DS001_020,4.777777777777778,0,100,0.0,38.0
DS001_20260713_I24,DS001,2026-07-13,24,Lunch,59,9,0,0,9,0,0.0,,,P_DS001_026|P_DS001_032|P_DS001_035|P_DS001_002|P_DS001_011|P_DS001_014|P_DS001_017|P_DS001_020|P_DS001_023,6.555555555555555,0,100,0.0,38.0
DS001_20260713_I25,DS001,2026-07-13,25,Lunch,65,9,0,0,9,0,0.0,,,P_DS001_032|P_DS001_035|P_DS001_002|P_DS001_011|P_DS001_014|P_DS001_017|P_DS001_020|P_DS001_023|P_DS001_026,7.222222222222222,0,100,0.0,38.0
DS001_20260713_I26,DS001,2026-07-13,26,Lunch,80,9,0,0,9,0,0.0,,,P_DS001_035|P_DS001_002|P_DS001_011|P_DS001_014|P_DS001_017|P_DS001_020|P_DS001_023|P_DS001_026|P_DS001_032,8.88888888888889,0,100,0.0,38.0
DS001_20260713_I27,DS001,2026-07-13,27,Lunch,99,9,0,0,9,0,0.0,,,P_DS001_002|P_DS001_011|P_DS001_014|P_DS001_017|P_DS001_020|P_DS001_023|P_DS001_026|P_DS001_032|P_DS001_035,11.0,0,100,0.0,38.0
DS001_20260713_I28,DS001,2026-07-13,28,Lunch,85,9,0,0,9,0,0.0,,,P_DS001_011|P_DS001_014|P_DS001_017|P_DS001_020|P_DS001_023|P_DS001_026|P_DS001_032|P_DS001_035|P_DS001_002,9.444444444444445,0,100,0.0,38.0
DS001_20260713_I29,DS001,2026-07-13,29,Lunch,67,9,0,0,9,0,0.0,,,P_DS001_014|P_DS001_017|P_DS001_020|P_DS001_023|P_DS001_026|P_DS001_032|P_DS001_035|P_DS001_002|P_DS001_011,7.444444444444445,0,100,0.0,38.0
DS001_20260713_I30,DS001,2026-07-13,30,Lunch,47,9,0,0,9,0,0.0,,,P_DS001_017|P_DS001_020|P_DS001_023|P_DS001_026|P_DS001_032|P_DS001_035|P_DS001_002|P_DS001_011|P_DS001_014,5.222222222222222,0,100,0.0,38.0
DS001_20260713_I31,DS001,2026-07-13,31,Afternoon,43,9,0,2,7,0,1.0,,P_DS001_020|P_DS001_023,P_DS001_026|P_DS001_032|P_DS001_035|P_DS001_002|P_DS001_011|P_DS001_014|P_DS001_017,6.142857142857143,0,100,1.0,37.0
DS001_20260713_I32,DS001,2026-07-13,32,Afternoon,28,9,0,2,7,0,1.0,,P_DS001_023|P_DS001_026,P_DS001_032|P_DS001_035|P_DS001_002|P_DS001_011|P_DS001_014|P_DS001_017|P_DS001_020,4.0,0,100,1.0,36.0
DS001_20260713_I33,DS001,2026-07-13,33,Afternoon,29,17,0,2,15,0,1.0,,P_DS001_035|P_DS001_002,P_DS001_006|P_DS001_011|P_DS001_012|P_DS001_014|P_DS001_017|P_DS001_018|P_DS001_020|P_DS001_021|P_DS001_023|P_DS001_024|P_DS001_026|P_DS001_027|P_DS001_030|P_DS001_032|P_DS001_033,1.9333333333333333,0,100,1.0,35.0
DS001_20260713_I34,DS001,2026-07-13,34,Afternoon,30,17,0,2,15,0,1.0,,P_DS001_002|P_DS001_006,P_DS001_011|P_DS001_012|P_DS001_014|P_DS001_017|P_DS001_018|P_DS001_020|P_DS001_021|P_DS001_023|P_DS001_024|P_DS001_026|P_DS001_027|P_DS001_030|P_DS001_032|P_DS001_033|P_DS001_035,2.0,0,100,1.0,34.0
DS001_20260713_I35,DS001,2026-07-13,35,Afternoon,43,8,0,2,6,0,1.0,,P_DS001_021|P_DS001_024,P_DS001_027|P_DS001_030|P_DS001_033|P_DS001_006|P_DS001_012|P_DS001_018,7.166666666666667,0,100,1.0,33.0
DS001_20260713_I36,DS001,2026-07-13,36,Afternoon,45,8,0,2,6,0,1.0,,P_DS001_024|P_DS001_027,P_DS001_030|P_DS001_033|P_DS001_006|P_DS001_012|P_DS001_018|P_DS001_021,7.5,0,100,1.0,32.0
DS001_20260713_I37,DS001,2026-07-13,37,Evening,64,8,0,0,8,0,0.0,,,P_DS001_027|P_DS001_030|P_DS001_033|P_DS001_006|P_DS001_012|P_DS001_018|P_DS001_021|P_DS001_024,8.0,0,100,0.0,32.0
DS001_20260713_I38,DS001,2026-07-13,38,Evening,78,8,0,0,8,0,0.0,,,P_DS001_030|P_DS001_033|P_DS001_006|P_DS001_012|P_DS001_018|P_DS001_021|P_DS001_024|P_DS001_027,9.75,0,100,0.0,32.0
DS001_20260713_I39,DS001,2026-07-13,39,Evening,116,8,0,0,8,0,0.0,,,P_DS001_033|P_DS001_006|P_DS001_012|P_DS001_018|P_DS001_021|P_DS001_024|P_DS001_027|P_DS001_030,14.5,0,100,0.0,32.0
DS001_20260713_I40,DS001,2026-07-13,40,Evening,108,8,0,0,8,0,0.0,,,P_DS001_006|P_DS001_012|P_DS001_018|P_DS001_021|P_DS001_024|P_DS001_027|P_DS001_030|P_DS001_033,13.5,0,100,0.0,32.0
DS001_20260713_I41,DS001,2026-07-13,41,Evening,112,8,0,0,8,0,0.0,,,P_DS001_012|P_DS001_018|P_DS001_021|P_DS001_024|P_DS001_027|P_DS001_030|P_DS001_033|P_DS001_006,14.0,0,100,0.0,32.0
DS001_20260713_I42,DS001,2026-07-13,42,Evening,131,8,0,0,8,0,0.0,,,P_DS001_018|P_DS001_021|P_DS001_024|P_DS001_027|P_DS001_030|P_DS001_033|P_DS001_006|P_DS001_012,16.375,0,100,0.0,32.0
DS001_20260713_I43,DS001,2026-07-13,43,Evening,97,8,0,0,8,0,0.0,,,P_DS001_021|P_DS001_024|P_DS001_027|P_DS001_030|P_DS001_033|P_DS001_006|P_DS001_012|P_DS001_018,12.125,0,100,0.0,32.0
DS001_20260713_I44,DS001,2026-07-13,44,Evening,97,8,0,0,8,0,0.0,,,P_DS001_024|P_DS001_027|P_DS001_030|P_DS001_033|P_DS001_006|P_DS001_012|P_DS001_018|P_DS001_021,12.125,0,100,0.0,32.0
DS001_20260713_I45,DS001,2026-07-13,45,Evening,58,8,0,0,8,0,0.0,,,P_DS001_027|P_DS001_030|P_DS001_033|P_DS001_006|P_DS001_012|P_DS001_018|P_DS001_021|P_DS001_024,7.25,0,100,0.0,32.0
DS001_20260713_I46,DS001,2026-07-13,46,Evening,51,8,0,0,8,0,0.0,,,P_DS001_030|P_DS001_033|P_DS001_006|P_DS001_012|P_DS001_018|P_DS001_021|P_DS001_024|P_DS001_027,6.375,0,100,0.0,32.0
DS001_20260713_I47,DS001,2026-07-13,47,Late Night,38,8,0,2,6,0,1.0,,P_DS001_033|P_DS001_006,P_DS001_012|P_DS001_018|P_DS001_021|P_DS001_024|P_DS001_027|P_DS001_030,6.333333333333333,0,100,1.0,31.0
DS001_20260713_I48,DS001,2026-07-13,48,Late Night,24,8,0,2,6,0,1.0,,P_DS001_006|P_DS001_012,P_DS001_018|P_DS001_021|P_DS001_024|P_DS001_027|P_DS001_030|P_DS001_033,4.0,0,100,1.0,30.0
DS001_20260714_I01,DS001,2026-07-14,1,Night,5,19,12,2,5,900,1.0,P_DS001_012|P_DS001_018|P_DS001_021|P_DS001_024|P_DS001_027|P_DS001_030|P_DS001_033|P_DS001_001|P_DS001_004|P_DS001_007|P_DS001_010|P_DS001_013,P_DS001_019|P_DS001_022,P_DS001_025|P_DS001_028|P_DS001_031|P_DS001_034|P_DS001_006,1.0,900,9100,1.0,49.0
DS001_20260714_I02,DS001,2026-07-14,2,Night,1,18,12,2,4,900,1.0,P_DS001_021|P_DS001_024|P_DS001_027|P_DS001_030|P_DS001_033|P_DS001_001|P_DS001_004|P_DS001_007|P_DS001_010|P_DS001_013|P_DS001_019|P_DS001_022,P_DS001_025|P_DS001_028,P_DS001_031|P_DS001_034|P_DS001_006|P_DS001_012,0.25,900,8200,1.0,48.0
DS001_20260714_I03,DS001,2026-07-14,3,Night,14,11,10,0,1,750,0.0,P_DS001_010|P_DS001_013|P_DS001_019|P_DS001_022|P_DS001_025|P_DS001_028|P_DS001_031|P_DS001_034|P_DS001_001|P_DS001_004,,P_DS001_007,14.0,750,7450,0.0,48.0
DS001_20260714_I04,DS001,2026-07-14,4,Night,6,11,10,0,1,750,0.0,P_DS001_013|P_DS001_019|P_DS001_022|P_DS001_025|P_DS001_028|P_DS001_031|P_DS001_034|P_DS001_001|P_DS001_004|P_DS001_007,,P_DS001_010,6.0,750,6700,0.0,48.0
DS001_20260714_I05,DS001,2026-07-14,5,Night,15,11,10,0,1,750,0.0,P_DS001_019|P_DS001_022|P_DS001_025|P_DS001_028|P_DS001_031|P_DS001_034|P_DS001_001|P_DS001_004|P_DS001_007|P_DS001_010,,P_DS001_013,15.0,750,5950,0.0,48.0
DS001_20260714_I06,DS001,2026-07-14,6,Night,3,11,10,0,1,750,0.0,P_DS001_022|P_DS001_025|P_DS001_028|P_DS001_031|P_DS001_034|P_DS001_001|P_DS001_004|P_DS001_007|P_DS001_010|P_DS001_013,,P_DS001_019,3.0,750,5200,0.0,48.0
DS001_20260714_I07,DS001,2026-07-14,7,Night,6,11,10,0,1,750,0.0,P_DS001_025|P_DS001_028|P_DS001_031|P_DS001_034|P_DS001_001|P_DS001_004|P_DS001_007|P_DS001_010|P_DS001_013|P_DS001_019,,P_DS001_022,6.0,750,4450,0.0,48.0
DS001_20260714_I08,DS001,2026-07-14,8,Night,9,11,10,0,1,750,0.0,P_DS001_028|P_DS001_031|P_DS001_034|P_DS001_001|P_DS001_004|P_DS001_007|P_DS001_010|P_DS001_013|P_DS001_019|P_DS001_022,,P_DS001_025,9.0,750,3700,0.0,48.0
DS001_20260714_I09,DS001,2026-07-14,9,Night,8,11,10,0,1,750,0.0,P_DS001_031|P_DS001_034|P_DS001_001|P_DS001_004|P_DS001_007|P_DS001_010|P_DS001_013|P_DS001_019|P_DS001_022|P_DS001_025,,P_DS001_028,8.0,750,2950,0.0,48.0
DS001_20260714_I10,DS001,2026-07-14,10,Night,5,11,10,0,1,750,0.0,P_DS001_034|P_DS001_001|P_DS001_004|P_DS001_007|P_DS001_010|P_DS001_013|P_DS001_019|P_DS001_022|P_DS001_025|P_DS001_028,,P_DS001_031,5.0,750,2200,0.0,48.0
DS001_20260714_I11,DS001,2026-07-14,11,Night,8,11,10,0,1,750,0.0,P_DS001_001|P_DS001_004|P_DS001_007|P_DS001_010|P_DS001_013|P_DS001_019|P_DS001_022|P_DS001_025|P_DS001_028|P_DS001_031,,P_DS001_034,8.0,750,1450,0.0,48.0
DS001_20260714_I12,DS001,2026-07-14,12,Night,9,11,10,0,1,750,0.0,P_DS001_004|P_DS001_007|P_DS001_010|P_DS001_013|P_DS001_019|P_DS001_022|P_DS001_025|P_DS001_028|P_DS001_031|P_DS001_034,,P_DS001_001,9.0,750,700,0.0,48.0
DS001_20260714_I13,DS001,2026-07-14,13,Morning,8,11,3,2,6,225,1.0,P_DS001_007|P_DS001_010|P_DS001_013,P_DS001_019|P_DS001_022,P_DS001_025|P_DS001_028|P_DS001_031|P_DS001_034|P_DS001_001|P_DS001_004,1.3333333333333333,225,475,1.0,47.0
DS001_20260714_I14,DS001,2026-07-14,14,Morning,20,11,3,2,6,225,1.0,P_DS001_010|P_DS001_013|P_DS001_019,P_DS001_022|P_DS001_025,P_DS001_028|P_DS001_031|P_DS001_034|P_DS001_001|P_DS001_004|P_DS001_007,3.3333333333333335,225,250,1.0,46.0
DS001_20260714_I15,DS001,2026-07-14,15,Morning,19,11,3,2,6,225,1.0,P_DS001_013|P_DS001_019|P_DS001_022,P_DS001_025|P_DS001_028,P_DS001_031|P_DS001_034|P_DS001_001|P_DS001_004|P_DS001_007|P_DS001_010,3.1666666666666665,225,25,1.0,45.0
DS001_20260714_I16,DS001,2026-07-14,16,Morning,37,11,3,2,6,225,1.0,P_DS001_019|P_DS001_022|P_DS001_025,P_DS001_028|P_DS001_031,P_DS001_034|P_DS001_001|P_DS001_004|P_DS001_007|P_DS001_010|P_DS001_013,6.166666666666667,25,0,1.0,44.0
DS001_20260714_I17,DS001,2026-07-14,17,Morning,43,18,3,2,13,225,1.0,P_DS001_034|P_DS001_001|P_DS001_004,P_DS001_005|P_DS001_007,P_DS001_008|P_DS001_010|P_DS001_013|P_DS001_014|P_DS001_017|P_DS001_019|P_DS001_022|P_DS001_025|P_DS001_026|P_DS001_028|P_DS001_029|P_DS001_031|P_DS001_032,3.3076923076923075,0,0,1.0,43.0
DS001_20260714_I18,DS001,2026-07-14,18,Morning,45,19,3,2,14,225,1.0,P_DS001_035|P_DS001_001|P_DS001_004,P_DS001_005|P_DS001_007,P_DS001_008|P_DS001_010|P_DS001_013|P_DS001_014|P_DS001_017|P_DS001_019|P_DS001_020|P_DS001_022|P_DS001_025|P_DS001_026|P_DS001_028|P_DS001_029|P_DS001_031|P_DS001_032,3.2142857142857144,0,0,1.0,42.0
DS001_20260714_I19,DS001,2026-07-14,19,Morning,40,9,0,2,7,0,1.0,,P_DS001_008|P_DS001_014,P_DS001_017|P_DS001_020|P_DS001_026|P_DS001_029|P_DS001_032|P_DS001_035|P_DS001_005,5.714285714285714,0,0,1.0,41.0
DS001_20260714_I20,DS001,2026-07-14,20,Morning,33,9,0,2,7,0,1.0,,P_DS001_014|P_DS001_017,P_DS001_020|P_DS001_026|P_DS001_029|P_DS001_032|P_DS001_035|P_DS001_005|P_DS001_008,4.714285714285714,0,0,1.0,40.0
DS001_20260714_I21,DS001,2026-07-14,21,Morning,55,9,0,2,7,0,1.0,,P_DS001_017|P_DS001_020,P_DS001_026|P_DS001_029|P_DS001_032|P_DS001_035|P_DS001_005|P_DS001_008|P_DS001_014,7.857142857142857,0,0,1.0,39.0
DS001_20260714_I22,DS001,2026-07-14,22,Morning,40,9,0,2,7,0,1.0,,P_DS001_020|P_DS001_026,P_DS001_029|P_DS001_032|P_DS001_035|P_DS001_005|P_DS001_008|P_DS001_014|P_DS001_017,5.714285714285714,0,0,1.0,38.0
DS001_20260714_I23,DS001,2026-07-14,23,Lunch,40,9,0,0,9,0,0.0,,,P_DS001_026|P_DS001_029|P_DS001_032|P_DS001_035|P_DS001_005|P_DS001_008|P_DS001_014|P_DS001_017|P_DS001_020,4.444444444444445,0,0,0.0,38.0
DS001_20260714_I24,DS001,2026-07-14,24,Lunch,58,9,0,0,9,0,0.0,,,P_DS001_029|P_DS001_032|P_DS001_035|P_DS001_005|P_DS001_008|P_DS001_014|P_DS001_017|P_DS001_020|P_DS001_026,6.444444444444445,0,0,0.0,38.0
DS001_20260714_I25,DS001,2026-07-14,25,Lunch,79,9,0,0,9,0,0.0,,,P_DS001_032|P_DS001_035|P_DS001_005|P_DS001_008|P_DS001_014|P_DS001_017|P_DS001_020|P_DS001_026|P_DS001_029,8.777777777777779,0,0,0.0,38.0
DS001_20260714_I26,DS001,2026-07-14,26,Lunch,101,9,0,0,9,0,0.0,,,P_DS001_035|P_DS001_005|P_DS001_008|P_DS001_014|P_DS001_017|P_DS001_020|P_DS001_026|P_DS001_029|P_DS001_032,11.222222222222221,0,0,0.0,38.0
DS001_20260714_I27,DS001,2026-07-14,27,Lunch,95,9,0,0,9,0,0.0,,,P_DS001_005|P_DS001_008|P_DS001_014|P_DS001_017|P_DS001_020|P_DS001_026|P_DS001_029|P_DS001_032|P_DS001_035,10.555555555555555,0,0,0.0,38.0
DS001_20260714_I28,DS001,2026-07-14,28,Lunch,94,9,0,0,9,0,0.0,,,P_DS001_008|P_DS001_014|P_DS001_017|P_DS001_020|P_DS001_026|P_DS001_029|P_DS001_032|P_DS001_035|P_DS001_005,10.444444444444445,0,0,0.0,38.0
DS001_20260714_I29,DS001,2026-07-14,29,Lunch,90,9,0,0,9,0,0.0,,,P_DS001_014|P_DS001_017|P_DS001_020|P_DS001_026|P_DS001_029|P_DS001_032|P_DS001_035|P_DS001_005|P_DS001_008,10.0,0,0,0.0,38.0
DS001_20260714_I30,DS001,2026-07-14,30,Lunch,60,9,0,0,9,0,0.0,,,P_DS001_017|P_DS001_020|P_DS001_026|P_DS001_029|P_DS001_032|P_DS001_035|P_DS001_005|P_DS001_008|P_DS001_014,6.666666666666667,0,0,0.0,38.0
DS001_20260714_I31,DS001,2026-07-14,31,Afternoon,43,9,0,2,7,0,1.0,,P_DS001_020|P_DS001_026,P_DS001_029|P_DS001_032|P_DS001_035|P_DS001_005|P_DS001_008|P_DS001_014|P_DS001_017,6.142857142857143,0,0,1.0,37.0
DS001_20260714_I32,DS001,2026-07-14,32,Afternoon,36,9,0,2,7,0,1.0,,P_DS001_026|P_DS001_029,P_DS001_032|P_DS001_035|P_DS001_005|P_DS001_008|P_DS001_014|P_DS001_017|P_DS001_020,5.142857142857143,0,0,1.0,36.0
DS001_20260714_I33,DS001,2026-07-14,33,Afternoon,29,18,0,2,16,0,1.0,,P_DS001_033|P_DS001_035,P_DS001_036|P_DS001_003|P_DS001_005|P_DS001_006|P_DS001_008|P_DS001_012|P_DS001_014|P_DS001_015|P_DS001_017|P_DS001_018|P_DS001_020|P_DS001_024|P_DS001_026|P_DS001_027|P_DS001_029|P_DS001_032,1.8125,0,0,1.0,35.0
DS001_20260714_I34,DS001,2026-07-14,34,Afternoon,30,19,0,2,17,0,1.0,,P_DS001_032|P_DS001_033,P_DS001_035|P_DS001_036|P_DS001_003|P_DS001_005|P_DS001_006|P_DS001_008|P_DS001_012|P_DS001_014|P_DS001_015|P_DS001_017|P_DS001_018|P_DS001_020|P_DS001_021|P_DS001_024|P_DS001_026|P_DS001_027|P_DS001_029,1.7647058823529411,0,0,1.0,34.0
DS001_20260714_I35,DS001,2026-07-14,35,Afternoon,40,10,0,2,8,0,1.0,,P_DS001_021|P_DS001_024,P_DS001_027|P_DS001_033|P_DS001_036|P_DS001_003|P_DS001_006|P_DS001_012|P_DS001_015|P_DS001_018,5.0,0,0,1.0,33.0
DS001_20260714_I36,DS001,2026-07-14,36,Afternoon,47,10,0,2,8,0,1.0,,P_DS001_024|P_DS001_027,P_DS001_033|P_DS001_036|P_DS001_003|P_DS001_006|P_DS001_012|P_DS001_015|P_DS001_018|P_DS001_021,5.875,0,0,1.0,32.0
DS001_20260714_I37,DS001,2026-07-14,37,Evening,72,10,0,0,10,0,0.0,,,P_DS001_027|P_DS001_033|P_DS001_036|P_DS001_003|P_DS001_006|P_DS001_012|P_DS001_015|P_DS001_018|P_DS001_021|P_DS001_024,7.2,0,0,0.0,32.0
DS001_20260714_I38,DS001,2026-07-14,38,Evening,101,10,0,0,10,0,0.0,,,P_DS001_033|P_DS001_036|P_DS001_003|P_DS001_006|P_DS001_012|P_DS001_015|P_DS001_018|P_DS001_021|P_DS001_024|P_DS001_027,10.1,0,0,0.0,32.0
DS001_20260714_I39,DS001,2026-07-14,39,Evening,121,10,0,0,10,0,0.0,,,P_DS001_036|P_DS001_003|P_DS001_006|P_DS001_012|P_DS001_015|P_DS001_018|P_DS001_021|P_DS001_024|P_DS001_027|P_DS001_033,12.1,0,0,0.0,32.0
DS001_20260714_I40,DS001,2026-07-14,40,Evening,139,10,0,0,10,0,0.0,,,P_DS001_003|P_DS001_006|P_DS001_012|P_DS001_015|P_DS001_018|P_DS001_021|P_DS001_024|P_DS001_027|P_DS001_033|P_DS001_036,13.9,0,0,0.0,32.0
DS001_20260714_I41,DS001,2026-07-14,41,Evening,106,10,0,0,10,0,0.0,,,P_DS001_006|P_DS001_012|P_DS001_015|P_DS001_018|P_DS001_021|P_DS001_024|P_DS001_027|P_DS001_033|P_DS001_036|P_DS001_003,10.6,0,0,0.0,32.0
DS001_20260714_I42,DS001,2026-07-14,42,Evening,114,10,0,0,10,0,0.0,,,P_DS001_012|P_DS001_015|P_DS001_018|P_DS001_021|P_DS001_024|P_DS001_027|P_DS001_033|P_DS001_036|P_DS001_003|P_DS001_006,11.4,0,0,0.0,32.0
DS001_20260714_I43,DS001,2026-07-14,43,Evening,100,10,0,0,10,0,0.0,,,P_DS001_015|P_DS001_018|P_DS001_021|P_DS001_024|P_DS001_027|P_DS001_033|P_DS001_036|P_DS001_003|P_DS001_006|P_DS001_012,10.0,0,0,0.0,32.0
DS001_20260714_I44,DS001,2026-07-14,44,Evening,87,10,0,0,10,0,0.0,,,P_DS001_018|P_DS001_021|P_DS001_024|P_DS001_027|P_DS001_033|P_DS001_036|P_DS001_003|P_DS001_006|P_DS001_012|P_DS001_015,8.7,0,0,0.0,32.0
DS001_20260714_I45,DS001,2026-07-14,45,Evening,73,10,0,0,10,0,0.0,,,P_DS001_021|P_DS001_024|P_DS001_027|P_DS001_033|P_DS001_036|P_DS001_003|P_DS001_006|P_DS001_012|P_DS001_015|P_DS001_018,7.3,0,0,0.0,32.0
DS001_20260714_I46,DS001,2026-07-14,46,Evening,54,10,0,0,10,0,0.0,,,P_DS001_024|P_DS001_027|P_DS001_033|P_DS001_036|P_DS001_003|P_DS001_006|P_DS001_012|P_DS001_015|P_DS001_018|P_DS001_021,5.4,0,0,0.0,32.0
DS001_20260714_I47,DS001,2026-07-14,47,Late Night,37,10,0,2,8,0,1.0,,P_DS001_027|P_DS001_033,P_DS001_036|P_DS001_003|P_DS001_006|P_DS001_012|P_DS001_015|P_DS001_018|P_DS001_021|P_DS001_024,4.625,0,0,1.0,31.0
DS001_20260714_I48,DS001,2026-07-14,48,Late Night,21,10,0,2,8,0,1.0,,P_DS001_033|P_DS001_036,P_DS001_003|P_DS001_006|P_DS001_012|P_DS001_015|P_DS001_018|P_DS001_021|P_DS001_024|P_DS001_027,2.625,0,0,1.0,30.0
DS002_20260701_I01,DS002,2026-07-01,1,Night,5,9,8,0,1,600,0.0,P_DS002_004|P_DS002_007|P_DS002_013|P_DS002_016|P_DS002_019|P_DS002_022|P_DS002_028|P_DS002_034,,P_DS002_001,5.0,600,9400,0.0,50.0
DS002_20260701_I02,DS002,2026-07-01,2,Night,6,9,8,0,1,600,0.0,P_DS002_007|P_DS002_013|P_DS002_016|P_DS002_019|P_DS002_022|P_DS002_028|P_DS002_034|P_DS002_001,,P_DS002_004,6.0,600,8800,0.0,50.0
DS002_20260701_I03,DS002,2026-07-01,3,Night,5,9,8,0,1,600,0.0,P_DS002_013|P_DS002_016|P_DS002_019|P_DS002_022|P_DS002_028|P_DS002_034|P_DS002_001|P_DS002_004,,P_DS002_007,5.0,600,8200,0.0,50.0
DS002_20260701_I04,DS002,2026-07-01,4,Night,7,9,8,0,1,600,0.0,P_DS002_016|P_DS002_019|P_DS002_022|P_DS002_028|P_DS002_034|P_DS002_001|P_DS002_004|P_DS002_007,,P_DS002_013,7.0,600,7600,0.0,50.0
DS002_20260701_I05,DS002,2026-07-01,5,Night,7,9,8,0,1,600,0.0,P_DS002_019|P_DS002_022|P_DS002_028|P_DS002_034|P_DS002_001|P_DS002_004|P_DS002_007|P_DS002_013,,P_DS002_016,7.0,600,7000,0.0,50.0
DS002_20260701_I06,DS002,2026-07-01,6,Night,11,9,8,0,1,600,0.0,P_DS002_022|P_DS002_028|P_DS002_034|P_DS002_001|P_DS002_004|P_DS002_007|P_DS002_013|P_DS002_016,,P_DS002_019,11.0,600,6400,0.0,50.0
DS002_20260701_I07,DS002,2026-07-01,7,Night,5,9,8,0,1,600,0.0,P_DS002_028|P_DS002_034|P_DS002_001|P_DS002_004|P_DS002_007|P_DS002_013|P_DS002_016|P_DS002_019,,P_DS002_022,5.0,600,5800,0.0,50.0
DS002_20260701_I08,DS002,2026-07-01,8,Night,6,9,8,0,1,600,0.0,P_DS002_034|P_DS002_001|P_DS002_004|P_DS002_007|P_DS002_013|P_DS002_016|P_DS002_019|P_DS002_022,,P_DS002_028,6.0,600,5200,0.0,50.0
DS002_20260701_I09,DS002,2026-07-01,9,Night,10,9,8,0,1,600,0.0,P_DS002_001|P_DS002_004|P_DS002_007|P_DS002_013|P_DS002_016|P_DS002_019|P_DS002_022|P_DS002_028,,P_DS002_034,10.0,600,4600,0.0,50.0
DS002_20260701_I10,DS002,2026-07-01,10,Night,6,9,8,0,1,600,0.0,P_DS002_004|P_DS002_007|P_DS002_013|P_DS002_016|P_DS002_019|P_DS002_022|P_DS002_028|P_DS002_034,,P_DS002_001,6.0,600,4000,0.0,50.0
DS002_20260701_I11,DS002,2026-07-01,11,Night,9,9,8,0,1,600,0.0,P_DS002_007|P_DS002_013|P_DS002_016|P_DS002_019|P_DS002_022|P_DS002_028|P_DS002_034|P_DS002_001,,P_DS002_004,9.0,600,3400,0.0,50.0
DS002_20260701_I12,DS002,2026-07-01,12,Night,7,9,8,0,1,600,0.0,P_DS002_013|P_DS002_016|P_DS002_019|P_DS002_022|P_DS002_028|P_DS002_034|P_DS002_001|P_DS002_004,,P_DS002_007,7.0,600,2800,0.0,50.0
DS002_20260701_I13,DS002,2026-07-01,13,Morning,11,9,3,2,4,225,1.0,P_DS002_016|P_DS002_019|P_DS002_022,P_DS002_028|P_DS002_034,P_DS002_001|P_DS002_004|P_DS002_007|P_DS002_013,2.75,225,2575,1.0,49.0
DS002_20260701_I14,DS002,2026-07-01,14,Morning,15,9,3,2,4,225,1.0,P_DS002_019|P_DS002_022|P_DS002_028,P_DS002_034|P_DS002_001,P_DS002_004|P_DS002_007|P_DS002_013|P_DS002_016,3.75,225,2350,1.0,48.0
DS002_20260701_I15,DS002,2026-07-01,15,Morning,29,9,3,2,4,225,1.0,P_DS002_022|P_DS002_028|P_DS002_034,P_DS002_001|P_DS002_004,P_DS002_007|P_DS002_013|P_DS002_016|P_DS002_019,7.25,225,2125,1.0,47.0
DS002_20260701_I16,DS002,2026-07-01,16,Morning,40,9,3,2,4,225,1.0,P_DS002_028|P_DS002_034|P_DS002_001,P_DS002_004|P_DS002_007,P_DS002_013|P_DS002_016|P_DS002_019|P_DS002_022,10.0,225,1900,1.0,46.0
DS002_20260701_I17,DS002,2026-07-01,17,Morning,40,19,3,2,14,225,1.0,P_DS002_032|P_DS002_034|P_DS002_001,P_DS002_002|P_DS002_004,P_DS002_005|P_DS002_007|P_DS002_008|P_DS002_011|P_DS002_013|P_DS002_014|P_DS002_016|P_DS002_019|P_DS002_020|P_DS002_022|P_DS002_023|P_DS002_026|P_DS002_028|P_DS002_029,2.857142857142857,225,1675,1.0,45.0
DS002_20260701_I18,DS002,2026-07-01,18,Morning,49,19,3,2,14,225,1.0,P_DS002_034|P_DS002_001|P_DS002_002,P_DS002_004|P_DS002_005,P_DS002_007|P_DS002_008|P_DS002_011|P_DS002_013|P_DS002_014|P_DS002_016|P_DS002_019|P_DS002_020|P_DS002_022|P_DS002_023|P_DS002_026|P_DS002_028|P_DS002_029|P_DS002_032,3.5,225,1450,1.0,44.0
DS002_20260701_I19,DS002,2026-07-01,19,Morning,52,10,0,2,8,0,1.0,,P_DS002_032|P_DS002_002,P_DS002_005|P_DS002_008|P_DS002_011|P_DS002_014|P_DS002_020|P_DS002_023|P_DS002_026|P_DS002_029,6.5,0,1450,1.0,43.0
DS002_20260701_I20,DS002,2026-07-01,20,Morning,37,10,0,2,8,0,1.0,,P_DS002_002|P_DS002_005,P_DS002_008|P_DS002_011|P_DS002_014|P_DS002_020|P_DS002_023|P_DS002_026|P_DS002_029|P_DS002_032,4.625,0,1450,1.0,42.0
DS002_20260701_I21,DS002,2026-07-01,21,Morning,36,10,0,2,8,0,1.0,,P_DS002_005|P_DS002_008,P_DS002_011|P_DS002_014|P_DS002_020|P_DS002_023|P_DS002_026|P_DS002_029|P_DS002_032|P_DS002_002,4.5,0,1450,1.0,41.0
DS002_20260701_I22,DS002,2026-07-01,22,Morning,44,10,0,2,8,0,1.0,,P_DS002_008|P_DS002_011,P_DS002_014|P_DS002_020|P_DS002_023|P_DS002_026|P_DS002_029|P_DS002_032|P_DS002_002|P_DS002_005,5.5,0,1450,1.0,40.0
DS002_20260701_I23,DS002,2026-07-01,23,Lunch,42,10,0,0,10,0,0.0,,,P_DS002_011|P_DS002_014|P_DS002_020|P_DS002_023|P_DS002_026|P_DS002_029|P_DS002_032|P_DS002_002|P_DS002_005|P_DS002_008,4.2,0,1450,0.0,40.0
DS002_20260701_I24,DS002,2026-07-01,24,Lunch,60,10,0,0,10,0,0.0,,,P_DS002_014|P_DS002_020|P_DS002_023|P_DS002_026|P_DS002_029|P_DS002_032|P_DS002_002|P_DS002_005|P_DS002_008|P_DS002_011,6.0,0,1450,0.0,40.0
DS002_20260701_I25,DS002,2026-07-01,25,Lunch,65,10,0,0,10,0,0.0,,,P_DS002_020|P_DS002_023|P_DS002_026|P_DS002_029|P_DS002_032|P_DS002_002|P_DS002_005|P_DS002_008|P_DS002_011|P_DS002_014,6.5,0,1450,0.0,40.0
DS002_20260701_I26,DS002,2026-07-01,26,Lunch,72,10,0,0,10,0,0.0,,,P_DS002_023|P_DS002_026|P_DS002_029|P_DS002_032|P_DS002_002|P_DS002_005|P_DS002_008|P_DS002_011|P_DS002_014|P_DS002_020,7.2,0,1450,0.0,40.0
DS002_20260701_I27,DS002,2026-07-01,27,Lunch,93,10,0,0,10,0,0.0,,,P_DS002_026|P_DS002_029|P_DS002_032|P_DS002_002|P_DS002_005|P_DS002_008|P_DS002_011|P_DS002_014|P_DS002_020|P_DS002_023,9.3,0,1450,0.0,40.0
DS002_20260701_I28,DS002,2026-07-01,28,Lunch,76,10,0,0,10,0,0.0,,,P_DS002_029|P_DS002_032|P_DS002_002|P_DS002_005|P_DS002_008|P_DS002_011|P_DS002_014|P_DS002_020|P_DS002_023|P_DS002_026,7.6,0,1450,0.0,40.0
DS002_20260701_I29,DS002,2026-07-01,29,Lunch,68,10,0,0,10,0,0.0,,,P_DS002_032|P_DS002_002|P_DS002_005|P_DS002_008|P_DS002_011|P_DS002_014|P_DS002_020|P_DS002_023|P_DS002_026|P_DS002_029,6.8,0,1450,0.0,40.0
DS002_20260701_I30,DS002,2026-07-01,30,Lunch,64,10,0,0,10,0,0.0,,,P_DS002_002|P_DS002_005|P_DS002_008|P_DS002_011|P_DS002_014|P_DS002_020|P_DS002_023|P_DS002_026|P_DS002_029|P_DS002_032,6.4,0,1450,0.0,40.0
DS002_20260701_I31,DS002,2026-07-01,31,Afternoon,53,10,0,2,8,0,1.0,,P_DS002_005|P_DS002_008,P_DS002_011|P_DS002_014|P_DS002_020|P_DS002_023|P_DS002_026|P_DS002_029|P_DS002_032|P_DS002_002,6.625,0,1450,1.0,39.0
DS002_20260701_I32,DS002,2026-07-01,32,Afternoon,36,10,0,2,8,0,1.0,,P_DS002_008|P_DS002_011,P_DS002_014|P_DS002_020|P_DS002_023|P_DS002_026|P_DS002_029|P_DS002_032|P_DS002_002|P_DS002_005,4.5,0,1450,1.0,38.0
DS002_20260701_I33,DS002,2026-07-01,33,Afternoon,27,17,0,2,15,0,1.0,,P_DS002_033|P_DS002_002,P_DS002_005|P_DS002_008|P_DS002_009|P_DS002_011|P_DS002_012|P_DS002_014|P_DS002_015|P_DS002_018|P_DS002_020|P_DS002_023|P_DS002_026|P_DS002_027|P_DS002_029|P_DS002_030|P_DS002_032,1.8,0,1450,1.0,37.0
DS002_20260701_I34,DS002,2026-07-01,34,Afternoon,28,17,0,2,15,0,1.0,,P_DS002_002|P_DS002_005,P_DS002_008|P_DS002_009|P_DS002_011|P_DS002_012|P_DS002_014|P_DS002_015|P_DS002_018|P_DS002_020|P_DS002_023|P_DS002_026|P_DS002_027|P_DS002_029|P_DS002_030|P_DS002_032|P_DS002_033,1.8666666666666667,0,1450,1.0,36.0
DS002_20260701_I35,DS002,2026-07-01,35,Afternoon,45,7,0,2,5,0,1.0,,P_DS002_009|P_DS002_012,P_DS002_015|P_DS002_018|P_DS002_027|P_DS002_030|P_DS002_033,9.0,0,1450,1.0,35.0
DS002_20260701_I36,DS002,2026-07-01,36,Afternoon,64,7,0,2,5,0,1.0,,P_DS002_012|P_DS002_015,P_DS002_018|P_DS002_027|P_DS002_030|P_DS002_033|P_DS002_009,12.8,0,1450,1.0,34.0
DS002_20260701_I37,DS002,2026-07-01,37,Evening,67,7,0,0,7,0,0.0,,,P_DS002_015|P_DS002_018|P_DS002_027|P_DS002_030|P_DS002_033|P_DS002_009|P_DS002_012,9.571428571428571,0,1450,0.0,34.0
DS002_20260701_I38,DS002,2026-07-01,38,Evening,84,7,0,0,7,0,0.0,,,P_DS002_018|P_DS002_027|P_DS002_030|P_DS002_033|P_DS002_009|P_DS002_012|P_DS002_015,12.0,0,1450,0.0,34.0
DS002_20260701_I39,DS002,2026-07-01,39,Evening,106,7,0,0,7,0,0.0,,,P_DS002_027|P_DS002_030|P_DS002_033|P_DS002_009|P_DS002_012|P_DS002_015|P_DS002_018,15.142857142857142,0,1450,0.0,34.0
DS002_20260701_I40,DS002,2026-07-01,40,Evening,111,7,0,0,7,0,0.0,,,P_DS002_030|P_DS002_033|P_DS002_009|P_DS002_012|P_DS002_015|P_DS002_018|P_DS002_027,15.857142857142858,0,1450,0.0,34.0
DS002_20260701_I41,DS002,2026-07-01,41,Evening,127,7,0,0,7,0,0.0,,,P_DS002_033|P_DS002_009|P_DS002_012|P_DS002_015|P_DS002_018|P_DS002_027|P_DS002_030,18.142857142857142,0,1450,0.0,34.0
DS002_20260701_I42,DS002,2026-07-01,42,Evening,142,7,0,0,7,0,0.0,,,P_DS002_009|P_DS002_012|P_DS002_015|P_DS002_018|P_DS002_027|P_DS002_030|P_DS002_033,20.285714285714285,0,1450,0.0,34.0
DS002_20260701_I43,DS002,2026-07-01,43,Evening,140,7,0,0,7,0,0.0,,,P_DS002_012|P_DS002_015|P_DS002_018|P_DS002_027|P_DS002_030|P_DS002_033|P_DS002_009,20.0,0,1450,0.0,34.0
DS002_20260701_I44,DS002,2026-07-01,44,Evening,110,7,0,0,7,0,0.0,,,P_DS002_015|P_DS002_018|P_DS002_027|P_DS002_030|P_DS002_033|P_DS002_009|P_DS002_012,15.714285714285714,0,1450,0.0,34.0
DS002_20260701_I45,DS002,2026-07-01,45,Evening,78,7,0,0,7,0,0.0,,,P_DS002_018|P_DS002_027|P_DS002_030|P_DS002_033|P_DS002_009|P_DS002_012|P_DS002_015,11.142857142857142,0,1450,0.0,34.0
DS002_20260701_I46,DS002,2026-07-01,46,Evening,66,7,0,0,7,0,0.0,,,P_DS002_027|P_DS002_030|P_DS002_033|P_DS002_009|P_DS002_012|P_DS002_015|P_DS002_018,9.428571428571429,0,1450,0.0,34.0
DS002_20260701_I47,DS002,2026-07-01,47,Late Night,27,7,0,2,5,0,1.0,,P_DS002_030|P_DS002_033,P_DS002_009|P_DS002_012|P_DS002_015|P_DS002_018|P_DS002_027,5.4,0,1450,1.0,33.0
DS002_20260701_I48,DS002,2026-07-01,48,Late Night,26,7,0,2,5,0,1.0,,P_DS002_033|P_DS002_009,P_DS002_012|P_DS002_015|P_DS002_018|P_DS002_027|P_DS002_030,5.2,0,1450,1.0,32.0
DS002_20260702_I01,DS002,2026-07-02,1,Night,12,16,12,2,2,900,1.0,P_DS002_012|P_DS002_015|P_DS002_018|P_DS002_027|P_DS002_030|P_DS002_033|P_DS002_001|P_DS002_010|P_DS002_013|P_DS002_016|P_DS002_019|P_DS002_022,P_DS002_028|P_DS002_031,P_DS002_034|P_DS002_009,6.0,900,9100,1.0,49.0
DS002_20260702_I02,DS002,2026-07-02,2,Night,7,17,12,2,3,900,1.0,P_DS002_015|P_DS002_018|P_DS002_027|P_DS002_030|P_DS002_033|P_DS002_001|P_DS002_007|P_DS002_010|P_DS002_013|P_DS002_016|P_DS002_019|P_DS002_022,P_DS002_028|P_DS002_031,P_DS002_034|P_DS002_009|P_DS002_012,2.3333333333333335,900,8200,1.0,48.0
DS002_20260702_I03,DS002,2026-07-02,3,Night,5,10,9,0,1,675,0.0,P_DS002_013|P_DS002_016|P_DS002_019|P_DS002_022|P_DS002_028|P_DS002_031|P_DS002_034|P_DS002_001|P_DS002_007,,P_DS002_010,5.0,675,7525,0.0,48.0
DS002_20260702_I04,DS002,2026-07-02,4,Night,15,10,9,0,1,675,0.0,P_DS002_016|P_DS002_019|P_DS002_022|P_DS002_028|P_DS002_031|P_DS002_034|P_DS002_001|P_DS002_007|P_DS002_010,,P_DS002_013,15.0,675,6850,0.0,48.0
DS002_20260702_I05,DS002,2026-07-02,5,Night,10,10,9,0,1,675,0.0,P_DS002_019|P_DS002_022|P_DS002_028|P_DS002_031|P_DS002_034|P_DS002_001|P_DS002_007|P_DS002_010|P_DS002_013,,P_DS002_016,10.0,675,6175,0.0,48.0
DS002_20260702_I06,DS002,2026-07-02,6,Night,7,10,9,0,1,675,0.0,P_DS002_022|P_DS002_028|P_DS002_031|P_DS002_034|P_DS002_001|P_DS002_007|P_DS002_010|P_DS002_013|P_DS002_016,,P_DS002_019,7.0,675,5500,0.0,48.0
DS002_20260702_I07,DS002,2026-07-02,7,Night,5,10,9,0,1,675,0.0,P_DS002_028|P_DS002_031|P_DS002_034|P_DS002_001|P_DS002_007|P_DS002_010|P_DS002_013|P_DS002_016|P_DS002_019,,P_DS002_022,5.0,675,4825,0.0,48.0
DS002_20260702_I08,DS002,2026-07-02,8,Night,7,10,9,0,1,675,0.0,P_DS002_031|P_DS002_034|P_DS002_001|P_DS002_007|P_DS002_010|P_DS002_013|P_DS002_016|P_DS002_019|P_DS002_022,,P_DS002_028,7.0,675,4150,0.0,48.0
DS002_20260702_I09,DS002,2026-07-02,9,Night,7,10,9,0,1,675,0.0,P_DS002_034|P_DS002_001|P_DS002_007|P_DS002_010|P_DS002_013|P_DS002_016|P_DS002_019|P_DS002_022|P_DS002_028,,P_DS002_031,7.0,675,3475,0.0,48.0
DS002_20260702_I10,DS002,2026-07-02,10,Night,10,10,9,0,1,675,0.0,P_DS002_001|P_DS002_007|P_DS002_010|P_DS002_013|P_DS002_016|P_DS002_019|P_DS002_022|P_DS002_028|P_DS002_031,,P_DS002_034,10.0,675,2800,0.0,48.0
DS002_20260702_I11,DS002,2026-07-02,11,Night,13,10,9,0,1,675,0.0,P_DS002_007|P_DS002_010|P_DS002_013|P_DS002_016|P_DS002_019|P_DS002_022|P_DS002_028|P_DS002_031|P_DS002_034,,P_DS002_001,13.0,675,2125,0.0,48.0
DS002_20260702_I12,DS002,2026-07-02,12,Night,9,10,9,0,1,675,0.0,P_DS002_010|P_DS002_013|P_DS002_016|P_DS002_019|P_DS002_022|P_DS002_028|P_DS002_031|P_DS002_034|P_DS002_001,,P_DS002_007,9.0,675,1450,0.0,48.0
DS002_20260702_I13,DS002,2026-07-02,13,Morning,8,10,3,2,5,225,1.0,P_DS002_013|P_DS002_016|P_DS002_019,P_DS002_022|P_DS002_028,P_DS002_031|P_DS002_034|P_DS002_001|P_DS002_007|P_DS002_010,1.6,225,1225,1.0,47.0
DS002_20260702_I14,DS002,2026-07-02,14,Morning,24,10,3,2,5,225,1.0,P_DS002_016|P_DS002_019|P_DS002_022,P_DS002_028|P_DS002_031,P_DS002_034|P_DS002_001|P_DS002_007|P_DS002_010|P_DS002_013,4.8,225,1000,1.0,46.0
DS002_20260702_I15,DS002,2026-07-02,15,Morning,21,10,3,2,5,225,1.0,P_DS002_019|P_DS002_022|P_DS002_028,P_DS002_031|P_DS002_034,P_DS002_001|P_DS002_007|P_DS002_010|P_DS002_013|P_DS002_016,4.2,225,775,1.0,45.0
DS002_20260702_I16,DS002,2026-07-02,16,Morning,37,10,3,2,5,225,1.0,P_DS002_022|P_DS002_028|P_DS002_031,P_DS002_034|P_DS002_001,P_DS002_007|P_DS002_010|P_DS002_013|P_DS002_016|P_DS002_019,7.4,225,550,1.0,44.0
DS002_20260702_I17,DS002,2026-07-02,17,Morning,49,19,3,2,14,225,1.0,P_DS002_031|P_DS002_034|P_DS002_001,P_DS002_002|P_DS002_005,P_DS002_007|P_DS002_008|P_DS002_010|P_DS002_013|P_DS002_014|P_DS002_016|P_DS002_017|P_DS002_019|P_DS002_020|P_DS002_022|P_DS002_023|P_DS002_026|P_DS002_028|P_DS002_029,3.5,225,325,1.0,43.0
DS002_20260702_I18,DS002,2026-07-02,18,Morning,48,19,3,2,14,225,1.0,P_DS002_034|P_DS002_001|P_DS002_002,P_DS002_005|P_DS002_007,P_DS002_008|P_DS002_010|P_DS002_013|P_DS002_014|P_DS002_016|P_DS002_017|P_DS002_019|P_DS002_020|P_DS002_022|P_DS002_023|P_DS002_026|P_DS002_028|P_DS002_029|P_DS002_031,3.4285714285714284,225,100,1.0,42.0
DS002_20260702_I19,DS002,2026-07-02,19,Morning,36,9,0,2,7,0,1.0,,P_DS002_005|P_DS002_008,P_DS002_014|P_DS002_017|P_DS002_020|P_DS002_023|P_DS002_026|P_DS002_029|P_DS002_002,5.142857142857143,0,100,1.0,41.0
DS002_20260702_I20,DS002,2026-07-02,20,Morning,40,9,0,2,7,0,1.0,,P_DS002_008|P_DS002_014,P_DS002_017|P_DS002_020|P_DS002_023|P_DS002_026|P_DS002_029|P_DS002_002|P_DS002_005,5.714285714285714,0,100,1.0,40.0
DS002_20260702_I21,DS002,2026-07-02,21,Morning,45,9,0,2,7,0,1.0,,P_DS002_014|P_DS002_017,P_DS002_020|P_DS002_023|P_DS002_026|P_DS002_029|P_DS002_002|P_DS002_005|P_DS002_008,6.428571428571429,0,100,1.0,39.0
DS002_20260702_I22,DS002,2026-07-02,22,Morning,55,9,0,2,7,0,1.0,,P_DS002_017|P_DS002_020,P_DS002_023|P_DS002_026|P_DS002_029|P_DS002_002|P_DS002_005|P_DS002_008|P_DS002_014,7.857142857142857,0,100,1.0,38.0
DS002_20260702_I23,DS002,2026-07-02,23,Lunch,55,9,0,0,9,0,0.0,,,P_DS002_020|P_DS002_023|P_DS002_026|P_DS002_029|P_DS002_002|P_DS002_005|P_DS002_008|P_DS002_014|P_DS002_017,6.111111111111111,0,100,0.0,38.0
DS002_20260702_I24,DS002,2026-07-02,24,Lunch,53,9,0,0,9,0,0.0,,,P_DS002_023|P_DS002_026|P_DS002_029|P_DS002_002|P_DS002_005|P_DS002_008|P_DS002_014|P_DS002_017|P_DS002_020,5.888888888888889,0,100,0.0,38.0
DS002_20260702_I25,DS002,2026-07-02,25,Lunch,79,9,0,0,9,0,0.0,,,P_DS002_026|P_DS002_029|P_DS002_002|P_DS002_005|P_DS002_008|P_DS002_014|P_DS002_017|P_DS002_020|P_DS002_023,8.777777777777779,0,100,0.0,38.0
DS002_20260702_I26,DS002,2026-07-02,26,Lunch,80,9,0,0,9,0,0.0,,,P_DS002_029|P_DS002_002|P_DS002_005|P_DS002_008|P_DS002_014|P_DS002_017|P_DS002_020|P_DS002_023|P_DS002_026,8.88888888888889,0,100,0.0,38.0
DS002_20260702_I27,DS002,2026-07-02,27,Lunch,102,9,0,0,9,0,0.0,,,P_DS002_002|P_DS002_005|P_DS002_008|P_DS002_014|P_DS002_017|P_DS002_020|P_DS002_023|P_DS002_026|P_DS002_029,11.333333333333334,0,100,0.0,38.0
DS002_20260702_I28,DS002,2026-07-02,28,Lunch,80,9,0,0,9,0,0.0,,,P_DS002_005|P_DS002_008|P_DS002_014|P_DS002_017|P_DS002_020|P_DS002_023|P_DS002_026|P_DS002_029|P_DS002_002,8.88888888888889,0,100,0.0,38.0
DS002_20260702_I29,DS002,2026-07-02,29,Lunch,83,9,0,0,9,0,0.0,,,P_DS002_008|P_DS002_014|P_DS002_017|P_DS002_020|P_DS002_023|P_DS002_026|P_DS002_029|P_DS002_002|P_DS002_005,9.222222222222221,0,100,0.0,38.0
DS002_20260702_I30,DS002,2026-07-02,30,Lunch,63,9,0,0,9,0,0.0,,,P_DS002_014|P_DS002_017|P_DS002_020|P_DS002_023|P_DS002_026|P_DS002_029|P_DS002_002|P_DS002_005|P_DS002_008,7.0,0,100,0.0,38.0
DS002_20260702_I31,DS002,2026-07-02,31,Afternoon,46,9,0,2,7,0,1.0,,P_DS002_017|P_DS002_020,P_DS002_023|P_DS002_026|P_DS002_029|P_DS002_002|P_DS002_005|P_DS002_008|P_DS002_014,6.571428571428571,0,100,1.0,37.0
DS002_20260702_I32,DS002,2026-07-02,32,Afternoon,30,9,0,2,7,0,1.0,,P_DS002_020|P_DS002_023,P_DS002_026|P_DS002_029|P_DS002_002|P_DS002_005|P_DS002_008|P_DS002_014|P_DS002_017,4.285714285714286,0,100,1.0,36.0
DS002_20260702_I33,DS002,2026-07-02,33,Afternoon,30,17,0,2,15,0,1.0,,P_DS002_033|P_DS002_002,P_DS002_005|P_DS002_006|P_DS002_008|P_DS002_009|P_DS002_014|P_DS002_015|P_DS002_017|P_DS002_020|P_DS002_021|P_DS002_023|P_DS002_024|P_DS002_026|P_DS002_027|P_DS002_029|P_DS002_030,2.0,0,100,1.0,35.0
DS002_20260702_I34,DS002,2026-07-02,34,Afternoon,22,18,0,2,16,0,1.0,,P_DS002_030|P_DS002_033,P_DS002_002|P_DS002_005|P_DS002_006|P_DS002_008|P_DS002_009|P_DS002_012|P_DS002_014|P_DS002_015|P_DS002_017|P_DS002_020|P_DS002_021|P_DS002_023|P_DS002_024|P_DS002_026|P_DS002_027|P_DS002_029,1.375,0,100,1.0,34.0
DS002_20260702_I35,DS002,2026-07-02,35,Afternoon,38,9,0,2,7,0,1.0,,P_DS002_033|P_DS002_006,P_DS002_009|P_DS002_012|P_DS002_015|P_DS002_021|P_DS002_024|P_DS002_027|P_DS002_030,5.428571428571429,0,100,1.0,33.0
DS002_20260702_I36,DS002,2026-07-02,36,Afternoon,56,9,0,2,7,0,1.0,,P_DS002_006|P_DS002_009,P_DS002_012|P_DS002_015|P_DS002_021|P_DS002_024|P_DS002_027|P_DS002_030|P_DS002_033,8.0,0,100,1.0,32.0
DS002_20260702_I37,DS002,2026-07-02,37,Evening,98,12,0,0,12,0,0.0,,,P_DS002_009|P_DS002_012|P_DS002_015|P_DS002_021|P_DS002_024|P_DS002_027|P_DS002_030|P_DS002_033|P_DS002_025|P_DS002_004|P_DS002_018|P_DS002_006,8.166666666666666,0,100,0.0,32.0
DS002_20260702_I38,DS002,2026-07-02,38,Evening,100,12,0,0,12,0,0.0,,,P_DS002_012|P_DS002_015|P_DS002_021|P_DS002_024|P_DS002_027|P_DS002_030|P_DS002_033|P_DS002_025|P_DS002_004|P_DS002_018|P_DS002_006|P_DS002_009,8.333333333333334,0,100,0.0,32.0
DS002_20260702_I39,DS002,2026-07-02,39,Evening,107,12,0,0,12,0,0.0,,,P_DS002_015|P_DS002_021|P_DS002_024|P_DS002_027|P_DS002_030|P_DS002_033|P_DS002_025|P_DS002_004|P_DS002_018|P_DS002_006|P_DS002_009|P_DS002_012,8.916666666666666,0,100,0.0,32.0
DS002_20260702_I40,DS002,2026-07-02,40,Evening,119,12,0,0,12,0,0.0,,,P_DS002_021|P_DS002_024|P_DS002_027|P_DS002_030|P_DS002_033|P_DS002_025|P_DS002_004|P_DS002_018|P_DS002_006|P_DS002_009|P_DS002_012|P_DS002_015,9.916666666666666,0,100,0.0,32.0
DS002_20260702_I41,DS002,2026-07-02,41,Evening,134,12,0,0,12,0,0.0,,,P_DS002_024|P_DS002_027|P_DS002_030|P_DS002_033|P_DS002_025|P_DS002_004|P_DS002_018|P_DS002_006|P_DS002_009|P_DS002_012|P_DS002_015|P_DS002_021,11.166666666666666,0,100,0.0,32.0
DS002_20260702_I42,DS002,2026-07-02,42,Evening,149,12,0,0,12,0,0.0,,,P_DS002_027|P_DS002_030|P_DS002_033|P_DS002_025|P_DS002_004|P_DS002_018|P_DS002_006|P_DS002_009|P_DS002_012|P_DS002_015|P_DS002_021|P_DS002_024,12.416666666666666,0,100,0.0,32.0
DS002_20260702_I43,DS002,2026-07-02,43,Evening,103,12,0,0,12,0,0.0,,,P_DS002_030|P_DS002_033|P_DS002_025|P_DS002_004|P_DS002_018|P_DS002_006|P_DS002_009|P_DS002_012|P_DS002_015|P_DS002_021|P_DS002_024|P_DS002_027,8.583333333333334,0,100,0.0,32.0
DS002_20260702_I44,DS002,2026-07-02,44,Evening,108,12,0,0,12,0,0.0,,,P_DS002_033|P_DS002_025|P_DS002_004|P_DS002_018|P_DS002_006|P_DS002_009|P_DS002_012|P_DS002_015|P_DS002_021|P_DS002_024|P_DS002_027|P_DS002_030,9.0,0,100,0.0,32.0
DS002_20260702_I45,DS002,2026-07-02,45,Evening,70,9,0,0,9,0,0.0,,,P_DS002_006|P_DS002_009|P_DS002_012|P_DS002_015|P_DS002_021|P_DS002_024|P_DS002_027|P_DS002_030|P_DS002_033,7.777777777777778,0,100,0.0,32.0
DS002_20260702_I46,DS002,2026-07-02,46,Evening,69,9,0,0,9,0,0.0,,,P_DS002_009|P_DS002_012|P_DS002_015|P_DS002_021|P_DS002_024|P_DS002_027|P_DS002_030|P_DS002_033|P_DS002_006,7.666666666666667,0,100,0.0,32.0
DS002_20260702_I47,DS002,2026-07-02,47,Late Night,36,9,0,2,7,0,1.0,,P_DS002_012|P_DS002_015,P_DS002_021|P_DS002_024|P_DS002_027|P_DS002_030|P_DS002_033|P_DS002_006|P_DS002_009,5.142857142857143,0,100,1.0,31.0
DS002_20260702_I48,DS002,2026-07-02,48,Late Night,23,9,0,2,7,0,1.0,,P_DS002_015|P_DS002_021,P_DS002_024|P_DS002_027|P_DS002_030|P_DS002_033|P_DS002_006|P_DS002_009|P_DS002_012,3.2857142857142856,0,100,1.0,30.0
DS002_20260703_I01,DS002,2026-07-03,1,Night,12,18,12,2,4,900,1.0,P_DS002_009|P_DS002_012|P_DS002_015|P_DS002_021|P_DS002_024|P_DS002_027|P_DS002_030|P_DS002_033|P_DS002_001|P_DS002_007|P_DS002_010|P_DS002_016,P_DS002_022|P_DS002_025,P_DS002_028|P_DS002_031|P_DS002_034|P_DS002_006,3.0,900,9100,1.0,49.0
DS002_20260703_I02,DS002,2026-07-03,2,Night,8,19,12,2,5,900,1.0,P_DS002_012|P_DS002_015|P_DS002_021|P_DS002_024|P_DS002_027|P_DS002_030|P_DS002_033|P_DS002_001|P_DS002_007|P_DS002_010|P_DS002_013|P_DS002_016,P_DS002_022|P_DS002_025,P_DS002_028|P_DS002_031|P_DS002_034|P_DS002_006|P_DS002_009,1.6,900,8200,1.0,48.0
DS002_20260703_I03,DS002,2026-07-03,3,Night,5,10,9,0,1,675,0.0,P_DS002_013|P_DS002_016|P_DS002_022|P_DS002_025|P_DS002_028|P_DS002_031|P_DS002_034|P_DS002_001|P_DS002_007,,P_DS002_010,5.0,675,7525,0.0,48.0
DS002_20260703_I04,DS002,2026-07-03,4,Night,8,10,9,0,1,675,0.0,P_DS002_016|P_DS002_022|P_DS002_025|P_DS002_028|P_DS002_031|P_DS002_034|P_DS002_001|P_DS002_007|P_DS002_010,,P_DS002_013,8.0,675,6850,0.0,48.0
DS002_20260703_I05,DS002,2026-07-03,5,Night,8,10,9,0,1,675,0.0,P_DS002_022|P_DS002_025|P_DS002_028|P_DS002_031|P_DS002_034|P_DS002_001|P_DS002_007|P_DS002_010|P_DS002_013,,P_DS002_016,8.0,675,6175,0.0,48.0
DS002_20260703_I06,DS002,2026-07-03,6,Night,9,10,9,0,1,675,0.0,P_DS002_025|P_DS002_028|P_DS002_031|P_DS002_034|P_DS002_001|P_DS002_007|P_DS002_010|P_DS002_013|P_DS002_016,,P_DS002_022,9.0,675,5500,0.0,48.0
DS002_20260703_I07,DS002,2026-07-03,7,Night,7,10,9,0,1,675,0.0,P_DS002_028|P_DS002_031|P_DS002_034|P_DS002_001|P_DS002_007|P_DS002_010|P_DS002_013|P_DS002_016|P_DS002_022,,P_DS002_025,7.0,675,4825,0.0,48.0
DS002_20260703_I08,DS002,2026-07-03,8,Night,7,10,9,0,1,675,0.0,P_DS002_031|P_DS002_034|P_DS002_001|P_DS002_007|P_DS002_010|P_DS002_013|P_DS002_016|P_DS002_022|P_DS002_025,,P_DS002_028,7.0,675,4150,0.0,48.0
DS002_20260703_I09,DS002,2026-07-03,9,Night,10,10,9,0,1,675,0.0,P_DS002_034|P_DS002_001|P_DS002_007|P_DS002_010|P_DS002_013|P_DS002_016|P_DS002_022|P_DS002_025|P_DS002_028,,P_DS002_031,10.0,675,3475,0.0,48.0
DS002_20260703_I10,DS002,2026-07-03,10,Night,8,10,9,0,1,675,0.0,P_DS002_001|P_DS002_007|P_DS002_010|P_DS002_013|P_DS002_016|P_DS002_022|P_DS002_025|P_DS002_028|P_DS002_031,,P_DS002_034,8.0,675,2800,0.0,48.0
DS002_20260703_I11,DS002,2026-07-03,11,Night,18,10,9,0,1,675,0.0,P_DS002_007|P_DS002_010|P_DS002_013|P_DS002_016|P_DS002_022|P_DS002_025|P_DS002_028|P_DS002_031|P_DS002_034,,P_DS002_001,18.0,675,2125,0.0,48.0
DS002_20260703_I12,DS002,2026-07-03,12,Night,18,10,9,0,1,675,0.0,P_DS002_010|P_DS002_013|P_DS002_016|P_DS002_022|P_DS002_025|P_DS002_028|P_DS002_031|P_DS002_034|P_DS002_001,,P_DS002_007,18.0,675,1450,0.0,48.0
DS002_20260703_I13,DS002,2026-07-03,13,Morning,20,10,3,2,5,225,1.0,P_DS002_013|P_DS002_016|P_DS002_022,P_DS002_025|P_DS002_028,P_DS002_031|P_DS002_034|P_DS002_001|P_DS002_007|P_DS002_010,4.0,225,1225,1.0,47.0
DS002_20260703_I14,DS002,2026-07-03,14,Morning,9,10,3,2,5,225,1.0,P_DS002_016|P_DS002_022|P_DS002_025,P_DS002_028|P_DS002_031,P_DS002_034|P_DS002_001|P_DS002_007|P_DS002_010|P_DS002_013,1.8,225,1000,1.0,46.0
DS002_20260703_I15,DS002,2026-07-03,15,Morning,38,10,3,2,5,225,1.0,P_DS002_022|P_DS002_025|P_DS002_028,P_DS002_031|P_DS002_034,P_DS002_001|P_DS002_007|P_DS002_010|P_DS002_013|P_DS002_016,7.6,225,775,1.0,45.0
DS002_20260703_I16,DS002,2026-07-03,16,Morning,63,10,3,2,5,225,1.0,P_DS002_025|P_DS002_028|P_DS002_031,P_DS002_034|P_DS002_001,P_DS002_007|P_DS002_010|P_DS002_013|P_DS002_016|P_DS002_022,12.6,225,550,1.0,44.0
DS002_20260703_I17,DS002,2026-07-03,17,Morning,62,18,3,2,13,225,1.0,P_DS002_034|P_DS002_001|P_DS002_002,P_DS002_007|P_DS002_008,P_DS002_010|P_DS002_011|P_DS002_013|P_DS002_014|P_DS002_016|P_DS002_017|P_DS002_020|P_DS002_022|P_DS002_025|P_DS002_028|P_DS002_029|P_DS002_031|P_DS002_032,4.769230769230769,225,325,1.0,43.0
DS002_20260703_I18,DS002,2026-07-03,18,Morning,63,18,3,2,13,225,1.0,P_DS002_001|P_DS002_002|P_DS002_007,P_DS002_008|P_DS002_010,P_DS002_011|P_DS002_013|P_DS002_014|P_DS002_016|P_DS002_017|P_DS002_020|P_DS002_022|P_DS002_023|P_DS002_025|P_DS002_029|P_DS002_031|P_DS002_032|P_DS002_034,4.846153846153846,225,100,1.0,42.0
DS002_20260703_I19,DS002,2026-07-03,19,Morning,67,9,0,2,7,0,1.0,,P_DS002_008|P_DS002_011,P_DS002_014|P_DS002_017|P_DS002_020|P_DS002_023|P_DS002_029|P_DS002_032|P_DS002_002,9.571428571428571,0,100,1.0,41.0
DS002_20260703_I20,DS002,2026-07-03,20,Morning,54,9,0,2,7,0,1.0,,P_DS002_011|P_DS002_014,P_DS002_017|P_DS002_020|P_DS002_023|P_DS002_029|P_DS002_032|P_DS002_002|P_DS002_008,7.714285714285714,0,100,1.0,40.0
DS002_20260703_I21,DS002,2026-07-03,21,Morning,34,9,0,2,7,0,1.0,,P_DS002_014|P_DS002_017,P_DS002_020|P_DS002_023|P_DS002_029|P_DS002_032|P_DS002_002|P_DS002_008|P_DS002_011,4.857142857142857,0,100,1.0,39.0
DS002_20260703_I22,DS002,2026-07-03,22,Morning,57,9,0,2,7,0,1.0,,P_DS002_017|P_DS002_020,P_DS002_023|P_DS002_029|P_DS002_032|P_DS002_002|P_DS002_008|P_DS002_011|P_DS002_014,8.142857142857142,0,100,1.0,38.0
DS002_20260703_I23,DS002,2026-07-03,23,Lunch,59,9,0,0,9,0,0.0,,,P_DS002_020|P_DS002_023|P_DS002_029|P_DS002_032|P_DS002_002|P_DS002_008|P_DS002_011|P_DS002_014|P_DS002_017,6.555555555555555,0,100,0.0,38.0
DS002_20260703_I24,DS002,2026-07-03,24,Lunch,91,9,0,0,9,0,0.0,,,P_DS002_023|P_DS002_029|P_DS002_032|P_DS002_002|P_DS002_008|P_DS002_011|P_DS002_014|P_DS002_017|P_DS002_020,10.11111111111111,0,100,0.0,38.0
DS002_20260703_I25,DS002,2026-07-03,25,Lunch,88,9,0,0,9,0,0.0,,,P_DS002_029|P_DS002_032|P_DS002_002|P_DS002_008|P_DS002_011|P_DS002_014|P_DS002_017|P_DS002_020|P_DS002_023,9.777777777777779,0,100,0.0,38.0
DS002_20260703_I26,DS002,2026-07-03,26,Lunch,110,9,0,0,9,0,0.0,,,P_DS002_032|P_DS002_002|P_DS002_008|P_DS002_011|P_DS002_014|P_DS002_017|P_DS002_020|P_DS002_023|P_DS002_029,12.222222222222221,0,100,0.0,38.0
DS002_20260703_I27,DS002,2026-07-03,27,Lunch,113,9,0,0,9,0,0.0,,,P_DS002_002|P_DS002_008|P_DS002_011|P_DS002_014|P_DS002_017|P_DS002_020|P_DS002_023|P_DS002_029|P_DS002_032,12.555555555555555,0,100,0.0,38.0
DS002_20260703_I28,DS002,2026-07-03,28,Lunch,124,9,0,0,9,0,0.0,,,P_DS002_008|P_DS002_011|P_DS002_014|P_DS002_017|P_DS002_020|P_DS002_023|P_DS002_029|P_DS002_032|P_DS002_002,13.777777777777779,0,100,0.0,38.0
DS002_20260703_I29,DS002,2026-07-03,29,Lunch,110,9,0,0,9,0,0.0,,,P_DS002_011|P_DS002_014|P_DS002_017|P_DS002_020|P_DS002_023|P_DS002_029|P_DS002_032|P_DS002_002|P_DS002_008,12.222222222222221,0,100,0.0,38.0
DS002_20260703_I30,DS002,2026-07-03,30,Lunch,85,9,0,0,9,0,0.0,,,P_DS002_014|P_DS002_017|P_DS002_020|P_DS002_023|P_DS002_029|P_DS002_032|P_DS002_002|P_DS002_008|P_DS002_011,9.444444444444445,0,100,0.0,38.0
DS002_20260703_I31,DS002,2026-07-03,31,Afternoon,43,9,0,2,7,0,1.0,,P_DS002_017|P_DS002_020,P_DS002_023|P_DS002_029|P_DS002_032|P_DS002_002|P_DS002_008|P_DS002_011|P_DS002_014,6.142857142857143,0,100,1.0,37.0
DS002_20260703_I32,DS002,2026-07-03,32,Afternoon,38,9,0,2,7,0,1.0,,P_DS002_020|P_DS002_023,P_DS002_029|P_DS002_032|P_DS002_002|P_DS002_008|P_DS002_011|P_DS002_014|P_DS002_017,5.428571428571429,0,100,1.0,36.0
DS002_20260703_I33,DS002,2026-07-03,33,Afternoon,45,18,0,2,16,0,1.0,,P_DS002_029|P_DS002_030,P_DS002_032|P_DS002_002|P_DS002_003|P_DS002_006|P_DS002_008|P_DS002_009|P_DS002_011|P_DS002_014|P_DS002_015|P_DS002_017|P_DS002_018|P_DS002_020|P_DS002_021|P_DS002_023|P_DS002_024|P_DS002_027,2.8125,0,100,1.0,35.0
DS002_20260703_I34,DS002,2026-07-03,34,Afternoon,38,18,0,2,16,0,1.0,,P_DS002_030|P_DS002_032,P_DS002_002|P_DS002_003|P_DS002_006|P_DS002_008|P_DS002_009|P_DS002_011|P_DS002_014|P_DS002_015|P_DS002_017|P_DS002_018|P_DS002_020|P_DS002_021|P_DS002_023|P_DS002_024|P_DS002_027|P_DS002_029,2.375,0,100,1.0,34.0
DS002_20260703_I35,DS002,2026-07-03,35,Afternoon,45,9,0,2,7,0,1.0,,P_DS002_030|P_DS002_003,P_DS002_006|P_DS002_009|P_DS002_015|P_DS002_018|P_DS002_021|P_DS002_024|P_DS002_027,6.428571428571429,0,100,1.0,33.0
DS002_20260703_I36,DS002,2026-07-03,36,Afternoon,67,9,0,2,7,0,1.0,,P_DS002_003|P_DS002_006,P_DS002_009|P_DS002_015|P_DS002_018|P_DS002_021|P_DS002_024|P_DS002_027|P_DS002_030,9.571428571428571,0,100,1.0,32.0
DS002_20260703_I37,DS002,2026-07-03,37,Evening,85,12,0,0,12,0,0.0,,,P_DS002_006|P_DS002_009|P_DS002_015|P_DS002_018|P_DS002_021|P_DS002_024|P_DS002_027|P_DS002_030|P_DS002_012|P_DS002_019|P_DS002_033|P_DS002_003,7.083333333333333,0,100,0.0,32.0
DS002_20260703_I38,DS002,2026-07-03,38,Evening,104,12,0,0,12,0,0.0,,,P_DS002_009|P_DS002_015|P_DS002_018|P_DS002_021|P_DS002_024|P_DS002_027|P_DS002_030|P_DS002_012|P_DS002_019|P_DS002_033|P_DS002_003|P_DS002_006,8.666666666666666,0,100,0.0,32.0
DS002_20260703_I39,DS002,2026-07-03,39,Evening,153,12,0,0,12,0,0.0,,,P_DS002_015|P_DS002_018|P_DS002_021|P_DS002_024|P_DS002_027|P_DS002_030|P_DS002_012|P_DS002_019|P_DS002_033|P_DS002_003|P_DS002_006|P_DS002_009,12.75,0,100,0.0,32.0
DS002_20260703_I40,DS002,2026-07-03,40,Evening,143,12,0,0,12,0,0.0,,,P_DS002_018|P_DS002_021|P_DS002_024|P_DS002_027|P_DS002_030|P_DS002_012|P_DS002_019|P_DS002_033|P_DS002_003|P_DS002_006|P_DS002_009|P_DS002_015,11.916666666666666,0,100,0.0,32.0
DS002_20260703_I41,DS002,2026-07-03,41,Evening,171,12,0,0,12,0,0.0,,,P_DS002_021|P_DS002_024|P_DS002_027|P_DS002_030|P_DS002_012|P_DS002_019|P_DS002_033|P_DS002_003|P_DS002_006|P_DS002_009|P_DS002_015|P_DS002_018,14.25,0,100,0.0,32.0
DS002_20260703_I42,DS002,2026-07-03,42,Evening,161,12,0,0,12,0,0.0,,,P_DS002_024|P_DS002_027|P_DS002_030|P_DS002_012|P_DS002_019|P_DS002_033|P_DS002_003|P_DS002_006|P_DS002_009|P_DS002_015|P_DS002_018|P_DS002_021,13.416666666666666,0,100,0.0,32.0
DS002_20260703_I43,DS002,2026-07-03,43,Evening,137,12,0,0,12,0,0.0,,,P_DS002_027|P_DS002_030|P_DS002_012|P_DS002_019|P_DS002_033|P_DS002_003|P_DS002_006|P_DS002_009|P_DS002_015|P_DS002_018|P_DS002_021|P_DS002_024,11.416666666666666,0,100,0.0,32.0
DS002_20260703_I44,DS002,2026-07-03,44,Evening,129,12,0,0,12,0,0.0,,,P_DS002_030|P_DS002_012|P_DS002_019|P_DS002_033|P_DS002_003|P_DS002_006|P_DS002_009|P_DS002_015|P_DS002_018|P_DS002_021|P_DS002_024|P_DS002_027,10.75,0,100,0.0,32.0
DS002_20260703_I45,DS002,2026-07-03,45,Evening,103,9,0,0,9,0,0.0,,,P_DS002_003|P_DS002_006|P_DS002_009|P_DS002_015|P_DS002_018|P_DS002_021|P_DS002_024|P_DS002_027|P_DS002_030,11.444444444444445,0,100,0.0,32.0
DS002_20260703_I46,DS002,2026-07-03,46,Evening,71,9,0,0,9,0,0.0,,,P_DS002_006|P_DS002_009|P_DS002_015|P_DS002_018|P_DS002_021|P_DS002_024|P_DS002_027|P_DS002_030|P_DS002_003,7.888888888888889,0,100,0.0,32.0
DS002_20260703_I47,DS002,2026-07-03,47,Late Night,60,9,0,2,7,0,1.0,,P_DS002_009|P_DS002_015,P_DS002_018|P_DS002_021|P_DS002_024|P_DS002_027|P_DS002_030|P_DS002_003|P_DS002_006,8.571428571428571,0,100,1.0,31.0
DS002_20260703_I48,DS002,2026-07-03,48,Late Night,34,9,0,2,7,0,1.0,,P_DS002_015|P_DS002_018,P_DS002_021|P_DS002_024|P_DS002_027|P_DS002_030|P_DS002_003|P_DS002_006|P_DS002_009,4.857142857142857,0,100,1.0,30.0
DS002_20260704_I01,DS002,2026-07-04,1,Night,10,18,12,2,4,900,1.0,P_DS002_006|P_DS002_009|P_DS002_015|P_DS002_018|P_DS002_021|P_DS002_024|P_DS002_027|P_DS002_030|P_DS002_001|P_DS002_004|P_DS002_007|P_DS002_010,P_DS002_016|P_DS002_019,P_DS002_022|P_DS002_025|P_DS002_028|P_DS002_003,2.5,900,9100,1.0,49.0
DS002_20260704_I02,DS002,2026-07-04,2,Night,6,19,12,2,5,900,1.0,P_DS002_009|P_DS002_015|P_DS002_018|P_DS002_021|P_DS002_024|P_DS002_027|P_DS002_030|P_DS002_001|P_DS002_004|P_DS002_007|P_DS002_010|P_DS002_016,P_DS002_019|P_DS002_022,P_DS002_025|P_DS002_028|P_DS002_031|P_DS002_003|P_DS002_006,1.2,900,8200,1.0,48.0
DS002_20260704_I03,DS002,2026-07-04,3,Night,3,10,9,0,1,675,0.0,P_DS002_010|P_DS002_016|P_DS002_019|P_DS002_022|P_DS002_025|P_DS002_028|P_DS002_031|P_DS002_001|P_DS002_004,,P_DS002_007,3.0,675,7525,0.0,48.0
DS002_20260704_I04,DS002,2026-07-04,4,Night,8,10,9,0,1,675,0.0,P_DS002_016|P_DS002_019|P_DS002_022|P_DS002_025|P_DS002_028|P_DS002_031|P_DS002_001|P_DS002_004|P_DS002_007,,P_DS002_010,8.0,675,6850,0.0,48.0
DS002_20260704_I05,DS002,2026-07-04,5,Night,15,10,9,0,1,675,0.0,P_DS002_019|P_DS002_022|P_DS002_025|P_DS002_028|P_DS002_031|P_DS002_001|P_DS002_004|P_DS002_007|P_DS002_010,,P_DS002_016,15.0,675,6175,0.0,48.0
DS002_20260704_I06,DS002,2026-07-04,6,Night,9,10,9,0,1,675,0.0,P_DS002_022|P_DS002_025|P_DS002_028|P_DS002_031|P_DS002_001|P_DS002_004|P_DS002_007|P_DS002_010|P_DS002_016,,P_DS002_019,9.0,675,5500,0.0,48.0
DS002_20260704_I07,DS002,2026-07-04,7,Night,7,10,9,0,1,675,0.0,P_DS002_025|P_DS002_028|P_DS002_031|P_DS002_001|P_DS002_004|P_DS002_007|P_DS002_010|P_DS002_016|P_DS002_019,,P_DS002_022,7.0,675,4825,0.0,48.0
DS002_20260704_I08,DS002,2026-07-04,8,Night,3,10,9,0,1,675,0.0,P_DS002_028|P_DS002_031|P_DS002_001|P_DS002_004|P_DS002_007|P_DS002_010|P_DS002_016|P_DS002_019|P_DS002_022,,P_DS002_025,3.0,675,4150,0.0,48.0
DS002_20260704_I09,DS002,2026-07-04,9,Night,8,10,9,0,1,675,0.0,P_DS002_031|P_DS002_001|P_DS002_004|P_DS002_007|P_DS002_010|P_DS002_016|P_DS002_019|P_DS002_022|P_DS002_025,,P_DS002_028,8.0,675,3475,0.0,48.0
DS002_20260704_I10,DS002,2026-07-04,10,Night,7,10,9,0,1,675,0.0,P_DS002_001|P_DS002_004|P_DS002_007|P_DS002_010|P_DS002_016|P_DS002_019|P_DS002_022|P_DS002_025|P_DS002_028,,P_DS002_031,7.0,675,2800,0.0,48.0
DS002_20260704_I11,DS002,2026-07-04,11,Night,8,10,9,0,1,675,0.0,P_DS002_004|P_DS002_007|P_DS002_010|P_DS002_016|P_DS002_019|P_DS002_022|P_DS002_025|P_DS002_028|P_DS002_031,,P_DS002_001,8.0,675,2125,0.0,48.0
DS002_20260704_I12,DS002,2026-07-04,12,Night,5,10,9,0,1,675,0.0,P_DS002_007|P_DS002_010|P_DS002_016|P_DS002_019|P_DS002_022|P_DS002_025|P_DS002_028|P_DS002_031|P_DS002_001,,P_DS002_004,5.0,675,1450,0.0,48.0
DS002_20260704_I13,DS002,2026-07-04,13,Morning,13,10,3,2,5,225,1.0,P_DS002_010|P_DS002_016|P_DS002_019,P_DS002_022|P_DS002_025,P_DS002_028|P_DS002_031|P_DS002_001|P_DS002_004|P_DS002_007,2.6,225,1225,1.0,47.0
DS002_20260704_I14,DS002,2026-07-04,14,Morning,16,10,3,2,5,225,1.0,P_DS002_016|P_DS002_019|P_DS002_022,P_DS002_025|P_DS002_028,P_DS002_031|P_DS002_001|P_DS002_004|P_DS002_007|P_DS002_010,3.2,225,1000,1.0,46.0
DS002_20260704_I15,DS002,2026-07-04,15,Morning,17,10,3,2,5,225,1.0,P_DS002_019|P_DS002_022|P_DS002_025,P_DS002_028|P_DS002_031,P_DS002_001|P_DS002_004|P_DS002_007|P_DS002_010|P_DS002_016,3.4,225,775,1.0,45.0
DS002_20260704_I16,DS002,2026-07-04,16,Morning,23,10,3,2,5,225,1.0,P_DS002_022|P_DS002_025|P_DS002_028,P_DS002_031|P_DS002_001,P_DS002_004|P_DS002_007|P_DS002_010|P_DS002_016|P_DS002_019,4.6,225,550,1.0,44.0
DS002_20260704_I17,DS002,2026-07-04,17,Morning,21,17,3,2,12,225,1.0,P_DS002_001|P_DS002_002|P_DS002_004,P_DS002_007|P_DS002_010,P_DS002_011|P_DS002_014|P_DS002_016|P_DS002_017|P_DS002_019|P_DS002_022|P_DS002_023|P_DS002_025|P_DS002_026|P_DS002_028|P_DS002_029|P_DS002_031,1.75,225,325,1.0,43.0
DS002_20260704_I18,DS002,2026-07-04,18,Morning,42,15,3,2,10,225,1.0,P_DS002_010|P_DS002_011|P_DS002_014,P_DS002_016|P_DS002_017,P_DS002_019|P_DS002_022|P_DS002_023|P_DS002_025|P_DS002_026|P_DS002_029|P_DS002_031|P_DS002_002|P_DS002_004|P_DS002_007,4.2,225,100,1.0,42.0
DS002_20260704_I19,DS002,2026-07-04,19,Morning,51,7,0,2,5,0,1.0,,P_DS002_026|P_DS002_029,P_DS002_002|P_DS002_011|P_DS002_014|P_DS002_017|P_DS002_023,10.2,0,100,1.0,41.0
DS002_20260704_I20,DS002,2026-07-04,20,Morning,51,7,0,2,5,0,1.0,,P_DS002_029|P_DS002_002,P_DS002_011|P_DS002_014|P_DS002_017|P_DS002_023|P_DS002_026,10.2,0,100,1.0,40.0
DS002_20260704_I21,DS002,2026-07-04,21,Morning,61,7,0,2,5,0,1.0,,P_DS002_002|P_DS002_011,P_DS002_014|P_DS002_017|P_DS002_023|P_DS002_026|P_DS002_029,12.2,0,100,1.0,39.0
DS002_20260704_I22,DS002,2026-07-04,22,Morning,81,7,0,2,5,0,1.0,,P_DS002_011|P_DS002_014,P_DS002_017|P_DS002_023|P_DS002_026|P_DS002_029|P_DS002_002,16.2,0,100,1.0,38.0
DS002_20260704_I23,DS002,2026-07-04,23,Lunch,73,7,0,0,7,0,0.0,,,P_DS002_014|P_DS002_017|P_DS002_023|P_DS002_026|P_DS002_029|P_DS002_002|P_DS002_011,10.428571428571429,0,100,0.0,38.0
DS002_20260704_I24,DS002,2026-07-04,24,Lunch,93,7,0,0,7,0,0.0,,,P_DS002_017|P_DS002_023|P_DS002_026|P_DS002_029|P_DS002_002|P_DS002_011|P_DS002_014,13.285714285714286,0,100,0.0,38.0
DS002_20260704_I25,DS002,2026-07-04,25,Lunch,87,7,0,0,7,0,0.0,,,P_DS002_023|P_DS002_026|P_DS002_029|P_DS002_002|P_DS002_011|P_DS002_014|P_DS002_017,12.428571428571429,0,100,0.0,38.0
DS002_20260704_I26,DS002,2026-07-04,26,Lunch,89,7,0,0,7,0,0.0,,,P_DS002_026|P_DS002_029|P_DS002_002|P_DS002_011|P_DS002_014|P_DS002_017|P_DS002_023,12.714285714285714,0,100,0.0,38.0
DS002_20260704_I27,DS002,2026-07-04,27,Lunch,97,7,0,0,7,0,0.0,,,P_DS002_029|P_DS002_002|P_DS002_011|P_DS002_014|P_DS002_017|P_DS002_023|P_DS002_026,13.857142857142858,0,100,0.0,38.0
DS002_20260704_I28,DS002,2026-07-04,28,Lunch,102,7,0,0,7,0,0.0,,,P_DS002_002|P_DS002_011|P_DS002_014|P_DS002_017|P_DS002_023|P_DS002_026|P_DS002_029,14.571428571428571,0,100,0.0,38.0
DS002_20260704_I29,DS002,2026-07-04,29,Lunch,89,7,0,0,7,0,0.0,,,P_DS002_011|P_DS002_014|P_DS002_017|P_DS002_023|P_DS002_026|P_DS002_029|P_DS002_002,12.714285714285714,0,100,0.0,38.0
DS002_20260704_I30,DS002,2026-07-04,30,Lunch,72,7,0,0,7,0,0.0,,,P_DS002_014|P_DS002_017|P_DS002_023|P_DS002_026|P_DS002_029|P_DS002_002|P_DS002_011,10.285714285714286,0,100,0.0,38.0
DS002_20260704_I31,DS002,2026-07-04,31,Afternoon,71,7,0,2,5,0,1.0,,P_DS002_017|P_DS002_023,P_DS002_026|P_DS002_029|P_DS002_002|P_DS002_011|P_DS002_014,14.2,0,100,1.0,37.0
DS002_20260704_I32,DS002,2026-07-04,32,Afternoon,69,7,0,2,5,0,1.0,,P_DS002_023|P_DS002_026,P_DS002_029|P_DS002_002|P_DS002_011|P_DS002_014|P_DS002_017,13.8,0,100,1.0,36.0
DS002_20260704_I33,DS002,2026-07-04,33,Afternoon,48,15,0,2,13,0,1.0,,P_DS002_011|P_DS002_012,P_DS002_014|P_DS002_015|P_DS002_017|P_DS002_018|P_DS002_021|P_DS002_023|P_DS002_024|P_DS002_026|P_DS002_029|P_DS002_030|P_DS002_002|P_DS002_003|P_DS002_009,3.6923076923076925,0,100,1.0,35.0
DS002_20260704_I34,DS002,2026-07-04,34,Afternoon,47,15,0,2,13,0,1.0,,P_DS002_012|P_DS002_014,P_DS002_015|P_DS002_017|P_DS002_018|P_DS002_021|P_DS002_023|P_DS002_024|P_DS002_026|P_DS002_029|P_DS002_030|P_DS002_002|P_DS002_003|P_DS002_009|P_DS002_011,3.6153846153846154,0,100,1.0,34.0
DS002_20260704_I35,DS002,2026-07-04,35,Afternoon,73,8,0,2,6,0,1.0,,P_DS002_015|P_DS002_018,P_DS002_021|P_DS002_024|P_DS002_030|P_DS002_003|P_DS002_009|P_DS002_012,12.166666666666666,0,100,1.0,33.0
DS002_20260704_I36,DS002,2026-07-04,36,Afternoon,73,8,0,2,6,0,1.0,,P_DS002_018|P_DS002_021,P_DS002_024|P_DS002_030|P_DS002_003|P_DS002_009|P_DS002_012|P_DS002_015,12.166666666666666,0,100,1.0,32.0
DS002_20260704_I37,DS002,2026-07-04,37,Evening,75,11,0,0,11,0,0.0,,,P_DS002_018|P_DS002_021|P_DS002_024|P_DS002_030|P_DS002_013|P_DS002_006|P_DS002_027|P_DS002_003|P_DS002_009|P_DS002_012|P_DS002_015,6.818181818181818,0,100,0.0,32.0
DS002_20260704_I38,DS002,2026-07-04,38,Evening,99,11,0,0,11,0,0.0,,,P_DS002_021|P_DS002_024|P_DS002_030|P_DS002_013|P_DS002_006|P_DS002_027|P_DS002_003|P_DS002_009|P_DS002_012|P_DS002_015|P_DS002_018,9.0,0,100,0.0,32.0
DS002_20260704_I39,DS002,2026-07-04,39,Evening,87,11,0,0,11,0,0.0,,,P_DS002_024|P_DS002_030|P_DS002_013|P_DS002_006|P_DS002_027|P_DS002_003|P_DS002_009|P_DS002_012|P_DS002_015|P_DS002_018|P_DS002_021,7.909090909090909,0,100,0.0,32.0
DS002_20260704_I40,DS002,2026-07-04,40,Evening,102,11,0,0,11,0,0.0,,,P_DS002_030|P_DS002_013|P_DS002_006|P_DS002_027|P_DS002_003|P_DS002_009|P_DS002_012|P_DS002_015|P_DS002_018|P_DS002_021|P_DS002_024,9.272727272727273,0,100,0.0,32.0
DS002_20260704_I41,DS002,2026-07-04,41,Evening,140,11,0,0,11,0,0.0,,,P_DS002_013|P_DS002_006|P_DS002_027|P_DS002_003|P_DS002_009|P_DS002_012|P_DS002_015|P_DS002_018|P_DS002_021|P_DS002_024|P_DS002_030,12.727272727272727,0,100,0.0,32.0
DS002_20260704_I42,DS002,2026-07-04,42,Evening,125,11,0,0,11,0,0.0,,,P_DS002_006|P_DS002_027|P_DS002_003|P_DS002_009|P_DS002_012|P_DS002_015|P_DS002_018|P_DS002_021|P_DS002_024|P_DS002_030|P_DS002_013,11.363636363636363,0,100,0.0,32.0
DS002_20260704_I43,DS002,2026-07-04,43,Evening,112,11,0,0,11,0,0.0,,,P_DS002_027|P_DS002_003|P_DS002_009|P_DS002_012|P_DS002_015|P_DS002_018|P_DS002_021|P_DS002_024|P_DS002_030|P_DS002_013|P_DS002_006,10.181818181818182,0,100,0.0,32.0
DS002_20260704_I44,DS002,2026-07-04,44,Evening,111,11,0,0,11,0,0.0,,,P_DS002_003|P_DS002_009|P_DS002_012|P_DS002_015|P_DS002_018|P_DS002_021|P_DS002_024|P_DS002_030|P_DS002_013|P_DS002_006|P_DS002_027,10.090909090909092,0,100,0.0,32.0
DS002_20260704_I45,DS002,2026-07-04,45,Evening,77,8,0,0,8,0,0.0,,,P_DS002_021|P_DS002_024|P_DS002_030|P_DS002_003|P_DS002_009|P_DS002_012|P_DS002_015|P_DS002_018,9.625,0,100,0.0,32.0
DS002_20260704_I46,DS002,2026-07-04,46,Evening,62,8,0,0,8,0,0.0,,,P_DS002_024|P_DS002_030|P_DS002_003|P_DS002_009|P_DS002_012|P_DS002_015|P_DS002_018|P_DS002_021,7.75,0,100,0.0,32.0
DS002_20260704_I47,DS002,2026-07-04,47,Late Night,44,8,0,2,6,0,1.0,,P_DS002_030|P_DS002_003,P_DS002_009|P_DS002_012|P_DS002_015|P_DS002_018|P_DS002_021|P_DS002_024,7.333333333333333,0,100,1.0,31.0
DS002_20260704_I48,DS002,2026-07-04,48,Late Night,33,8,0,2,6,0,1.0,,P_DS002_003|P_DS002_009,P_DS002_012|P_DS002_015|P_DS002_018|P_DS002_021|P_DS002_024|P_DS002_030,5.5,0,100,1.0,30.0
DS002_20260705_I01,DS002,2026-07-05,1,Night,9,15,12,2,1,900,1.0,P_DS002_009|P_DS002_012|P_DS002_015|P_DS002_018|P_DS002_021|P_DS002_024|P_DS002_030|P_DS002_001|P_DS002_010|P_DS002_013|P_DS002_016|P_DS002_022,P_DS002_031|P_DS002_034,P_DS002_003,9.0,900,9100,1.0,49.0
DS002_20260705_I02,DS002,2026-07-05,2,Night,7,16,12,2,2,900,1.0,P_DS002_012|P_DS002_015|P_DS002_018|P_DS002_021|P_DS002_024|P_DS002_030|P_DS002_001|P_DS002_010|P_DS002_013|P_DS002_016|P_DS002_022|P_DS002_025,P_DS002_031|P_DS002_034,P_DS002_003|P_DS002_009,3.5,900,8200,1.0,48.0
DS002_20260705_I03,DS002,2026-07-05,3,Night,5,8,7,0,1,525,0.0,P_DS002_016|P_DS002_022|P_DS002_025|P_DS002_031|P_DS002_034|P_DS002_001|P_DS002_010,,P_DS002_013,5.0,525,7675,0.0,48.0
DS002_20260705_I04,DS002,2026-07-05,4,Night,9,8,7,0,1,525,0.0,P_DS002_022|P_DS002_025|P_DS002_031|P_DS002_034|P_DS002_001|P_DS002_010|P_DS002_013,,P_DS002_016,9.0,525,7150,0.0,48.0
DS002_20260705_I05,DS002,2026-07-05,5,Night,10,8,7,0,1,525,0.0,P_DS002_025|P_DS002_031|P_DS002_034|P_DS002_001|P_DS002_010|P_DS002_013|P_DS002_016,,P_DS002_022,10.0,525,6625,0.0,48.0
DS002_20260705_I06,DS002,2026-07-05,6,Night,18,8,7,0,1,525,0.0,P_DS002_031|P_DS002_034|P_DS002_001|P_DS002_010|P_DS002_013|P_DS002_016|P_DS002_022,,P_DS002_025,18.0,525,6100,0.0,48.0
DS002_20260705_I07,DS002,2026-07-05,7,Night,12,8,7,0,1,525,0.0,P_DS002_034|P_DS002_001|P_DS002_010|P_DS002_013|P_DS002_016|P_DS002_022|P_DS002_025,,P_DS002_031,12.0,525,5575,0.0,48.0
DS002_20260705_I08,DS002,2026-07-05,8,Night,11,8,7,0,1,525,0.0,P_DS002_001|P_DS002_010|P_DS002_013|P_DS002_016|P_DS002_022|P_DS002_025|P_DS002_031,,P_DS002_034,11.0,525,5050,0.0,48.0
DS002_20260705_I09,DS002,2026-07-05,9,Night,6,8,7,0,1,525,0.0,P_DS002_010|P_DS002_013|P_DS002_016|P_DS002_022|P_DS002_025|P_DS002_031|P_DS002_034,,P_DS002_001,6.0,525,4525,0.0,48.0
DS002_20260705_I10,DS002,2026-07-05,10,Night,6,8,7,0,1,525,0.0,P_DS002_013|P_DS002_016|P_DS002_022|P_DS002_025|P_DS002_031|P_DS002_034|P_DS002_001,,P_DS002_010,6.0,525,4000,0.0,48.0
DS002_20260705_I11,DS002,2026-07-05,11,Night,9,8,7,0,1,525,0.0,P_DS002_016|P_DS002_022|P_DS002_025|P_DS002_031|P_DS002_034|P_DS002_001|P_DS002_010,,P_DS002_013,9.0,525,3475,0.0,48.0
DS002_20260705_I12,DS002,2026-07-05,12,Night,10,8,7,0,1,525,0.0,P_DS002_022|P_DS002_025|P_DS002_031|P_DS002_034|P_DS002_001|P_DS002_010|P_DS002_013,,P_DS002_016,10.0,525,2950,0.0,48.0
DS002_20260705_I13,DS002,2026-07-05,13,Morning,8,8,3,2,3,225,1.0,P_DS002_025|P_DS002_031|P_DS002_034,P_DS002_001|P_DS002_010,P_DS002_013|P_DS002_016|P_DS002_022,2.6666666666666665,225,2725,1.0,47.0
DS002_20260705_I14,DS002,2026-07-05,14,Morning,9,8,3,2,3,225,1.0,P_DS002_031|P_DS002_034|P_DS002_001,P_DS002_010|P_DS002_013,P_DS002_016|P_DS002_022|P_DS002_025,3.0,225,2500,1.0,46.0
DS002_20260705_I15,DS002,2026-07-05,15,Morning,19,8,3,2,3,225,1.0,P_DS002_034|P_DS002_001|P_DS002_010,P_DS002_013|P_DS002_016,P_DS002_022|P_DS002_025|P_DS002_031,6.333333333333333,225,2275,1.0,45.0
DS002_20260705_I16,DS002,2026-07-05,16,Morning,26,8,3,2,3,225,1.0,P_DS002_001|P_DS002_010|P_DS002_013,P_DS002_016|P_DS002_022,P_DS002_025|P_DS002_031|P_DS002_034,8.666666666666666,225,2050,1.0,44.0
DS002_20260705_I17,DS002,2026-07-05,17,Morning,14,16,3,2,11,225,1.0,P_DS002_002|P_DS002_005|P_DS002_010,P_DS002_011|P_DS002_013,P_DS002_016|P_DS002_017|P_DS002_020|P_DS002_022|P_DS002_023|P_DS002_025|P_DS002_026|P_DS002_029|P_DS002_031|P_DS002_034|P_DS002_001,1.2727272727272727,225,1825,1.0,43.0
DS002_20260705_I18,DS002,2026-07-05,18,Morning,32,18,3,2,13,225,1.0,P_DS002_001|P_DS002_002|P_DS002_005,P_DS002_008|P_DS002_010,P_DS002_011|P_DS002_013|P_DS002_016|P_DS002_017|P_DS002_020|P_DS002_022|P_DS002_023|P_DS002_025|P_DS002_026|P_DS002_029|P_DS002_031|P_DS002_032|P_DS002_034,2.4615384615384617,225,1600,1.0,42.0
DS002_20260705_I19,DS002,2026-07-05,19,Morning,45,10,0,2,8,0,1.0,,P_DS002_032|P_DS002_002,P_DS002_005|P_DS002_008|P_DS002_011|P_DS002_017|P_DS002_020|P_DS002_023|P_DS002_026|P_DS002_029,5.625,0,1600,1.0,41.0
DS002_20260705_I20,DS002,2026-07-05,20,Morning,65,10,0,2,8,0,1.0,,P_DS002_002|P_DS002_005,P_DS002_008|P_DS002_011|P_DS002_017|P_DS002_020|P_DS002_023|P_DS002_026|P_DS002_029|P_DS002_032,8.125,0,1600,1.0,40.0
DS002_20260705_I21,DS002,2026-07-05,21,Morning,71,10,0,2,8,0,1.0,,P_DS002_005|P_DS002_008,P_DS002_011|P_DS002_017|P_DS002_020|P_DS002_023|P_DS002_026|P_DS002_029|P_DS002_032|P_DS002_002,8.875,0,1600,1.0,39.0
DS002_20260705_I22,DS002,2026-07-05,22,Morning,81,10,0,2,8,0,1.0,,P_DS002_008|P_DS002_011,P_DS002_017|P_DS002_020|P_DS002_023|P_DS002_026|P_DS002_029|P_DS002_032|P_DS002_002|P_DS002_005,10.125,0,1600,1.0,38.0
DS002_20260705_I23,DS002,2026-07-05,23,Lunch,98,10,0,0,10,0,0.0,,,P_DS002_011|P_DS002_017|P_DS002_020|P_DS002_023|P_DS002_026|P_DS002_029|P_DS002_032|P_DS002_002|P_DS002_005|P_DS002_008,9.8,0,1600,0.0,38.0
DS002_20260705_I24,DS002,2026-07-05,24,Lunch,89,10,0,0,10,0,0.0,,,P_DS002_017|P_DS002_020|P_DS002_023|P_DS002_026|P_DS002_029|P_DS002_032|P_DS002_002|P_DS002_005|P_DS002_008|P_DS002_011,8.9,0,1600,0.0,38.0
DS002_20260705_I25,DS002,2026-07-05,25,Lunch,96,10,0,0,10,0,0.0,,,P_DS002_020|P_DS002_023|P_DS002_026|P_DS002_029|P_DS002_032|P_DS002_002|P_DS002_005|P_DS002_008|P_DS002_011|P_DS002_017,9.6,0,1600,0.0,38.0
DS002_20260705_I26,DS002,2026-07-05,26,Lunch,103,10,0,0,10,0,0.0,,,P_DS002_023|P_DS002_026|P_DS002_029|P_DS002_032|P_DS002_002|P_DS002_005|P_DS002_008|P_DS002_011|P_DS002_017|P_DS002_020,10.3,0,1600,0.0,38.0
DS002_20260705_I27,DS002,2026-07-05,27,Lunch,99,10,0,0,10,0,0.0,,,P_DS002_026|P_DS002_029|P_DS002_032|P_DS002_002|P_DS002_005|P_DS002_008|P_DS002_011|P_DS002_017|P_DS002_020|P_DS002_023,9.9,0,1600,0.0,38.0
DS002_20260705_I28,DS002,2026-07-05,28,Lunch,100,10,0,0,10,0,0.0,,,P_DS002_029|P_DS002_032|P_DS002_002|P_DS002_005|P_DS002_008|P_DS002_011|P_DS002_017|P_DS002_020|P_DS002_023|P_DS002_026,10.0,0,1600,0.0,38.0
DS002_20260705_I29,DS002,2026-07-05,29,Lunch,101,10,0,0,10,0,0.0,,,P_DS002_032|P_DS002_002|P_DS002_005|P_DS002_008|P_DS002_011|P_DS002_017|P_DS002_020|P_DS002_023|P_DS002_026|P_DS002_029,10.1,0,1600,0.0,38.0
DS002_20260705_I30,DS002,2026-07-05,30,Lunch,87,10,0,0,10,0,0.0,,,P_DS002_002|P_DS002_005|P_DS002_008|P_DS002_011|P_DS002_017|P_DS002_020|P_DS002_023|P_DS002_026|P_DS002_029|P_DS002_032,8.7,0,1600,0.0,38.0
DS002_20260705_I31,DS002,2026-07-05,31,Afternoon,66,10,0,2,8,0,1.0,,P_DS002_005|P_DS002_008,P_DS002_011|P_DS002_017|P_DS002_020|P_DS002_023|P_DS002_026|P_DS002_029|P_DS002_032|P_DS002_002,8.25,0,1600,1.0,37.0
DS002_20260705_I32,DS002,2026-07-05,32,Afternoon,78,10,0,2,8,0,1.0,,P_DS002_008|P_DS002_011,P_DS002_017|P_DS002_020|P_DS002_023|P_DS002_026|P_DS002_029|P_DS002_032|P_DS002_002|P_DS002_005,9.75,0,1600,1.0,36.0
DS002_20260705_I33,DS002,2026-07-05,33,Afternoon,55,20,0,2,18,0,1.0,,P_DS002_024|P_DS002_026,P_DS002_027|P_DS002_029|P_DS002_030|P_DS002_032|P_DS002_033|P_DS002_002|P_DS002_003|P_DS002_005|P_DS002_006|P_DS002_008|P_DS002_009|P_DS002_011|P_DS002_012|P_DS002_015|P_DS002_017|P_DS002_018|P_DS002_020|P_DS002_023,3.0555555555555554,0,1600,1.0,35.0
DS002_20260705_I34,DS002,2026-07-05,34,Afternoon,69,20,0,2,18,0,1.0,,P_DS002_026|P_DS002_027,P_DS002_029|P_DS002_030|P_DS002_032|P_DS002_033|P_DS002_002|P_DS002_003|P_DS002_005|P_DS002_006|P_DS002_008|P_DS002_009|P_DS002_011|P_DS002_012|P_DS002_015|P_DS002_017|P_DS002_018|P_DS002_020|P_DS002_023|P_DS002_024,3.8333333333333335,0,1600,1.0,34.0
DS002_20260705_I35,DS002,2026-07-05,35,Afternoon,72,10,0,2,8,0,1.0,,P_DS002_018|P_DS002_024,P_DS002_027|P_DS002_030|P_DS002_033|P_DS002_003|P_DS002_006|P_DS002_009|P_DS002_012|P_DS002_015,9.0,0,1600,1.0,33.0
DS002_20260705_I36,DS002,2026-07-05,36,Afternoon,81,10,0,2,8,0,1.0,,P_DS002_024|P_DS002_027,P_DS002_030|P_DS002_033|P_DS002_003|P_DS002_006|P_DS002_009|P_DS002_012|P_DS002_015|P_DS002_018,10.125,0,1600,1.0,32.0
DS002_20260705_I37,DS002,2026-07-05,37,Evening,70,13,0,0,13,0,0.0,,,P_DS002_007|P_DS002_028|P_DS002_003|P_DS002_006|P_DS002_009|P_DS002_012|P_DS002_015|P_DS002_018|P_DS002_024|P_DS002_027|P_DS002_030|P_DS002_033|P_DS002_021,5.384615384615385,0,1600,0.0,32.0
DS002_20260705_I38,DS002,2026-07-05,38,Evening,118,13,0,0,13,0,0.0,,,P_DS002_028|P_DS002_003|P_DS002_006|P_DS002_009|P_DS002_012|P_DS002_015|P_DS002_018|P_DS002_024|P_DS002_027|P_DS002_030|P_DS002_033|P_DS002_021|P_DS002_007,9.076923076923077,0,1600,0.0,32.0
DS002_20260705_I39,DS002,2026-07-05,39,Evening,120,13,0,0,13,0,0.0,,,P_DS002_003|P_DS002_006|P_DS002_009|P_DS002_012|P_DS002_015|P_DS002_018|P_DS002_024|P_DS002_027|P_DS002_030|P_DS002_033|P_DS002_021|P_DS002_007|P_DS002_028,9.23076923076923,0,1600,0.0,32.0
DS002_20260705_I40,DS002,2026-07-05,40,Evening,129,13,0,0,13,0,0.0,,,P_DS002_006|P_DS002_009|P_DS002_012|P_DS002_015|P_DS002_018|P_DS002_024|P_DS002_027|P_DS002_030|P_DS002_033|P_DS002_021|P_DS002_007|P_DS002_028|P_DS002_003,9.923076923076923,0,1600,0.0,32.0
DS002_20260705_I41,DS002,2026-07-05,41,Evening,126,13,0,0,13,0,0.0,,,P_DS002_009|P_DS002_012|P_DS002_015|P_DS002_018|P_DS002_024|P_DS002_027|P_DS002_030|P_DS002_033|P_DS002_021|P_DS002_007|P_DS002_028|P_DS002_003|P_DS002_006,9.692307692307692,0,1600,0.0,32.0
DS002_20260705_I42,DS002,2026-07-05,42,Evening,135,13,0,0,13,0,0.0,,,P_DS002_012|P_DS002_015|P_DS002_018|P_DS002_024|P_DS002_027|P_DS002_030|P_DS002_033|P_DS002_021|P_DS002_007|P_DS002_028|P_DS002_003|P_DS002_006|P_DS002_009,10.384615384615385,0,1600,0.0,32.0
DS002_20260705_I43,DS002,2026-07-05,43,Evening,109,13,0,0,13,0,0.0,,,P_DS002_015|P_DS002_018|P_DS002_024|P_DS002_027|P_DS002_030|P_DS002_033|P_DS002_021|P_DS002_007|P_DS002_028|P_DS002_003|P_DS002_006|P_DS002_009|P_DS002_012,8.384615384615385,0,1600,0.0,32.0
DS002_20260705_I44,DS002,2026-07-05,44,Evening,113,13,0,0,13,0,0.0,,,P_DS002_018|P_DS002_024|P_DS002_027|P_DS002_030|P_DS002_033|P_DS002_021|P_DS002_007|P_DS002_028|P_DS002_003|P_DS002_006|P_DS002_009|P_DS002_012|P_DS002_015,8.692307692307692,0,1600,0.0,32.0
DS002_20260705_I45,DS002,2026-07-05,45,Evening,78,10,0,0,10,0,0.0,,,P_DS002_018|P_DS002_024|P_DS002_027|P_DS002_030|P_DS002_033|P_DS002_003|P_DS002_006|P_DS002_009|P_DS002_012|P_DS002_015,7.8,0,1600,0.0,32.0
DS002_20260705_I46,DS002,2026-07-05,46,Evening,64,10,0,0,10,0,0.0,,,P_DS002_024|P_DS002_027|P_DS002_030|P_DS002_033|P_DS002_003|P_DS002_006|P_DS002_009|P_DS002_012|P_DS002_015|P_DS002_018,6.4,0,1600,0.0,32.0
DS002_20260705_I47,DS002,2026-07-05,47,Late Night,58,10,0,2,8,0,1.0,,P_DS002_027|P_DS002_030,P_DS002_033|P_DS002_003|P_DS002_006|P_DS002_009|P_DS002_012|P_DS002_015|P_DS002_018|P_DS002_024,7.25,0,1600,1.0,31.0
DS002_20260705_I48,DS002,2026-07-05,48,Late Night,36,10,0,2,8,0,1.0,,P_DS002_030|P_DS002_033,P_DS002_003|P_DS002_006|P_DS002_009|P_DS002_012|P_DS002_015|P_DS002_018|P_DS002_024|P_DS002_027,4.5,0,1600,1.0,30.0
DS002_20260706_I01,DS002,2026-07-06,1,Night,4,18,12,2,4,900,1.0,P_DS002_006|P_DS002_009|P_DS002_012|P_DS002_015|P_DS002_018|P_DS002_024|P_DS002_027|P_DS002_030|P_DS002_033|P_DS002_004|P_DS002_010|P_DS002_013,P_DS002_016|P_DS002_019,P_DS002_025|P_DS002_028|P_DS002_031|P_DS002_003,1.0,900,9100,1.0,49.0
DS002_20260706_I02,DS002,2026-07-06,2,Night,7,18,12,2,4,900,1.0,P_DS002_009|P_DS002_012|P_DS002_015|P_DS002_018|P_DS002_024|P_DS002_027|P_DS002_030|P_DS002_033|P_DS002_004|P_DS002_010|P_DS002_013|P_DS002_016,P_DS002_019|P_DS002_025,P_DS002_028|P_DS002_031|P_DS002_003|P_DS002_006,1.75,900,8200,1.0,48.0
DS002_20260706_I03,DS002,2026-07-06,3,Night,12,8,7,0,1,525,0.0,P_DS002_016|P_DS002_019|P_DS002_025|P_DS002_028|P_DS002_031|P_DS002_004|P_DS002_010,,P_DS002_013,12.0,525,7675,0.0,48.0
DS002_20260706_I04,DS002,2026-07-06,4,Night,12,8,7,0,1,525,0.0,P_DS002_019|P_DS002_025|P_DS002_028|P_DS002_031|P_DS002_004|P_DS002_010|P_DS002_013,,P_DS002_016,12.0,525,7150,0.0,48.0
DS002_20260706_I05,DS002,2026-07-06,5,Night,6,8,7,0,1,525,0.0,P_DS002_025|P_DS002_028|P_DS002_031|P_DS002_004|P_DS002_010|P_DS002_013|P_DS002_016,,P_DS002_019,6.0,525,6625,0.0,48.0
DS002_20260706_I06,DS002,2026-07-06,6,Night,7,8,7,0,1,525,0.0,P_DS002_028|P_DS002_031|P_DS002_004|P_DS002_010|P_DS002_013|P_DS002_016|P_DS002_019,,P_DS002_025,7.0,525,6100,0.0,48.0
DS002_20260706_I07,DS002,2026-07-06,7,Night,6,8,7,0,1,525,0.0,P_DS002_031|P_DS002_004|P_DS002_010|P_DS002_013|P_DS002_016|P_DS002_019|P_DS002_025,,P_DS002_028,6.0,525,5575,0.0,48.0
DS002_20260706_I08,DS002,2026-07-06,8,Night,5,8,7,0,1,525,0.0,P_DS002_004|P_DS002_010|P_DS002_013|P_DS002_016|P_DS002_019|P_DS002_025|P_DS002_028,,P_DS002_031,5.0,525,5050,0.0,48.0
DS002_20260706_I09,DS002,2026-07-06,9,Night,10,8,7,0,1,525,0.0,P_DS002_010|P_DS002_013|P_DS002_016|P_DS002_019|P_DS002_025|P_DS002_028|P_DS002_031,,P_DS002_004,10.0,525,4525,0.0,48.0
DS002_20260706_I10,DS002,2026-07-06,10,Night,7,8,7,0,1,525,0.0,P_DS002_013|P_DS002_016|P_DS002_019|P_DS002_025|P_DS002_028|P_DS002_031|P_DS002_004,,P_DS002_010,7.0,525,4000,0.0,48.0
DS002_20260706_I11,DS002,2026-07-06,11,Night,10,8,7,0,1,525,0.0,P_DS002_016|P_DS002_019|P_DS002_025|P_DS002_028|P_DS002_031|P_DS002_004|P_DS002_010,,P_DS002_013,10.0,525,3475,0.0,48.0
DS002_20260706_I12,DS002,2026-07-06,12,Night,9,8,7,0,1,525,0.0,P_DS002_019|P_DS002_025|P_DS002_028|P_DS002_031|P_DS002_004|P_DS002_010|P_DS002_013,,P_DS002_016,9.0,525,2950,0.0,48.0
DS002_20260706_I13,DS002,2026-07-06,13,Morning,12,8,3,2,3,225,1.0,P_DS002_025|P_DS002_028|P_DS002_031,P_DS002_004|P_DS002_010,P_DS002_013|P_DS002_016|P_DS002_019,4.0,225,2725,1.0,47.0
DS002_20260706_I14,DS002,2026-07-06,14,Morning,12,8,3,2,3,225,1.0,P_DS002_028|P_DS002_031|P_DS002_004,P_DS002_010|P_DS002_013,P_DS002_016|P_DS002_019|P_DS002_025,4.0,225,2500,1.0,46.0
DS002_20260706_I15,DS002,2026-07-06,15,Morning,27,8,3,2,3,225,1.0,P_DS002_031|P_DS002_004|P_DS002_010,P_DS002_013|P_DS002_016,P_DS002_019|P_DS002_025|P_DS002_028,9.0,225,2275,1.0,45.0
DS002_20260706_I16,DS002,2026-07-06,16,Morning,41,8,3,2,3,225,1.0,P_DS002_004|P_DS002_010|P_DS002_013,P_DS002_016|P_DS002_019,P_DS002_025|P_DS002_028|P_DS002_031,13.666666666666666,225,2050,1.0,44.0
DS002_20260706_I17,DS002,2026-07-06,17,Morning,40,15,3,2,10,225,1.0,P_DS002_010|P_DS002_011|P_DS002_013,P_DS002_014|P_DS002_016,P_DS002_019|P_DS002_020|P_DS002_023|P_DS002_025|P_DS002_026|P_DS002_028|P_DS002_031|P_DS002_032|P_DS002_004|P_DS002_005,4.0,225,1825,1.0,43.0
DS002_20260706_I18,DS002,2026-07-06,18,Morning,53,15,3,2,10,225,1.0,P_DS002_011|P_DS002_013|P_DS002_014,P_DS002_016|P_DS002_019,P_DS002_020|P_DS002_023|P_DS002_025|P_DS002_026|P_DS002_028|P_DS002_031|P_DS002_032|P_DS002_004|P_DS002_005|P_DS002_010,5.3,225,1600,1.0,42.0
DS002_20260706_I19,DS002,2026-07-06,19,Morning,45,7,0,2,5,0,1.0,,P_DS002_026|P_DS002_032,P_DS002_005|P_DS002_011|P_DS002_014|P_DS002_020|P_DS002_023,9.0,0,1600,1.0,41.0
DS002_20260706_I20,DS002,2026-07-06,20,Morning,27,7,0,2,5,0,1.0,,P_DS002_032|P_DS002_005,P_DS002_011|P_DS002_014|P_DS002_020|P_DS002_023|P_DS002_026,5.4,0,1600,1.0,40.0
DS002_20260706_I21,DS002,2026-07-06,21,Morning,37,7,0,2,5,0,1.0,,P_DS002_005|P_DS002_011,P_DS002_014|P_DS002_020|P_DS002_023|P_DS002_026|P_DS002_032,7.4,0,1600,1.0,39.0
DS002_20260706_I22,DS002,2026-07-06,22,Morning,44,7,0,2,5,0,1.0,,P_DS002_011|P_DS002_014,P_DS002_020|P_DS002_023|P_DS002_026|P_DS002_032|P_DS002_005,8.8,0,1600,1.0,38.0
DS002_20260706_I23,DS002,2026-07-06,23,Lunch,37,7,0,0,7,0,0.0,,,P_DS002_014|P_DS002_020|P_DS002_023|P_DS002_026|P_DS002_032|P_DS002_005|P_DS002_011,5.285714285714286,0,1600,0.0,38.0
DS002_20260706_I24,DS002,2026-07-06,24,Lunch,48,7,0,0,7,0,0.0,,,P_DS002_020|P_DS002_023|P_DS002_026|P_DS002_032|P_DS002_005|P_DS002_011|P_DS002_014,6.857142857142857,0,1600,0.0,38.0
DS002_20260706_I25,DS002,2026-07-06,25,Lunch,58,7,0,0,7,0,0.0,,,P_DS002_023|P_DS002_026|P_DS002_032|P_DS002_005|P_DS002_011|P_DS002_014|P_DS002_020,8.285714285714286,0,1600,0.0,38.0
DS002_20260706_I26,DS002,2026-07-06,26,Lunch,87,7,0,0,7,0,0.0,,,P_DS002_026|P_DS002_032|P_DS002_005|P_DS002_011|P_DS002_014|P_DS002_020|P_DS002_023,12.428571428571429,0,1600,0.0,38.0
DS002_20260706_I27,DS002,2026-07-06,27,Lunch,79,7,0,0,7,0,0.0,,,P_DS002_032|P_DS002_005|P_DS002_011|P_DS002_014|P_DS002_020|P_DS002_023|P_DS002_026,11.285714285714286,0,1600,0.0,38.0
DS002_20260706_I28,DS002,2026-07-06,28,Lunch,100,7,0,0,7,0,0.0,,,P_DS002_005|P_DS002_011|P_DS002_014|P_DS002_020|P_DS002_023|P_DS002_026|P_DS002_032,14.285714285714286,0,1600,0.0,38.0
DS002_20260706_I29,DS002,2026-07-06,29,Lunch,75,7,0,0,7,0,0.0,,,P_DS002_011|P_DS002_014|P_DS002_020|P_DS002_023|P_DS002_026|P_DS002_032|P_DS002_005,10.714285714285714,0,1600,0.0,38.0
DS002_20260706_I30,DS002,2026-07-06,30,Lunch,65,7,0,0,7,0,0.0,,,P_DS002_014|P_DS002_020|P_DS002_023|P_DS002_026|P_DS002_032|P_DS002_005|P_DS002_011,9.285714285714286,0,1600,0.0,38.0
DS002_20260706_I31,DS002,2026-07-06,31,Afternoon,37,7,0,2,5,0,1.0,,P_DS002_020|P_DS002_023,P_DS002_026|P_DS002_032|P_DS002_005|P_DS002_011|P_DS002_014,7.4,0,1600,1.0,37.0
DS002_20260706_I32,DS002,2026-07-06,32,Afternoon,30,7,0,2,5,0,1.0,,P_DS002_023|P_DS002_026,P_DS002_032|P_DS002_005|P_DS002_011|P_DS002_014|P_DS002_020,6.0,0,1600,1.0,36.0
DS002_20260706_I33,DS002,2026-07-06,33,Afternoon,28,17,0,2,15,0,1.0,,P_DS002_033|P_DS002_003,P_DS002_005|P_DS002_006|P_DS002_009|P_DS002_011|P_DS002_012|P_DS002_014|P_DS002_018|P_DS002_020|P_DS002_021|P_DS002_023|P_DS002_024|P_DS002_026|P_DS002_027|P_DS002_030|P_DS002_032,1.8666666666666667,0,1600,1.0,35.0
DS002_20260706_I34,DS002,2026-07-06,34,Afternoon,28,16,0,2,14,0,1.0,,P_DS002_006|P_DS002_009,P_DS002_012|P_DS002_014|P_DS002_018|P_DS002_020|P_DS002_021|P_DS002_023|P_DS002_024|P_DS002_026|P_DS002_027|P_DS002_030|P_DS002_032|P_DS002_033|P_DS002_003|P_DS002_005,2.0,0,1600,1.0,34.0
DS002_20260706_I35,DS002,2026-07-06,35,Afternoon,35,10,0,2,8,0,1.0,,P_DS002_021|P_DS002_024,P_DS002_027|P_DS002_030|P_DS002_033|P_DS002_003|P_DS002_006|P_DS002_009|P_DS002_012|P_DS002_018,4.375,0,1600,1.0,33.0
DS002_20260706_I36,DS002,2026-07-06,36,Afternoon,43,10,0,2,8,0,1.0,,P_DS002_024|P_DS002_027,P_DS002_030|P_DS002_033|P_DS002_003|P_DS002_006|P_DS002_009|P_DS002_012|P_DS002_018|P_DS002_021,5.375,0,1600,1.0,32.0
DS002_20260706_I37,DS002,2026-07-06,37,Evening,66,10,0,0,10,0,0.0,,,P_DS002_027|P_DS002_030|P_DS002_033|P_DS002_003|P_DS002_006|P_DS002_009|P_DS002_012|P_DS002_018|P_DS002_021|P_DS002_024,6.6,0,1600,0.0,32.0
DS002_20260706_I38,DS002,2026-07-06,38,Evening,94,10,0,0,10,0,0.0,,,P_DS002_030|P_DS002_033|P_DS002_003|P_DS002_006|P_DS002_009|P_DS002_012|P_DS002_018|P_DS002_021|P_DS002_024|P_DS002_027,9.4,0,1600,0.0,32.0
DS002_20260706_I39,DS002,2026-07-06,39,Evening,91,10,0,0,10,0,0.0,,,P_DS002_033|P_DS002_003|P_DS002_006|P_DS002_009|P_DS002_012|P_DS002_018|P_DS002_021|P_DS002_024|P_DS002_027|P_DS002_030,9.1,0,1600,0.0,32.0
DS002_20260706_I40,DS002,2026-07-06,40,Evening,132,10,0,0,10,0,0.0,,,P_DS002_003|P_DS002_006|P_DS002_009|P_DS002_012|P_DS002_018|P_DS002_021|P_DS002_024|P_DS002_027|P_DS002_030|P_DS002_033,13.2,0,1600,0.0,32.0
DS002_20260706_I41,DS002,2026-07-06,41,Evening,105,10,0,0,10,0,0.0,,,P_DS002_006|P_DS002_009|P_DS002_012|P_DS002_018|P_DS002_021|P_DS002_024|P_DS002_027|P_DS002_030|P_DS002_033|P_DS002_003,10.5,0,1600,0.0,32.0
DS002_20260706_I42,DS002,2026-07-06,42,Evening,136,10,0,0,10,0,0.0,,,P_DS002_009|P_DS002_012|P_DS002_018|P_DS002_021|P_DS002_024|P_DS002_027|P_DS002_030|P_DS002_033|P_DS002_003|P_DS002_006,13.6,0,1600,0.0,32.0
DS002_20260706_I43,DS002,2026-07-06,43,Evening,119,10,0,0,10,0,0.0,,,P_DS002_012|P_DS002_018|P_DS002_021|P_DS002_024|P_DS002_027|P_DS002_030|P_DS002_033|P_DS002_003|P_DS002_006|P_DS002_009,11.9,0,1600,0.0,32.0
DS002_20260706_I44,DS002,2026-07-06,44,Evening,110,10,0,0,10,0,0.0,,,P_DS002_018|P_DS002_021|P_DS002_024|P_DS002_027|P_DS002_030|P_DS002_033|P_DS002_003|P_DS002_006|P_DS002_009|P_DS002_012,11.0,0,1600,0.0,32.0
DS002_20260706_I45,DS002,2026-07-06,45,Evening,78,10,0,0,10,0,0.0,,,P_DS002_021|P_DS002_024|P_DS002_027|P_DS002_030|P_DS002_033|P_DS002_003|P_DS002_006|P_DS002_009|P_DS002_012|P_DS002_018,7.8,0,1600,0.0,32.0
DS002_20260706_I46,DS002,2026-07-06,46,Evening,55,10,0,0,10,0,0.0,,,P_DS002_024|P_DS002_027|P_DS002_030|P_DS002_033|P_DS002_003|P_DS002_006|P_DS002_009|P_DS002_012|P_DS002_018|P_DS002_021,5.5,0,1600,0.0,32.0
DS002_20260706_I47,DS002,2026-07-06,47,Late Night,46,10,0,2,8,0,1.0,,P_DS002_027|P_DS002_030,P_DS002_033|P_DS002_003|P_DS002_006|P_DS002_009|P_DS002_012|P_DS002_018|P_DS002_021|P_DS002_024,5.75,0,1600,1.0,31.0
DS002_20260706_I48,DS002,2026-07-06,48,Late Night,30,10,0,2,8,0,1.0,,P_DS002_030|P_DS002_033,P_DS002_003|P_DS002_006|P_DS002_009|P_DS002_012|P_DS002_018|P_DS002_021|P_DS002_024|P_DS002_027,3.75,0,1600,1.0,30.0
DS002_20260707_I01,DS002,2026-07-07,1,Night,6,21,12,2,7,900,1.0,P_DS002_006|P_DS002_009|P_DS002_012|P_DS002_018|P_DS002_021|P_DS002_024|P_DS002_027|P_DS002_030|P_DS002_033|P_DS002_001|P_DS002_004|P_DS002_007,P_DS002_010|P_DS002_013,P_DS002_019|P_DS002_022|P_DS002_025|P_DS002_028|P_DS002_031|P_DS002_034|P_DS002_003,0.8571428571428571,900,9100,1.0,49.0
DS002_20260707_I02,DS002,2026-07-07,2,Night,9,21,12,2,7,900,1.0,P_DS002_009|P_DS002_012|P_DS002_018|P_DS002_021|P_DS002_024|P_DS002_027|P_DS002_030|P_DS002_033|P_DS002_001|P_DS002_004|P_DS002_007|P_DS002_010,P_DS002_013|P_DS002_019,P_DS002_022|P_DS002_025|P_DS002_028|P_DS002_031|P_DS002_034|P_DS002_003|P_DS002_006,1.2857142857142858,900,8200,1.0,48.0
DS002_20260707_I03,DS002,2026-07-07,3,Night,2,11,10,0,1,750,0.0,P_DS002_010|P_DS002_013|P_DS002_019|P_DS002_022|P_DS002_025|P_DS002_028|P_DS002_031|P_DS002_034|P_DS002_001|P_DS002_004,,P_DS002_007,2.0,750,7450,0.0,48.0
DS002_20260707_I04,DS002,2026-07-07,4,Night,9,11,10,0,1,750,0.0,P_DS002_013|P_DS002_019|P_DS002_022|P_DS002_025|P_DS002_028|P_DS002_031|P_DS002_034|P_DS002_001|P_DS002_004|P_DS002_007,,P_DS002_010,9.0,750,6700,0.0,48.0
DS002_20260707_I05,DS002,2026-07-07,5,Night,11,11,10,0,1,750,0.0,P_DS002_019|P_DS002_022|P_DS002_025|P_DS002_028|P_DS002_031|P_DS002_034|P_DS002_001|P_DS002_004|P_DS002_007|P_DS002_010,,P_DS002_013,11.0,750,5950,0.0,48.0
DS002_20260707_I06,DS002,2026-07-07,6,Night,12,11,10,0,1,750,0.0,P_DS002_022|P_DS002_025|P_DS002_028|P_DS002_031|P_DS002_034|P_DS002_001|P_DS002_004|P_DS002_007|P_DS002_010|P_DS002_013,,P_DS002_019,12.0,750,5200,0.0,48.0
DS002_20260707_I07,DS002,2026-07-07,7,Night,6,11,10,0,1,750,0.0,P_DS002_025|P_DS002_028|P_DS002_031|P_DS002_034|P_DS002_001|P_DS002_004|P_DS002_007|P_DS002_010|P_DS002_013|P_DS002_019,,P_DS002_022,6.0,750,4450,0.0,48.0
DS002_20260707_I08,DS002,2026-07-07,8,Night,10,11,10,0,1,750,0.0,P_DS002_028|P_DS002_031|P_DS002_034|P_DS002_001|P_DS002_004|P_DS002_007|P_DS002_010|P_DS002_013|P_DS002_019|P_DS002_022,,P_DS002_025,10.0,750,3700,0.0,48.0
DS002_20260707_I09,DS002,2026-07-07,9,Night,11,11,10,0,1,750,0.0,P_DS002_031|P_DS002_034|P_DS002_001|P_DS002_004|P_DS002_007|P_DS002_010|P_DS002_013|P_DS002_019|P_DS002_022|P_DS002_025,,P_DS002_028,11.0,750,2950,0.0,48.0
DS002_20260707_I10,DS002,2026-07-07,10,Night,9,11,10,0,1,750,0.0,P_DS002_034|P_DS002_001|P_DS002_004|P_DS002_007|P_DS002_010|P_DS002_013|P_DS002_019|P_DS002_022|P_DS002_025|P_DS002_028,,P_DS002_031,9.0,750,2200,0.0,48.0
DS002_20260707_I11,DS002,2026-07-07,11,Night,4,11,10,0,1,750,0.0,P_DS002_001|P_DS002_004|P_DS002_007|P_DS002_010|P_DS002_013|P_DS002_019|P_DS002_022|P_DS002_025|P_DS002_028|P_DS002_031,,P_DS002_034,4.0,750,1450,0.0,48.0
DS002_20260707_I12,DS002,2026-07-07,12,Night,8,11,10,0,1,750,0.0,P_DS002_004|P_DS002_007|P_DS002_010|P_DS002_013|P_DS002_019|P_DS002_022|P_DS002_025|P_DS002_028|P_DS002_031|P_DS002_034,,P_DS002_001,8.0,750,700,0.0,48.0
DS002_20260707_I13,DS002,2026-07-07,13,Morning,7,11,3,2,6,225,1.0,P_DS002_007|P_DS002_010|P_DS002_013,P_DS002_019|P_DS002_022,P_DS002_025|P_DS002_028|P_DS002_031|P_DS002_034|P_DS002_001|P_DS002_004,1.1666666666666667,225,475,1.0,47.0
DS002_20260707_I14,DS002,2026-07-07,14,Morning,18,11,3,2,6,225,1.0,P_DS002_010|P_DS002_013|P_DS002_019,P_DS002_022|P_DS002_025,P_DS002_028|P_DS002_031|P_DS002_034|P_DS002_001|P_DS002_004|P_DS002_007,3.0,225,250,1.0,46.0
DS002_20260707_I15,DS002,2026-07-07,15,Morning,21,11,3,2,6,225,1.0,P_DS002_013|P_DS002_019|P_DS002_022,P_DS002_025|P_DS002_028,P_DS002_031|P_DS002_034|P_DS002_001|P_DS002_004|P_DS002_007|P_DS002_010,3.5,225,25,1.0,45.0
DS002_20260707_I16,DS002,2026-07-07,16,Morning,31,11,3,2,6,225,1.0,P_DS002_019|P_DS002_022|P_DS002_025,P_DS002_028|P_DS002_031,P_DS002_034|P_DS002_001|P_DS002_004|P_DS002_007|P_DS002_010|P_DS002_013,5.166666666666667,25,0,1.0,44.0
DS002_20260707_I17,DS002,2026-07-07,17,Morning,44,18,3,2,13,225,1.0,P_DS002_034|P_DS002_001|P_DS002_004,P_DS002_005|P_DS002_007,P_DS002_008|P_DS002_010|P_DS002_011|P_DS002_013|P_DS002_014|P_DS002_019|P_DS002_020|P_DS002_022|P_DS002_025|P_DS002_028|P_DS002_029|P_DS002_031|P_DS002_032,3.3846153846153846,0,0,1.0,43.0
DS002_20260707_I18,DS002,2026-07-07,18,Morning,47,18,3,2,13,225,1.0,P_DS002_004|P_DS002_005|P_DS002_007,P_DS002_008|P_DS002_010,P_DS002_011|P_DS002_013|P_DS002_014|P_DS002_019|P_DS002_020|P_DS002_022|P_DS002_025|P_DS002_026|P_DS002_028|P_DS002_029|P_DS002_031|P_DS002_032|P_DS002_034,3.6153846153846154,0,0,1.0,42.0
DS002_20260707_I19,DS002,2026-07-07,19,Morning,40,8,0,2,6,0,1.0,,P_DS002_014|P_DS002_020,P_DS002_026|P_DS002_029|P_DS002_032|P_DS002_005|P_DS002_008|P_DS002_011,6.666666666666667,0,0,1.0,41.0
DS002_20260707_I20,DS002,2026-07-07,20,Morning,41,8,0,2,6,0,1.0,,P_DS002_020|P_DS002_026,P_DS002_029|P_DS002_032|P_DS002_005|P_DS002_008|P_DS002_011|P_DS002_014,6.833333333333333,0,0,1.0,40.0
DS002_20260707_I21,DS002,2026-07-07,21,Morning,38,8,0,2,6,0,1.0,,P_DS002_026|P_DS002_029,P_DS002_032|P_DS002_005|P_DS002_008|P_DS002_011|P_DS002_014|P_DS002_020,6.333333333333333,0,0,1.0,39.0
DS002_20260707_I22,DS002,2026-07-07,22,Morning,44,8,0,2,6,0,1.0,,P_DS002_029|P_DS002_032,P_DS002_005|P_DS002_008|P_DS002_011|P_DS002_014|P_DS002_020|P_DS002_026,7.333333333333333,0,0,1.0,38.0
DS002_20260707_I23,DS002,2026-07-07,23,Lunch,37,8,0,0,8,0,0.0,,,P_DS002_032|P_DS002_005|P_DS002_008|P_DS002_011|P_DS002_014|P_DS002_020|P_DS002_026|P_DS002_029,4.625,0,0,0.0,38.0
DS002_20260707_I24,DS002,2026-07-07,24,Lunch,53,8,0,0,8,0,0.0,,,P_DS002_005|P_DS002_008|P_DS002_011|P_DS002_014|P_DS002_020|P_DS002_026|P_DS002_029|P_DS002_032,6.625,0,0,0.0,38.0
DS002_20260707_I25,DS002,2026-07-07,25,Lunch,81,8,0,0,8,0,0.0,,,P_DS002_008|P_DS002_011|P_DS002_014|P_DS002_020|P_DS002_026|P_DS002_029|P_DS002_032|P_DS002_005,10.125,0,0,0.0,38.0
DS002_20260707_I26,DS002,2026-07-07,26,Lunch,91,8,0,0,8,0,0.0,,,P_DS002_011|P_DS002_014|P_DS002_020|P_DS002_026|P_DS002_029|P_DS002_032|P_DS002_005|P_DS002_008,11.375,0,0,0.0,38.0
DS002_20260707_I27,DS002,2026-07-07,27,Lunch,87,8,0,0,8,0,0.0,,,P_DS002_014|P_DS002_020|P_DS002_026|P_DS002_029|P_DS002_032|P_DS002_005|P_DS002_008|P_DS002_011,10.875,0,0,0.0,38.0
DS002_20260707_I28,DS002,2026-07-07,28,Lunch,94,8,0,0,8,0,0.0,,,P_DS002_020|P_DS002_026|P_DS002_029|P_DS002_032|P_DS002_005|P_DS002_008|P_DS002_011|P_DS002_014,11.75,0,0,0.0,38.0
DS002_20260707_I29,DS002,2026-07-07,29,Lunch,77,8,0,0,8,0,0.0,,,P_DS002_026|P_DS002_029|P_DS002_032|P_DS002_005|P_DS002_008|P_DS002_011|P_DS002_014|P_DS002_020,9.625,0,0,0.0,38.0
DS002_20260707_I30,DS002,2026-07-07,30,Lunch,48,8,0,0,8,0,0.0,,,P_DS002_029|P_DS002_032|P_DS002_005|P_DS002_008|P_DS002_011|P_DS002_014|P_DS002_020|P_DS002_026,6.0,0,0,0.0,38.0
DS002_20260707_I31,DS002,2026-07-07,31,Afternoon,40,8,0,2,6,0,1.0,,P_DS002_032|P_DS002_005,P_DS002_008|P_DS002_011|P_DS002_014|P_DS002_020|P_DS002_026|P_DS002_029,6.666666666666667,0,0,1.0,37.0
DS002_20260707_I32,DS002,2026-07-07,32,Afternoon,38,8,0,2,6,0,1.0,,P_DS002_005|P_DS002_008,P_DS002_011|P_DS002_014|P_DS002_020|P_DS002_026|P_DS002_029|P_DS002_032,6.333333333333333,0,0,1.0,36.0
DS002_20260707_I33,DS002,2026-07-07,33,Afternoon,24,16,0,2,14,0,1.0,,P_DS002_005|P_DS002_006,P_DS002_008|P_DS002_011|P_DS002_014|P_DS002_015|P_DS002_018|P_DS002_020|P_DS002_021|P_DS002_024|P_DS002_026|P_DS002_027|P_DS002_029|P_DS002_032|P_DS002_033|P_DS002_003,1.7142857142857142,0,0,1.0,35.0
DS002_20260707_I34,DS002,2026-07-07,34,Afternoon,30,16,0,2,14,0,1.0,,P_DS002_006|P_DS002_008,P_DS002_011|P_DS002_012|P_DS002_014|P_DS002_015|P_DS002_018|P_DS002_021|P_DS002_024|P_DS002_026|P_DS002_027|P_DS002_029|P_DS002_032|P_DS002_033|P_DS002_003|P_DS002_005,2.142857142857143,0,0,1.0,34.0
DS002_20260707_I35,DS002,2026-07-07,35,Afternoon,32,9,0,2,7,0,1.0,,P_DS002_033|P_DS002_003,P_DS002_006|P_DS002_012|P_DS002_015|P_DS002_018|P_DS002_021|P_DS002_024|P_DS002_027,4.571428571428571,0,0,1.0,33.0
DS002_20260707_I36,DS002,2026-07-07,36,Afternoon,60,9,0,2,7,0,1.0,,P_DS002_003|P_DS002_006,P_DS002_012|P_DS002_015|P_DS002_018|P_DS002_021|P_DS002_024|P_DS002_027|P_DS002_033,8.571428571428571,0,0,1.0,32.0
DS002_20260707_I37,DS002,2026-07-07,37,Evening,80,9,0,0,9,0,0.0,,,P_DS002_006|P_DS002_012|P_DS002_015|P_DS002_018|P_DS002_021|P_DS002_024|P_DS002_027|P_DS002_033|P_DS002_003,8.88888888888889,0,0,0.0,32.0
DS002_20260707_I38,DS002,2026-07-07,38,Evening,86,9,0,0,9,0,0.0,,,P_DS002_012|P_DS002_015|P_DS002_018|P_DS002_021|P_DS002_024|P_DS002_027|P_DS002_033|P_DS002_003|P_DS002_006,9.555555555555555,0,0,0.0,32.0
DS002_20260707_I39,DS002,2026-07-07,39,Evening,99,9,0,0,9,0,0.0,,,P_DS002_015|P_DS002_018|P_DS002_021|P_DS002_024|P_DS002_027|P_DS002_033|P_DS002_003|P_DS002_006|P_DS002_012,11.0,0,0,0.0,32.0
DS002_20260707_I40,DS002,2026-07-07,40,Evening,118,9,0,0,9,0,0.0,,,P_DS002_018|P_DS002_021|P_DS002_024|P_DS002_027|P_DS002_033|P_DS002_003|P_DS002_006|P_DS002_012|P_DS002_015,13.11111111111111,0,0,0.0,32.0
DS002_20260707_I41,DS002,2026-07-07,41,Evening,121,9,0,0,9,0,0.0,,,P_DS002_021|P_DS002_024|P_DS002_027|P_DS002_033|P_DS002_003|P_DS002_006|P_DS002_012|P_DS002_015|P_DS002_018,13.444444444444445,0,0,0.0,32.0
DS002_20260707_I42,DS002,2026-07-07,42,Evening,122,9,0,0,9,0,0.0,,,P_DS002_024|P_DS002_027|P_DS002_033|P_DS002_003|P_DS002_006|P_DS002_012|P_DS002_015|P_DS002_018|P_DS002_021,13.555555555555555,0,0,0.0,32.0
DS002_20260707_I43,DS002,2026-07-07,43,Evening,106,9,0,0,9,0,0.0,,,P_DS002_027|P_DS002_033|P_DS002_003|P_DS002_006|P_DS002_012|P_DS002_015|P_DS002_018|P_DS002_021|P_DS002_024,11.777777777777779,0,0,0.0,32.0
DS002_20260707_I44,DS002,2026-07-07,44,Evening,103,9,0,0,9,0,0.0,,,P_DS002_033|P_DS002_003|P_DS002_006|P_DS002_012|P_DS002_015|P_DS002_018|P_DS002_021|P_DS002_024|P_DS002_027,11.444444444444445,0,0,0.0,32.0
DS002_20260707_I45,DS002,2026-07-07,45,Evening,74,9,0,0,9,0,0.0,,,P_DS002_003|P_DS002_006|P_DS002_012|P_DS002_015|P_DS002_018|P_DS002_021|P_DS002_024|P_DS002_027|P_DS002_033,8.222222222222221,0,0,0.0,32.0
DS002_20260707_I46,DS002,2026-07-07,46,Evening,57,9,0,0,9,0,0.0,,,P_DS002_006|P_DS002_012|P_DS002_015|P_DS002_018|P_DS002_021|P_DS002_024|P_DS002_027|P_DS002_033|P_DS002_003,6.333333333333333,0,0,0.0,32.0
DS002_20260707_I47,DS002,2026-07-07,47,Late Night,33,9,0,2,7,0,1.0,,P_DS002_012|P_DS002_015,P_DS002_018|P_DS002_021|P_DS002_024|P_DS002_027|P_DS002_033|P_DS002_003|P_DS002_006,4.714285714285714,0,0,1.0,31.0
DS002_20260707_I48,DS002,2026-07-07,48,Late Night,26,9,0,2,7,0,1.0,,P_DS002_015|P_DS002_018,P_DS002_021|P_DS002_024|P_DS002_027|P_DS002_033|P_DS002_003|P_DS002_006|P_DS002_012,3.7142857142857144,0,0,1.0,30.0
DS002_20260708_I01,DS002,2026-07-08,1,Night,5,17,12,2,3,900,1.0,P_DS002_006|P_DS002_012|P_DS002_015|P_DS002_018|P_DS002_021|P_DS002_024|P_DS002_027|P_DS002_033|P_DS002_001|P_DS002_004|P_DS002_007|P_DS002_013,P_DS002_016|P_DS002_019,P_DS002_022|P_DS002_034|P_DS002_003,1.6666666666666667,900,9100,1.0,49.0
DS002_20260708_I02,DS002,2026-07-08,2,Night,5,17,12,2,3,900,1.0,P_DS002_012|P_DS002_015|P_DS002_018|P_DS002_021|P_DS002_024|P_DS002_027|P_DS002_033|P_DS002_001|P_DS002_004|P_DS002_007|P_DS002_013|P_DS002_016,P_DS002_019|P_DS002_022,P_DS002_034|P_DS002_003|P_DS002_006,1.6666666666666667,900,8200,1.0,48.0
DS002_20260708_I03,DS002,2026-07-08,3,Night,11,8,7,0,1,525,0.0,P_DS002_013|P_DS002_016|P_DS002_019|P_DS002_022|P_DS002_034|P_DS002_001|P_DS002_004,,P_DS002_007,11.0,525,7675,0.0,48.0
DS002_20260708_I04,DS002,2026-07-08,4,Night,4,8,7,0,1,525,0.0,P_DS002_016|P_DS002_019|P_DS002_022|P_DS002_034|P_DS002_001|P_DS002_004|P_DS002_007,,P_DS002_013,4.0,525,7150,0.0,48.0
DS002_20260708_I05,DS002,2026-07-08,5,Night,10,8,7,0,1,525,0.0,P_DS002_019|P_DS002_022|P_DS002_034|P_DS002_001|P_DS002_004|P_DS002_007|P_DS002_013,,P_DS002_016,10.0,525,6625,0.0,48.0
DS002_20260708_I06,DS002,2026-07-08,6,Night,9,8,7,0,1,525,0.0,P_DS002_022|P_DS002_034|P_DS002_001|P_DS002_004|P_DS002_007|P_DS002_013|P_DS002_016,,P_DS002_019,9.0,525,6100,0.0,48.0
DS002_20260708_I07,DS002,2026-07-08,7,Night,5,8,7,0,1,525,0.0,P_DS002_034|P_DS002_001|P_DS002_004|P_DS002_007|P_DS002_013|P_DS002_016|P_DS002_019,,P_DS002_022,5.0,525,5575,0.0,48.0
DS002_20260708_I08,DS002,2026-07-08,8,Night,8,8,7,0,1,525,0.0,P_DS002_001|P_DS002_004|P_DS002_007|P_DS002_013|P_DS002_016|P_DS002_019|P_DS002_022,,P_DS002_034,8.0,525,5050,0.0,48.0
DS002_20260708_I09,DS002,2026-07-08,9,Night,10,8,7,0,1,525,0.0,P_DS002_004|P_DS002_007|P_DS002_013|P_DS002_016|P_DS002_019|P_DS002_022|P_DS002_034,,P_DS002_001,10.0,525,4525,0.0,48.0
DS002_20260708_I10,DS002,2026-07-08,10,Night,4,8,7,0,1,525,0.0,P_DS002_007|P_DS002_013|P_DS002_016|P_DS002_019|P_DS002_022|P_DS002_034|P_DS002_001,,P_DS002_004,4.0,525,4000,0.0,48.0
DS002_20260708_I11,DS002,2026-07-08,11,Night,5,8,7,0,1,525,0.0,P_DS002_013|P_DS002_016|P_DS002_019|P_DS002_022|P_DS002_034|P_DS002_001|P_DS002_004,,P_DS002_007,5.0,525,3475,0.0,48.0
DS002_20260708_I12,DS002,2026-07-08,12,Night,12,8,7,0,1,525,0.0,P_DS002_016|P_DS002_019|P_DS002_022|P_DS002_034|P_DS002_001|P_DS002_004|P_DS002_007,,P_DS002_013,12.0,525,2950,0.0,48.0
DS002_20260708_I13,DS002,2026-07-08,13,Morning,8,8,3,2,3,225,1.0,P_DS002_019|P_DS002_022|P_DS002_034,P_DS002_001|P_DS002_004,P_DS002_007|P_DS002_013|P_DS002_016,2.6666666666666665,225,2725,1.0,47.0
DS002_20260708_I14,DS002,2026-07-08,14,Morning,13,8,3,2,3,225,1.0,P_DS002_022|P_DS002_034|P_DS002_001,P_DS002_004|P_DS002_007,P_DS002_013|P_DS002_016|P_DS002_019,4.333333333333333,225,2500,1.0,46.0
DS002_20260708_I15,DS002,2026-07-08,15,Morning,24,8,3,2,3,225,1.0,P_DS002_034|P_DS002_001|P_DS002_004,P_DS002_007|P_DS002_013,P_DS002_016|P_DS002_019|P_DS002_022,8.0,225,2275,1.0,45.0
DS002_20260708_I16,DS002,2026-07-08,16,Morning,49,8,3,2,3,225,1.0,P_DS002_001|P_DS002_004|P_DS002_007,P_DS002_013|P_DS002_016,P_DS002_019|P_DS002_022|P_DS002_034,16.333333333333332,225,2050,1.0,44.0
DS002_20260708_I17,DS002,2026-07-08,17,Morning,38,17,3,2,12,225,1.0,P_DS002_001|P_DS002_004|P_DS002_005,P_DS002_007|P_DS002_008,P_DS002_011|P_DS002_013|P_DS002_014|P_DS002_016|P_DS002_019|P_DS002_020|P_DS002_022|P_DS002_023|P_DS002_026|P_DS002_029|P_DS002_032|P_DS002_034,3.1666666666666665,225,1825,1.0,43.0
DS002_20260708_I18,DS002,2026-07-08,18,Morning,40,17,3,2,12,225,1.0,P_DS002_004|P_DS002_005|P_DS002_007,P_DS002_008|P_DS002_011,P_DS002_013|P_DS002_014|P_DS002_016|P_DS002_019|P_DS002_020|P_DS002_022|P_DS002_023|P_DS002_026|P_DS002_029|P_DS002_032|P_DS002_034|P_DS002_001,3.3333333333333335,225,1600,1.0,42.0
DS002_20260708_I19,DS002,2026-07-08,19,Morning,51,9,0,2,7,0,1.0,,P_DS002_008|P_DS002_011,P_DS002_014|P_DS002_020|P_DS002_023|P_DS002_026|P_DS002_029|P_DS002_032|P_DS002_005,7.285714285714286,0,1600,1.0,41.0
DS002_20260708_I20,DS002,2026-07-08,20,Morning,51,9,0,2,7,0,1.0,,P_DS002_011|P_DS002_014,P_DS002_020|P_DS002_023|P_DS002_026|P_DS002_029|P_DS002_032|P_DS002_005|P_DS002_008,7.285714285714286,0,1600,1.0,40.0
DS002_20260708_I21,DS002,2026-07-08,21,Morning,28,9,0,2,7,0,1.0,,P_DS002_014|P_DS002_020,P_DS002_023|P_DS002_026|P_DS002_029|P_DS002_032|P_DS002_005|P_DS002_008|P_DS002_011,4.0,0,1600,1.0,39.0
DS002_20260708_I22,DS002,2026-07-08,22,Morning,47,9,0,2,7,0,1.0,,P_DS002_020|P_DS002_023,P_DS002_026|P_DS002_029|P_DS002_032|P_DS002_005|P_DS002_008|P_DS002_011|P_DS002_014,6.714285714285714,0,1600,1.0,38.0
DS002_20260708_I23,DS002,2026-07-08,23,Lunch,47,9,0,0,9,0,0.0,,,P_DS002_023|P_DS002_026|P_DS002_029|P_DS002_032|P_DS002_005|P_DS002_008|P_DS002_011|P_DS002_014|P_DS002_020,5.222222222222222,0,1600,0.0,38.0
DS002_20260708_I24,DS002,2026-07-08,24,Lunch,62,9,0,0,9,0,0.0,,,P_DS002_026|P_DS002_029|P_DS002_032|P_DS002_005|P_DS002_008|P_DS002_011|P_DS002_014|P_DS002_020|P_DS002_023,6.888888888888889,0,1600,0.0,38.0
DS002_20260708_I25,DS002,2026-07-08,25,Lunch,69,9,0,0,9,0,0.0,,,P_DS002_029|P_DS002_032|P_DS002_005|P_DS002_008|P_DS002_011|P_DS002_014|P_DS002_020|P_DS002_023|P_DS002_026,7.666666666666667,0,1600,0.0,38.0
DS002_20260708_I26,DS002,2026-07-08,26,Lunch,88,9,0,0,9,0,0.0,,,P_DS002_032|P_DS002_005|P_DS002_008|P_DS002_011|P_DS002_014|P_DS002_020|P_DS002_023|P_DS002_026|P_DS002_029,9.777777777777779,0,1600,0.0,38.0
DS002_20260708_I27,DS002,2026-07-08,27,Lunch,90,9,0,0,9,0,0.0,,,P_DS002_005|P_DS002_008|P_DS002_011|P_DS002_014|P_DS002_020|P_DS002_023|P_DS002_026|P_DS002_029|P_DS002_032,10.0,0,1600,0.0,38.0
DS002_20260708_I28,DS002,2026-07-08,28,Lunch,85,9,0,0,9,0,0.0,,,P_DS002_008|P_DS002_011|P_DS002_014|P_DS002_020|P_DS002_023|P_DS002_026|P_DS002_029|P_DS002_032|P_DS002_005,9.444444444444445,0,1600,0.0,38.0
DS002_20260708_I29,DS002,2026-07-08,29,Lunch,67,9,0,0,9,0,0.0,,,P_DS002_011|P_DS002_014|P_DS002_020|P_DS002_023|P_DS002_026|P_DS002_029|P_DS002_032|P_DS002_005|P_DS002_008,7.444444444444445,0,1600,0.0,38.0
DS002_20260708_I30,DS002,2026-07-08,30,Lunch,58,9,0,0,9,0,0.0,,,P_DS002_014|P_DS002_020|P_DS002_023|P_DS002_026|P_DS002_029|P_DS002_032|P_DS002_005|P_DS002_008|P_DS002_011,6.444444444444445,0,1600,0.0,38.0
DS002_20260708_I31,DS002,2026-07-08,31,Afternoon,40,9,0,2,7,0,1.0,,P_DS002_020|P_DS002_023,P_DS002_026|P_DS002_029|P_DS002_032|P_DS002_005|P_DS002_008|P_DS002_011|P_DS002_014,5.714285714285714,0,1600,1.0,37.0
DS002_20260708_I32,DS002,2026-07-08,32,Afternoon,29,9,0,2,7,0,1.0,,P_DS002_023|P_DS002_026,P_DS002_029|P_DS002_032|P_DS002_005|P_DS002_008|P_DS002_011|P_DS002_014|P_DS002_020,4.142857142857143,0,1600,1.0,36.0
DS002_20260708_I33,DS002,2026-07-08,33,Afternoon,26,18,0,2,16,0,1.0,,P_DS002_030|P_DS002_032,P_DS002_033|P_DS002_005|P_DS002_006|P_DS002_008|P_DS002_009|P_DS002_011|P_DS002_012|P_DS002_014|P_DS002_015|P_DS002_018|P_DS002_020|P_DS002_021|P_DS002_023|P_DS002_026|P_DS002_027|P_DS002_029,1.625,0,1600,1.0,35.0
DS002_20260708_I34,DS002,2026-07-08,34,Afternoon,27,18,0,2,16,0,1.0,,P_DS002_032|P_DS002_033,P_DS002_005|P_DS002_006|P_DS002_008|P_DS002_009|P_DS002_011|P_DS002_012|P_DS002_014|P_DS002_015|P_DS002_018|P_DS002_020|P_DS002_021|P_DS002_023|P_DS002_026|P_DS002_027|P_DS002_029|P_DS002_030,1.6875,0,1600,1.0,34.0
DS002_20260708_I35,DS002,2026-07-08,35,Afternoon,38,9,0,2,7,0,1.0,,P_DS002_033|P_DS002_006,P_DS002_009|P_DS002_012|P_DS002_015|P_DS002_018|P_DS002_021|P_DS002_027|P_DS002_030,5.428571428571429,0,1600,1.0,33.0
DS002_20260708_I36,DS002,2026-07-08,36,Afternoon,52,9,0,2,7,0,1.0,,P_DS002_006|P_DS002_009,P_DS002_012|P_DS002_015|P_DS002_018|P_DS002_021|P_DS002_027|P_DS002_030|P_DS002_033,7.428571428571429,0,1600,1.0,32.0
DS002_20260708_I37,DS002,2026-07-08,37,Evening,69,9,0,0,9,0,0.0,,,P_DS002_009|P_DS002_012|P_DS002_015|P_DS002_018|P_DS002_021|P_DS002_027|P_DS002_030|P_DS002_033|P_DS002_006,7.666666666666667,0,1600,0.0,32.0
DS002_20260708_I38,DS002,2026-07-08,38,Evening,92,9,0,0,9,0,0.0,,,P_DS002_012|P_DS002_015|P_DS002_018|P_DS002_021|P_DS002_027|P_DS002_030|P_DS002_033|P_DS002_006|P_DS002_009,10.222222222222221,0,1600,0.0,32.0
DS002_20260708_I39,DS002,2026-07-08,39,Evening,126,9,0,0,9,0,0.0,,,P_DS002_015|P_DS002_018|P_DS002_021|P_DS002_027|P_DS002_030|P_DS002_033|P_DS002_006|P_DS002_009|P_DS002_012,14.0,0,1600,0.0,32.0
DS002_20260708_I40,DS002,2026-07-08,40,Evening,118,9,0,0,9,0,0.0,,,P_DS002_018|P_DS002_021|P_DS002_027|P_DS002_030|P_DS002_033|P_DS002_006|P_DS002_009|P_DS002_012|P_DS002_015,13.11111111111111,0,1600,0.0,32.0
DS002_20260708_I41,DS002,2026-07-08,41,Evening,95,9,0,0,9,0,0.0,,,P_DS002_021|P_DS002_027|P_DS002_030|P_DS002_033|P_DS002_006|P_DS002_009|P_DS002_012|P_DS002_015|P_DS002_018,10.555555555555555,0,1600,0.0,32.0
DS002_20260708_I42,DS002,2026-07-08,42,Evening,108,9,0,0,9,0,0.0,,,P_DS002_027|P_DS002_030|P_DS002_033|P_DS002_006|P_DS002_009|P_DS002_012|P_DS002_015|P_DS002_018|P_DS002_021,12.0,0,1600,0.0,32.0
DS002_20260708_I43,DS002,2026-07-08,43,Evening,108,9,0,0,9,0,0.0,,,P_DS002_030|P_DS002_033|P_DS002_006|P_DS002_009|P_DS002_012|P_DS002_015|P_DS002_018|P_DS002_021|P_DS002_027,12.0,0,1600,0.0,32.0
DS002_20260708_I44,DS002,2026-07-08,44,Evening,98,9,0,0,9,0,0.0,,,P_DS002_033|P_DS002_006|P_DS002_009|P_DS002_012|P_DS002_015|P_DS002_018|P_DS002_021|P_DS002_027|P_DS002_030,10.88888888888889,0,1600,0.0,32.0
DS002_20260708_I45,DS002,2026-07-08,45,Evening,71,9,0,0,9,0,0.0,,,P_DS002_006|P_DS002_009|P_DS002_012|P_DS002_015|P_DS002_018|P_DS002_021|P_DS002_027|P_DS002_030|P_DS002_033,7.888888888888889,0,1600,0.0,32.0
DS002_20260708_I46,DS002,2026-07-08,46,Evening,58,9,0,0,9,0,0.0,,,P_DS002_009|P_DS002_012|P_DS002_015|P_DS002_018|P_DS002_021|P_DS002_027|P_DS002_030|P_DS002_033|P_DS002_006,6.444444444444445,0,1600,0.0,32.0
DS002_20260708_I47,DS002,2026-07-08,47,Late Night,35,9,0,2,7,0,1.0,,P_DS002_012|P_DS002_015,P_DS002_018|P_DS002_021|P_DS002_027|P_DS002_030|P_DS002_033|P_DS002_006|P_DS002_009,5.0,0,1600,1.0,31.0
DS002_20260708_I48,DS002,2026-07-08,48,Late Night,17,9,0,2,7,0,1.0,,P_DS002_015|P_DS002_018,P_DS002_021|P_DS002_027|P_DS002_030|P_DS002_033|P_DS002_006|P_DS002_009|P_DS002_012,2.4285714285714284,0,1600,1.0,30.0
DS002_20260709_I01,DS002,2026-07-09,1,Night,9,18,12,2,4,900,1.0,P_DS002_009|P_DS002_012|P_DS002_015|P_DS002_018|P_DS002_021|P_DS002_027|P_DS002_030|P_DS002_033|P_DS002_001|P_DS002_007|P_DS002_010|P_DS002_013,P_DS002_016|P_DS002_019,P_DS002_028|P_DS002_031|P_DS002_034|P_DS002_006,2.25,900,9100,1.0,49.0
DS002_20260709_I02,DS002,2026-07-09,2,Night,6,18,12,2,4,900,1.0,P_DS002_012|P_DS002_015|P_DS002_018|P_DS002_021|P_DS002_027|P_DS002_030|P_DS002_033|P_DS002_001|P_DS002_007|P_DS002_010|P_DS002_013|P_DS002_016,P_DS002_019|P_DS002_028,P_DS002_031|P_DS002_034|P_DS002_006|P_DS002_009,1.5,900,8200,1.0,48.0
DS002_20260709_I03,DS002,2026-07-09,3,Night,7,9,8,0,1,600,0.0,P_DS002_013|P_DS002_016|P_DS002_019|P_DS002_028|P_DS002_031|P_DS002_034|P_DS002_001|P_DS002_007,,P_DS002_010,7.0,600,7600,0.0,48.0
DS002_20260709_I04,DS002,2026-07-09,4,Night,2,9,8,0,1,600,0.0,P_DS002_016|P_DS002_019|P_DS002_028|P_DS002_031|P_DS002_034|P_DS002_001|P_DS002_007|P_DS002_010,,P_DS002_013,2.0,600,7000,0.0,48.0
DS002_20260709_I05,DS002,2026-07-09,5,Night,3,9,8,0,1,600,0.0,P_DS002_019|P_DS002_028|P_DS002_031|P_DS002_034|P_DS002_001|P_DS002_007|P_DS002_010|P_DS002_013,,P_DS002_016,3.0,600,6400,0.0,48.0
DS002_20260709_I06,DS002,2026-07-09,6,Night,5,9,8,0,1,600,0.0,P_DS002_028|P_DS002_031|P_DS002_034|P_DS002_001|P_DS002_007|P_DS002_010|P_DS002_013|P_DS002_016,,P_DS002_019,5.0,600,5800,0.0,48.0
DS002_20260709_I07,DS002,2026-07-09,7,Night,5,9,8,0,1,600,0.0,P_DS002_031|P_DS002_034|P_DS002_001|P_DS002_007|P_DS002_010|P_DS002_013|P_DS002_016|P_DS002_019,,P_DS002_028,5.0,600,5200,0.0,48.0
DS002_20260709_I08,DS002,2026-07-09,8,Night,10,9,8,0,1,600,0.0,P_DS002_034|P_DS002_001|P_DS002_007|P_DS002_010|P_DS002_013|P_DS002_016|P_DS002_019|P_DS002_028,,P_DS002_031,10.0,600,4600,0.0,48.0
DS002_20260709_I09,DS002,2026-07-09,9,Night,8,9,8,0,1,600,0.0,P_DS002_001|P_DS002_007|P_DS002_010|P_DS002_013|P_DS002_016|P_DS002_019|P_DS002_028|P_DS002_031,,P_DS002_034,8.0,600,4000,0.0,48.0
DS002_20260709_I10,DS002,2026-07-09,10,Night,8,9,8,0,1,600,0.0,P_DS002_007|P_DS002_010|P_DS002_013|P_DS002_016|P_DS002_019|P_DS002_028|P_DS002_031|P_DS002_034,,P_DS002_001,8.0,600,3400,0.0,48.0
DS002_20260709_I11,DS002,2026-07-09,11,Night,8,9,8,0,1,600,0.0,P_DS002_010|P_DS002_013|P_DS002_016|P_DS002_019|P_DS002_028|P_DS002_031|P_DS002_034|P_DS002_001,,P_DS002_007,8.0,600,2800,0.0,48.0
DS002_20260709_I12,DS002,2026-07-09,12,Night,12,9,8,0,1,600,0.0,P_DS002_013|P_DS002_016|P_DS002_019|P_DS002_028|P_DS002_031|P_DS002_034|P_DS002_001|P_DS002_007,,P_DS002_010,12.0,600,2200,0.0,48.0
DS002_20260709_I13,DS002,2026-07-09,13,Morning,10,9,3,2,4,225,1.0,P_DS002_016|P_DS002_019|P_DS002_028,P_DS002_031|P_DS002_034,P_DS002_001|P_DS002_007|P_DS002_010|P_DS002_013,2.5,225,1975,1.0,47.0
DS002_20260709_I14,DS002,2026-07-09,14,Morning,21,9,3,2,4,225,1.0,P_DS002_019|P_DS002_028|P_DS002_031,P_DS002_034|P_DS002_001,P_DS002_007|P_DS002_010|P_DS002_013|P_DS002_016,5.25,225,1750,1.0,46.0
DS002_20260709_I15,DS002,2026-07-09,15,Morning,40,9,3,2,4,225,1.0,P_DS002_028|P_DS002_031|P_DS002_034,P_DS002_001|P_DS002_007,P_DS002_010|P_DS002_013|P_DS002_016|P_DS002_019,10.0,225,1525,1.0,45.0
DS002_20260709_I16,DS002,2026-07-09,16,Morning,47,9,3,2,4,225,1.0,P_DS002_031|P_DS002_034|P_DS002_001,P_DS002_007|P_DS002_010,P_DS002_013|P_DS002_016|P_DS002_019|P_DS002_028,11.75,225,1300,1.0,44.0
DS002_20260709_I17,DS002,2026-07-09,17,Morning,53,18,3,2,13,225,1.0,P_DS002_034|P_DS002_001|P_DS002_002,P_DS002_005|P_DS002_007,P_DS002_008|P_DS002_010|P_DS002_013|P_DS002_014|P_DS002_016|P_DS002_017|P_DS002_019|P_DS002_020|P_DS002_023|P_DS002_026|P_DS002_028|P_DS002_029|P_DS002_031,4.076923076923077,225,1075,1.0,43.0
DS002_20260709_I18,DS002,2026-07-09,18,Morning,49,18,3,2,13,225,1.0,P_DS002_001|P_DS002_002|P_DS002_005,P_DS002_007|P_DS002_008,P_DS002_010|P_DS002_013|P_DS002_014|P_DS002_016|P_DS002_017|P_DS002_019|P_DS002_020|P_DS002_023|P_DS002_026|P_DS002_028|P_DS002_029|P_DS002_031|P_DS002_034,3.769230769230769,225,850,1.0,42.0
DS002_20260709_I19,DS002,2026-07-09,19,Morning,47,9,0,2,7,0,1.0,,P_DS002_005|P_DS002_008,P_DS002_014|P_DS002_017|P_DS002_020|P_DS002_023|P_DS002_026|P_DS002_029|P_DS002_002,6.714285714285714,0,850,1.0,41.0
DS002_20260709_I20,DS002,2026-07-09,20,Morning,52,9,0,2,7,0,1.0,,P_DS002_008|P_DS002_014,P_DS002_017|P_DS002_020|P_DS002_023|P_DS002_026|P_DS002_029|P_DS002_002|P_DS002_005,7.428571428571429,0,850,1.0,40.0
DS002_20260709_I21,DS002,2026-07-09,21,Morning,56,9,0,2,7,0,1.0,,P_DS002_014|P_DS002_017,P_DS002_020|P_DS002_023|P_DS002_026|P_DS002_029|P_DS002_002|P_DS002_005|P_DS002_008,8.0,0,850,1.0,39.0
DS002_20260709_I22,DS002,2026-07-09,22,Morning,40,9,0,2,7,0,1.0,,P_DS002_017|P_DS002_020,P_DS002_023|P_DS002_026|P_DS002_029|P_DS002_002|P_DS002_005|P_DS002_008|P_DS002_014,5.714285714285714,0,850,1.0,38.0
DS002_20260709_I23,DS002,2026-07-09,23,Lunch,45,9,0,0,9,0,0.0,,,P_DS002_020|P_DS002_023|P_DS002_026|P_DS002_029|P_DS002_002|P_DS002_005|P_DS002_008|P_DS002_014|P_DS002_017,5.0,0,850,0.0,38.0
DS002_20260709_I24,DS002,2026-07-09,24,Lunch,58,9,0,0,9,0,0.0,,,P_DS002_023|P_DS002_026|P_DS002_029|P_DS002_002|P_DS002_005|P_DS002_008|P_DS002_014|P_DS002_017|P_DS002_020,6.444444444444445,0,850,0.0,38.0
DS002_20260709_I25,DS002,2026-07-09,25,Lunch,78,9,0,0,9,0,0.0,,,P_DS002_026|P_DS002_029|P_DS002_002|P_DS002_005|P_DS002_008|P_DS002_014|P_DS002_017|P_DS002_020|P_DS002_023,8.666666666666666,0,850,0.0,38.0
DS002_20260709_I26,DS002,2026-07-09,26,Lunch,85,9,0,0,9,0,0.0,,,P_DS002_029|P_DS002_002|P_DS002_005|P_DS002_008|P_DS002_014|P_DS002_017|P_DS002_020|P_DS002_023|P_DS002_026,9.444444444444445,0,850,0.0,38.0
DS002_20260709_I27,DS002,2026-07-09,27,Lunch,105,9,0,0,9,0,0.0,,,P_DS002_002|P_DS002_005|P_DS002_008|P_DS002_014|P_DS002_017|P_DS002_020|P_DS002_023|P_DS002_026|P_DS002_029,11.666666666666666,0,850,0.0,38.0
DS002_20260709_I28,DS002,2026-07-09,28,Lunch,95,9,0,0,9,0,0.0,,,P_DS002_005|P_DS002_008|P_DS002_014|P_DS002_017|P_DS002_020|P_DS002_023|P_DS002_026|P_DS002_029|P_DS002_002,10.555555555555555,0,850,0.0,38.0
DS002_20260709_I29,DS002,2026-07-09,29,Lunch,77,9,0,0,9,0,0.0,,,P_DS002_008|P_DS002_014|P_DS002_017|P_DS002_020|P_DS002_023|P_DS002_026|P_DS002_029|P_DS002_002|P_DS002_005,8.555555555555555,0,850,0.0,38.0
DS002_20260709_I30,DS002,2026-07-09,30,Lunch,54,9,0,0,9,0,0.0,,,P_DS002_014|P_DS002_017|P_DS002_020|P_DS002_023|P_DS002_026|P_DS002_029|P_DS002_002|P_DS002_005|P_DS002_008,6.0,0,850,0.0,38.0
DS002_20260709_I31,DS002,2026-07-09,31,Afternoon,40,9,0,2,7,0,1.0,,P_DS002_017|P_DS002_020,P_DS002_023|P_DS002_026|P_DS002_029|P_DS002_002|P_DS002_005|P_DS002_008|P_DS002_014,5.714285714285714,0,850,1.0,37.0
DS002_20260709_I32,DS002,2026-07-09,32,Afternoon,42,9,0,2,7,0,1.0,,P_DS002_020|P_DS002_023,P_DS002_026|P_DS002_029|P_DS002_002|P_DS002_005|P_DS002_008|P_DS002_014|P_DS002_017,6.0,0,850,1.0,36.0
DS002_20260709_I33,DS002,2026-07-09,33,Afternoon,29,18,0,2,16,0,1.0,,P_DS002_029|P_DS002_030,P_DS002_033|P_DS002_002|P_DS002_003|P_DS002_005|P_DS002_006|P_DS002_008|P_DS002_009|P_DS002_014|P_DS002_015|P_DS002_017|P_DS002_020|P_DS002_021|P_DS002_023|P_DS002_024|P_DS002_026|P_DS002_027,1.8125,0,850,1.0,35.0
DS002_20260709_I34,DS002,2026-07-09,34,Afternoon,26,18,0,2,16,0,1.0,,P_DS002_030|P_DS002_033,P_DS002_002|P_DS002_003|P_DS002_005|P_DS002_006|P_DS002_008|P_DS002_009|P_DS002_014|P_DS002_015|P_DS002_017|P_DS002_020|P_DS002_021|P_DS002_023|P_DS002_024|P_DS002_026|P_DS002_027|P_DS002_029,1.625,0,850,1.0,34.0
DS002_20260709_I35,DS002,2026-07-09,35,Afternoon,45,9,0,2,7,0,1.0,,P_DS002_033|P_DS002_003,P_DS002_006|P_DS002_009|P_DS002_015|P_DS002_021|P_DS002_024|P_DS002_027|P_DS002_030,6.428571428571429,0,850,1.0,33.0
DS002_20260709_I36,DS002,2026-07-09,36,Afternoon,52,9,0,2,7,0,1.0,,P_DS002_003|P_DS002_006,P_DS002_009|P_DS002_015|P_DS002_021|P_DS002_024|P_DS002_027|P_DS002_030|P_DS002_033,7.428571428571429,0,850,1.0,32.0
DS002_20260709_I37,DS002,2026-07-09,37,Evening,90,12,0,0,12,0,0.0,,,P_DS002_006|P_DS002_009|P_DS002_015|P_DS002_021|P_DS002_024|P_DS002_027|P_DS002_030|P_DS002_033|P_DS002_032|P_DS002_004|P_DS002_025|P_DS002_003,7.5,0,850,0.0,32.0
DS002_20260709_I38,DS002,2026-07-09,38,Evening,91,12,0,0,12,0,0.0,,,P_DS002_009|P_DS002_015|P_DS002_021|P_DS002_024|P_DS002_027|P_DS002_030|P_DS002_033|P_DS002_032|P_DS002_004|P_DS002_025|P_DS002_003|P_DS002_006,7.583333333333333,0,850,0.0,32.0
DS002_20260709_I39,DS002,2026-07-09,39,Evening,121,12,0,0,12,0,0.0,,,P_DS002_015|P_DS002_021|P_DS002_024|P_DS002_027|P_DS002_030|P_DS002_033|P_DS002_032|P_DS002_004|P_DS002_025|P_DS002_003|P_DS002_006|P_DS002_009,10.083333333333334,0,850,0.0,32.0
DS002_20260709_I40,DS002,2026-07-09,40,Evening,136,12,0,0,12,0,0.0,,,P_DS002_021|P_DS002_024|P_DS002_027|P_DS002_030|P_DS002_033|P_DS002_032|P_DS002_004|P_DS002_025|P_DS002_003|P_DS002_006|P_DS002_009|P_DS002_015,11.333333333333334,0,850,0.0,32.0
DS002_20260709_I41,DS002,2026-07-09,41,Evening,140,12,0,0,12,0,0.0,,,P_DS002_024|P_DS002_027|P_DS002_030|P_DS002_033|P_DS002_032|P_DS002_004|P_DS002_025|P_DS002_003|P_DS002_006|P_DS002_009|P_DS002_015|P_DS002_021,11.666666666666666,0,850,0.0,32.0
DS002_20260709_I42,DS002,2026-07-09,42,Evening,133,12,0,0,12,0,0.0,,,P_DS002_027|P_DS002_030|P_DS002_033|P_DS002_032|P_DS002_004|P_DS002_025|P_DS002_003|P_DS002_006|P_DS002_009|P_DS002_015|P_DS002_021|P_DS002_024,11.083333333333334,0,850,0.0,32.0
DS002_20260709_I43,DS002,2026-07-09,43,Evening,114,12,0,0,12,0,0.0,,,P_DS002_030|P_DS002_033|P_DS002_032|P_DS002_004|P_DS002_025|P_DS002_003|P_DS002_006|P_DS002_009|P_DS002_015|P_DS002_021|P_DS002_024|P_DS002_027,9.5,0,850,0.0,32.0
DS002_20260709_I44,DS002,2026-07-09,44,Evening,101,12,0,0,12,0,0.0,,,P_DS002_033|P_DS002_032|P_DS002_004|P_DS002_025|P_DS002_003|P_DS002_006|P_DS002_009|P_DS002_015|P_DS002_021|P_DS002_024|P_DS002_027|P_DS002_030,8.416666666666666,0,850,0.0,32.0
DS002_20260709_I45,DS002,2026-07-09,45,Evening,73,9,0,0,9,0,0.0,,,P_DS002_003|P_DS002_006|P_DS002_009|P_DS002_015|P_DS002_021|P_DS002_024|P_DS002_027|P_DS002_030|P_DS002_033,8.11111111111111,0,850,0.0,32.0
DS002_20260709_I46,DS002,2026-07-09,46,Evening,60,9,0,0,9,0,0.0,,,P_DS002_006|P_DS002_009|P_DS002_015|P_DS002_021|P_DS002_024|P_DS002_027|P_DS002_030|P_DS002_033|P_DS002_003,6.666666666666667,0,850,0.0,32.0
DS002_20260709_I47,DS002,2026-07-09,47,Late Night,45,9,0,2,7,0,1.0,,P_DS002_009|P_DS002_015,P_DS002_021|P_DS002_024|P_DS002_027|P_DS002_030|P_DS002_033|P_DS002_003|P_DS002_006,6.428571428571429,0,850,1.0,31.0
DS002_20260709_I48,DS002,2026-07-09,48,Late Night,30,9,0,2,7,0,1.0,,P_DS002_015|P_DS002_021,P_DS002_024|P_DS002_027|P_DS002_030|P_DS002_033|P_DS002_003|P_DS002_006|P_DS002_009,4.285714285714286,0,850,1.0,30.0
DS002_20260710_I01,DS002,2026-07-10,1,Night,4,17,12,2,3,900,1.0,P_DS002_006|P_DS002_009|P_DS002_015|P_DS002_021|P_DS002_024|P_DS002_027|P_DS002_030|P_DS002_033|P_DS002_001|P_DS002_004|P_DS002_007|P_DS002_010,P_DS002_013|P_DS002_022,P_DS002_025|P_DS002_034|P_DS002_003,1.3333333333333333,900,9100,1.0,49.0
DS002_20260710_I02,DS002,2026-07-10,2,Night,5,17,12,2,3,900,1.0,P_DS002_009|P_DS002_015|P_DS002_021|P_DS002_024|P_DS002_027|P_DS002_030|P_DS002_033|P_DS002_001|P_DS002_004|P_DS002_007|P_DS002_010|P_DS002_013,P_DS002_022|P_DS002_025,P_DS002_034|P_DS002_003|P_DS002_006,1.6666666666666667,900,8200,1.0,48.0
DS002_20260710_I03,DS002,2026-07-10,3,Night,7,8,7,0,1,525,0.0,P_DS002_010|P_DS002_013|P_DS002_022|P_DS002_025|P_DS002_034|P_DS002_001|P_DS002_004,,P_DS002_007,7.0,525,7675,0.0,48.0
DS002_20260710_I04,DS002,2026-07-10,4,Night,2,8,7,0,1,525,0.0,P_DS002_013|P_DS002_022|P_DS002_025|P_DS002_034|P_DS002_001|P_DS002_004|P_DS002_007,,P_DS002_010,2.0,525,7150,0.0,48.0
DS002_20260710_I05,DS002,2026-07-10,5,Night,9,8,7,0,1,525,0.0,P_DS002_022|P_DS002_025|P_DS002_034|P_DS002_001|P_DS002_004|P_DS002_007|P_DS002_010,,P_DS002_013,9.0,525,6625,0.0,48.0
DS002_20260710_I06,DS002,2026-07-10,6,Night,9,8,7,0,1,525,0.0,P_DS002_025|P_DS002_034|P_DS002_001|P_DS002_004|P_DS002_007|P_DS002_010|P_DS002_013,,P_DS002_022,9.0,525,6100,0.0,48.0
DS002_20260710_I07,DS002,2026-07-10,7,Night,8,8,7,0,1,525,0.0,P_DS002_034|P_DS002_001|P_DS002_004|P_DS002_007|P_DS002_010|P_DS002_013|P_DS002_022,,P_DS002_025,8.0,525,5575,0.0,48.0
DS002_20260710_I08,DS002,2026-07-10,8,Night,5,8,7,0,1,525,0.0,P_DS002_001|P_DS002_004|P_DS002_007|P_DS002_010|P_DS002_013|P_DS002_022|P_DS002_025,,P_DS002_034,5.0,525,5050,0.0,48.0
DS002_20260710_I09,DS002,2026-07-10,9,Night,11,8,7,0,1,525,0.0,P_DS002_004|P_DS002_007|P_DS002_010|P_DS002_013|P_DS002_022|P_DS002_025|P_DS002_034,,P_DS002_001,11.0,525,4525,0.0,48.0
DS002_20260710_I10,DS002,2026-07-10,10,Night,9,8,7,0,1,525,0.0,P_DS002_007|P_DS002_010|P_DS002_013|P_DS002_022|P_DS002_025|P_DS002_034|P_DS002_001,,P_DS002_004,9.0,525,4000,0.0,48.0
DS002_20260710_I11,DS002,2026-07-10,11,Night,7,8,7,0,1,525,0.0,P_DS002_010|P_DS002_013|P_DS002_022|P_DS002_025|P_DS002_034|P_DS002_001|P_DS002_004,,P_DS002_007,7.0,525,3475,0.0,48.0
DS002_20260710_I12,DS002,2026-07-10,12,Night,13,8,7,0,1,525,0.0,P_DS002_013|P_DS002_022|P_DS002_025|P_DS002_034|P_DS002_001|P_DS002_004|P_DS002_007,,P_DS002_010,13.0,525,2950,0.0,48.0
DS002_20260710_I13,DS002,2026-07-10,13,Morning,10,8,3,2,3,225,1.0,P_DS002_022|P_DS002_025|P_DS002_034,P_DS002_001|P_DS002_004,P_DS002_007|P_DS002_010|P_DS002_013,3.3333333333333335,225,2725,1.0,47.0
DS002_20260710_I14,DS002,2026-07-10,14,Morning,23,8,3,2,3,225,1.0,P_DS002_025|P_DS002_034|P_DS002_001,P_DS002_004|P_DS002_007,P_DS002_010|P_DS002_013|P_DS002_022,7.666666666666667,225,2500,1.0,46.0
DS002_20260710_I15,DS002,2026-07-10,15,Morning,30,8,3,2,3,225,1.0,P_DS002_034|P_DS002_001|P_DS002_004,P_DS002_007|P_DS002_010,P_DS002_013|P_DS002_022|P_DS002_025,10.0,225,2275,1.0,45.0
DS002_20260710_I16,DS002,2026-07-10,16,Morning,38,8,3,2,3,225,1.0,P_DS002_001|P_DS002_004|P_DS002_007,P_DS002_010|P_DS002_013,P_DS002_022|P_DS002_025|P_DS002_034,12.666666666666666,225,2050,1.0,44.0
DS002_20260710_I17,DS002,2026-07-10,17,Morning,40,15,3,2,10,225,1.0,P_DS002_004|P_DS002_007|P_DS002_008,P_DS002_010|P_DS002_011,P_DS002_013|P_DS002_017|P_DS002_022|P_DS002_023|P_DS002_025|P_DS002_029|P_DS002_032|P_DS002_034|P_DS002_001|P_DS002_002,4.0,225,1825,1.0,43.0
DS002_20260710_I18,DS002,2026-07-10,18,Morning,54,16,3,2,11,225,1.0,P_DS002_004|P_DS002_007|P_DS002_008,P_DS002_010|P_DS002_011,P_DS002_013|P_DS002_014|P_DS002_017|P_DS002_022|P_DS002_023|P_DS002_025|P_DS002_029|P_DS002_032|P_DS002_034|P_DS002_001|P_DS002_002,4.909090909090909,225,1600,1.0,42.0
DS002_20260710_I19,DS002,2026-07-10,19,Morning,44,8,0,2,6,0,1.0,,P_DS002_014|P_DS002_017,P_DS002_023|P_DS002_029|P_DS002_032|P_DS002_002|P_DS002_008|P_DS002_011,7.333333333333333,0,1600,1.0,41.0
DS002_20260710_I20,DS002,2026-07-10,20,Morning,46,8,0,2,6,0,1.0,,P_DS002_017|P_DS002_023,P_DS002_029|P_DS002_032|P_DS002_002|P_DS002_008|P_DS002_011|P_DS002_014,7.666666666666667,0,1600,1.0,40.0
DS002_20260710_I21,DS002,2026-07-10,21,Morning,36,8,0,2,6,0,1.0,,P_DS002_023|P_DS002_029,P_DS002_032|P_DS002_002|P_DS002_008|P_DS002_011|P_DS002_014|P_DS002_017,6.0,0,1600,1.0,39.0
DS002_20260710_I22,DS002,2026-07-10,22,Morning,40,8,0,2,6,0,1.0,,P_DS002_029|P_DS002_032,P_DS002_002|P_DS002_008|P_DS002_011|P_DS002_014|P_DS002_017|P_DS002_023,6.666666666666667,0,1600,1.0,38.0
DS002_20260710_I23,DS002,2026-07-10,23,Lunch,45,8,0,0,8,0,0.0,,,P_DS002_032|P_DS002_002|P_DS002_008|P_DS002_011|P_DS002_014|P_DS002_017|P_DS002_023|P_DS002_029,5.625,0,1600,0.0,38.0
DS002_20260710_I24,DS002,2026-07-10,24,Lunch,43,8,0,0,8,0,0.0,,,P_DS002_002|P_DS002_008|P_DS002_011|P_DS002_014|P_DS002_017|P_DS002_023|P_DS002_029|P_DS002_032,5.375,0,1600,0.0,38.0
DS002_20260710_I25,DS002,2026-07-10,25,Lunch,73,8,0,0,8,0,0.0,,,P_DS002_008|P_DS002_011|P_DS002_014|P_DS002_017|P_DS002_023|P_DS002_029|P_DS002_032|P_DS002_002,9.125,0,1600,0.0,38.0
DS002_20260710_I26,DS002,2026-07-10,26,Lunch,88,8,0,0,8,0,0.0,,,P_DS002_011|P_DS002_014|P_DS002_017|P_DS002_023|P_DS002_029|P_DS002_032|P_DS002_002|P_DS002_008,11.0,0,1600,0.0,38.0
DS002_20260710_I27,DS002,2026-07-10,27,Lunch,92,8,0,0,8,0,0.0,,,P_DS002_014|P_DS002_017|P_DS002_023|P_DS002_029|P_DS002_032|P_DS002_002|P_DS002_008|P_DS002_011,11.5,0,1600,0.0,38.0
DS002_20260710_I28,DS002,2026-07-10,28,Lunch,101,8,0,0,8,0,0.0,,,P_DS002_017|P_DS002_023|P_DS002_029|P_DS002_032|P_DS002_002|P_DS002_008|P_DS002_011|P_DS002_014,12.625,0,1600,0.0,38.0
DS002_20260710_I29,DS002,2026-07-10,29,Lunch,74,8,0,0,8,0,0.0,,,P_DS002_023|P_DS002_029|P_DS002_032|P_DS002_002|P_DS002_008|P_DS002_011|P_DS002_014|P_DS002_017,9.25,0,1600,0.0,38.0
DS002_20260710_I30,DS002,2026-07-10,30,Lunch,57,8,0,0,8,0,0.0,,,P_DS002_029|P_DS002_032|P_DS002_002|P_DS002_008|P_DS002_011|P_DS002_014|P_DS002_017|P_DS002_023,7.125,0,1600,0.0,38.0
DS002_20260710_I31,DS002,2026-07-10,31,Afternoon,32,8,0,2,6,0,1.0,,P_DS002_032|P_DS002_002,P_DS002_008|P_DS002_011|P_DS002_014|P_DS002_017|P_DS002_023|P_DS002_029,5.333333333333333,0,1600,1.0,37.0
DS002_20260710_I32,DS002,2026-07-10,32,Afternoon,39,8,0,2,6,0,1.0,,P_DS002_002|P_DS002_008,P_DS002_011|P_DS002_014|P_DS002_017|P_DS002_023|P_DS002_029|P_DS002_032,6.5,0,1600,1.0,36.0
DS002_20260710_I33,DS002,2026-07-10,33,Afternoon,36,16,0,2,14,0,1.0,,P_DS002_003|P_DS002_006,P_DS002_008|P_DS002_009|P_DS002_011|P_DS002_014|P_DS002_017|P_DS002_018|P_DS002_021|P_DS002_023|P_DS002_024|P_DS002_027|P_DS002_029|P_DS002_030|P_DS002_032|P_DS002_002,2.5714285714285716,0,1600,1.0,35.0
DS002_20260710_I34,DS002,2026-07-10,34,Afternoon,29,17,0,2,15,0,1.0,,P_DS002_002|P_DS002_003,P_DS002_006|P_DS002_008|P_DS002_009|P_DS002_011|P_DS002_014|P_DS002_015|P_DS002_017|P_DS002_018|P_DS002_021|P_DS002_023|P_DS002_024|P_DS002_027|P_DS002_029|P_DS002_030|P_DS002_032,1.9333333333333333,0,1600,1.0,34.0
DS002_20260710_I35,DS002,2026-07-10,35,Afternoon,40,9,0,2,7,0,1.0,,P_DS002_030|P_DS002_003,P_DS002_006|P_DS002_009|P_DS002_015|P_DS002_018|P_DS002_021|P_DS002_024|P_DS002_027,5.714285714285714,0,1600,1.0,33.0
DS002_20260710_I36,DS002,2026-07-10,36,Afternoon,66,9,0,2,7,0,1.0,,P_DS002_003|P_DS002_006,P_DS002_009|P_DS002_015|P_DS002_018|P_DS002_021|P_DS002_024|P_DS002_027|P_DS002_030,9.428571428571429,0,1600,1.0,32.0
DS002_20260710_I37,DS002,2026-07-10,37,Evening,71,12,0,0,12,0,0.0,,,P_DS002_006|P_DS002_009|P_DS002_015|P_DS002_018|P_DS002_021|P_DS002_024|P_DS002_027|P_DS002_030|P_DS002_033|P_DS002_019|P_DS002_026|P_DS002_003,5.916666666666667,0,1600,0.0,32.0
DS002_20260710_I38,DS002,2026-07-10,38,Evening,83,12,0,0,12,0,0.0,,,P_DS002_009|P_DS002_015|P_DS002_018|P_DS002_021|P_DS002_024|P_DS002_027|P_DS002_030|P_DS002_033|P_DS002_019|P_DS002_026|P_DS002_003|P_DS002_006,6.916666666666667,0,1600,0.0,32.0
DS002_20260710_I39,DS002,2026-07-10,39,Evening,123,12,0,0,12,0,0.0,,,P_DS002_015|P_DS002_018|P_DS002_021|P_DS002_024|P_DS002_027|P_DS002_030|P_DS002_033|P_DS002_019|P_DS002_026|P_DS002_003|P_DS002_006|P_DS002_009,10.25,0,1600,0.0,32.0
DS002_20260710_I40,DS002,2026-07-10,40,Evening,131,12,0,0,12,0,0.0,,,P_DS002_018|P_DS002_021|P_DS002_024|P_DS002_027|P_DS002_030|P_DS002_033|P_DS002_019|P_DS002_026|P_DS002_003|P_DS002_006|P_DS002_009|P_DS002_015,10.916666666666666,0,1600,0.0,32.0
DS002_20260710_I41,DS002,2026-07-10,41,Evening,141,12,0,0,12,0,0.0,,,P_DS002_021|P_DS002_024|P_DS002_027|P_DS002_030|P_DS002_033|P_DS002_019|P_DS002_026|P_DS002_003|P_DS002_006|P_DS002_009|P_DS002_015|P_DS002_018,11.75,0,1600,0.0,32.0
DS002_20260710_I42,DS002,2026-07-10,42,Evening,141,12,0,0,12,0,0.0,,,P_DS002_024|P_DS002_027|P_DS002_030|P_DS002_033|P_DS002_019|P_DS002_026|P_DS002_003|P_DS002_006|P_DS002_009|P_DS002_015|P_DS002_018|P_DS002_021,11.75,0,1600,0.0,32.0
DS002_20260710_I43,DS002,2026-07-10,43,Evening,109,12,0,0,12,0,0.0,,,P_DS002_027|P_DS002_030|P_DS002_033|P_DS002_019|P_DS002_026|P_DS002_003|P_DS002_006|P_DS002_009|P_DS002_015|P_DS002_018|P_DS002_021|P_DS002_024,9.083333333333334,0,1600,0.0,32.0
DS002_20260710_I44,DS002,2026-07-10,44,Evening,95,12,0,0,12,0,0.0,,,P_DS002_030|P_DS002_033|P_DS002_019|P_DS002_026|P_DS002_003|P_DS002_006|P_DS002_009|P_DS002_015|P_DS002_018|P_DS002_021|P_DS002_024|P_DS002_027,7.916666666666667,0,1600,0.0,32.0
DS002_20260710_I45,DS002,2026-07-10,45,Evening,73,9,0,0,9,0,0.0,,,P_DS002_003|P_DS002_006|P_DS002_009|P_DS002_015|P_DS002_018|P_DS002_021|P_DS002_024|P_DS002_027|P_DS002_030,8.11111111111111,0,1600,0.0,32.0
DS002_20260710_I46,DS002,2026-07-10,46,Evening,46,9,0,0,9,0,0.0,,,P_DS002_006|P_DS002_009|P_DS002_015|P_DS002_018|P_DS002_021|P_DS002_024|P_DS002_027|P_DS002_030|P_DS002_003,5.111111111111111,0,1600,0.0,32.0
DS002_20260710_I47,DS002,2026-07-10,47,Late Night,50,9,0,2,7,0,1.0,,P_DS002_009|P_DS002_015,P_DS002_018|P_DS002_021|P_DS002_024|P_DS002_027|P_DS002_030|P_DS002_003|P_DS002_006,7.142857142857143,0,1600,1.0,31.0
DS002_20260710_I48,DS002,2026-07-10,48,Late Night,27,9,0,2,7,0,1.0,,P_DS002_015|P_DS002_018,P_DS002_021|P_DS002_024|P_DS002_027|P_DS002_030|P_DS002_003|P_DS002_006|P_DS002_009,3.857142857142857,0,1600,1.0,30.0
DS002_20260711_I01,DS002,2026-07-11,1,Night,8,19,12,2,5,900,1.0,P_DS002_006|P_DS002_009|P_DS002_015|P_DS002_018|P_DS002_021|P_DS002_024|P_DS002_027|P_DS002_030|P_DS002_001|P_DS002_004|P_DS002_007|P_DS002_010,P_DS002_016|P_DS002_019,P_DS002_022|P_DS002_025|P_DS002_028|P_DS002_031|P_DS002_003,1.6,900,9100,1.0,49.0
DS002_20260711_I02,DS002,2026-07-11,2,Night,4,19,12,2,5,900,1.0,P_DS002_009|P_DS002_015|P_DS002_018|P_DS002_021|P_DS002_024|P_DS002_027|P_DS002_030|P_DS002_001|P_DS002_004|P_DS002_007|P_DS002_010|P_DS002_016,P_DS002_019|P_DS002_022,P_DS002_025|P_DS002_028|P_DS002_031|P_DS002_003|P_DS002_006,0.8,900,8200,1.0,48.0
DS002_20260711_I03,DS002,2026-07-11,3,Night,12,10,9,0,1,675,0.0,P_DS002_010|P_DS002_016|P_DS002_019|P_DS002_022|P_DS002_025|P_DS002_028|P_DS002_031|P_DS002_001|P_DS002_004,,P_DS002_007,12.0,675,7525,0.0,48.0
DS002_20260711_I04,DS002,2026-07-11,4,Night,8,10,9,0,1,675,0.0,P_DS002_016|P_DS002_019|P_DS002_022|P_DS002_025|P_DS002_028|P_DS002_031|P_DS002_001|P_DS002_004|P_DS002_007,,P_DS002_010,8.0,675,6850,0.0,48.0
DS002_20260711_I05,DS002,2026-07-11,5,Night,9,10,9,0,1,675,0.0,P_DS002_019|P_DS002_022|P_DS002_025|P_DS002_028|P_DS002_031|P_DS002_001|P_DS002_004|P_DS002_007|P_DS002_010,,P_DS002_016,9.0,675,6175,0.0,48.0
DS002_20260711_I06,DS002,2026-07-11,6,Night,3,10,9,0,1,675,0.0,P_DS002_022|P_DS002_025|P_DS002_028|P_DS002_031|P_DS002_001|P_DS002_004|P_DS002_007|P_DS002_010|P_DS002_016,,P_DS002_019,3.0,675,5500,0.0,48.0
DS002_20260711_I07,DS002,2026-07-11,7,Night,6,10,9,0,1,675,0.0,P_DS002_025|P_DS002_028|P_DS002_031|P_DS002_001|P_DS002_004|P_DS002_007|P_DS002_010|P_DS002_016|P_DS002_019,,P_DS002_022,6.0,675,4825,0.0,48.0
DS002_20260711_I08,DS002,2026-07-11,8,Night,9,10,9,0,1,675,0.0,P_DS002_028|P_DS002_031|P_DS002_001|P_DS002_004|P_DS002_007|P_DS002_010|P_DS002_016|P_DS002_019|P_DS002_022,,P_DS002_025,9.0,675,4150,0.0,48.0
DS002_20260711_I09,DS002,2026-07-11,9,Night,5,10,9,0,1,675,0.0,P_DS002_031|P_DS002_001|P_DS002_004|P_DS002_007|P_DS002_010|P_DS002_016|P_DS002_019|P_DS002_022|P_DS002_025,,P_DS002_028,5.0,675,3475,0.0,48.0
DS002_20260711_I10,DS002,2026-07-11,10,Night,8,10,9,0,1,675,0.0,P_DS002_001|P_DS002_004|P_DS002_007|P_DS002_010|P_DS002_016|P_DS002_019|P_DS002_022|P_DS002_025|P_DS002_028,,P_DS002_031,8.0,675,2800,0.0,48.0
DS002_20260711_I11,DS002,2026-07-11,11,Night,10,10,9,0,1,675,0.0,P_DS002_004|P_DS002_007|P_DS002_010|P_DS002_016|P_DS002_019|P_DS002_022|P_DS002_025|P_DS002_028|P_DS002_031,,P_DS002_001,10.0,675,2125,0.0,48.0
DS002_20260711_I12,DS002,2026-07-11,12,Night,11,10,9,0,1,675,0.0,P_DS002_007|P_DS002_010|P_DS002_016|P_DS002_019|P_DS002_022|P_DS002_025|P_DS002_028|P_DS002_031|P_DS002_001,,P_DS002_004,11.0,675,1450,0.0,48.0
DS002_20260711_I13,DS002,2026-07-11,13,Morning,6,10,3,2,5,225,1.0,P_DS002_010|P_DS002_016|P_DS002_019,P_DS002_022|P_DS002_025,P_DS002_028|P_DS002_031|P_DS002_001|P_DS002_004|P_DS002_007,1.2,225,1225,1.0,47.0
DS002_20260711_I14,DS002,2026-07-11,14,Morning,11,10,3,2,5,225,1.0,P_DS002_016|P_DS002_019|P_DS002_022,P_DS002_025|P_DS002_028,P_DS002_031|P_DS002_001|P_DS002_004|P_DS002_007|P_DS002_010,2.2,225,1000,1.0,46.0
DS002_20260711_I15,DS002,2026-07-11,15,Morning,12,10,3,2,5,225,1.0,P_DS002_019|P_DS002_022|P_DS002_025,P_DS002_028|P_DS002_031,P_DS002_001|P_DS002_004|P_DS002_007|P_DS002_010|P_DS002_016,2.4,225,775,1.0,45.0
DS002_20260711_I16,DS002,2026-07-11,16,Morning,18,10,3,2,5,225,1.0,P_DS002_022|P_DS002_025|P_DS002_028,P_DS002_031|P_DS002_001,P_DS002_004|P_DS002_007|P_DS002_010|P_DS002_016|P_DS002_019,3.6,225,550,1.0,44.0
DS002_20260711_I17,DS002,2026-07-11,17,Morning,25,18,3,2,13,225,1.0,P_DS002_032|P_DS002_001|P_DS002_002,P_DS002_004|P_DS002_007,P_DS002_008|P_DS002_010|P_DS002_011|P_DS002_014|P_DS002_016|P_DS002_017|P_DS002_019|P_DS002_022|P_DS002_023|P_DS002_025|P_DS002_026|P_DS002_028|P_DS002_031,1.9230769230769231,225,325,1.0,43.0
DS002_20260711_I18,DS002,2026-07-11,18,Morning,37,19,3,2,14,225,1.0,P_DS002_032|P_DS002_001|P_DS002_002,P_DS002_004|P_DS002_007,P_DS002_008|P_DS002_010|P_DS002_011|P_DS002_014|P_DS002_016|P_DS002_017|P_DS002_019|P_DS002_022|P_DS002_023|P_DS002_025|P_DS002_026|P_DS002_028|P_DS002_029|P_DS002_031,2.642857142857143,225,100,1.0,42.0
DS002_20260711_I19,DS002,2026-07-11,19,Morning,58,9,0,2,7,0,1.0,,P_DS002_008|P_DS002_011,P_DS002_014|P_DS002_017|P_DS002_023|P_DS002_026|P_DS002_029|P_DS002_032|P_DS002_002,8.285714285714286,0,100,1.0,41.0
DS002_20260711_I20,DS002,2026-07-11,20,Morning,54,9,0,2,7,0,1.0,,P_DS002_011|P_DS002_014,P_DS002_017|P_DS002_023|P_DS002_026|P_DS002_029|P_DS002_032|P_DS002_002|P_DS002_008,7.714285714285714,0,100,1.0,40.0
DS002_20260711_I21,DS002,2026-07-11,21,Morning,59,9,0,2,7,0,1.0,,P_DS002_014|P_DS002_017,P_DS002_023|P_DS002_026|P_DS002_029|P_DS002_032|P_DS002_002|P_DS002_008|P_DS002_011,8.428571428571429,0,100,1.0,39.0
DS002_20260711_I22,DS002,2026-07-11,22,Morning,80,9,0,2,7,0,1.0,,P_DS002_017|P_DS002_023,P_DS002_026|P_DS002_029|P_DS002_032|P_DS002_002|P_DS002_008|P_DS002_011|P_DS002_014,11.428571428571429,0,100,1.0,38.0
DS002_20260711_I23,DS002,2026-07-11,23,Lunch,80,9,0,0,9,0,0.0,,,P_DS002_023|P_DS002_026|P_DS002_029|P_DS002_032|P_DS002_002|P_DS002_008|P_DS002_011|P_DS002_014|P_DS002_017,8.88888888888889,0,100,0.0,38.0
DS002_20260711_I24,DS002,2026-07-11,24,Lunch,75,9,0,0,9,0,0.0,,,P_DS002_026|P_DS002_029|P_DS002_032|P_DS002_002|P_DS002_008|P_DS002_011|P_DS002_014|P_DS002_017|P_DS002_023,8.333333333333334,0,100,0.0,38.0
DS002_20260711_I25,DS002,2026-07-11,25,Lunch,99,9,0,0,9,0,0.0,,,P_DS002_029|P_DS002_032|P_DS002_002|P_DS002_008|P_DS002_011|P_DS002_014|P_DS002_017|P_DS002_023|P_DS002_026,11.0,0,100,0.0,38.0
DS002_20260711_I26,DS002,2026-07-11,26,Lunch,79,9,0,0,9,0,0.0,,,P_DS002_032|P_DS002_002|P_DS002_008|P_DS002_011|P_DS002_014|P_DS002_017|P_DS002_023|P_DS002_026|P_DS002_029,8.777777777777779,0,100,0.0,38.0
DS002_20260711_I27,DS002,2026-07-11,27,Lunch,90,9,0,0,9,0,0.0,,,P_DS002_002|P_DS002_008|P_DS002_011|P_DS002_014|P_DS002_017|P_DS002_023|P_DS002_026|P_DS002_029|P_DS002_032,10.0,0,100,0.0,38.0
DS002_20260711_I28,DS002,2026-07-11,28,Lunch,90,9,0,0,9,0,0.0,,,P_DS002_008|P_DS002_011|P_DS002_014|P_DS002_017|P_DS002_023|P_DS002_026|P_DS002_029|P_DS002_032|P_DS002_002,10.0,0,100,0.0,38.0
DS002_20260711_I29,DS002,2026-07-11,29,Lunch,81,9,0,0,9,0,0.0,,,P_DS002_011|P_DS002_014|P_DS002_017|P_DS002_023|P_DS002_026|P_DS002_029|P_DS002_032|P_DS002_002|P_DS002_008,9.0,0,100,0.0,38.0
DS002_20260711_I30,DS002,2026-07-11,30,Lunch,63,9,0,0,9,0,0.0,,,P_DS002_014|P_DS002_017|P_DS002_023|P_DS002_026|P_DS002_029|P_DS002_032|P_DS002_002|P_DS002_008|P_DS002_011,7.0,0,100,0.0,38.0
DS002_20260711_I31,DS002,2026-07-11,31,Afternoon,73,9,0,2,7,0,1.0,,P_DS002_017|P_DS002_023,P_DS002_026|P_DS002_029|P_DS002_032|P_DS002_002|P_DS002_008|P_DS002_011|P_DS002_014,10.428571428571429,0,100,1.0,37.0
DS002_20260711_I32,DS002,2026-07-11,32,Afternoon,50,9,0,2,7,0,1.0,,P_DS002_023|P_DS002_026,P_DS002_029|P_DS002_032|P_DS002_002|P_DS002_008|P_DS002_011|P_DS002_014|P_DS002_017,7.142857142857143,0,100,1.0,36.0
DS002_20260711_I33,DS002,2026-07-11,33,Afternoon,64,18,0,2,16,0,1.0,,P_DS002_030|P_DS002_032,P_DS002_033|P_DS002_002|P_DS002_003|P_DS002_008|P_DS002_009|P_DS002_011|P_DS002_012|P_DS002_014|P_DS002_015|P_DS002_017|P_DS002_018|P_DS002_021|P_DS002_023|P_DS002_024|P_DS002_026|P_DS002_029,4.0,0,100,1.0,35.0
DS002_20260711_I34,DS002,2026-07-11,34,Afternoon,51,18,0,2,16,0,1.0,,P_DS002_032|P_DS002_033,P_DS002_002|P_DS002_003|P_DS002_008|P_DS002_009|P_DS002_011|P_DS002_012|P_DS002_014|P_DS002_015|P_DS002_017|P_DS002_018|P_DS002_021|P_DS002_023|P_DS002_024|P_DS002_026|P_DS002_029|P_DS002_030,3.1875,0,100,1.0,34.0
DS002_20260711_I35,DS002,2026-07-11,35,Afternoon,70,9,0,2,7,0,1.0,,P_DS002_033|P_DS002_003,P_DS002_009|P_DS002_012|P_DS002_015|P_DS002_018|P_DS002_021|P_DS002_024|P_DS002_030,10.0,0,100,1.0,33.0
DS002_20260711_I36,DS002,2026-07-11,36,Afternoon,67,9,0,2,7,0,1.0,,P_DS002_003|P_DS002_009,P_DS002_012|P_DS002_015|P_DS002_018|P_DS002_021|P_DS002_024|P_DS002_030|P_DS002_033,9.571428571428571,0,100,1.0,32.0
DS002_20260711_I37,DS002,2026-07-11,37,Evening,72,12,0,0,12,0,0.0,,,P_DS002_009|P_DS002_012|P_DS002_015|P_DS002_018|P_DS002_021|P_DS002_024|P_DS002_030|P_DS002_033|P_DS002_027|P_DS002_020|P_DS002_006|P_DS002_003,6.0,0,100,0.0,32.0
DS002_20260711_I38,DS002,2026-07-11,38,Evening,104,12,0,0,12,0,0.0,,,P_DS002_012|P_DS002_015|P_DS002_018|P_DS002_021|P_DS002_024|P_DS002_030|P_DS002_033|P_DS002_027|P_DS002_020|P_DS002_006|P_DS002_003|P_DS002_009,8.666666666666666,0,100,0.0,32.0
DS002_20260711_I39,DS002,2026-07-11,39,Evening,120,12,0,0,12,0,0.0,,,P_DS002_015|P_DS002_018|P_DS002_021|P_DS002_024|P_DS002_030|P_DS002_033|P_DS002_027|P_DS002_020|P_DS002_006|P_DS002_003|P_DS002_009|P_DS002_012,10.0,0,100,0.0,32.0
DS002_20260711_I40,DS002,2026-07-11,40,Evening,113,12,0,0,12,0,0.0,,,P_DS002_018|P_DS002_021|P_DS002_024|P_DS002_030|P_DS002_033|P_DS002_027|P_DS002_020|P_DS002_006|P_DS002_003|P_DS002_009|P_DS002_012|P_DS002_015,9.416666666666666,0,100,0.0,32.0
DS002_20260711_I41,DS002,2026-07-11,41,Evening,104,12,0,0,12,0,0.0,,,P_DS002_021|P_DS002_024|P_DS002_030|P_DS002_033|P_DS002_027|P_DS002_020|P_DS002_006|P_DS002_003|P_DS002_009|P_DS002_012|P_DS002_015|P_DS002_018,8.666666666666666,0,100,0.0,32.0
DS002_20260711_I42,DS002,2026-07-11,42,Evening,123,12,0,0,12,0,0.0,,,P_DS002_024|P_DS002_030|P_DS002_033|P_DS002_027|P_DS002_020|P_DS002_006|P_DS002_003|P_DS002_009|P_DS002_012|P_DS002_015|P_DS002_018|P_DS002_021,10.25,0,100,0.0,32.0
DS002_20260711_I43,DS002,2026-07-11,43,Evening,88,12,0,0,12,0,0.0,,,P_DS002_030|P_DS002_033|P_DS002_027|P_DS002_020|P_DS002_006|P_DS002_003|P_DS002_009|P_DS002_012|P_DS002_015|P_DS002_018|P_DS002_021|P_DS002_024,7.333333333333333,0,100,0.0,32.0
DS002_20260711_I44,DS002,2026-07-11,44,Evening,95,12,0,0,12,0,0.0,,,P_DS002_033|P_DS002_027|P_DS002_020|P_DS002_006|P_DS002_003|P_DS002_009|P_DS002_012|P_DS002_015|P_DS002_018|P_DS002_021|P_DS002_024|P_DS002_030,7.916666666666667,0,100,0.0,32.0
DS002_20260711_I45,DS002,2026-07-11,45,Evening,88,9,0,0,9,0,0.0,,,P_DS002_003|P_DS002_009|P_DS002_012|P_DS002_015|P_DS002_018|P_DS002_021|P_DS002_024|P_DS002_030|P_DS002_033,9.777777777777779,0,100,0.0,32.0
DS002_20260711_I46,DS002,2026-07-11,46,Evening,54,9,0,0,9,0,0.0,,,P_DS002_009|P_DS002_012|P_DS002_015|P_DS002_018|P_DS002_021|P_DS002_024|P_DS002_030|P_DS002_033|P_DS002_003,6.0,0,100,0.0,32.0
DS002_20260711_I47,DS002,2026-07-11,47,Late Night,47,9,0,2,7,0,1.0,,P_DS002_012|P_DS002_015,P_DS002_018|P_DS002_021|P_DS002_024|P_DS002_030|P_DS002_033|P_DS002_003|P_DS002_009,6.714285714285714,0,100,1.0,31.0
DS002_20260711_I48,DS002,2026-07-11,48,Late Night,36,9,0,2,7,0,1.0,,P_DS002_015|P_DS002_018,P_DS002_021|P_DS002_024|P_DS002_030|P_DS002_033|P_DS002_003|P_DS002_009|P_DS002_012,5.142857142857143,0,100,1.0,30.0
DS002_20260712_I01,DS002,2026-07-12,1,Night,14,19,12,2,5,900,1.0,P_DS002_009|P_DS002_012|P_DS002_015|P_DS002_018|P_DS002_021|P_DS002_024|P_DS002_030|P_DS002_033|P_DS002_001|P_DS002_004|P_DS002_010|P_DS002_013,P_DS002_016|P_DS002_019,P_DS002_022|P_DS002_025|P_DS002_031|P_DS002_034|P_DS002_003,2.8,900,9100,1.0,49.0
DS002_20260712_I02,DS002,2026-07-12,2,Night,6,18,12,2,4,900,1.0,P_DS002_015|P_DS002_018|P_DS002_021|P_DS002_024|P_DS002_030|P_DS002_033|P_DS002_001|P_DS002_004|P_DS002_010|P_DS002_013|P_DS002_016|P_DS002_019,P_DS002_022|P_DS002_025,P_DS002_031|P_DS002_034|P_DS002_003|P_DS002_009,1.5,900,8200,1.0,48.0
DS002_20260712_I03,DS002,2026-07-12,3,Night,12,10,9,0,1,675,0.0,P_DS002_013|P_DS002_016|P_DS002_019|P_DS002_022|P_DS002_025|P_DS002_031|P_DS002_034|P_DS002_001|P_DS002_004,,P_DS002_010,12.0,675,7525,0.0,48.0
DS002_20260712_I04,DS002,2026-07-12,4,Night,13,10,9,0,1,675,0.0,P_DS002_016|P_DS002_019|P_DS002_022|P_DS002_025|P_DS002_031|P_DS002_034|P_DS002_001|P_DS002_004|P_DS002_010,,P_DS002_013,13.0,675,6850,0.0,48.0
DS002_20260712_I05,DS002,2026-07-12,5,Night,5,10,9,0,1,675,0.0,P_DS002_019|P_DS002_022|P_DS002_025|P_DS002_031|P_DS002_034|P_DS002_001|P_DS002_004|P_DS002_010|P_DS002_013,,P_DS002_016,5.0,675,6175,0.0,48.0
DS002_20260712_I06,DS002,2026-07-12,6,Night,8,10,9,0,1,675,0.0,P_DS002_022|P_DS002_025|P_DS002_031|P_DS002_034|P_DS002_001|P_DS002_004|P_DS002_010|P_DS002_013|P_DS002_016,,P_DS002_019,8.0,675,5500,0.0,48.0
DS002_20260712_I07,DS002,2026-07-12,7,Night,2,10,9,0,1,675,0.0,P_DS002_025|P_DS002_031|P_DS002_034|P_DS002_001|P_DS002_004|P_DS002_010|P_DS002_013|P_DS002_016|P_DS002_019,,P_DS002_022,2.0,675,4825,0.0,48.0
DS002_20260712_I08,DS002,2026-07-12,8,Night,5,10,9,0,1,675,0.0,P_DS002_031|P_DS002_034|P_DS002_001|P_DS002_004|P_DS002_010|P_DS002_013|P_DS002_016|P_DS002_019|P_DS002_022,,P_DS002_025,5.0,675,4150,0.0,48.0
DS002_20260712_I09,DS002,2026-07-12,9,Night,10,10,9,0,1,675,0.0,P_DS002_034|P_DS002_001|P_DS002_004|P_DS002_010|P_DS002_013|P_DS002_016|P_DS002_019|P_DS002_022|P_DS002_025,,P_DS002_031,10.0,675,3475,0.0,48.0
DS002_20260712_I10,DS002,2026-07-12,10,Night,6,10,9,0,1,675,0.0,P_DS002_001|P_DS002_004|P_DS002_010|P_DS002_013|P_DS002_016|P_DS002_019|P_DS002_022|P_DS002_025|P_DS002_031,,P_DS002_034,6.0,675,2800,0.0,48.0
DS002_20260712_I11,DS002,2026-07-12,11,Night,10,10,9,0,1,675,0.0,P_DS002_004|P_DS002_010|P_DS002_013|P_DS002_016|P_DS002_019|P_DS002_022|P_DS002_025|P_DS002_031|P_DS002_034,,P_DS002_001,10.0,675,2125,0.0,48.0
DS002_20260712_I12,DS002,2026-07-12,12,Night,7,10,9,0,1,675,0.0,P_DS002_010|P_DS002_013|P_DS002_016|P_DS002_019|P_DS002_022|P_DS002_025|P_DS002_031|P_DS002_034|P_DS002_001,,P_DS002_004,7.0,675,1450,0.0,48.0
DS002_20260712_I13,DS002,2026-07-12,13,Morning,11,10,3,2,5,225,1.0,P_DS002_013|P_DS002_016|P_DS002_019,P_DS002_022|P_DS002_025,P_DS002_031|P_DS002_034|P_DS002_001|P_DS002_004|P_DS002_010,2.2,225,1225,1.0,47.0
DS002_20260712_I14,DS002,2026-07-12,14,Morning,13,10,3,2,5,225,1.0,P_DS002_016|P_DS002_019|P_DS002_022,P_DS002_025|P_DS002_031,P_DS002_034|P_DS002_001|P_DS002_004|P_DS002_010|P_DS002_013,2.6,225,1000,1.0,46.0
DS002_20260712_I15,DS002,2026-07-12,15,Morning,11,10,3,2,5,225,1.0,P_DS002_019|P_DS002_022|P_DS002_025,P_DS002_031|P_DS002_034,P_DS002_001|P_DS002_004|P_DS002_010|P_DS002_013|P_DS002_016,2.2,225,775,1.0,45.0
DS002_20260712_I16,DS002,2026-07-12,16,Morning,16,10,3,2,5,225,1.0,P_DS002_022|P_DS002_025|P_DS002_031,P_DS002_034|P_DS002_001,P_DS002_004|P_DS002_010|P_DS002_013|P_DS002_016|P_DS002_019,3.2,225,550,1.0,44.0
DS002_20260712_I17,DS002,2026-07-12,17,Morning,30,20,3,2,15,225,1.0,P_DS002_031|P_DS002_032|P_DS002_034,P_DS002_001|P_DS002_002,P_DS002_004|P_DS002_005|P_DS002_008|P_DS002_010|P_DS002_011|P_DS002_013|P_DS002_016|P_DS002_017|P_DS002_019|P_DS002_020|P_DS002_022|P_DS002_023|P_DS002_025|P_DS002_026|P_DS002_029,2.0,225,325,1.0,43.0
DS002_20260712_I18,DS002,2026-07-12,18,Morning,40,20,3,2,15,225,1.0,P_DS002_032|P_DS002_034|P_DS002_001,P_DS002_002|P_DS002_004,P_DS002_005|P_DS002_008|P_DS002_010|P_DS002_011|P_DS002_013|P_DS002_016|P_DS002_017|P_DS002_019|P_DS002_020|P_DS002_022|P_DS002_023|P_DS002_025|P_DS002_026|P_DS002_029|P_DS002_031,2.6666666666666665,225,100,1.0,42.0
DS002_20260712_I19,DS002,2026-07-12,19,Morning,46,10,0,2,8,0,1.0,,P_DS002_032|P_DS002_002,P_DS002_005|P_DS002_008|P_DS002_011|P_DS002_017|P_DS002_020|P_DS002_023|P_DS002_026|P_DS002_029,5.75,0,100,1.0,41.0
DS002_20260712_I20,DS002,2026-07-12,20,Morning,70,10,0,2,8,0,1.0,,P_DS002_002|P_DS002_005,P_DS002_008|P_DS002_011|P_DS002_017|P_DS002_020|P_DS002_023|P_DS002_026|P_DS002_029|P_DS002_032,8.75,0,100,1.0,40.0
DS002_20260712_I21,DS002,2026-07-12,21,Morning,77,10,0,2,8,0,1.0,,P_DS002_005|P_DS002_008,P_DS002_011|P_DS002_017|P_DS002_020|P_DS002_023|P_DS002_026|P_DS002_029|P_DS002_032|P_DS002_002,9.625,0,100,1.0,39.0
DS002_20260712_I22,DS002,2026-07-12,22,Morning,77,10,0,2,8,0,1.0,,P_DS002_008|P_DS002_011,P_DS002_017|P_DS002_020|P_DS002_023|P_DS002_026|P_DS002_029|P_DS002_032|P_DS002_002|P_DS002_005,9.625,0,100,1.0,38.0
DS002_20260712_I23,DS002,2026-07-12,23,Lunch,81,10,0,0,10,0,0.0,,,P_DS002_011|P_DS002_017|P_DS002_020|P_DS002_023|P_DS002_026|P_DS002_029|P_DS002_032|P_DS002_002|P_DS002_005|P_DS002_008,8.1,0,100,0.0,38.0
DS002_20260712_I24,DS002,2026-07-12,24,Lunch,98,10,0,0,10,0,0.0,,,P_DS002_017|P_DS002_020|P_DS002_023|P_DS002_026|P_DS002_029|P_DS002_032|P_DS002_002|P_DS002_005|P_DS002_008|P_DS002_011,9.8,0,100,0.0,38.0
DS002_20260712_I25,DS002,2026-07-12,25,Lunch,105,10,0,0,10,0,0.0,,,P_DS002_020|P_DS002_023|P_DS002_026|P_DS002_029|P_DS002_032|P_DS002_002|P_DS002_005|P_DS002_008|P_DS002_011|P_DS002_017,10.5,0,100,0.0,38.0
DS002_20260712_I26,DS002,2026-07-12,26,Lunch,102,10,0,0,10,0,0.0,,,P_DS002_023|P_DS002_026|P_DS002_029|P_DS002_032|P_DS002_002|P_DS002_005|P_DS002_008|P_DS002_011|P_DS002_017|P_DS002_020,10.2,0,100,0.0,38.0
DS002_20260712_I27,DS002,2026-07-12,27,Lunch,85,10,0,0,10,0,0.0,,,P_DS002_026|P_DS002_029|P_DS002_032|P_DS002_002|P_DS002_005|P_DS002_008|P_DS002_011|P_DS002_017|P_DS002_020|P_DS002_023,8.5,0,100,0.0,38.0
DS002_20260712_I28,DS002,2026-07-12,28,Lunch,100,10,0,0,10,0,0.0,,,P_DS002_029|P_DS002_032|P_DS002_002|P_DS002_005|P_DS002_008|P_DS002_011|P_DS002_017|P_DS002_020|P_DS002_023|P_DS002_026,10.0,0,100,0.0,38.0
DS002_20260712_I29,DS002,2026-07-12,29,Lunch,105,10,0,0,10,0,0.0,,,P_DS002_032|P_DS002_002|P_DS002_005|P_DS002_008|P_DS002_011|P_DS002_017|P_DS002_020|P_DS002_023|P_DS002_026|P_DS002_029,10.5,0,100,0.0,38.0
DS002_20260712_I30,DS002,2026-07-12,30,Lunch,97,10,0,0,10,0,0.0,,,P_DS002_002|P_DS002_005|P_DS002_008|P_DS002_011|P_DS002_017|P_DS002_020|P_DS002_023|P_DS002_026|P_DS002_029|P_DS002_032,9.7,0,100,0.0,38.0
DS002_20260712_I31,DS002,2026-07-12,31,Afternoon,72,10,0,2,8,0,1.0,,P_DS002_005|P_DS002_008,P_DS002_011|P_DS002_017|P_DS002_020|P_DS002_023|P_DS002_026|P_DS002_029|P_DS002_032|P_DS002_002,9.0,0,100,1.0,37.0
DS002_20260712_I32,DS002,2026-07-12,32,Afternoon,71,10,0,2,8,0,1.0,,P_DS002_008|P_DS002_011,P_DS002_017|P_DS002_020|P_DS002_023|P_DS002_026|P_DS002_029|P_DS002_032|P_DS002_002|P_DS002_005,8.875,0,100,1.0,36.0
DS002_20260712_I33,DS002,2026-07-12,33,Afternoon,53,19,0,2,17,0,1.0,,P_DS002_026|P_DS002_029,P_DS002_030|P_DS002_032|P_DS002_033|P_DS002_002|P_DS002_003|P_DS002_005|P_DS002_006|P_DS002_008|P_DS002_009|P_DS002_011|P_DS002_012|P_DS002_015|P_DS002_017|P_DS002_018|P_DS002_020|P_DS002_023|P_DS002_024,3.1176470588235294,0,100,1.0,35.0
DS002_20260712_I34,DS002,2026-07-12,34,Afternoon,56,19,0,2,17,0,1.0,,P_DS002_029|P_DS002_030,P_DS002_032|P_DS002_033|P_DS002_002|P_DS002_003|P_DS002_005|P_DS002_006|P_DS002_008|P_DS002_009|P_DS002_011|P_DS002_012|P_DS002_015|P_DS002_017|P_DS002_018|P_DS002_020|P_DS002_023|P_DS002_024|P_DS002_026,3.2941176470588234,0,100,1.0,34.0
DS002_20260712_I35,DS002,2026-07-12,35,Afternoon,57,9,0,2,7,0,1.0,,P_DS002_033|P_DS002_003,P_DS002_006|P_DS002_009|P_DS002_012|P_DS002_015|P_DS002_018|P_DS002_024|P_DS002_030,8.142857142857142,0,100,1.0,33.0
DS002_20260712_I36,DS002,2026-07-12,36,Afternoon,78,9,0,2,7,0,1.0,,P_DS002_003|P_DS002_006,P_DS002_009|P_DS002_012|P_DS002_015|P_DS002_018|P_DS002_024|P_DS002_030|P_DS002_033,11.142857142857142,0,100,1.0,32.0
DS002_20260712_I37,DS002,2026-07-12,37,Evening,81,11,0,0,11,0,0.0,,,P_DS002_015|P_DS002_018|P_DS002_024|P_DS002_030|P_DS002_033|P_DS002_007|P_DS002_028|P_DS002_003|P_DS002_006|P_DS002_009|P_DS002_012,7.363636363636363,0,100,0.0,32.0
DS002_20260712_I38,DS002,2026-07-12,38,Evening,107,12,0,0,12,0,0.0,,,P_DS002_009|P_DS002_012|P_DS002_015|P_DS002_018|P_DS002_024|P_DS002_030|P_DS002_033|P_DS002_014|P_DS002_007|P_DS002_028|P_DS002_003|P_DS002_006,8.916666666666666,0,100,0.0,32.0
DS002_20260712_I39,DS002,2026-07-12,39,Evening,136,12,0,0,12,0,0.0,,,P_DS002_012|P_DS002_015|P_DS002_018|P_DS002_024|P_DS002_030|P_DS002_033|P_DS002_014|P_DS002_007|P_DS002_028|P_DS002_003|P_DS002_006|P_DS002_009,11.333333333333334,0,100,0.0,32.0
DS002_20260712_I40,DS002,2026-07-12,40,Evening,140,12,0,0,12,0,0.0,,,P_DS002_015|P_DS002_018|P_DS002_024|P_DS002_030|P_DS002_033|P_DS002_014|P_DS002_007|P_DS002_028|P_DS002_003|P_DS002_006|P_DS002_009|P_DS002_012,11.666666666666666,0,100,0.0,32.0
DS002_20260712_I41,DS002,2026-07-12,41,Evening,148,12,0,0,12,0,0.0,,,P_DS002_018|P_DS002_024|P_DS002_030|P_DS002_033|P_DS002_014|P_DS002_007|P_DS002_028|P_DS002_003|P_DS002_006|P_DS002_009|P_DS002_012|P_DS002_015,12.333333333333334,0,100,0.0,32.0
DS002_20260712_I42,DS002,2026-07-12,42,Evening,116,12,0,0,12,0,0.0,,,P_DS002_024|P_DS002_030|P_DS002_033|P_DS002_014|P_DS002_007|P_DS002_028|P_DS002_003|P_DS002_006|P_DS002_009|P_DS002_012|P_DS002_015|P_DS002_018,9.666666666666666,0,100,0.0,32.0
DS002_20260712_I43,DS002,2026-07-12,43,Evening,105,12,0,0,12,0,0.0,,,P_DS002_030|P_DS002_033|P_DS002_014|P_DS002_007|P_DS002_028|P_DS002_003|P_DS002_006|P_DS002_009|P_DS002_012|P_DS002_015|P_DS002_018|P_DS002_024,8.75,0,100,0.0,32.0
DS002_20260712_I44,DS002,2026-07-12,44,Evening,103,12,0,0,12,0,0.0,,,P_DS002_033|P_DS002_014|P_DS002_007|P_DS002_028|P_DS002_003|P_DS002_006|P_DS002_009|P_DS002_012|P_DS002_015|P_DS002_018|P_DS002_024|P_DS002_030,8.583333333333334,0,100,0.0,32.0
DS002_20260712_I45,DS002,2026-07-12,45,Evening,81,9,0,0,9,0,0.0,,,P_DS002_003|P_DS002_006|P_DS002_009|P_DS002_012|P_DS002_015|P_DS002_018|P_DS002_024|P_DS002_030|P_DS002_033,9.0,0,100,0.0,32.0
DS002_20260712_I46,DS002,2026-07-12,46,Evening,70,9,0,0,9,0,0.0,,,P_DS002_006|P_DS002_009|P_DS002_012|P_DS002_015|P_DS002_018|P_DS002_024|P_DS002_030|P_DS002_033|P_DS002_003,7.777777777777778,0,100,0.0,32.0
DS002_20260712_I47,DS002,2026-07-12,47,Late Night,52,9,0,2,7,0,1.0,,P_DS002_009|P_DS002_012,P_DS002_015|P_DS002_018|P_DS002_024|P_DS002_030|P_DS002_033|P_DS002_003|P_DS002_006,7.428571428571429,0,100,1.0,31.0
DS002_20260712_I48,DS002,2026-07-12,48,Late Night,20,9,0,2,7,0,1.0,,P_DS002_012|P_DS002_015,P_DS002_018|P_DS002_024|P_DS002_030|P_DS002_033|P_DS002_003|P_DS002_006|P_DS002_009,2.857142857142857,0,100,1.0,30.0
DS002_20260713_I01,DS002,2026-07-13,1,Night,6,18,12,2,4,900,1.0,P_DS002_006|P_DS002_009|P_DS002_012|P_DS002_015|P_DS002_018|P_DS002_024|P_DS002_030|P_DS002_033|P_DS002_004|P_DS002_007|P_DS002_010|P_DS002_013,P_DS002_016|P_DS002_019,P_DS002_028|P_DS002_031|P_DS002_034|P_DS002_003,1.5,900,9100,1.0,49.0
DS002_20260713_I02,DS002,2026-07-13,2,Night,5,18,12,2,4,900,1.0,P_DS002_009|P_DS002_012|P_DS002_015|P_DS002_018|P_DS002_024|P_DS002_030|P_DS002_033|P_DS002_004|P_DS002_007|P_DS002_010|P_DS002_013|P_DS002_016,P_DS002_019|P_DS002_028,P_DS002_031|P_DS002_034|P_DS002_003|P_DS002_006,1.25,900,8200,1.0,48.0
DS002_20260713_I03,DS002,2026-07-13,3,Night,2,9,8,0,1,600,0.0,P_DS002_013|P_DS002_016|P_DS002_019|P_DS002_028|P_DS002_031|P_DS002_034|P_DS002_004|P_DS002_007,,P_DS002_010,2.0,600,7600,0.0,48.0
DS002_20260713_I04,DS002,2026-07-13,4,Night,6,9,8,0,1,600,0.0,P_DS002_016|P_DS002_019|P_DS002_028|P_DS002_031|P_DS002_034|P_DS002_004|P_DS002_007|P_DS002_010,,P_DS002_013,6.0,600,7000,0.0,48.0
DS002_20260713_I05,DS002,2026-07-13,5,Night,4,9,8,0,1,600,0.0,P_DS002_019|P_DS002_028|P_DS002_031|P_DS002_034|P_DS002_004|P_DS002_007|P_DS002_010|P_DS002_013,,P_DS002_016,4.0,600,6400,0.0,48.0
DS002_20260713_I06,DS002,2026-07-13,6,Night,2,9,8,0,1,600,0.0,P_DS002_028|P_DS002_031|P_DS002_034|P_DS002_004|P_DS002_007|P_DS002_010|P_DS002_013|P_DS002_016,,P_DS002_019,2.0,600,5800,0.0,48.0
DS002_20260713_I07,DS002,2026-07-13,7,Night,0,9,8,0,1,600,0.0,P_DS002_031|P_DS002_034|P_DS002_004|P_DS002_007|P_DS002_010|P_DS002_013|P_DS002_016|P_DS002_019,,P_DS002_028,0.0,600,5200,0.0,48.0
DS002_20260713_I08,DS002,2026-07-13,8,Night,6,9,8,0,1,600,0.0,P_DS002_034|P_DS002_004|P_DS002_007|P_DS002_010|P_DS002_013|P_DS002_016|P_DS002_019|P_DS002_028,,P_DS002_031,6.0,600,4600,0.0,48.0
DS002_20260713_I09,DS002,2026-07-13,9,Night,5,9,8,0,1,600,0.0,P_DS002_004|P_DS002_007|P_DS002_010|P_DS002_013|P_DS002_016|P_DS002_019|P_DS002_028|P_DS002_031,,P_DS002_034,5.0,600,4000,0.0,48.0
DS002_20260713_I10,DS002,2026-07-13,10,Night,7,9,8,0,1,600,0.0,P_DS002_007|P_DS002_010|P_DS002_013|P_DS002_016|P_DS002_019|P_DS002_028|P_DS002_031|P_DS002_034,,P_DS002_004,7.0,600,3400,0.0,48.0
DS002_20260713_I11,DS002,2026-07-13,11,Night,4,9,8,0,1,600,0.0,P_DS002_010|P_DS002_013|P_DS002_016|P_DS002_019|P_DS002_028|P_DS002_031|P_DS002_034|P_DS002_004,,P_DS002_007,4.0,600,2800,0.0,48.0
DS002_20260713_I12,DS002,2026-07-13,12,Night,10,9,8,0,1,600,0.0,P_DS002_013|P_DS002_016|P_DS002_019|P_DS002_028|P_DS002_031|P_DS002_034|P_DS002_004|P_DS002_007,,P_DS002_010,10.0,600,2200,0.0,48.0
DS002_20260713_I13,DS002,2026-07-13,13,Morning,13,9,3,2,4,225,1.0,P_DS002_016|P_DS002_019|P_DS002_028,P_DS002_031|P_DS002_034,P_DS002_004|P_DS002_007|P_DS002_010|P_DS002_013,3.25,225,1975,1.0,47.0
DS002_20260713_I14,DS002,2026-07-13,14,Morning,17,9,3,2,4,225,1.0,P_DS002_019|P_DS002_028|P_DS002_031,P_DS002_034|P_DS002_004,P_DS002_007|P_DS002_010|P_DS002_013|P_DS002_016,4.25,225,1750,1.0,46.0
DS002_20260713_I15,DS002,2026-07-13,15,Morning,27,9,3,2,4,225,1.0,P_DS002_028|P_DS002_031|P_DS002_034,P_DS002_004|P_DS002_007,P_DS002_010|P_DS002_013|P_DS002_016|P_DS002_019,6.75,225,1525,1.0,45.0
DS002_20260713_I16,DS002,2026-07-13,16,Morning,31,9,3,2,4,225,1.0,P_DS002_031|P_DS002_034|P_DS002_004,P_DS002_007|P_DS002_010,P_DS002_013|P_DS002_016|P_DS002_019|P_DS002_028,7.75,225,1300,1.0,44.0
DS002_20260713_I17,DS002,2026-07-13,17,Morning,44,18,3,2,13,225,1.0,P_DS002_034|P_DS002_002|P_DS002_004,P_DS002_005|P_DS002_007,P_DS002_010|P_DS002_011|P_DS002_013|P_DS002_014|P_DS002_016|P_DS002_017|P_DS002_019|P_DS002_020|P_DS002_023|P_DS002_026|P_DS002_028|P_DS002_031|P_DS002_032,3.3846153846153846,225,1075,1.0,43.0
DS002_20260713_I18,DS002,2026-07-13,18,Morning,45,18,3,2,13,225,1.0,P_DS002_002|P_DS002_004|P_DS002_005,P_DS002_007|P_DS002_010,P_DS002_011|P_DS002_013|P_DS002_014|P_DS002_016|P_DS002_017|P_DS002_019|P_DS002_020|P_DS002_023|P_DS002_026|P_DS002_028|P_DS002_031|P_DS002_032|P_DS002_034,3.4615384615384617,225,850,1.0,42.0
DS002_20260713_I19,DS002,2026-07-13,19,Morning,46,9,0,2,7,0,1.0,,P_DS002_005|P_DS002_011,P_DS002_014|P_DS002_017|P_DS002_020|P_DS002_023|P_DS002_026|P_DS002_032|P_DS002_002,6.571428571428571,0,850,1.0,41.0
DS002_20260713_I20,DS002,2026-07-13,20,Morning,34,9,0,2,7,0,1.0,,P_DS002_011|P_DS002_014,P_DS002_017|P_DS002_020|P_DS002_023|P_DS002_026|P_DS002_032|P_DS002_002|P_DS002_005,4.857142857142857,0,850,1.0,40.0
DS002_20260713_I21,DS002,2026-07-13,21,Morning,35,9,0,2,7,0,1.0,,P_DS002_014|P_DS002_017,P_DS002_020|P_DS002_023|P_DS002_026|P_DS002_032|P_DS002_002|P_DS002_005|P_DS002_011,5.0,0,850,1.0,39.0
DS002_20260713_I22,DS002,2026-07-13,22,Morning,39,9,0,2,7,0,1.0,,P_DS002_017|P_DS002_020,P_DS002_023|P_DS002_026|P_DS002_032|P_DS002_002|P_DS002_005|P_DS002_011|P_DS002_014,5.571428571428571,0,850,1.0,38.0
DS002_20260713_I23,DS002,2026-07-13,23,Lunch,45,9,0,0,9,0,0.0,,,P_DS002_020|P_DS002_023|P_DS002_026|P_DS002_032|P_DS002_002|P_DS002_005|P_DS002_011|P_DS002_014|P_DS002_017,5.0,0,850,0.0,38.0
DS002_20260713_I24,DS002,2026-07-13,24,Lunch,65,9,0,0,9,0,0.0,,,P_DS002_023|P_DS002_026|P_DS002_032|P_DS002_002|P_DS002_005|P_DS002_011|P_DS002_014|P_DS002_017|P_DS002_020,7.222222222222222,0,850,0.0,38.0
DS002_20260713_I25,DS002,2026-07-13,25,Lunch,72,9,0,0,9,0,0.0,,,P_DS002_026|P_DS002_032|P_DS002_002|P_DS002_005|P_DS002_011|P_DS002_014|P_DS002_017|P_DS002_020|P_DS002_023,8.0,0,850,0.0,38.0
DS002_20260713_I26,DS002,2026-07-13,26,Lunch,69,9,0,0,9,0,0.0,,,P_DS002_032|P_DS002_002|P_DS002_005|P_DS002_011|P_DS002_014|P_DS002_017|P_DS002_020|P_DS002_023|P_DS002_026,7.666666666666667,0,850,0.0,38.0
DS002_20260713_I27,DS002,2026-07-13,27,Lunch,75,9,0,0,9,0,0.0,,,P_DS002_002|P_DS002_005|P_DS002_011|P_DS002_014|P_DS002_017|P_DS002_020|P_DS002_023|P_DS002_026|P_DS002_032,8.333333333333334,0,850,0.0,38.0
DS002_20260713_I28,DS002,2026-07-13,28,Lunch,69,9,0,0,9,0,0.0,,,P_DS002_005|P_DS002_011|P_DS002_014|P_DS002_017|P_DS002_020|P_DS002_023|P_DS002_026|P_DS002_032|P_DS002_002,7.666666666666667,0,850,0.0,38.0
DS002_20260713_I29,DS002,2026-07-13,29,Lunch,66,9,0,0,9,0,0.0,,,P_DS002_011|P_DS002_014|P_DS002_017|P_DS002_020|P_DS002_023|P_DS002_026|P_DS002_032|P_DS002_002|P_DS002_005,7.333333333333333,0,850,0.0,38.0
DS002_20260713_I30,DS002,2026-07-13,30,Lunch,59,9,0,0,9,0,0.0,,,P_DS002_014|P_DS002_017|P_DS002_020|P_DS002_023|P_DS002_026|P_DS002_032|P_DS002_002|P_DS002_005|P_DS002_011,6.555555555555555,0,850,0.0,38.0
DS002_20260713_I31,DS002,2026-07-13,31,Afternoon,29,9,0,2,7,0,1.0,,P_DS002_017|P_DS002_020,P_DS002_023|P_DS002_026|P_DS002_032|P_DS002_002|P_DS002_005|P_DS002_011|P_DS002_014,4.142857142857143,0,850,1.0,37.0
DS002_20260713_I32,DS002,2026-07-13,32,Afternoon,23,9,0,2,7,0,1.0,,P_DS002_020|P_DS002_023,P_DS002_026|P_DS002_032|P_DS002_002|P_DS002_005|P_DS002_011|P_DS002_014|P_DS002_017,3.2857142857142856,0,850,1.0,36.0
DS002_20260713_I33,DS002,2026-07-13,33,Afternoon,24,18,0,2,16,0,1.0,,P_DS002_030|P_DS002_032,P_DS002_033|P_DS002_002|P_DS002_005|P_DS002_006|P_DS002_009|P_DS002_011|P_DS002_012|P_DS002_014|P_DS002_017|P_DS002_018|P_DS002_020|P_DS002_021|P_DS002_023|P_DS002_024|P_DS002_026|P_DS002_027,1.5,0,850,1.0,35.0
DS002_20260713_I34,DS002,2026-07-13,34,Afternoon,24,19,0,2,17,0,1.0,,P_DS002_027|P_DS002_030,P_DS002_032|P_DS002_033|P_DS002_002|P_DS002_003|P_DS002_005|P_DS002_006|P_DS002_009|P_DS002_011|P_DS002_012|P_DS002_014|P_DS002_017|P_DS002_018|P_DS002_020|P_DS002_021|P_DS002_023|P_DS002_024|P_DS002_026,1.411764705882353,0,850,1.0,34.0
DS002_20260713_I35,DS002,2026-07-13,35,Afternoon,42,10,0,2,8,0,1.0,,P_DS002_021|P_DS002_024,P_DS002_027|P_DS002_030|P_DS002_033|P_DS002_003|P_DS002_006|P_DS002_009|P_DS002_012|P_DS002_018,5.25,0,850,1.0,33.0
DS002_20260713_I36,DS002,2026-07-13,36,Afternoon,47,10,0,2,8,0,1.0,,P_DS002_024|P_DS002_027,P_DS002_030|P_DS002_033|P_DS002_003|P_DS002_006|P_DS002_009|P_DS002_012|P_DS002_018|P_DS002_021,5.875,0,850,1.0,32.0
DS002_20260713_I37,DS002,2026-07-13,37,Evening,60,10,0,0,10,0,0.0,,,P_DS002_027|P_DS002_030|P_DS002_033|P_DS002_003|P_DS002_006|P_DS002_009|P_DS002_012|P_DS002_018|P_DS002_021|P_DS002_024,6.0,0,850,0.0,32.0
DS002_20260713_I38,DS002,2026-07-13,38,Evening,71,10,0,0,10,0,0.0,,,P_DS002_030|P_DS002_033|P_DS002_003|P_DS002_006|P_DS002_009|P_DS002_012|P_DS002_018|P_DS002_021|P_DS002_024|P_DS002_027,7.1,0,850,0.0,32.0
DS002_20260713_I39,DS002,2026-07-13,39,Evening,98,10,0,0,10,0,0.0,,,P_DS002_033|P_DS002_003|P_DS002_006|P_DS002_009|P_DS002_012|P_DS002_018|P_DS002_021|P_DS002_024|P_DS002_027|P_DS002_030,9.8,0,850,0.0,32.0
DS002_20260713_I40,DS002,2026-07-13,40,Evening,127,10,0,0,10,0,0.0,,,P_DS002_003|P_DS002_006|P_DS002_009|P_DS002_012|P_DS002_018|P_DS002_021|P_DS002_024|P_DS002_027|P_DS002_030|P_DS002_033,12.7,0,850,0.0,32.0
DS002_20260713_I41,DS002,2026-07-13,41,Evening,117,10,0,0,10,0,0.0,,,P_DS002_006|P_DS002_009|P_DS002_012|P_DS002_018|P_DS002_021|P_DS002_024|P_DS002_027|P_DS002_030|P_DS002_033|P_DS002_003,11.7,0,850,0.0,32.0
DS002_20260713_I42,DS002,2026-07-13,42,Evening,121,10,0,0,10,0,0.0,,,P_DS002_009|P_DS002_012|P_DS002_018|P_DS002_021|P_DS002_024|P_DS002_027|P_DS002_030|P_DS002_033|P_DS002_003|P_DS002_006,12.1,0,850,0.0,32.0
DS002_20260713_I43,DS002,2026-07-13,43,Evening,112,10,0,0,10,0,0.0,,,P_DS002_012|P_DS002_018|P_DS002_021|P_DS002_024|P_DS002_027|P_DS002_030|P_DS002_033|P_DS002_003|P_DS002_006|P_DS002_009,11.2,0,850,0.0,32.0
DS002_20260713_I44,DS002,2026-07-13,44,Evening,91,10,0,0,10,0,0.0,,,P_DS002_018|P_DS002_021|P_DS002_024|P_DS002_027|P_DS002_030|P_DS002_033|P_DS002_003|P_DS002_006|P_DS002_009|P_DS002_012,9.1,0,850,0.0,32.0
DS002_20260713_I45,DS002,2026-07-13,45,Evening,76,10,0,0,10,0,0.0,,,P_DS002_021|P_DS002_024|P_DS002_027|P_DS002_030|P_DS002_033|P_DS002_003|P_DS002_006|P_DS002_009|P_DS002_012|P_DS002_018,7.6,0,850,0.0,32.0
DS002_20260713_I46,DS002,2026-07-13,46,Evening,49,10,0,0,10,0,0.0,,,P_DS002_024|P_DS002_027|P_DS002_030|P_DS002_033|P_DS002_003|P_DS002_006|P_DS002_009|P_DS002_012|P_DS002_018|P_DS002_021,4.9,0,850,0.0,32.0
DS002_20260713_I47,DS002,2026-07-13,47,Late Night,40,10,0,2,8,0,1.0,,P_DS002_027|P_DS002_030,P_DS002_033|P_DS002_003|P_DS002_006|P_DS002_009|P_DS002_012|P_DS002_018|P_DS002_021|P_DS002_024,5.0,0,850,1.0,31.0
DS002_20260713_I48,DS002,2026-07-13,48,Late Night,29,10,0,2,8,0,1.0,,P_DS002_030|P_DS002_033,P_DS002_003|P_DS002_006|P_DS002_009|P_DS002_012|P_DS002_018|P_DS002_021|P_DS002_024|P_DS002_027,3.625,0,850,1.0,30.0
DS002_20260714_I01,DS002,2026-07-14,1,Night,6,20,12,2,6,900,1.0,P_DS002_006|P_DS002_009|P_DS002_012|P_DS002_018|P_DS002_021|P_DS002_024|P_DS002_027|P_DS002_030|P_DS002_033|P_DS002_001|P_DS002_004|P_DS002_007,P_DS002_010|P_DS002_013,P_DS002_019|P_DS002_022|P_DS002_025|P_DS002_028|P_DS002_034|P_DS002_003,1.0,900,9100,1.0,49.0
DS002_20260714_I02,DS002,2026-07-14,2,Night,8,20,12,2,6,900,1.0,P_DS002_009|P_DS002_012|P_DS002_018|P_DS002_021|P_DS002_024|P_DS002_027|P_DS002_030|P_DS002_033|P_DS002_001|P_DS002_004|P_DS002_007|P_DS002_010,P_DS002_013|P_DS002_019,P_DS002_022|P_DS002_025|P_DS002_028|P_DS002_034|P_DS002_003|P_DS002_006,1.3333333333333333,900,8200,1.0,48.0
DS002_20260714_I03,DS002,2026-07-14,3,Night,7,10,9,0,1,675,0.0,P_DS002_010|P_DS002_013|P_DS002_019|P_DS002_022|P_DS002_025|P_DS002_028|P_DS002_034|P_DS002_001|P_DS002_004,,P_DS002_007,7.0,675,7525,0.0,48.0
DS002_20260714_I04,DS002,2026-07-14,4,Night,13,10,9,0,1,675,0.0,P_DS002_013|P_DS002_019|P_DS002_022|P_DS002_025|P_DS002_028|P_DS002_034|P_DS002_001|P_DS002_004|P_DS002_007,,P_DS002_010,13.0,675,6850,0.0,48.0
DS002_20260714_I05,DS002,2026-07-14,5,Night,2,10,9,0,1,675,0.0,P_DS002_019|P_DS002_022|P_DS002_025|P_DS002_028|P_DS002_034|P_DS002_001|P_DS002_004|P_DS002_007|P_DS002_010,,P_DS002_013,2.0,675,6175,0.0,48.0
DS002_20260714_I06,DS002,2026-07-14,6,Night,10,10,9,0,1,675,0.0,P_DS002_022|P_DS002_025|P_DS002_028|P_DS002_034|P_DS002_001|P_DS002_004|P_DS002_007|P_DS002_010|P_DS002_013,,P_DS002_019,10.0,675,5500,0.0,48.0
DS002_20260714_I07,DS002,2026-07-14,7,Night,14,10,9,0,1,675,0.0,P_DS002_025|P_DS002_028|P_DS002_034|P_DS002_001|P_DS002_004|P_DS002_007|P_DS002_010|P_DS002_013|P_DS002_019,,P_DS002_022,14.0,675,4825,0.0,48.0
DS002_20260714_I08,DS002,2026-07-14,8,Night,11,10,9,0,1,675,0.0,P_DS002_028|P_DS002_034|P_DS002_001|P_DS002_004|P_DS002_007|P_DS002_010|P_DS002_013|P_DS002_019|P_DS002_022,,P_DS002_025,11.0,675,4150,0.0,48.0
DS002_20260714_I09,DS002,2026-07-14,9,Night,10,10,9,0,1,675,0.0,P_DS002_034|P_DS002_001|P_DS002_004|P_DS002_007|P_DS002_010|P_DS002_013|P_DS002_019|P_DS002_022|P_DS002_025,,P_DS002_028,10.0,675,3475,0.0,48.0
DS002_20260714_I10,DS002,2026-07-14,10,Night,9,10,9,0,1,675,0.0,P_DS002_001|P_DS002_004|P_DS002_007|P_DS002_010|P_DS002_013|P_DS002_019|P_DS002_022|P_DS002_025|P_DS002_028,,P_DS002_034,9.0,675,2800,0.0,48.0
DS002_20260714_I11,DS002,2026-07-14,11,Night,7,10,9,0,1,675,0.0,P_DS002_004|P_DS002_007|P_DS002_010|P_DS002_013|P_DS002_019|P_DS002_022|P_DS002_025|P_DS002_028|P_DS002_034,,P_DS002_001,7.0,675,2125,0.0,48.0
DS002_20260714_I12,DS002,2026-07-14,12,Night,15,10,9,0,1,675,0.0,P_DS002_007|P_DS002_010|P_DS002_013|P_DS002_019|P_DS002_022|P_DS002_025|P_DS002_028|P_DS002_034|P_DS002_001,,P_DS002_004,15.0,675,1450,0.0,48.0
DS002_20260714_I13,DS002,2026-07-14,13,Morning,13,10,3,2,5,225,1.0,P_DS002_010|P_DS002_013|P_DS002_019,P_DS002_022|P_DS002_025,P_DS002_028|P_DS002_034|P_DS002_001|P_DS002_004|P_DS002_007,2.6,225,1225,1.0,47.0
DS002_20260714_I14,DS002,2026-07-14,14,Morning,15,10,3,2,5,225,1.0,P_DS002_013|P_DS002_019|P_DS002_022,P_DS002_025|P_DS002_028,P_DS002_034|P_DS002_001|P_DS002_004|P_DS002_007|P_DS002_010,3.0,225,1000,1.0,46.0
DS002_20260714_I15,DS002,2026-07-14,15,Morning,24,10,3,2,5,225,1.0,P_DS002_019|P_DS002_022|P_DS002_025,P_DS002_028|P_DS002_034,P_DS002_001|P_DS002_004|P_DS002_007|P_DS002_010|P_DS002_013,4.8,225,775,1.0,45.0
DS002_20260714_I16,DS002,2026-07-14,16,Morning,42,10,3,2,5,225,1.0,P_DS002_022|P_DS002_025|P_DS002_028,P_DS002_034|P_DS002_001,P_DS002_004|P_DS002_007|P_DS002_010|P_DS002_013|P_DS002_019,8.4,225,550,1.0,44.0
DS002_20260714_I17,DS002,2026-07-14,17,Morning,45,19,3,2,14,225,1.0,P_DS002_032|P_DS002_034|P_DS002_001,P_DS002_004|P_DS002_005,P_DS002_007|P_DS002_008|P_DS002_010|P_DS002_011|P_DS002_013|P_DS002_014|P_DS002_017|P_DS002_019|P_DS002_020|P_DS002_022|P_DS002_025|P_DS002_026|P_DS002_028|P_DS002_029,3.2142857142857144,225,325,1.0,43.0
DS002_20260714_I18,DS002,2026-07-14,18,Morning,46,19,3,2,14,225,1.0,P_DS002_034|P_DS002_001|P_DS002_004,P_DS002_005|P_DS002_007,P_DS002_008|P_DS002_010|P_DS002_011|P_DS002_013|P_DS002_014|P_DS002_017|P_DS002_019|P_DS002_020|P_DS002_022|P_DS002_025|P_DS002_026|P_DS002_028|P_DS002_029|P_DS002_032,3.2857142857142856,225,100,1.0,42.0
DS002_20260714_I19,DS002,2026-07-14,19,Morning,44,9,0,2,7,0,1.0,,P_DS002_008|P_DS002_011,P_DS002_014|P_DS002_017|P_DS002_020|P_DS002_026|P_DS002_029|P_DS002_032|P_DS002_005,6.285714285714286,0,100,1.0,41.0
DS002_20260714_I20,DS002,2026-07-14,20,Morning,37,9,0,2,7,0,1.0,,P_DS002_011|P_DS002_014,P_DS002_017|P_DS002_020|P_DS002_026|P_DS002_029|P_DS002_032|P_DS002_005|P_DS002_008,5.285714285714286,0,100,1.0,40.0
DS002_20260714_I21,DS002,2026-07-14,21,Morning,38,9,0,2,7,0,1.0,,P_DS002_014|P_DS002_017,P_DS002_020|P_DS002_026|P_DS002_029|P_DS002_032|P_DS002_005|P_DS002_008|P_DS002_011,5.428571428571429,0,100,1.0,39.0
DS002_20260714_I22,DS002,2026-07-14,22,Morning,40,9,0,2,7,0,1.0,,P_DS002_017|P_DS002_020,P_DS002_026|P_DS002_029|P_DS002_032|P_DS002_005|P_DS002_008|P_DS002_011|P_DS002_014,5.714285714285714,0,100,1.0,38.0
DS002_20260714_I23,DS002,2026-07-14,23,Lunch,59,9,0,0,9,0,0.0,,,P_DS002_020|P_DS002_026|P_DS002_029|P_DS002_032|P_DS002_005|P_DS002_008|P_DS002_011|P_DS002_014|P_DS002_017,6.555555555555555,0,100,0.0,38.0
DS002_20260714_I24,DS002,2026-07-14,24,Lunch,54,9,0,0,9,0,0.0,,,P_DS002_026|P_DS002_029|P_DS002_032|P_DS002_005|P_DS002_008|P_DS002_011|P_DS002_014|P_DS002_017|P_DS002_020,6.0,0,100,0.0,38.0
DS002_20260714_I25,DS002,2026-07-14,25,Lunch,72,9,0,0,9,0,0.0,,,P_DS002_029|P_DS002_032|P_DS002_005|P_DS002_008|P_DS002_011|P_DS002_014|P_DS002_017|P_DS002_020|P_DS002_026,8.0,0,100,0.0,38.0
DS002_20260714_I26,DS002,2026-07-14,26,Lunch,87,9,0,0,9,0,0.0,,,P_DS002_032|P_DS002_005|P_DS002_008|P_DS002_011|P_DS002_014|P_DS002_017|P_DS002_020|P_DS002_026|P_DS002_029,9.666666666666666,0,100,0.0,38.0
DS002_20260714_I27,DS002,2026-07-14,27,Lunch,73,9,0,0,9,0,0.0,,,P_DS002_005|P_DS002_008|P_DS002_011|P_DS002_014|P_DS002_017|P_DS002_020|P_DS002_026|P_DS002_029|P_DS002_032,8.11111111111111,0,100,0.0,38.0
DS002_20260714_I28,DS002,2026-07-14,28,Lunch,87,9,0,0,9,0,0.0,,,P_DS002_008|P_DS002_011|P_DS002_014|P_DS002_017|P_DS002_020|P_DS002_026|P_DS002_029|P_DS002_032|P_DS002_005,9.666666666666666,0,100,0.0,38.0
DS002_20260714_I29,DS002,2026-07-14,29,Lunch,72,9,0,0,9,0,0.0,,,P_DS002_011|P_DS002_014|P_DS002_017|P_DS002_020|P_DS002_026|P_DS002_029|P_DS002_032|P_DS002_005|P_DS002_008,8.0,0,100,0.0,38.0
DS002_20260714_I30,DS002,2026-07-14,30,Lunch,53,9,0,0,9,0,0.0,,,P_DS002_014|P_DS002_017|P_DS002_020|P_DS002_026|P_DS002_029|P_DS002_032|P_DS002_005|P_DS002_008|P_DS002_011,5.888888888888889,0,100,0.0,38.0
DS002_20260714_I31,DS002,2026-07-14,31,Afternoon,42,9,0,2,7,0,1.0,,P_DS002_017|P_DS002_020,P_DS002_026|P_DS002_029|P_DS002_032|P_DS002_005|P_DS002_008|P_DS002_011|P_DS002_014,6.0,0,100,1.0,37.0
DS002_20260714_I32,DS002,2026-07-14,32,Afternoon,34,9,0,2,7,0,1.0,,P_DS002_020|P_DS002_026,P_DS002_029|P_DS002_032|P_DS002_005|P_DS002_008|P_DS002_011|P_DS002_014|P_DS002_017,4.857142857142857,0,100,1.0,36.0
DS002_20260714_I33,DS002,2026-07-14,33,Afternoon,24,17,0,2,15,0,1.0,,P_DS002_033|P_DS002_005,P_DS002_006|P_DS002_008|P_DS002_011|P_DS002_012|P_DS002_014|P_DS002_015|P_DS002_017|P_DS002_018|P_DS002_020|P_DS002_021|P_DS002_024|P_DS002_026|P_DS002_027|P_DS002_029|P_DS002_032,1.6,0,100,1.0,35.0
DS002_20260714_I34,DS002,2026-07-14,34,Afternoon,33,18,0,2,16,0,1.0,,P_DS002_032|P_DS002_033,P_DS002_003|P_DS002_005|P_DS002_006|P_DS002_008|P_DS002_011|P_DS002_012|P_DS002_014|P_DS002_015|P_DS002_017|P_DS002_018|P_DS002_020|P_DS002_021|P_DS002_024|P_DS002_026|P_DS002_027|P_DS002_029,2.0625,0,100,1.0,34.0
DS002_20260714_I35,DS002,2026-07-14,35,Afternoon,35,9,0,2,7,0,1.0,,P_DS002_033|P_DS002_003,P_DS002_006|P_DS002_012|P_DS002_015|P_DS002_018|P_DS002_021|P_DS002_024|P_DS002_027,5.0,0,100,1.0,33.0
DS002_20260714_I36,DS002,2026-07-14,36,Afternoon,63,9,0,2,7,0,1.0,,P_DS002_003|P_DS002_006,P_DS002_012|P_DS002_015|P_DS002_018|P_DS002_021|P_DS002_024|P_DS002_027|P_DS002_033,9.0,0,100,1.0,32.0
DS002_20260714_I37,DS002,2026-07-14,37,Evening,65,9,0,0,9,0,0.0,,,P_DS002_006|P_DS002_012|P_DS002_015|P_DS002_018|P_DS002_021|P_DS002_024|P_DS002_027|P_DS002_033|P_DS002_003,7.222222222222222,0,100,0.0,32.0
DS002_20260714_I38,DS002,2026-07-14,38,Evening,99,9,0,0,9,0,0.0,,,P_DS002_012|P_DS002_015|P_DS002_018|P_DS002_021|P_DS002_024|P_DS002_027|P_DS002_033|P_DS002_003|P_DS002_006,11.0,0,100,0.0,32.0
DS002_20260714_I39,DS002,2026-07-14,39,Evening,106,9,0,0,9,0,0.0,,,P_DS002_015|P_DS002_018|P_DS002_021|P_DS002_024|P_DS002_027|P_DS002_033|P_DS002_003|P_DS002_006|P_DS002_012,11.777777777777779,0,100,0.0,32.0
DS002_20260714_I40,DS002,2026-07-14,40,Evening,111,9,0,0,9,0,0.0,,,P_DS002_018|P_DS002_021|P_DS002_024|P_DS002_027|P_DS002_033|P_DS002_003|P_DS002_006|P_DS002_012|P_DS002_015,12.333333333333334,0,100,0.0,32.0
DS002_20260714_I41,DS002,2026-07-14,41,Evening,119,9,0,0,9,0,0.0,,,P_DS002_021|P_DS002_024|P_DS002_027|P_DS002_033|P_DS002_003|P_DS002_006|P_DS002_012|P_DS002_015|P_DS002_018,13.222222222222221,0,100,0.0,32.0
DS002_20260714_I42,DS002,2026-07-14,42,Evening,113,9,0,0,9,0,0.0,,,P_DS002_024|P_DS002_027|P_DS002_033|P_DS002_003|P_DS002_006|P_DS002_012|P_DS002_015|P_DS002_018|P_DS002_021,12.555555555555555,0,100,0.0,32.0
DS002_20260714_I43,DS002,2026-07-14,43,Evening,134,9,0,0,9,0,0.0,,,P_DS002_027|P_DS002_033|P_DS002_003|P_DS002_006|P_DS002_012|P_DS002_015|P_DS002_018|P_DS002_021|P_DS002_024,14.88888888888889,0,100,0.0,32.0
DS002_20260714_I44,DS002,2026-07-14,44,Evening,95,9,0,0,9,0,0.0,,,P_DS002_033|P_DS002_003|P_DS002_006|P_DS002_012|P_DS002_015|P_DS002_018|P_DS002_021|P_DS002_024|P_DS002_027,10.555555555555555,0,100,0.0,32.0
DS002_20260714_I45,DS002,2026-07-14,45,Evening,78,9,0,0,9,0,0.0,,,P_DS002_003|P_DS002_006|P_DS002_012|P_DS002_015|P_DS002_018|P_DS002_021|P_DS002_024|P_DS002_027|P_DS002_033,8.666666666666666,0,100,0.0,32.0
DS002_20260714_I46,DS002,2026-07-14,46,Evening,53,9,0,0,9,0,0.0,,,P_DS002_006|P_DS002_012|P_DS002_015|P_DS002_018|P_DS002_021|P_DS002_024|P_DS002_027|P_DS002_033|P_DS002_003,5.888888888888889,0,100,0.0,32.0
DS002_20260714_I47,DS002,2026-07-14,47,Late Night,37,9,0,2,7,0,1.0,,P_DS002_012|P_DS002_015,P_DS002_018|P_DS002_021|P_DS002_024|P_DS002_027|P_DS002_033|P_DS002_003|P_DS002_006,5.285714285714286,0,100,1.0,31.0
DS002_20260714_I48,DS002,2026-07-14,48,Late Night,18,9,0,2,7,0,1.0,,P_DS002_015|P_DS002_018,P_DS002_021|P_DS002_024|P_DS002_027|P_DS002_033|P_DS002_003|P_DS002_006|P_DS002_012,2.5714285714285716,0,100,1.0,30.0
DS003_20260701_I01,DS003,2026-07-01,1,Night,8,8,7,0,1,525,0.0,P_DS003_007|P_DS003_013|P_DS003_016|P_DS003_019|P_DS003_022|P_DS003_025|P_DS003_028,,P_DS003_001,8.0,525,9475,0.0,50.0
DS003_20260701_I02,DS003,2026-07-01,2,Night,3,9,8,0,1,600,0.0,P_DS003_007|P_DS003_013|P_DS003_016|P_DS003_019|P_DS003_022|P_DS003_025|P_DS003_028|P_DS003_001,,P_DS003_004,3.0,600,8875,0.0,50.0
DS003_20260701_I03,DS003,2026-07-01,3,Night,3,9,8,0,1,600,0.0,P_DS003_013|P_DS003_016|P_DS003_019|P_DS003_022|P_DS003_025|P_DS003_028|P_DS003_001|P_DS003_004,,P_DS003_007,3.0,600,8275,0.0,50.0
DS003_20260701_I04,DS003,2026-07-01,4,Night,8,9,8,0,1,600,0.0,P_DS003_016|P_DS003_019|P_DS003_022|P_DS003_025|P_DS003_028|P_DS003_001|P_DS003_004|P_DS003_007,,P_DS003_013,8.0,600,7675,0.0,50.0
DS003_20260701_I05,DS003,2026-07-01,5,Night,5,9,8,0,1,600,0.0,P_DS003_019|P_DS003_022|P_DS003_025|P_DS003_028|P_DS003_001|P_DS003_004|P_DS003_007|P_DS003_013,,P_DS003_016,5.0,600,7075,0.0,50.0
DS003_20260701_I06,DS003,2026-07-01,6,Night,7,9,8,0,1,600,0.0,P_DS003_022|P_DS003_025|P_DS003_028|P_DS003_001|P_DS003_004|P_DS003_007|P_DS003_013|P_DS003_016,,P_DS003_019,7.0,600,6475,0.0,50.0
DS003_20260701_I07,DS003,2026-07-01,7,Night,7,9,8,0,1,600,0.0,P_DS003_025|P_DS003_028|P_DS003_001|P_DS003_004|P_DS003_007|P_DS003_013|P_DS003_016|P_DS003_019,,P_DS003_022,7.0,600,5875,0.0,50.0
DS003_20260701_I08,DS003,2026-07-01,8,Night,10,9,8,0,1,600,0.0,P_DS003_028|P_DS003_001|P_DS003_004|P_DS003_007|P_DS003_013|P_DS003_016|P_DS003_019|P_DS003_022,,P_DS003_025,10.0,600,5275,0.0,50.0
DS003_20260701_I09,DS003,2026-07-01,9,Night,5,9,8,0,1,600,0.0,P_DS003_001|P_DS003_004|P_DS003_007|P_DS003_013|P_DS003_016|P_DS003_019|P_DS003_022|P_DS003_025,,P_DS003_028,5.0,600,4675,0.0,50.0
DS003_20260701_I10,DS003,2026-07-01,10,Night,6,9,8,0,1,600,0.0,P_DS003_004|P_DS003_007|P_DS003_013|P_DS003_016|P_DS003_019|P_DS003_022|P_DS003_025|P_DS003_028,,P_DS003_001,6.0,600,4075,0.0,50.0
DS003_20260701_I11,DS003,2026-07-01,11,Night,10,9,8,0,1,600,0.0,P_DS003_007|P_DS003_013|P_DS003_016|P_DS003_019|P_DS003_022|P_DS003_025|P_DS003_028|P_DS003_001,,P_DS003_004,10.0,600,3475,0.0,50.0
DS003_20260701_I12,DS003,2026-07-01,12,Night,11,9,8,0,1,600,0.0,P_DS003_013|P_DS003_016|P_DS003_019|P_DS003_022|P_DS003_025|P_DS003_028|P_DS003_001|P_DS003_004,,P_DS003_007,11.0,600,2875,0.0,50.0
DS003_20260701_I13,DS003,2026-07-01,13,Morning,11,9,3,2,4,225,1.0,P_DS003_016|P_DS003_019|P_DS003_022,P_DS003_025|P_DS003_028,P_DS003_001|P_DS003_004|P_DS003_007|P_DS003_013,2.75,225,2650,1.0,49.0
DS003_20260701_I14,DS003,2026-07-01,14,Morning,25,9,3,2,4,225,1.0,P_DS003_019|P_DS003_022|P_DS003_025,P_DS003_028|P_DS003_001,P_DS003_004|P_DS003_007|P_DS003_013|P_DS003_016,6.25,225,2425,1.0,48.0
DS003_20260701_I15,DS003,2026-07-01,15,Morning,22,9,3,2,4,225,1.0,P_DS003_022|P_DS003_025|P_DS003_028,P_DS003_001|P_DS003_004,P_DS003_007|P_DS003_013|P_DS003_016|P_DS003_019,5.5,225,2200,1.0,47.0
DS003_20260701_I16,DS003,2026-07-01,16,Morning,46,9,3,2,4,225,1.0,P_DS003_025|P_DS003_028|P_DS003_001,P_DS003_004|P_DS003_007,P_DS003_013|P_DS003_016|P_DS003_019|P_DS003_022,11.5,225,1975,1.0,46.0
DS003_20260701_I17,DS003,2026-07-01,17,Morning,53,18,3,2,13,225,1.0,P_DS003_032|P_DS003_001|P_DS003_002,P_DS003_004|P_DS003_005,P_DS003_007|P_DS003_008|P_DS003_011|P_DS003_013|P_DS003_016|P_DS003_019|P_DS003_020|P_DS003_022|P_DS003_023|P_DS003_025|P_DS003_026|P_DS003_028|P_DS003_029,4.076923076923077,225,1750,1.0,45.0
DS003_20260701_I18,DS003,2026-07-01,18,Morning,47,18,3,2,13,225,1.0,P_DS003_001|P_DS003_002|P_DS003_004,P_DS003_005|P_DS003_007,P_DS003_008|P_DS003_011|P_DS003_013|P_DS003_016|P_DS003_019|P_DS003_020|P_DS003_022|P_DS003_023|P_DS003_025|P_DS003_026|P_DS003_028|P_DS003_029|P_DS003_032,3.6153846153846154,225,1525,1.0,44.0
DS003_20260701_I19,DS003,2026-07-01,19,Morning,48,9,0,2,7,0,1.0,,P_DS003_005|P_DS003_008,P_DS003_011|P_DS003_020|P_DS003_023|P_DS003_026|P_DS003_029|P_DS003_032|P_DS003_002,6.857142857142857,0,1525,1.0,43.0
DS003_20260701_I20,DS003,2026-07-01,20,Morning,46,9,0,2,7,0,1.0,,P_DS003_008|P_DS003_011,P_DS003_020|P_DS003_023|P_DS003_026|P_DS003_029|P_DS003_032|P_DS003_002|P_DS003_005,6.571428571428571,0,1525,1.0,42.0
DS003_20260701_I21,DS003,2026-07-01,21,Morning,44,9,0,2,7,0,1.0,,P_DS003_011|P_DS003_020,P_DS003_023|P_DS003_026|P_DS003_029|P_DS003_032|P_DS003_002|P_DS003_005|P_DS003_008,6.285714285714286,0,1525,1.0,41.0
DS003_20260701_I22,DS003,2026-07-01,22,Morning,33,9,0,2,7,0,1.0,,P_DS003_020|P_DS003_023,P_DS003_026|P_DS003_029|P_DS003_032|P_DS003_002|P_DS003_005|P_DS003_008|P_DS003_011,4.714285714285714,0,1525,1.0,40.0
DS003_20260701_I23,DS003,2026-07-01,23,Lunch,38,9,0,0,9,0,0.0,,,P_DS003_023|P_DS003_026|P_DS003_029|P_DS003_032|P_DS003_002|P_DS003_005|P_DS003_008|P_DS003_011|P_DS003_020,4.222222222222222,0,1525,0.0,40.0
DS003_20260701_I24,DS003,2026-07-01,24,Lunch,46,9,0,0,9,0,0.0,,,P_DS003_026|P_DS003_029|P_DS003_032|P_DS003_002|P_DS003_005|P_DS003_008|P_DS003_011|P_DS003_020|P_DS003_023,5.111111111111111,0,1525,0.0,40.0
DS003_20260701_I25,DS003,2026-07-01,25,Lunch,57,9,0,0,9,0,0.0,,,P_DS003_029|P_DS003_032|P_DS003_002|P_DS003_005|P_DS003_008|P_DS003_011|P_DS003_020|P_DS003_023|P_DS003_026,6.333333333333333,0,1525,0.0,40.0
DS003_20260701_I26,DS003,2026-07-01,26,Lunch,58,9,0,0,9,0,0.0,,,P_DS003_032|P_DS003_002|P_DS003_005|P_DS003_008|P_DS003_011|P_DS003_020|P_DS003_023|P_DS003_026|P_DS003_029,6.444444444444445,0,1525,0.0,40.0
DS003_20260701_I27,DS003,2026-07-01,27,Lunch,74,9,0,0,9,0,0.0,,,P_DS003_002|P_DS003_005|P_DS003_008|P_DS003_011|P_DS003_020|P_DS003_023|P_DS003_026|P_DS003_029|P_DS003_032,8.222222222222221,0,1525,0.0,40.0
DS003_20260701_I28,DS003,2026-07-01,28,Lunch,63,9,0,0,9,0,0.0,,,P_DS003_005|P_DS003_008|P_DS003_011|P_DS003_020|P_DS003_023|P_DS003_026|P_DS003_029|P_DS003_032|P_DS003_002,7.0,0,1525,0.0,40.0
DS003_20260701_I29,DS003,2026-07-01,29,Lunch,41,9,0,0,9,0,0.0,,,P_DS003_008|P_DS003_011|P_DS003_020|P_DS003_023|P_DS003_026|P_DS003_029|P_DS003_032|P_DS003_002|P_DS003_005,4.555555555555555,0,1525,0.0,40.0
DS003_20260701_I30,DS003,2026-07-01,30,Lunch,49,9,0,0,9,0,0.0,,,P_DS003_011|P_DS003_020|P_DS003_023|P_DS003_026|P_DS003_029|P_DS003_032|P_DS003_002|P_DS003_005|P_DS003_008,5.444444444444445,0,1525,0.0,40.0
DS003_20260701_I31,DS003,2026-07-01,31,Afternoon,37,9,0,2,7,0,1.0,,P_DS003_020|P_DS003_023,P_DS003_026|P_DS003_029|P_DS003_032|P_DS003_002|P_DS003_005|P_DS003_008|P_DS003_011,5.285714285714286,0,1525,1.0,39.0
DS003_20260701_I32,DS003,2026-07-01,32,Afternoon,30,9,0,2,7,0,1.0,,P_DS003_023|P_DS003_026,P_DS003_029|P_DS003_032|P_DS003_002|P_DS003_005|P_DS003_008|P_DS003_011|P_DS003_020,4.285714285714286,0,1525,1.0,38.0
DS003_20260701_I33,DS003,2026-07-01,33,Afternoon,30,16,0,2,14,0,1.0,,P_DS003_005|P_DS003_008,P_DS003_009|P_DS003_011|P_DS003_012|P_DS003_015|P_DS003_018|P_DS003_020|P_DS003_021|P_DS003_023|P_DS003_026|P_DS003_027|P_DS003_029|P_DS003_030|P_DS003_032|P_DS003_002,2.142857142857143,0,1525,1.0,37.0
DS003_20260701_I34,DS003,2026-07-01,34,Afternoon,36,16,0,2,14,0,1.0,,P_DS003_008|P_DS003_009,P_DS003_011|P_DS003_012|P_DS003_015|P_DS003_018|P_DS003_020|P_DS003_021|P_DS003_023|P_DS003_026|P_DS003_027|P_DS003_029|P_DS003_030|P_DS003_032|P_DS003_002|P_DS003_005,2.5714285714285716,0,1525,1.0,36.0
DS003_20260701_I35,DS003,2026-07-01,35,Afternoon,51,7,0,2,5,0,1.0,,P_DS003_009|P_DS003_012,P_DS003_015|P_DS003_018|P_DS003_021|P_DS003_027|P_DS003_030,10.2,0,1525,1.0,35.0
DS003_20260701_I36,DS003,2026-07-01,36,Afternoon,53,7,0,2,5,0,1.0,,P_DS003_012|P_DS003_015,P_DS003_018|P_DS003_021|P_DS003_027|P_DS003_030|P_DS003_009,10.6,0,1525,1.0,34.0
DS003_20260701_I37,DS003,2026-07-01,37,Evening,60,10,0,0,10,0,0.0,,,P_DS003_024|P_DS003_031|P_DS003_003|P_DS003_009|P_DS003_012|P_DS003_015|P_DS003_018|P_DS003_021|P_DS003_027|P_DS003_030,6.0,0,1525,0.0,34.0
DS003_20260701_I38,DS003,2026-07-01,38,Evening,94,10,0,0,10,0,0.0,,,P_DS003_031|P_DS003_003|P_DS003_009|P_DS003_012|P_DS003_015|P_DS003_018|P_DS003_021|P_DS003_027|P_DS003_030|P_DS003_024,9.4,0,1525,0.0,34.0
DS003_20260701_I39,DS003,2026-07-01,39,Evening,113,10,0,0,10,0,0.0,,,P_DS003_003|P_DS003_009|P_DS003_012|P_DS003_015|P_DS003_018|P_DS003_021|P_DS003_027|P_DS003_030|P_DS003_024|P_DS003_031,11.3,0,1525,0.0,34.0
DS003_20260701_I40,DS003,2026-07-01,40,Evening,126,10,0,0,10,0,0.0,,,P_DS003_009|P_DS003_012|P_DS003_015|P_DS003_018|P_DS003_021|P_DS003_027|P_DS003_030|P_DS003_024|P_DS003_031|P_DS003_003,12.6,0,1525,0.0,34.0
DS003_20260701_I41,DS003,2026-07-01,41,Evening,129,10,0,0,10,0,0.0,,,P_DS003_012|P_DS003_015|P_DS003_018|P_DS003_021|P_DS003_027|P_DS003_030|P_DS003_024|P_DS003_031|P_DS003_003|P_DS003_009,12.9,0,1525,0.0,34.0
DS003_20260701_I42,DS003,2026-07-01,42,Evening,129,10,0,0,10,0,0.0,,,P_DS003_015|P_DS003_018|P_DS003_021|P_DS003_027|P_DS003_030|P_DS003_024|P_DS003_031|P_DS003_003|P_DS003_009|P_DS003_012,12.9,0,1525,0.0,34.0
DS003_20260701_I43,DS003,2026-07-01,43,Evening,112,10,0,0,10,0,0.0,,,P_DS003_018|P_DS003_021|P_DS003_027|P_DS003_030|P_DS003_024|P_DS003_031|P_DS003_003|P_DS003_009|P_DS003_012|P_DS003_015,11.2,0,1525,0.0,34.0
DS003_20260701_I44,DS003,2026-07-01,44,Evening,82,10,0,0,10,0,0.0,,,P_DS003_021|P_DS003_027|P_DS003_030|P_DS003_024|P_DS003_031|P_DS003_003|P_DS003_009|P_DS003_012|P_DS003_015|P_DS003_018,8.2,0,1525,0.0,34.0
DS003_20260701_I45,DS003,2026-07-01,45,Evening,56,7,0,0,7,0,0.0,,,P_DS003_018|P_DS003_021|P_DS003_027|P_DS003_030|P_DS003_009|P_DS003_012|P_DS003_015,8.0,0,1525,0.0,34.0
DS003_20260701_I46,DS003,2026-07-01,46,Evening,60,7,0,0,7,0,0.0,,,P_DS003_021|P_DS003_027|P_DS003_030|P_DS003_009|P_DS003_012|P_DS003_015|P_DS003_018,8.571428571428571,0,1525,0.0,34.0
DS003_20260701_I47,DS003,2026-07-01,47,Late Night,23,7,0,2,5,0,1.0,,P_DS003_027|P_DS003_030,P_DS003_009|P_DS003_012|P_DS003_015|P_DS003_018|P_DS003_021,4.6,0,1525,1.0,33.0
DS003_20260701_I48,DS003,2026-07-01,48,Late Night,34,7,0,2,5,0,1.0,,P_DS003_030|P_DS003_009,P_DS003_012|P_DS003_015|P_DS003_018|P_DS003_021|P_DS003_027,6.8,0,1525,1.0,32.0
DS003_20260702_I01,DS003,2026-07-02,1,Night,5,15,12,2,1,900,1.0,P_DS003_012|P_DS003_015|P_DS003_018|P_DS003_021|P_DS003_027|P_DS003_030|P_DS003_001|P_DS003_007|P_DS003_010|P_DS003_016|P_DS003_019|P_DS003_022,P_DS003_028|P_DS003_031,P_DS003_009,5.0,900,9100,1.0,49.0
DS003_20260702_I02,DS003,2026-07-02,2,Night,9,16,12,2,2,900,1.0,P_DS003_015|P_DS003_018|P_DS003_021|P_DS003_027|P_DS003_030|P_DS003_001|P_DS003_007|P_DS003_010|P_DS003_013|P_DS003_016|P_DS003_019|P_DS003_022,P_DS003_028|P_DS003_031,P_DS003_009|P_DS003_012,4.5,900,8200,1.0,48.0
DS003_20260702_I03,DS003,2026-07-02,3,Night,7,9,8,0,1,600,0.0,P_DS003_013|P_DS003_016|P_DS003_019|P_DS003_022|P_DS003_028|P_DS003_031|P_DS003_001|P_DS003_007,,P_DS003_010,7.0,600,7600,0.0,48.0
DS003_20260702_I04,DS003,2026-07-02,4,Night,8,9,8,0,1,600,0.0,P_DS003_016|P_DS003_019|P_DS003_022|P_DS003_028|P_DS003_031|P_DS003_001|P_DS003_007|P_DS003_010,,P_DS003_013,8.0,600,7000,0.0,48.0
DS003_20260702_I05,DS003,2026-07-02,5,Night,12,9,8,0,1,600,0.0,P_DS003_019|P_DS003_022|P_DS003_028|P_DS003_031|P_DS003_001|P_DS003_007|P_DS003_010|P_DS003_013,,P_DS003_016,12.0,600,6400,0.0,48.0
DS003_20260702_I06,DS003,2026-07-02,6,Night,3,9,8,0,1,600,0.0,P_DS003_022|P_DS003_028|P_DS003_031|P_DS003_001|P_DS003_007|P_DS003_010|P_DS003_013|P_DS003_016,,P_DS003_019,3.0,600,5800,0.0,48.0
DS003_20260702_I07,DS003,2026-07-02,7,Night,7,9,8,0,1,600,0.0,P_DS003_028|P_DS003_031|P_DS003_001|P_DS003_007|P_DS003_010|P_DS003_013|P_DS003_016|P_DS003_019,,P_DS003_022,7.0,600,5200,0.0,48.0
DS003_20260702_I08,DS003,2026-07-02,8,Night,4,9,8,0,1,600,0.0,P_DS003_031|P_DS003_001|P_DS003_007|P_DS003_010|P_DS003_013|P_DS003_016|P_DS003_019|P_DS003_022,,P_DS003_028,4.0,600,4600,0.0,48.0
DS003_20260702_I09,DS003,2026-07-02,9,Night,14,9,8,0,1,600,0.0,P_DS003_001|P_DS003_007|P_DS003_010|P_DS003_013|P_DS003_016|P_DS003_019|P_DS003_022|P_DS003_028,,P_DS003_031,14.0,600,4000,0.0,48.0
DS003_20260702_I10,DS003,2026-07-02,10,Night,11,9,8,0,1,600,0.0,P_DS003_007|P_DS003_010|P_DS003_013|P_DS003_016|P_DS003_019|P_DS003_022|P_DS003_028|P_DS003_031,,P_DS003_001,11.0,600,3400,0.0,48.0
DS003_20260702_I11,DS003,2026-07-02,11,Night,6,9,8,0,1,600,0.0,P_DS003_010|P_DS003_013|P_DS003_016|P_DS003_019|P_DS003_022|P_DS003_028|P_DS003_031|P_DS003_001,,P_DS003_007,6.0,600,2800,0.0,48.0
DS003_20260702_I12,DS003,2026-07-02,12,Night,8,9,8,0,1,600,0.0,P_DS003_013|P_DS003_016|P_DS003_019|P_DS003_022|P_DS003_028|P_DS003_031|P_DS003_001|P_DS003_007,,P_DS003_010,8.0,600,2200,0.0,48.0
DS003_20260702_I13,DS003,2026-07-02,13,Morning,10,9,3,2,4,225,1.0,P_DS003_016|P_DS003_019|P_DS003_022,P_DS003_028|P_DS003_031,P_DS003_001|P_DS003_007|P_DS003_010|P_DS003_013,2.5,225,1975,1.0,47.0
DS003_20260702_I14,DS003,2026-07-02,14,Morning,26,9,3,2,4,225,1.0,P_DS003_019|P_DS003_022|P_DS003_028,P_DS003_031|P_DS003_001,P_DS003_007|P_DS003_010|P_DS003_013|P_DS003_016,6.5,225,1750,1.0,46.0
DS003_20260702_I15,DS003,2026-07-02,15,Morning,31,9,3,2,4,225,1.0,P_DS003_022|P_DS003_028|P_DS003_031,P_DS003_001|P_DS003_007,P_DS003_010|P_DS003_013|P_DS003_016|P_DS003_019,7.75,225,1525,1.0,45.0
DS003_20260702_I16,DS003,2026-07-02,16,Morning,32,9,3,2,4,225,1.0,P_DS003_028|P_DS003_031|P_DS003_001,P_DS003_007|P_DS003_010,P_DS003_013|P_DS003_016|P_DS003_019|P_DS003_022,8.0,225,1300,1.0,44.0
DS003_20260702_I17,DS003,2026-07-02,17,Morning,44,16,3,2,11,225,1.0,P_DS003_002|P_DS003_005|P_DS003_007,P_DS003_008|P_DS003_010,P_DS003_013|P_DS003_014|P_DS003_016|P_DS003_019|P_DS003_020|P_DS003_022|P_DS003_023|P_DS003_028|P_DS003_029|P_DS003_031|P_DS003_001,4.0,225,1075,1.0,43.0
DS003_20260702_I18,DS003,2026-07-02,18,Morning,52,16,3,2,11,225,1.0,P_DS003_005|P_DS003_007|P_DS003_008,P_DS003_010|P_DS003_013,P_DS003_014|P_DS003_016|P_DS003_019|P_DS003_020|P_DS003_022|P_DS003_023|P_DS003_028|P_DS003_029|P_DS003_031|P_DS003_001|P_DS003_002,4.7272727272727275,225,850,1.0,42.0
DS003_20260702_I19,DS003,2026-07-02,19,Morning,48,7,0,2,5,0,1.0,,P_DS003_023|P_DS003_029,P_DS003_002|P_DS003_005|P_DS003_008|P_DS003_014|P_DS003_020,9.6,0,850,1.0,41.0
DS003_20260702_I20,DS003,2026-07-02,20,Morning,49,7,0,2,5,0,1.0,,P_DS003_029|P_DS003_002,P_DS003_005|P_DS003_008|P_DS003_014|P_DS003_020|P_DS003_023,9.8,0,850,1.0,40.0
DS003_20260702_I21,DS003,2026-07-02,21,Morning,46,7,0,2,5,0,1.0,,P_DS003_002|P_DS003_005,P_DS003_008|P_DS003_014|P_DS003_020|P_DS003_023|P_DS003_029,9.2,0,850,1.0,39.0
DS003_20260702_I22,DS003,2026-07-02,22,Morning,37,7,0,2,5,0,1.0,,P_DS003_005|P_DS003_008,P_DS003_014|P_DS003_020|P_DS003_023|P_DS003_029|P_DS003_002,7.4,0,850,1.0,38.0
DS003_20260702_I23,DS003,2026-07-02,23,Lunch,36,7,0,0,7,0,0.0,,,P_DS003_008|P_DS003_014|P_DS003_020|P_DS003_023|P_DS003_029|P_DS003_002|P_DS003_005,5.142857142857143,0,850,0.0,38.0
DS003_20260702_I24,DS003,2026-07-02,24,Lunch,56,7,0,0,7,0,0.0,,,P_DS003_014|P_DS003_020|P_DS003_023|P_DS003_029|P_DS003_002|P_DS003_005|P_DS003_008,8.0,0,850,0.0,38.0
DS003_20260702_I25,DS003,2026-07-02,25,Lunch,55,7,0,0,7,0,0.0,,,P_DS003_020|P_DS003_023|P_DS003_029|P_DS003_002|P_DS003_005|P_DS003_008|P_DS003_014,7.857142857142857,0,850,0.0,38.0
DS003_20260702_I26,DS003,2026-07-02,26,Lunch,68,7,0,0,7,0,0.0,,,P_DS003_023|P_DS003_029|P_DS003_002|P_DS003_005|P_DS003_008|P_DS003_014|P_DS003_020,9.714285714285714,0,850,0.0,38.0
DS003_20260702_I27,DS003,2026-07-02,27,Lunch,75,7,0,0,7,0,0.0,,,P_DS003_029|P_DS003_002|P_DS003_005|P_DS003_008|P_DS003_014|P_DS003_020|P_DS003_023,10.714285714285714,0,850,0.0,38.0
DS003_20260702_I28,DS003,2026-07-02,28,Lunch,78,7,0,0,7,0,0.0,,,P_DS003_002|P_DS003_005|P_DS003_008|P_DS003_014|P_DS003_020|P_DS003_023|P_DS003_029,11.142857142857142,0,850,0.0,38.0
DS003_20260702_I29,DS003,2026-07-02,29,Lunch,51,7,0,0,7,0,0.0,,,P_DS003_005|P_DS003_008|P_DS003_014|P_DS003_020|P_DS003_023|P_DS003_029|P_DS003_002,7.285714285714286,0,850,0.0,38.0
DS003_20260702_I30,DS003,2026-07-02,30,Lunch,49,7,0,0,7,0,0.0,,,P_DS003_008|P_DS003_014|P_DS003_020|P_DS003_023|P_DS003_029|P_DS003_002|P_DS003_005,7.0,0,850,0.0,38.0
DS003_20260702_I31,DS003,2026-07-02,31,Afternoon,36,7,0,2,5,0,1.0,,P_DS003_014|P_DS003_020,P_DS003_023|P_DS003_029|P_DS003_002|P_DS003_005|P_DS003_008,7.2,0,850,1.0,37.0
DS003_20260702_I32,DS003,2026-07-02,32,Afternoon,36,7,0,2,5,0,1.0,,P_DS003_020|P_DS003_023,P_DS003_029|P_DS003_002|P_DS003_005|P_DS003_008|P_DS003_014,7.2,0,850,1.0,36.0
DS003_20260702_I33,DS003,2026-07-02,33,Afternoon,28,15,0,2,13,0,1.0,,P_DS003_006|P_DS003_008,P_DS003_009|P_DS003_012|P_DS003_014|P_DS003_015|P_DS003_020|P_DS003_021|P_DS003_023|P_DS003_024|P_DS003_027|P_DS003_029|P_DS003_002|P_DS003_003|P_DS003_005,2.1538461538461537,0,850,1.0,35.0
DS003_20260702_I34,DS003,2026-07-02,34,Afternoon,23,15,0,2,13,0,1.0,,P_DS003_008|P_DS003_009,P_DS003_012|P_DS003_014|P_DS003_015|P_DS003_020|P_DS003_021|P_DS003_023|P_DS003_024|P_DS003_027|P_DS003_029|P_DS003_002|P_DS003_003|P_DS003_005|P_DS003_006,1.7692307692307692,0,850,1.0,34.0
DS003_20260702_I35,DS003,2026-07-02,35,Afternoon,35,8,0,2,6,0,1.0,,P_DS003_012|P_DS003_015,P_DS003_021|P_DS003_024|P_DS003_027|P_DS003_003|P_DS003_006|P_DS003_009,5.833333333333333,0,850,1.0,33.0
DS003_20260702_I36,DS003,2026-07-02,36,Afternoon,62,8,0,2,6,0,1.0,,P_DS003_015|P_DS003_021,P_DS003_024|P_DS003_027|P_DS003_003|P_DS003_006|P_DS003_009|P_DS003_012,10.333333333333334,0,850,1.0,32.0
DS003_20260702_I37,DS003,2026-07-02,37,Evening,84,9,0,0,9,0,0.0,,,P_DS003_006|P_DS003_009|P_DS003_012|P_DS003_015|P_DS003_021|P_DS003_024|P_DS003_027|P_DS003_004|P_DS003_003,9.333333333333334,0,850,0.0,32.0
DS003_20260702_I38,DS003,2026-07-02,38,Evening,93,9,0,0,9,0,0.0,,,P_DS003_009|P_DS003_012|P_DS003_015|P_DS003_021|P_DS003_024|P_DS003_027|P_DS003_004|P_DS003_003|P_DS003_006,10.333333333333334,0,850,0.0,32.0
DS003_20260702_I39,DS003,2026-07-02,39,Evening,87,9,0,0,9,0,0.0,,,P_DS003_012|P_DS003_015|P_DS003_021|P_DS003_024|P_DS003_027|P_DS003_004|P_DS003_003|P_DS003_006|P_DS003_009,9.666666666666666,0,850,0.0,32.0
DS003_20260702_I40,DS003,2026-07-02,40,Evening,122,9,0,0,9,0,0.0,,,P_DS003_015|P_DS003_021|P_DS003_024|P_DS003_027|P_DS003_004|P_DS003_003|P_DS003_006|P_DS003_009|P_DS003_012,13.555555555555555,0,850,0.0,32.0
DS003_20260702_I41,DS003,2026-07-02,41,Evening,136,9,0,0,9,0,0.0,,,P_DS003_021|P_DS003_024|P_DS003_027|P_DS003_004|P_DS003_003|P_DS003_006|P_DS003_009|P_DS003_012|P_DS003_015,15.11111111111111,0,850,0.0,32.0
DS003_20260702_I42,DS003,2026-07-02,42,Evening,128,9,0,0,9,0,0.0,,,P_DS003_024|P_DS003_027|P_DS003_004|P_DS003_003|P_DS003_006|P_DS003_009|P_DS003_012|P_DS003_015|P_DS003_021,14.222222222222221,0,850,0.0,32.0
DS003_20260702_I43,DS003,2026-07-02,43,Evening,108,9,0,0,9,0,0.0,,,P_DS003_027|P_DS003_004|P_DS003_003|P_DS003_006|P_DS003_009|P_DS003_012|P_DS003_015|P_DS003_021|P_DS003_024,12.0,0,850,0.0,32.0
DS003_20260702_I44,DS003,2026-07-02,44,Evening,92,9,0,0,9,0,0.0,,,P_DS003_004|P_DS003_003|P_DS003_006|P_DS003_009|P_DS003_012|P_DS003_015|P_DS003_021|P_DS003_024|P_DS003_027,10.222222222222221,0,850,0.0,32.0
DS003_20260702_I45,DS003,2026-07-02,45,Evening,76,8,0,0,8,0,0.0,,,P_DS003_021|P_DS003_024|P_DS003_027|P_DS003_003|P_DS003_006|P_DS003_009|P_DS003_012|P_DS003_015,9.5,0,850,0.0,32.0
DS003_20260702_I46,DS003,2026-07-02,46,Evening,45,8,0,0,8,0,0.0,,,P_DS003_024|P_DS003_027|P_DS003_003|P_DS003_006|P_DS003_009|P_DS003_012|P_DS003_015|P_DS003_021,5.625,0,850,0.0,32.0
DS003_20260702_I47,DS003,2026-07-02,47,Late Night,46,8,0,2,6,0,1.0,,P_DS003_027|P_DS003_003,P_DS003_006|P_DS003_009|P_DS003_012|P_DS003_015|P_DS003_021|P_DS003_024,7.666666666666667,0,850,1.0,31.0
DS003_20260702_I48,DS003,2026-07-02,48,Late Night,17,8,0,2,6,0,1.0,,P_DS003_003|P_DS003_006,P_DS003_009|P_DS003_012|P_DS003_015|P_DS003_021|P_DS003_024|P_DS003_027,2.8333333333333335,0,850,1.0,30.0
DS003_20260703_I01,DS003,2026-07-03,1,Night,6,16,12,2,2,900,1.0,P_DS003_006|P_DS003_009|P_DS003_012|P_DS003_015|P_DS003_021|P_DS003_024|P_DS003_027|P_DS003_001|P_DS003_004|P_DS003_007|P_DS003_016|P_DS003_022,P_DS003_025|P_DS003_028,P_DS003_031|P_DS003_003,3.0,900,9100,1.0,49.0
DS003_20260703_I02,DS003,2026-07-03,2,Night,7,18,12,2,4,900,1.0,P_DS003_009|P_DS003_012|P_DS003_015|P_DS003_021|P_DS003_024|P_DS003_027|P_DS003_001|P_DS003_004|P_DS003_007|P_DS003_010|P_DS003_013|P_DS003_016,P_DS003_022|P_DS003_025,P_DS003_028|P_DS003_031|P_DS003_003|P_DS003_006,1.75,900,8200,1.0,48.0
DS003_20260703_I03,DS003,2026-07-03,3,Night,6,10,9,0,1,675,0.0,P_DS003_010|P_DS003_013|P_DS003_016|P_DS003_022|P_DS003_025|P_DS003_028|P_DS003_031|P_DS003_001|P_DS003_004,,P_DS003_007,6.0,675,7525,0.0,48.0
DS003_20260703_I04,DS003,2026-07-03,4,Night,18,10,9,0,1,675,0.0,P_DS003_013|P_DS003_016|P_DS003_022|P_DS003_025|P_DS003_028|P_DS003_031|P_DS003_001|P_DS003_004|P_DS003_007,,P_DS003_010,18.0,675,6850,0.0,48.0
DS003_20260703_I05,DS003,2026-07-03,5,Night,14,10,9,0,1,675,0.0,P_DS003_016|P_DS003_022|P_DS003_025|P_DS003_028|P_DS003_031|P_DS003_001|P_DS003_004|P_DS003_007|P_DS003_010,,P_DS003_013,14.0,675,6175,0.0,48.0
DS003_20260703_I06,DS003,2026-07-03,6,Night,8,10,9,0,1,675,0.0,P_DS003_022|P_DS003_025|P_DS003_028|P_DS003_031|P_DS003_001|P_DS003_004|P_DS003_007|P_DS003_010|P_DS003_013,,P_DS003_016,8.0,675,5500,0.0,48.0
DS003_20260703_I07,DS003,2026-07-03,7,Night,11,10,9,0,1,675,0.0,P_DS003_025|P_DS003_028|P_DS003_031|P_DS003_001|P_DS003_004|P_DS003_007|P_DS003_010|P_DS003_013|P_DS003_016,,P_DS003_022,11.0,675,4825,0.0,48.0
DS003_20260703_I08,DS003,2026-07-03,8,Night,7,10,9,0,1,675,0.0,P_DS003_028|P_DS003_031|P_DS003_001|P_DS003_004|P_DS003_007|P_DS003_010|P_DS003_013|P_DS003_016|P_DS003_022,,P_DS003_025,7.0,675,4150,0.0,48.0
DS003_20260703_I09,DS003,2026-07-03,9,Night,10,10,9,0,1,675,0.0,P_DS003_031|P_DS003_001|P_DS003_004|P_DS003_007|P_DS003_010|P_DS003_013|P_DS003_016|P_DS003_022|P_DS003_025,,P_DS003_028,10.0,675,3475,0.0,48.0
DS003_20260703_I10,DS003,2026-07-03,10,Night,13,10,9,0,1,675,0.0,P_DS003_001|P_DS003_004|P_DS003_007|P_DS003_010|P_DS003_013|P_DS003_016|P_DS003_022|P_DS003_025|P_DS003_028,,P_DS003_031,13.0,675,2800,0.0,48.0
DS003_20260703_I11,DS003,2026-07-03,11,Night,13,10,9,0,1,675,0.0,P_DS003_004|P_DS003_007|P_DS003_010|P_DS003_013|P_DS003_016|P_DS003_022|P_DS003_025|P_DS003_028|P_DS003_031,,P_DS003_001,13.0,675,2125,0.0,48.0
DS003_20260703_I12,DS003,2026-07-03,12,Night,16,10,9,0,1,675,0.0,P_DS003_007|P_DS003_010|P_DS003_013|P_DS003_016|P_DS003_022|P_DS003_025|P_DS003_028|P_DS003_031|P_DS003_001,,P_DS003_004,16.0,675,1450,0.0,48.0
DS003_20260703_I13,DS003,2026-07-03,13,Morning,15,10,3,2,5,225,1.0,P_DS003_010|P_DS003_013|P_DS003_016,P_DS003_022|P_DS003_025,P_DS003_028|P_DS003_031|P_DS003_001|P_DS003_004|P_DS003_007,3.0,225,1225,1.0,47.0
DS003_20260703_I14,DS003,2026-07-03,14,Morning,21,10,3,2,5,225,1.0,P_DS003_013|P_DS003_016|P_DS003_022,P_DS003_025|P_DS003_028,P_DS003_031|P_DS003_001|P_DS003_004|P_DS003_007|P_DS003_010,4.2,225,1000,1.0,46.0
DS003_20260703_I15,DS003,2026-07-03,15,Morning,39,10,3,2,5,225,1.0,P_DS003_016|P_DS003_022|P_DS003_025,P_DS003_028|P_DS003_031,P_DS003_001|P_DS003_004|P_DS003_007|P_DS003_010|P_DS003_013,7.8,225,775,1.0,45.0
DS003_20260703_I16,DS003,2026-07-03,16,Morning,45,10,3,2,5,225,1.0,P_DS003_022|P_DS003_025|P_DS003_028,P_DS003_031|P_DS003_001,P_DS003_004|P_DS003_007|P_DS003_010|P_DS003_013|P_DS003_016,9.0,225,550,1.0,44.0
DS003_20260703_I17,DS003,2026-07-03,17,Morning,52,19,3,2,14,225,1.0,P_DS003_031|P_DS003_032|P_DS003_001,P_DS003_002|P_DS003_004,P_DS003_007|P_DS003_008|P_DS003_010|P_DS003_011|P_DS003_013|P_DS003_014|P_DS003_016|P_DS003_017|P_DS003_020|P_DS003_022|P_DS003_023|P_DS003_025|P_DS003_028|P_DS003_029,3.7142857142857144,225,325,1.0,43.0
DS003_20260703_I18,DS003,2026-07-03,18,Morning,50,19,3,2,14,225,1.0,P_DS003_032|P_DS003_001|P_DS003_002,P_DS003_004|P_DS003_007,P_DS003_008|P_DS003_010|P_DS003_011|P_DS003_013|P_DS003_014|P_DS003_016|P_DS003_017|P_DS003_020|P_DS003_022|P_DS003_023|P_DS003_025|P_DS003_028|P_DS003_029|P_DS003_031,3.5714285714285716,225,100,1.0,42.0
DS003_20260703_I19,DS003,2026-07-03,19,Morning,57,9,0,2,7,0,1.0,,P_DS003_008|P_DS003_011,P_DS003_014|P_DS003_017|P_DS003_020|P_DS003_023|P_DS003_029|P_DS003_032|P_DS003_002,8.142857142857142,0,100,1.0,41.0
DS003_20260703_I20,DS003,2026-07-03,20,Morning,45,9,0,2,7,0,1.0,,P_DS003_011|P_DS003_014,P_DS003_017|P_DS003_020|P_DS003_023|P_DS003_029|P_DS003_032|P_DS003_002|P_DS003_008,6.428571428571429,0,100,1.0,40.0
DS003_20260703_I21,DS003,2026-07-03,21,Morning,42,9,0,2,7,0,1.0,,P_DS003_014|P_DS003_017,P_DS003_020|P_DS003_023|P_DS003_029|P_DS003_032|P_DS003_002|P_DS003_008|P_DS003_011,6.0,0,100,1.0,39.0
DS003_20260703_I22,DS003,2026-07-03,22,Morning,40,9,0,2,7,0,1.0,,P_DS003_017|P_DS003_020,P_DS003_023|P_DS003_029|P_DS003_032|P_DS003_002|P_DS003_008|P_DS003_011|P_DS003_014,5.714285714285714,0,100,1.0,38.0
DS003_20260703_I23,DS003,2026-07-03,23,Lunch,51,9,0,0,9,0,0.0,,,P_DS003_020|P_DS003_023|P_DS003_029|P_DS003_032|P_DS003_002|P_DS003_008|P_DS003_011|P_DS003_014|P_DS003_017,5.666666666666667,0,100,0.0,38.0
DS003_20260703_I24,DS003,2026-07-03,24,Lunch,52,9,0,0,9,0,0.0,,,P_DS003_023|P_DS003_029|P_DS003_032|P_DS003_002|P_DS003_008|P_DS003_011|P_DS003_014|P_DS003_017|P_DS003_020,5.777777777777778,0,100,0.0,38.0
DS003_20260703_I25,DS003,2026-07-03,25,Lunch,78,9,0,0,9,0,0.0,,,P_DS003_029|P_DS003_032|P_DS003_002|P_DS003_008|P_DS003_011|P_DS003_014|P_DS003_017|P_DS003_020|P_DS003_023,8.666666666666666,0,100,0.0,38.0
DS003_20260703_I26,DS003,2026-07-03,26,Lunch,85,9,0,0,9,0,0.0,,,P_DS003_032|P_DS003_002|P_DS003_008|P_DS003_011|P_DS003_014|P_DS003_017|P_DS003_020|P_DS003_023|P_DS003_029,9.444444444444445,0,100,0.0,38.0
DS003_20260703_I27,DS003,2026-07-03,27,Lunch,77,9,0,0,9,0,0.0,,,P_DS003_002|P_DS003_008|P_DS003_011|P_DS003_014|P_DS003_017|P_DS003_020|P_DS003_023|P_DS003_029|P_DS003_032,8.555555555555555,0,100,0.0,38.0
DS003_20260703_I28,DS003,2026-07-03,28,Lunch,74,9,0,0,9,0,0.0,,,P_DS003_008|P_DS003_011|P_DS003_014|P_DS003_017|P_DS003_020|P_DS003_023|P_DS003_029|P_DS003_032|P_DS003_002,8.222222222222221,0,100,0.0,38.0
DS003_20260703_I29,DS003,2026-07-03,29,Lunch,72,9,0,0,9,0,0.0,,,P_DS003_011|P_DS003_014|P_DS003_017|P_DS003_020|P_DS003_023|P_DS003_029|P_DS003_032|P_DS003_002|P_DS003_008,8.0,0,100,0.0,38.0
DS003_20260703_I30,DS003,2026-07-03,30,Lunch,43,9,0,0,9,0,0.0,,,P_DS003_014|P_DS003_017|P_DS003_020|P_DS003_023|P_DS003_029|P_DS003_032|P_DS003_002|P_DS003_008|P_DS003_011,4.777777777777778,0,100,0.0,38.0
DS003_20260703_I31,DS003,2026-07-03,31,Afternoon,49,9,0,2,7,0,1.0,,P_DS003_017|P_DS003_020,P_DS003_023|P_DS003_029|P_DS003_032|P_DS003_002|P_DS003_008|P_DS003_011|P_DS003_014,7.0,0,100,1.0,37.0
DS003_20260703_I32,DS003,2026-07-03,32,Afternoon,34,9,0,2,7,0,1.0,,P_DS003_020|P_DS003_023,P_DS003_029|P_DS003_032|P_DS003_002|P_DS003_008|P_DS003_011|P_DS003_014|P_DS003_017,4.857142857142857,0,100,1.0,36.0
DS003_20260703_I33,DS003,2026-07-03,33,Afternoon,42,18,0,2,16,0,1.0,,P_DS003_029|P_DS003_030,P_DS003_032|P_DS003_002|P_DS003_003|P_DS003_006|P_DS003_008|P_DS003_009|P_DS003_011|P_DS003_014|P_DS003_015|P_DS003_017|P_DS003_018|P_DS003_020|P_DS003_021|P_DS003_023|P_DS003_024|P_DS003_027,2.625,0,100,1.0,35.0
DS003_20260703_I34,DS003,2026-07-03,34,Afternoon,21,18,0,2,16,0,1.0,,P_DS003_030|P_DS003_032,P_DS003_002|P_DS003_003|P_DS003_006|P_DS003_008|P_DS003_009|P_DS003_011|P_DS003_014|P_DS003_015|P_DS003_017|P_DS003_018|P_DS003_020|P_DS003_021|P_DS003_023|P_DS003_024|P_DS003_027|P_DS003_029,1.3125,0,100,1.0,34.0
DS003_20260703_I35,DS003,2026-07-03,35,Afternoon,43,9,0,2,7,0,1.0,,P_DS003_030|P_DS003_003,P_DS003_006|P_DS003_009|P_DS003_015|P_DS003_018|P_DS003_021|P_DS003_024|P_DS003_027,6.142857142857143,0,100,1.0,33.0
DS003_20260703_I36,DS003,2026-07-03,36,Afternoon,60,9,0,2,7,0,1.0,,P_DS003_003|P_DS003_006,P_DS003_009|P_DS003_015|P_DS003_018|P_DS003_021|P_DS003_024|P_DS003_027|P_DS003_030,8.571428571428571,0,100,1.0,32.0
DS003_20260703_I37,DS003,2026-07-03,37,Evening,87,12,0,0,12,0,0.0,,,P_DS003_006|P_DS003_009|P_DS003_015|P_DS003_018|P_DS003_021|P_DS003_024|P_DS003_027|P_DS003_030|P_DS003_026|P_DS003_019|P_DS003_012|P_DS003_003,7.25,0,100,0.0,32.0
DS003_20260703_I38,DS003,2026-07-03,38,Evening,103,12,0,0,12,0,0.0,,,P_DS003_009|P_DS003_015|P_DS003_018|P_DS003_021|P_DS003_024|P_DS003_027|P_DS003_030|P_DS003_026|P_DS003_019|P_DS003_012|P_DS003_003|P_DS003_006,8.583333333333334,0,100,0.0,32.0
DS003_20260703_I39,DS003,2026-07-03,39,Evening,140,12,0,0,12,0,0.0,,,P_DS003_015|P_DS003_018|P_DS003_021|P_DS003_024|P_DS003_027|P_DS003_030|P_DS003_026|P_DS003_019|P_DS003_012|P_DS003_003|P_DS003_006|P_DS003_009,11.666666666666666,0,100,0.0,32.0
DS003_20260703_I40,DS003,2026-07-03,40,Evening,170,12,0,0,12,0,0.0,,,P_DS003_018|P_DS003_021|P_DS003_024|P_DS003_027|P_DS003_030|P_DS003_026|P_DS003_019|P_DS003_012|P_DS003_003|P_DS003_006|P_DS003_009|P_DS003_015,14.166666666666666,0,100,0.0,32.0
DS003_20260703_I41,DS003,2026-07-03,41,Evening,157,12,0,0,12,0,0.0,,,P_DS003_021|P_DS003_024|P_DS003_027|P_DS003_030|P_DS003_026|P_DS003_019|P_DS003_012|P_DS003_003|P_DS003_006|P_DS003_009|P_DS003_015|P_DS003_018,13.083333333333334,0,100,0.0,32.0
DS003_20260703_I42,DS003,2026-07-03,42,Evening,151,12,0,0,12,0,0.0,,,P_DS003_024|P_DS003_027|P_DS003_030|P_DS003_026|P_DS003_019|P_DS003_012|P_DS003_003|P_DS003_006|P_DS003_009|P_DS003_015|P_DS003_018|P_DS003_021,12.583333333333334,0,100,0.0,32.0
DS003_20260703_I43,DS003,2026-07-03,43,Evening,122,12,0,0,12,0,0.0,,,P_DS003_027|P_DS003_030|P_DS003_026|P_DS003_019|P_DS003_012|P_DS003_003|P_DS003_006|P_DS003_009|P_DS003_015|P_DS003_018|P_DS003_021|P_DS003_024,10.166666666666666,0,100,0.0,32.0
DS003_20260703_I44,DS003,2026-07-03,44,Evening,123,12,0,0,12,0,0.0,,,P_DS003_030|P_DS003_026|P_DS003_019|P_DS003_012|P_DS003_003|P_DS003_006|P_DS003_009|P_DS003_015|P_DS003_018|P_DS003_021|P_DS003_024|P_DS003_027,10.25,0,100,0.0,32.0
DS003_20260703_I45,DS003,2026-07-03,45,Evening,81,9,0,0,9,0,0.0,,,P_DS003_003|P_DS003_006|P_DS003_009|P_DS003_015|P_DS003_018|P_DS003_021|P_DS003_024|P_DS003_027|P_DS003_030,9.0,0,100,0.0,32.0
DS003_20260703_I46,DS003,2026-07-03,46,Evening,46,9,0,0,9,0,0.0,,,P_DS003_006|P_DS003_009|P_DS003_015|P_DS003_018|P_DS003_021|P_DS003_024|P_DS003_027|P_DS003_030|P_DS003_003,5.111111111111111,0,100,0.0,32.0
DS003_20260703_I47,DS003,2026-07-03,47,Late Night,53,9,0,2,7,0,1.0,,P_DS003_009|P_DS003_015,P_DS003_018|P_DS003_021|P_DS003_024|P_DS003_027|P_DS003_030|P_DS003_003|P_DS003_006,7.571428571428571,0,100,1.0,31.0
DS003_20260703_I48,DS003,2026-07-03,48,Late Night,34,9,0,2,7,0,1.0,,P_DS003_015|P_DS003_018,P_DS003_021|P_DS003_024|P_DS003_027|P_DS003_030|P_DS003_003|P_DS003_006|P_DS003_009,4.857142857142857,0,100,1.0,30.0
DS003_20260704_I01,DS003,2026-07-04,1,Night,8,19,12,2,5,900,1.0,P_DS003_006|P_DS003_009|P_DS003_015|P_DS003_018|P_DS003_021|P_DS003_024|P_DS003_027|P_DS003_030|P_DS003_001|P_DS003_004|P_DS003_007|P_DS003_010,P_DS003_016|P_DS003_019,P_DS003_022|P_DS003_025|P_DS003_028|P_DS003_031|P_DS003_003,1.6,900,9100,1.0,49.0
DS003_20260704_I02,DS003,2026-07-04,2,Night,13,18,12,2,4,900,1.0,P_DS003_009|P_DS003_015|P_DS003_018|P_DS003_021|P_DS003_027|P_DS003_030|P_DS003_001|P_DS003_004|P_DS003_007|P_DS003_010|P_DS003_016|P_DS003_019,P_DS003_022|P_DS003_025,P_DS003_028|P_DS003_031|P_DS003_003|P_DS003_006,3.25,900,8200,1.0,48.0
DS003_20260704_I03,DS003,2026-07-04,3,Night,5,10,9,0,1,675,0.0,P_DS003_010|P_DS003_016|P_DS003_019|P_DS003_022|P_DS003_025|P_DS003_028|P_DS003_031|P_DS003_001|P_DS003_004,,P_DS003_007,5.0,675,7525,0.0,48.0
DS003_20260704_I04,DS003,2026-07-04,4,Night,5,10,9,0,1,675,0.0,P_DS003_016|P_DS003_019|P_DS003_022|P_DS003_025|P_DS003_028|P_DS003_031|P_DS003_001|P_DS003_004|P_DS003_007,,P_DS003_010,5.0,675,6850,0.0,48.0
DS003_20260704_I05,DS003,2026-07-04,5,Night,7,10,9,0,1,675,0.0,P_DS003_019|P_DS003_022|P_DS003_025|P_DS003_028|P_DS003_031|P_DS003_001|P_DS003_004|P_DS003_007|P_DS003_010,,P_DS003_016,7.0,675,6175,0.0,48.0
DS003_20260704_I06,DS003,2026-07-04,6,Night,11,10,9,0,1,675,0.0,P_DS003_022|P_DS003_025|P_DS003_028|P_DS003_031|P_DS003_001|P_DS003_004|P_DS003_007|P_DS003_010|P_DS003_016,,P_DS003_019,11.0,675,5500,0.0,48.0
DS003_20260704_I07,DS003,2026-07-04,7,Night,7,10,9,0,1,675,0.0,P_DS003_025|P_DS003_028|P_DS003_031|P_DS003_001|P_DS003_004|P_DS003_007|P_DS003_010|P_DS003_016|P_DS003_019,,P_DS003_022,7.0,675,4825,0.0,48.0
DS003_20260704_I08,DS003,2026-07-04,8,Night,7,10,9,0,1,675,0.0,P_DS003_028|P_DS003_031|P_DS003_001|P_DS003_004|P_DS003_007|P_DS003_010|P_DS003_016|P_DS003_019|P_DS003_022,,P_DS003_025,7.0,675,4150,0.0,48.0
DS003_20260704_I09,DS003,2026-07-04,9,Night,7,10,9,0,1,675,0.0,P_DS003_031|P_DS003_001|P_DS003_004|P_DS003_007|P_DS003_010|P_DS003_016|P_DS003_019|P_DS003_022|P_DS003_025,,P_DS003_028,7.0,675,3475,0.0,48.0
DS003_20260704_I10,DS003,2026-07-04,10,Night,7,10,9,0,1,675,0.0,P_DS003_001|P_DS003_004|P_DS003_007|P_DS003_010|P_DS003_016|P_DS003_019|P_DS003_022|P_DS003_025|P_DS003_028,,P_DS003_031,7.0,675,2800,0.0,48.0
DS003_20260704_I11,DS003,2026-07-04,11,Night,4,10,9,0,1,675,0.0,P_DS003_004|P_DS003_007|P_DS003_010|P_DS003_016|P_DS003_019|P_DS003_022|P_DS003_025|P_DS003_028|P_DS003_031,,P_DS003_001,4.0,675,2125,0.0,48.0
DS003_20260704_I12,DS003,2026-07-04,12,Night,4,10,9,0,1,675,0.0,P_DS003_007|P_DS003_010|P_DS003_016|P_DS003_019|P_DS003_022|P_DS003_025|P_DS003_028|P_DS003_031|P_DS003_001,,P_DS003_004,4.0,675,1450,0.0,48.0
DS003_20260704_I13,DS003,2026-07-04,13,Morning,6,10,3,2,5,225,1.0,P_DS003_010|P_DS003_016|P_DS003_019,P_DS003_022|P_DS003_025,P_DS003_028|P_DS003_031|P_DS003_001|P_DS003_004|P_DS003_007,1.2,225,1225,1.0,47.0
DS003_20260704_I14,DS003,2026-07-04,14,Morning,14,10,3,2,5,225,1.0,P_DS003_016|P_DS003_019|P_DS003_022,P_DS003_025|P_DS003_028,P_DS003_031|P_DS003_001|P_DS003_004|P_DS003_007|P_DS003_010,2.8,225,1000,1.0,46.0
DS003_20260704_I15,DS003,2026-07-04,15,Morning,15,10,3,2,5,225,1.0,P_DS003_019|P_DS003_022|P_DS003_025,P_DS003_028|P_DS003_031,P_DS003_001|P_DS003_004|P_DS003_007|P_DS003_010|P_DS003_016,3.0,225,775,1.0,45.0
DS003_20260704_I16,DS003,2026-07-04,16,Morning,13,10,3,2,5,225,1.0,P_DS003_022|P_DS003_025|P_DS003_028,P_DS003_031|P_DS003_001,P_DS003_004|P_DS003_007|P_DS003_010|P_DS003_016|P_DS003_019,2.6,225,550,1.0,44.0
DS003_20260704_I17,DS003,2026-07-04,17,Morning,20,19,3,2,14,225,1.0,P_DS003_031|P_DS003_032|P_DS003_001,P_DS003_002|P_DS003_004,P_DS003_005|P_DS003_007|P_DS003_008|P_DS003_010|P_DS003_011|P_DS003_014|P_DS003_016|P_DS003_019|P_DS003_022|P_DS003_023|P_DS003_025|P_DS003_026|P_DS003_028|P_DS003_029,1.4285714285714286,225,325,1.0,43.0
DS003_20260704_I18,DS003,2026-07-04,18,Morning,33,20,3,2,15,225,1.0,P_DS003_031|P_DS003_032|P_DS003_001,P_DS003_002|P_DS003_004,P_DS003_005|P_DS003_007|P_DS003_008|P_DS003_010|P_DS003_011|P_DS003_014|P_DS003_016|P_DS003_017|P_DS003_019|P_DS003_022|P_DS003_023|P_DS003_025|P_DS003_026|P_DS003_028|P_DS003_029,2.2,225,100,1.0,42.0
DS003_20260704_I19,DS003,2026-07-04,19,Morning,36,10,0,2,8,0,1.0,,P_DS003_032|P_DS003_002,P_DS003_005|P_DS003_008|P_DS003_011|P_DS003_014|P_DS003_017|P_DS003_023|P_DS003_026|P_DS003_029,4.5,0,100,1.0,41.0
DS003_20260704_I20,DS003,2026-07-04,20,Morning,57,10,0,2,8,0,1.0,,P_DS003_002|P_DS003_005,P_DS003_008|P_DS003_011|P_DS003_014|P_DS003_017|P_DS003_023|P_DS003_026|P_DS003_029|P_DS003_032,7.125,0,100,1.0,40.0
DS003_20260704_I21,DS003,2026-07-04,21,Morning,88,10,0,2,8,0,1.0,,P_DS003_005|P_DS003_008,P_DS003_011|P_DS003_014|P_DS003_017|P_DS003_023|P_DS003_026|P_DS003_029|P_DS003_032|P_DS003_002,11.0,0,100,1.0,39.0
DS003_20260704_I22,DS003,2026-07-04,22,Morning,84,10,0,2,8,0,1.0,,P_DS003_008|P_DS003_011,P_DS003_014|P_DS003_017|P_DS003_023|P_DS003_026|P_DS003_029|P_DS003_032|P_DS003_002|P_DS003_005,10.5,0,100,1.0,38.0
DS003_20260704_I23,DS003,2026-07-04,23,Lunch,93,10,0,0,10,0,0.0,,,P_DS003_011|P_DS003_014|P_DS003_017|P_DS003_023|P_DS003_026|P_DS003_029|P_DS003_032|P_DS003_002|P_DS003_005|P_DS003_008,9.3,0,100,0.0,38.0
DS003_20260704_I24,DS003,2026-07-04,24,Lunch,94,10,0,0,10,0,0.0,,,P_DS003_014|P_DS003_017|P_DS003_023|P_DS003_026|P_DS003_029|P_DS003_032|P_DS003_002|P_DS003_005|P_DS003_008|P_DS003_011,9.4,0,100,0.0,38.0
DS003_20260704_I25,DS003,2026-07-04,25,Lunch,88,10,0,0,10,0,0.0,,,P_DS003_017|P_DS003_023|P_DS003_026|P_DS003_029|P_DS003_032|P_DS003_002|P_DS003_005|P_DS003_008|P_DS003_011|P_DS003_014,8.8,0,100,0.0,38.0
DS003_20260704_I26,DS003,2026-07-04,26,Lunch,95,10,0,0,10,0,0.0,,,P_DS003_023|P_DS003_026|P_DS003_029|P_DS003_032|P_DS003_002|P_DS003_005|P_DS003_008|P_DS003_011|P_DS003_014|P_DS003_017,9.5,0,100,0.0,38.0
DS003_20260704_I27,DS003,2026-07-04,27,Lunch,81,10,0,0,10,0,0.0,,,P_DS003_026|P_DS003_029|P_DS003_032|P_DS003_002|P_DS003_005|P_DS003_008|P_DS003_011|P_DS003_014|P_DS003_017|P_DS003_023,8.1,0,100,0.0,38.0
DS003_20260704_I28,DS003,2026-07-04,28,Lunch,96,10,0,0,10,0,0.0,,,P_DS003_029|P_DS003_032|P_DS003_002|P_DS003_005|P_DS003_008|P_DS003_011|P_DS003_014|P_DS003_017|P_DS003_023|P_DS003_026,9.6,0,100,0.0,38.0
DS003_20260704_I29,DS003,2026-07-04,29,Lunch,79,10,0,0,10,0,0.0,,,P_DS003_032|P_DS003_002|P_DS003_005|P_DS003_008|P_DS003_011|P_DS003_014|P_DS003_017|P_DS003_023|P_DS003_026|P_DS003_029,7.9,0,100,0.0,38.0
DS003_20260704_I30,DS003,2026-07-04,30,Lunch,69,10,0,0,10,0,0.0,,,P_DS003_002|P_DS003_005|P_DS003_008|P_DS003_011|P_DS003_014|P_DS003_017|P_DS003_023|P_DS003_026|P_DS003_029|P_DS003_032,6.9,0,100,0.0,38.0
DS003_20260704_I31,DS003,2026-07-04,31,Afternoon,48,10,0,2,8,0,1.0,,P_DS003_005|P_DS003_008,P_DS003_011|P_DS003_014|P_DS003_017|P_DS003_023|P_DS003_026|P_DS003_029|P_DS003_032|P_DS003_002,6.0,0,100,1.0,37.0
DS003_20260704_I32,DS003,2026-07-04,32,Afternoon,67,10,0,2,8,0,1.0,,P_DS003_008|P_DS003_011,P_DS003_014|P_DS003_017|P_DS003_023|P_DS003_026|P_DS003_029|P_DS003_032|P_DS003_002|P_DS003_005,8.375,0,100,1.0,36.0
DS003_20260704_I33,DS003,2026-07-04,33,Afternoon,60,16,0,2,14,0,1.0,,P_DS003_003|P_DS003_005,P_DS003_008|P_DS003_011|P_DS003_012|P_DS003_014|P_DS003_015|P_DS003_017|P_DS003_021|P_DS003_023|P_DS003_024|P_DS003_026|P_DS003_029|P_DS003_030|P_DS003_032|P_DS003_002,4.285714285714286,0,100,1.0,35.0
DS003_20260704_I34,DS003,2026-07-04,34,Afternoon,60,17,0,2,15,0,1.0,,P_DS003_002|P_DS003_003,P_DS003_005|P_DS003_008|P_DS003_011|P_DS003_012|P_DS003_014|P_DS003_015|P_DS003_017|P_DS003_018|P_DS003_021|P_DS003_023|P_DS003_024|P_DS003_026|P_DS003_029|P_DS003_030|P_DS003_032,4.0,0,100,1.0,34.0
DS003_20260704_I35,DS003,2026-07-04,35,Afternoon,47,7,0,2,5,0,1.0,,P_DS003_003|P_DS003_012,P_DS003_015|P_DS003_018|P_DS003_021|P_DS003_024|P_DS003_030,9.4,0,100,1.0,33.0
DS003_20260704_I36,DS003,2026-07-04,36,Afternoon,54,7,0,2,5,0,1.0,,P_DS003_012|P_DS003_015,P_DS003_018|P_DS003_021|P_DS003_024|P_DS003_030|P_DS003_003,10.8,0,100,1.0,32.0
DS003_20260704_I37,DS003,2026-07-04,37,Evening,62,10,0,0,10,0,0.0,,,P_DS003_013|P_DS003_020|P_DS003_027|P_DS003_003|P_DS003_012|P_DS003_015|P_DS003_018|P_DS003_021|P_DS003_024|P_DS003_030,6.2,0,100,0.0,32.0
DS003_20260704_I38,DS003,2026-07-04,38,Evening,110,10,0,0,10,0,0.0,,,P_DS003_020|P_DS003_027|P_DS003_003|P_DS003_012|P_DS003_015|P_DS003_018|P_DS003_021|P_DS003_024|P_DS003_030|P_DS003_013,11.0,0,100,0.0,32.0
DS003_20260704_I39,DS003,2026-07-04,39,Evening,109,10,0,0,10,0,0.0,,,P_DS003_027|P_DS003_003|P_DS003_012|P_DS003_015|P_DS003_018|P_DS003_021|P_DS003_024|P_DS003_030|P_DS003_013|P_DS003_020,10.9,0,100,0.0,32.0
DS003_20260704_I40,DS003,2026-07-04,40,Evening,112,10,0,0,10,0,0.0,,,P_DS003_003|P_DS003_012|P_DS003_015|P_DS003_018|P_DS003_021|P_DS003_024|P_DS003_030|P_DS003_013|P_DS003_020|P_DS003_027,11.2,0,100,0.0,32.0
DS003_20260704_I41,DS003,2026-07-04,41,Evening,131,10,0,0,10,0,0.0,,,P_DS003_012|P_DS003_015|P_DS003_018|P_DS003_021|P_DS003_024|P_DS003_030|P_DS003_013|P_DS003_020|P_DS003_027|P_DS003_003,13.1,0,100,0.0,32.0
DS003_20260704_I42,DS003,2026-07-04,42,Evening,126,10,0,0,10,0,0.0,,,P_DS003_015|P_DS003_018|P_DS003_021|P_DS003_024|P_DS003_030|P_DS003_013|P_DS003_020|P_DS003_027|P_DS003_003|P_DS003_012,12.6,0,100,0.0,32.0
DS003_20260704_I43,DS003,2026-07-04,43,Evening,113,10,0,0,10,0,0.0,,,P_DS003_018|P_DS003_021|P_DS003_024|P_DS003_030|P_DS003_013|P_DS003_020|P_DS003_027|P_DS003_003|P_DS003_012|P_DS003_015,11.3,0,100,0.0,32.0
DS003_20260704_I44,DS003,2026-07-04,44,Evening,92,10,0,0,10,0,0.0,,,P_DS003_021|P_DS003_024|P_DS003_030|P_DS003_013|P_DS003_020|P_DS003_027|P_DS003_003|P_DS003_012|P_DS003_015|P_DS003_018,9.2,0,100,0.0,32.0
DS003_20260704_I45,DS003,2026-07-04,45,Evening,64,7,0,0,7,0,0.0,,,P_DS003_018|P_DS003_021|P_DS003_024|P_DS003_030|P_DS003_003|P_DS003_012|P_DS003_015,9.142857142857142,0,100,0.0,32.0
DS003_20260704_I46,DS003,2026-07-04,46,Evening,44,7,0,0,7,0,0.0,,,P_DS003_021|P_DS003_024|P_DS003_030|P_DS003_003|P_DS003_012|P_DS003_015|P_DS003_018,6.285714285714286,0,100,0.0,32.0
DS003_20260704_I47,DS003,2026-07-04,47,Late Night,31,7,0,2,5,0,1.0,,P_DS003_024|P_DS003_030,P_DS003_003|P_DS003_012|P_DS003_015|P_DS003_018|P_DS003_021,6.2,0,100,1.0,31.0
DS003_20260704_I48,DS003,2026-07-04,48,Late Night,32,7,0,2,5,0,1.0,,P_DS003_030|P_DS003_003,P_DS003_012|P_DS003_015|P_DS003_018|P_DS003_021|P_DS003_024,6.4,0,100,1.0,30.0
DS003_20260705_I01,DS003,2026-07-05,1,Night,9,14,12,1,1,900,0.5,P_DS003_012|P_DS003_015|P_DS003_018|P_DS003_021|P_DS003_024|P_DS003_030|P_DS003_001|P_DS003_004|P_DS003_010|P_DS003_016|P_DS003_022|P_DS003_025,P_DS003_031,P_DS003_003,9.0,900,9100,0.5,49.5
DS003_20260705_I02,DS003,2026-07-05,2,Night,6,15,12,2,1,900,1.0,P_DS003_015|P_DS003_018|P_DS003_021|P_DS003_024|P_DS003_030|P_DS003_001|P_DS003_004|P_DS003_010|P_DS003_016|P_DS003_019|P_DS003_022|P_DS003_025,P_DS003_031|P_DS003_003,P_DS003_012,6.0,900,8200,1.0,48.5
DS003_20260705_I03,DS003,2026-07-05,3,Night,7,8,7,0,1,525,0.0,P_DS003_016|P_DS003_019|P_DS003_022|P_DS003_025|P_DS003_031|P_DS003_001|P_DS003_004,,P_DS003_010,7.0,525,7675,0.0,48.5
DS003_20260705_I04,DS003,2026-07-05,4,Night,7,8,7,0,1,525,0.0,P_DS003_019|P_DS003_022|P_DS003_025|P_DS003_031|P_DS003_001|P_DS003_004|P_DS003_010,,P_DS003_016,7.0,525,7150,0.0,48.5
DS003_20260705_I05,DS003,2026-07-05,5,Night,6,8,7,0,1,525,0.0,P_DS003_022|P_DS003_025|P_DS003_031|P_DS003_001|P_DS003_004|P_DS003_010|P_DS003_016,,P_DS003_019,6.0,525,6625,0.0,48.5
DS003_20260705_I06,DS003,2026-07-05,6,Night,6,8,7,0,1,525,0.0,P_DS003_025|P_DS003_031|P_DS003_001|P_DS003_004|P_DS003_010|P_DS003_016|P_DS003_019,,P_DS003_022,6.0,525,6100,0.0,48.5
DS003_20260705_I07,DS003,2026-07-05,7,Night,3,8,7,0,1,525,0.0,P_DS003_031|P_DS003_001|P_DS003_004|P_DS003_010|P_DS003_016|P_DS003_019|P_DS003_022,,P_DS003_025,3.0,525,5575,0.0,48.5
DS003_20260705_I08,DS003,2026-07-05,8,Night,7,8,7,0,1,525,0.0,P_DS003_001|P_DS003_004|P_DS003_010|P_DS003_016|P_DS003_019|P_DS003_022|P_DS003_025,,P_DS003_031,7.0,525,5050,0.0,48.5
DS003_20260705_I09,DS003,2026-07-05,9,Night,6,8,7,0,1,525,0.0,P_DS003_004|P_DS003_010|P_DS003_016|P_DS003_019|P_DS003_022|P_DS003_025|P_DS003_031,,P_DS003_001,6.0,525,4525,0.0,48.5
DS003_20260705_I10,DS003,2026-07-05,10,Night,3,8,7,0,1,525,0.0,P_DS003_010|P_DS003_016|P_DS003_019|P_DS003_022|P_DS003_025|P_DS003_031|P_DS003_001,,P_DS003_004,3.0,525,4000,0.0,48.5
DS003_20260705_I11,DS003,2026-07-05,11,Night,14,8,7,0,1,525,0.0,P_DS003_016|P_DS003_019|P_DS003_022|P_DS003_025|P_DS003_031|P_DS003_001|P_DS003_004,,P_DS003_010,14.0,525,3475,0.0,48.5
DS003_20260705_I12,DS003,2026-07-05,12,Night,4,8,7,0,1,525,0.0,P_DS003_019|P_DS003_022|P_DS003_025|P_DS003_031|P_DS003_001|P_DS003_004|P_DS003_010,,P_DS003_016,4.0,525,2950,0.0,48.5
DS003_20260705_I13,DS003,2026-07-05,13,Morning,5,8,3,2,3,225,1.0,P_DS003_022|P_DS003_025|P_DS003_031,P_DS003_001|P_DS003_004,P_DS003_010|P_DS003_016|P_DS003_019,1.6666666666666667,225,2725,1.0,47.5
DS003_20260705_I14,DS003,2026-07-05,14,Morning,11,8,3,2,3,225,1.0,P_DS003_025|P_DS003_031|P_DS003_001,P_DS003_004|P_DS003_010,P_DS003_016|P_DS003_019|P_DS003_022,3.6666666666666665,225,2500,1.0,46.5
DS003_20260705_I15,DS003,2026-07-05,15,Morning,10,8,3,2,3,225,1.0,P_DS003_031|P_DS003_001|P_DS003_004,P_DS003_010|P_DS003_016,P_DS003_019|P_DS003_022|P_DS003_025,3.3333333333333335,225,2275,1.0,45.5
DS003_20260705_I16,DS003,2026-07-05,16,Morning,19,8,3,2,3,225,1.0,P_DS003_001|P_DS003_004|P_DS003_010,P_DS003_016|P_DS003_019,P_DS003_022|P_DS003_025|P_DS003_031,6.333333333333333,225,2050,1.0,44.5
DS003_20260705_I17,DS003,2026-07-05,17,Morning,27,18,3,2,13,225,1.0,P_DS003_032|P_DS003_001|P_DS003_002,P_DS003_004|P_DS003_005,P_DS003_008|P_DS003_010|P_DS003_011|P_DS003_016|P_DS003_017|P_DS003_019|P_DS003_020|P_DS003_022|P_DS003_023|P_DS003_025|P_DS003_026|P_DS003_029|P_DS003_031,2.076923076923077,225,1825,1.0,43.5
DS003_20260705_I18,DS003,2026-07-05,18,Morning,26,17,3,2,12,225,1.0,P_DS003_002|P_DS003_004|P_DS003_005,P_DS003_008|P_DS003_010,P_DS003_011|P_DS003_016|P_DS003_017|P_DS003_020|P_DS003_022|P_DS003_023|P_DS003_025|P_DS003_026|P_DS003_029|P_DS003_031|P_DS003_032|P_DS003_001,2.1666666666666665,225,1600,1.0,42.5
DS003_20260705_I19,DS003,2026-07-05,19,Morning,52,10,0,2,8,0,1.0,,P_DS003_032|P_DS003_002,P_DS003_005|P_DS003_008|P_DS003_011|P_DS003_017|P_DS003_020|P_DS003_023|P_DS003_026|P_DS003_029,6.5,0,1600,1.0,41.5
DS003_20260705_I20,DS003,2026-07-05,20,Morning,54,10,0,2,8,0,1.0,,P_DS003_002|P_DS003_005,P_DS003_008|P_DS003_011|P_DS003_017|P_DS003_020|P_DS003_023|P_DS003_026|P_DS003_029|P_DS003_032,6.75,0,1600,1.0,40.5
DS003_20260705_I21,DS003,2026-07-05,21,Morning,63,10,0,2,8,0,1.0,,P_DS003_005|P_DS003_008,P_DS003_011|P_DS003_017|P_DS003_020|P_DS003_023|P_DS003_026|P_DS003_029|P_DS003_032|P_DS003_002,7.875,0,1600,1.0,39.5
DS003_20260705_I22,DS003,2026-07-05,22,Morning,77,10,0,2,8,0,1.0,,P_DS003_008|P_DS003_011,P_DS003_017|P_DS003_020|P_DS003_023|P_DS003_026|P_DS003_029|P_DS003_032|P_DS003_002|P_DS003_005,9.625,0,1600,1.0,38.5
DS003_20260705_I23,DS003,2026-07-05,23,Lunch,75,10,0,0,10,0,0.0,,,P_DS003_011|P_DS003_017|P_DS003_020|P_DS003_023|P_DS003_026|P_DS003_029|P_DS003_032|P_DS003_002|P_DS003_005|P_DS003_008,7.5,0,1600,0.0,38.5
DS003_20260705_I24,DS003,2026-07-05,24,Lunch,98,10,0,0,10,0,0.0,,,P_DS003_017|P_DS003_020|P_DS003_023|P_DS003_026|P_DS003_029|P_DS003_032|P_DS003_002|P_DS003_005|P_DS003_008|P_DS003_011,9.8,0,1600,0.0,38.5
DS003_20260705_I25,DS003,2026-07-05,25,Lunch,76,10,0,0,10,0,0.0,,,P_DS003_020|P_DS003_023|P_DS003_026|P_DS003_029|P_DS003_032|P_DS003_002|P_DS003_005|P_DS003_008|P_DS003_011|P_DS003_017,7.6,0,1600,0.0,38.5
DS003_20260705_I26,DS003,2026-07-05,26,Lunch,79,10,0,0,10,0,0.0,,,P_DS003_023|P_DS003_026|P_DS003_029|P_DS003_032|P_DS003_002|P_DS003_005|P_DS003_008|P_DS003_011|P_DS003_017|P_DS003_020,7.9,0,1600,0.0,38.5
DS003_20260705_I27,DS003,2026-07-05,27,Lunch,84,10,0,0,10,0,0.0,,,P_DS003_026|P_DS003_029|P_DS003_032|P_DS003_002|P_DS003_005|P_DS003_008|P_DS003_011|P_DS003_017|P_DS003_020|P_DS003_023,8.4,0,1600,0.0,38.5
DS003_20260705_I28,DS003,2026-07-05,28,Lunch,92,10,0,0,10,0,0.0,,,P_DS003_029|P_DS003_032|P_DS003_002|P_DS003_005|P_DS003_008|P_DS003_011|P_DS003_017|P_DS003_020|P_DS003_023|P_DS003_026,9.2,0,1600,0.0,38.5
DS003_20260705_I29,DS003,2026-07-05,29,Lunch,85,10,0,0,10,0,0.0,,,P_DS003_032|P_DS003_002|P_DS003_005|P_DS003_008|P_DS003_011|P_DS003_017|P_DS003_020|P_DS003_023|P_DS003_026|P_DS003_029,8.5,0,1600,0.0,38.5
DS003_20260705_I30,DS003,2026-07-05,30,Lunch,63,10,0,0,10,0,0.0,,,P_DS003_002|P_DS003_005|P_DS003_008|P_DS003_011|P_DS003_017|P_DS003_020|P_DS003_023|P_DS003_026|P_DS003_029|P_DS003_032,6.3,0,1600,0.0,38.5
DS003_20260705_I31,DS003,2026-07-05,31,Afternoon,51,10,0,2,8,0,1.0,,P_DS003_005|P_DS003_008,P_DS003_011|P_DS003_017|P_DS003_020|P_DS003_023|P_DS003_026|P_DS003_029|P_DS003_032|P_DS003_002,6.375,0,1600,1.0,37.5
DS003_20260705_I32,DS003,2026-07-05,32,Afternoon,55,10,0,2,8,0,1.0,,P_DS003_008|P_DS003_011,P_DS003_017|P_DS003_020|P_DS003_023|P_DS003_026|P_DS003_029|P_DS003_032|P_DS003_002|P_DS003_005,6.875,0,1600,1.0,36.5
DS003_20260705_I33,DS003,2026-07-05,33,Afternoon,38,18,0,2,16,0,1.0,,P_DS003_027|P_DS003_029,P_DS003_032|P_DS003_002|P_DS003_003|P_DS003_005|P_DS003_006|P_DS003_008|P_DS003_009|P_DS003_011|P_DS003_012|P_DS003_015|P_DS003_017|P_DS003_018|P_DS003_020|P_DS003_023|P_DS003_024|P_DS003_026,2.375,0,1600,1.0,35.5
DS003_20260705_I34,DS003,2026-07-05,34,Afternoon,58,18,0,2,16,0,1.0,,P_DS003_029|P_DS003_032,P_DS003_002|P_DS003_003|P_DS003_005|P_DS003_006|P_DS003_008|P_DS003_009|P_DS003_011|P_DS003_012|P_DS003_015|P_DS003_017|P_DS003_018|P_DS003_020|P_DS003_023|P_DS003_024|P_DS003_026|P_DS003_027,3.625,0,1600,1.0,34.5
DS003_20260705_I35,DS003,2026-07-05,35,Afternoon,51,8,0,2,6,0,1.0,,P_DS003_012|P_DS003_015,P_DS003_018|P_DS003_024|P_DS003_027|P_DS003_003|P_DS003_006|P_DS003_009,8.5,0,1600,1.0,33.5
DS003_20260705_I36,DS003,2026-07-05,36,Afternoon,63,8,0,2,6,0,1.0,,P_DS003_015|P_DS003_018,P_DS003_024|P_DS003_027|P_DS003_003|P_DS003_006|P_DS003_009|P_DS003_012,10.5,0,1600,1.0,32.5
DS003_20260705_I37,DS003,2026-07-05,37,Evening,65,10,0,0,10,0,0.0,,,P_DS003_027|P_DS003_028|P_DS003_021|P_DS003_003|P_DS003_006|P_DS003_009|P_DS003_012|P_DS003_015|P_DS003_018|P_DS003_024,6.5,0,1600,0.0,32.5
DS003_20260705_I38,DS003,2026-07-05,38,Evening,92,11,0,0,11,0,0.0,,,P_DS003_018|P_DS003_024|P_DS003_027|P_DS003_028|P_DS003_007|P_DS003_021|P_DS003_003|P_DS003_006|P_DS003_009|P_DS003_012|P_DS003_015,8.363636363636363,0,1600,0.0,32.5
DS003_20260705_I39,DS003,2026-07-05,39,Evening,97,11,0,0,11,0,0.0,,,P_DS003_024|P_DS003_027|P_DS003_028|P_DS003_007|P_DS003_021|P_DS003_003|P_DS003_006|P_DS003_009|P_DS003_012|P_DS003_015|P_DS003_018,8.818181818181818,0,1600,0.0,32.5
DS003_20260705_I40,DS003,2026-07-05,40,Evening,103,11,0,0,11,0,0.0,,,P_DS003_027|P_DS003_028|P_DS003_007|P_DS003_021|P_DS003_003|P_DS003_006|P_DS003_009|P_DS003_012|P_DS003_015|P_DS003_018|P_DS003_024,9.363636363636363,0,1600,0.0,32.5
DS003_20260705_I41,DS003,2026-07-05,41,Evening,104,11,0,0,11,0,0.0,,,P_DS003_028|P_DS003_007|P_DS003_021|P_DS003_003|P_DS003_006|P_DS003_009|P_DS003_012|P_DS003_015|P_DS003_018|P_DS003_024|P_DS003_027,9.454545454545455,0,1600,0.0,32.5
DS003_20260705_I42,DS003,2026-07-05,42,Evening,108,11,0,0,11,0,0.0,,,P_DS003_007|P_DS003_021|P_DS003_003|P_DS003_006|P_DS003_009|P_DS003_012|P_DS003_015|P_DS003_018|P_DS003_024|P_DS003_027|P_DS003_028,9.818181818181818,0,1600,0.0,32.5
DS003_20260705_I43,DS003,2026-07-05,43,Evening,91,11,0,0,11,0,0.0,,,P_DS003_021|P_DS003_003|P_DS003_006|P_DS003_009|P_DS003_012|P_DS003_015|P_DS003_018|P_DS003_024|P_DS003_027|P_DS003_028|P_DS003_007,8.272727272727273,0,1600,0.0,32.5
DS003_20260705_I44,DS003,2026-07-05,44,Evening,106,11,0,0,11,0,0.0,,,P_DS003_003|P_DS003_006|P_DS003_009|P_DS003_012|P_DS003_015|P_DS003_018|P_DS003_024|P_DS003_027|P_DS003_028|P_DS003_007|P_DS003_021,9.636363636363637,0,1600,0.0,32.5
DS003_20260705_I45,DS003,2026-07-05,45,Evening,57,8,0,0,8,0,0.0,,,P_DS003_018|P_DS003_024|P_DS003_027|P_DS003_003|P_DS003_006|P_DS003_009|P_DS003_012|P_DS003_015,7.125,0,1600,0.0,32.5
DS003_20260705_I46,DS003,2026-07-05,46,Evening,41,8,0,0,8,0,0.0,,,P_DS003_024|P_DS003_027|P_DS003_003|P_DS003_006|P_DS003_009|P_DS003_012|P_DS003_015|P_DS003_018,5.125,0,1600,0.0,32.5
DS003_20260705_I47,DS003,2026-07-05,47,Late Night,35,8,0,2,6,0,1.0,,P_DS003_027|P_DS003_003,P_DS003_006|P_DS003_009|P_DS003_012|P_DS003_015|P_DS003_018|P_DS003_024,5.833333333333333,0,1600,1.0,31.5
DS003_20260705_I48,DS003,2026-07-05,48,Late Night,29,8,0,2,6,0,1.0,,P_DS003_003|P_DS003_006,P_DS003_009|P_DS003_012|P_DS003_015|P_DS003_018|P_DS003_024|P_DS003_027,4.833333333333333,0,1600,1.0,30.5
DS003_20260706_I01,DS003,2026-07-06,1,Night,9,17,12,2,3,900,1.0,P_DS003_006|P_DS003_009|P_DS003_012|P_DS003_015|P_DS003_018|P_DS003_024|P_DS003_027|P_DS003_004|P_DS003_007|P_DS003_010|P_DS003_013|P_DS003_016,P_DS003_019|P_DS003_025,P_DS003_028|P_DS003_031|P_DS003_003,3.0,900,9100,1.0,49.0
DS003_20260706_I02,DS003,2026-07-06,2,Night,6,17,12,2,3,900,1.0,P_DS003_009|P_DS003_012|P_DS003_015|P_DS003_018|P_DS003_024|P_DS003_027|P_DS003_004|P_DS003_007|P_DS003_010|P_DS003_013|P_DS003_016|P_DS003_019,P_DS003_025|P_DS003_028,P_DS003_031|P_DS003_003|P_DS003_006,2.0,900,8200,1.0,48.0
DS003_20260706_I03,DS003,2026-07-06,3,Night,1,9,8,0,1,600,0.0,P_DS003_013|P_DS003_016|P_DS003_019|P_DS003_025|P_DS003_028|P_DS003_031|P_DS003_004|P_DS003_007,,P_DS003_010,1.0,600,7600,0.0,48.0
DS003_20260706_I04,DS003,2026-07-06,4,Night,6,9,8,0,1,600,0.0,P_DS003_016|P_DS003_019|P_DS003_025|P_DS003_028|P_DS003_031|P_DS003_004|P_DS003_007|P_DS003_010,,P_DS003_013,6.0,600,7000,0.0,48.0
DS003_20260706_I05,DS003,2026-07-06,5,Night,3,9,8,0,1,600,0.0,P_DS003_019|P_DS003_025|P_DS003_028|P_DS003_031|P_DS003_004|P_DS003_007|P_DS003_010|P_DS003_013,,P_DS003_016,3.0,600,6400,0.0,48.0
DS003_20260706_I06,DS003,2026-07-06,6,Night,6,9,8,0,1,600,0.0,P_DS003_025|P_DS003_028|P_DS003_031|P_DS003_004|P_DS003_007|P_DS003_010|P_DS003_013|P_DS003_016,,P_DS003_019,6.0,600,5800,0.0,48.0
DS003_20260706_I07,DS003,2026-07-06,7,Night,3,9,8,0,1,600,0.0,P_DS003_028|P_DS003_031|P_DS003_004|P_DS003_007|P_DS003_010|P_DS003_013|P_DS003_016|P_DS003_019,,P_DS003_025,3.0,600,5200,0.0,48.0
DS003_20260706_I08,DS003,2026-07-06,8,Night,6,9,8,0,1,600,0.0,P_DS003_031|P_DS003_004|P_DS003_007|P_DS003_010|P_DS003_013|P_DS003_016|P_DS003_019|P_DS003_025,,P_DS003_028,6.0,600,4600,0.0,48.0
DS003_20260706_I09,DS003,2026-07-06,9,Night,8,9,8,0,1,600,0.0,P_DS003_004|P_DS003_007|P_DS003_010|P_DS003_013|P_DS003_016|P_DS003_019|P_DS003_025|P_DS003_028,,P_DS003_031,8.0,600,4000,0.0,48.0
DS003_20260706_I10,DS003,2026-07-06,10,Night,8,9,8,0,1,600,0.0,P_DS003_007|P_DS003_010|P_DS003_013|P_DS003_016|P_DS003_019|P_DS003_025|P_DS003_028|P_DS003_031,,P_DS003_004,8.0,600,3400,0.0,48.0
DS003_20260706_I11,DS003,2026-07-06,11,Night,8,9,8,0,1,600,0.0,P_DS003_010|P_DS003_013|P_DS003_016|P_DS003_019|P_DS003_025|P_DS003_028|P_DS003_031|P_DS003_004,,P_DS003_007,8.0,600,2800,0.0,48.0
DS003_20260706_I12,DS003,2026-07-06,12,Night,11,9,8,0,1,600,0.0,P_DS003_013|P_DS003_016|P_DS003_019|P_DS003_025|P_DS003_028|P_DS003_031|P_DS003_004|P_DS003_007,,P_DS003_010,11.0,600,2200,0.0,48.0
DS003_20260706_I13,DS003,2026-07-06,13,Morning,11,9,3,2,4,225,1.0,P_DS003_016|P_DS003_019|P_DS003_025,P_DS003_028|P_DS003_031,P_DS003_004|P_DS003_007|P_DS003_010|P_DS003_013,2.75,225,1975,1.0,47.0
DS003_20260706_I14,DS003,2026-07-06,14,Morning,21,9,3,2,4,225,1.0,P_DS003_019|P_DS003_025|P_DS003_028,P_DS003_031|P_DS003_004,P_DS003_007|P_DS003_010|P_DS003_013|P_DS003_016,5.25,225,1750,1.0,46.0
DS003_20260706_I15,DS003,2026-07-06,15,Morning,20,9,3,2,4,225,1.0,P_DS003_025|P_DS003_028|P_DS003_031,P_DS003_004|P_DS003_007,P_DS003_010|P_DS003_013|P_DS003_016|P_DS003_019,5.0,225,1525,1.0,45.0
DS003_20260706_I16,DS003,2026-07-06,16,Morning,35,9,3,2,4,225,1.0,P_DS003_028|P_DS003_031|P_DS003_004,P_DS003_007|P_DS003_010,P_DS003_013|P_DS003_016|P_DS003_019|P_DS003_025,8.75,225,1300,1.0,44.0
DS003_20260706_I17,DS003,2026-07-06,17,Morning,48,17,3,2,12,225,1.0,P_DS003_002|P_DS003_004|P_DS003_005,P_DS003_007|P_DS003_010,P_DS003_011|P_DS003_013|P_DS003_014|P_DS003_016|P_DS003_017|P_DS003_019|P_DS003_020|P_DS003_023|P_DS003_025|P_DS003_026|P_DS003_028|P_DS003_031,4.0,225,1075,1.0,43.0
DS003_20260706_I18,DS003,2026-07-06,18,Morning,54,17,3,2,12,225,1.0,P_DS003_004|P_DS003_005|P_DS003_007,P_DS003_010|P_DS003_011,P_DS003_013|P_DS003_014|P_DS003_016|P_DS003_017|P_DS003_019|P_DS003_020|P_DS003_023|P_DS003_025|P_DS003_026|P_DS003_028|P_DS003_031|P_DS003_002,4.5,225,850,1.0,42.0
DS003_20260706_I19,DS003,2026-07-06,19,Morning,42,8,0,2,6,0,1.0,,P_DS003_014|P_DS003_017,P_DS003_020|P_DS003_023|P_DS003_026|P_DS003_002|P_DS003_005|P_DS003_011,7.0,0,850,1.0,41.0
DS003_20260706_I20,DS003,2026-07-06,20,Morning,41,8,0,2,6,0,1.0,,P_DS003_017|P_DS003_020,P_DS003_023|P_DS003_026|P_DS003_002|P_DS003_005|P_DS003_011|P_DS003_014,6.833333333333333,0,850,1.0,40.0
DS003_20260706_I21,DS003,2026-07-06,21,Morning,46,8,0,2,6,0,1.0,,P_DS003_020|P_DS003_023,P_DS003_026|P_DS003_002|P_DS003_005|P_DS003_011|P_DS003_014|P_DS003_017,7.666666666666667,0,850,1.0,39.0
DS003_20260706_I22,DS003,2026-07-06,22,Morning,30,8,0,2,6,0,1.0,,P_DS003_023|P_DS003_026,P_DS003_002|P_DS003_005|P_DS003_011|P_DS003_014|P_DS003_017|P_DS003_020,5.0,0,850,1.0,38.0
DS003_20260706_I23,DS003,2026-07-06,23,Lunch,43,8,0,0,8,0,0.0,,,P_DS003_026|P_DS003_002|P_DS003_005|P_DS003_011|P_DS003_014|P_DS003_017|P_DS003_020|P_DS003_023,5.375,0,850,0.0,38.0
DS003_20260706_I24,DS003,2026-07-06,24,Lunch,36,8,0,0,8,0,0.0,,,P_DS003_002|P_DS003_005|P_DS003_011|P_DS003_014|P_DS003_017|P_DS003_020|P_DS003_023|P_DS003_026,4.5,0,850,0.0,38.0
DS003_20260706_I25,DS003,2026-07-06,25,Lunch,82,8,0,0,8,0,0.0,,,P_DS003_005|P_DS003_011|P_DS003_014|P_DS003_017|P_DS003_020|P_DS003_023|P_DS003_026|P_DS003_002,10.25,0,850,0.0,38.0
DS003_20260706_I26,DS003,2026-07-06,26,Lunch,90,8,0,0,8,0,0.0,,,P_DS003_011|P_DS003_014|P_DS003_017|P_DS003_020|P_DS003_023|P_DS003_026|P_DS003_002|P_DS003_005,11.25,0,850,0.0,38.0
DS003_20260706_I27,DS003,2026-07-06,27,Lunch,78,8,0,0,8,0,0.0,,,P_DS003_014|P_DS003_017|P_DS003_020|P_DS003_023|P_DS003_026|P_DS003_002|P_DS003_005|P_DS003_011,9.75,0,850,0.0,38.0
DS003_20260706_I28,DS003,2026-07-06,28,Lunch,82,8,0,0,8,0,0.0,,,P_DS003_017|P_DS003_020|P_DS003_023|P_DS003_026|P_DS003_002|P_DS003_005|P_DS003_011|P_DS003_014,10.25,0,850,0.0,38.0
DS003_20260706_I29,DS003,2026-07-06,29,Lunch,58,8,0,0,8,0,0.0,,,P_DS003_020|P_DS003_023|P_DS003_026|P_DS003_002|P_DS003_005|P_DS003_011|P_DS003_014|P_DS003_017,7.25,0,850,0.0,38.0
DS003_20260706_I30,DS003,2026-07-06,30,Lunch,40,8,0,0,8,0,0.0,,,P_DS003_023|P_DS003_026|P_DS003_002|P_DS003_005|P_DS003_011|P_DS003_014|P_DS003_017|P_DS003_020,5.0,0,850,0.0,38.0
DS003_20260706_I31,DS003,2026-07-06,31,Afternoon,36,8,0,2,6,0,1.0,,P_DS003_026|P_DS003_002,P_DS003_005|P_DS003_011|P_DS003_014|P_DS003_017|P_DS003_020|P_DS003_023,6.0,0,850,1.0,37.0
DS003_20260706_I32,DS003,2026-07-06,32,Afternoon,25,8,0,2,6,0,1.0,,P_DS003_002|P_DS003_005,P_DS003_011|P_DS003_014|P_DS003_017|P_DS003_020|P_DS003_023|P_DS003_026,4.166666666666667,0,850,1.0,36.0
DS003_20260706_I33,DS003,2026-07-06,33,Afternoon,16,17,0,2,15,0,1.0,,P_DS003_030|P_DS003_002,P_DS003_003|P_DS003_005|P_DS003_006|P_DS003_009|P_DS003_011|P_DS003_012|P_DS003_014|P_DS003_017|P_DS003_018|P_DS003_020|P_DS003_021|P_DS003_023|P_DS003_024|P_DS003_026|P_DS003_027,1.0666666666666667,0,850,1.0,35.0
DS003_20260706_I34,DS003,2026-07-06,34,Afternoon,30,17,0,2,15,0,1.0,,P_DS003_002|P_DS003_003,P_DS003_005|P_DS003_006|P_DS003_009|P_DS003_011|P_DS003_012|P_DS003_014|P_DS003_017|P_DS003_018|P_DS003_020|P_DS003_021|P_DS003_023|P_DS003_024|P_DS003_026|P_DS003_027|P_DS003_030,2.0,0,850,1.0,34.0
DS003_20260706_I35,DS003,2026-07-06,35,Afternoon,34,9,0,2,7,0,1.0,,P_DS003_030|P_DS003_003,P_DS003_006|P_DS003_009|P_DS003_012|P_DS003_018|P_DS003_021|P_DS003_024|P_DS003_027,4.857142857142857,0,850,1.0,33.0
DS003_20260706_I36,DS003,2026-07-06,36,Afternoon,46,9,0,2,7,0,1.0,,P_DS003_003|P_DS003_006,P_DS003_009|P_DS003_012|P_DS003_018|P_DS003_021|P_DS003_024|P_DS003_027|P_DS003_030,6.571428571428571,0,850,1.0,32.0
DS003_20260706_I37,DS003,2026-07-06,37,Evening,58,9,0,0,9,0,0.0,,,P_DS003_006|P_DS003_009|P_DS003_012|P_DS003_018|P_DS003_021|P_DS003_024|P_DS003_027|P_DS003_030|P_DS003_003,6.444444444444445,0,850,0.0,32.0
DS003_20260706_I38,DS003,2026-07-06,38,Evening,85,9,0,0,9,0,0.0,,,P_DS003_009|P_DS003_012|P_DS003_018|P_DS003_021|P_DS003_024|P_DS003_027|P_DS003_030|P_DS003_003|P_DS003_006,9.444444444444445,0,850,0.0,32.0
DS003_20260706_I39,DS003,2026-07-06,39,Evening,107,9,0,0,9,0,0.0,,,P_DS003_012|P_DS003_018|P_DS003_021|P_DS003_024|P_DS003_027|P_DS003_030|P_DS003_003|P_DS003_006|P_DS003_009,11.88888888888889,0,850,0.0,32.0
DS003_20260706_I40,DS003,2026-07-06,40,Evening,122,9,0,0,9,0,0.0,,,P_DS003_018|P_DS003_021|P_DS003_024|P_DS003_027|P_DS003_030|P_DS003_003|P_DS003_006|P_DS003_009|P_DS003_012,13.555555555555555,0,850,0.0,32.0
DS003_20260706_I41,DS003,2026-07-06,41,Evening,136,9,0,0,9,0,0.0,,,P_DS003_021|P_DS003_024|P_DS003_027|P_DS003_030|P_DS003_003|P_DS003_006|P_DS003_009|P_DS003_012|P_DS003_018,15.11111111111111,0,850,0.0,32.0
DS003_20260706_I42,DS003,2026-07-06,42,Evening,109,9,0,0,9,0,0.0,,,P_DS003_024|P_DS003_027|P_DS003_030|P_DS003_003|P_DS003_006|P_DS003_009|P_DS003_012|P_DS003_018|P_DS003_021,12.11111111111111,0,850,0.0,32.0
DS003_20260706_I43,DS003,2026-07-06,43,Evening,115,9,0,0,9,0,0.0,,,P_DS003_027|P_DS003_030|P_DS003_003|P_DS003_006|P_DS003_009|P_DS003_012|P_DS003_018|P_DS003_021|P_DS003_024,12.777777777777779,0,850,0.0,32.0
DS003_20260706_I44,DS003,2026-07-06,44,Evening,90,9,0,0,9,0,0.0,,,P_DS003_030|P_DS003_003|P_DS003_006|P_DS003_009|P_DS003_012|P_DS003_018|P_DS003_021|P_DS003_024|P_DS003_027,10.0,0,850,0.0,32.0
DS003_20260706_I45,DS003,2026-07-06,45,Evening,68,9,0,0,9,0,0.0,,,P_DS003_003|P_DS003_006|P_DS003_009|P_DS003_012|P_DS003_018|P_DS003_021|P_DS003_024|P_DS003_027|P_DS003_030,7.555555555555555,0,850,0.0,32.0
DS003_20260706_I46,DS003,2026-07-06,46,Evening,34,9,0,0,9,0,0.0,,,P_DS003_006|P_DS003_009|P_DS003_012|P_DS003_018|P_DS003_021|P_DS003_024|P_DS003_027|P_DS003_030|P_DS003_003,3.7777777777777777,0,850,0.0,32.0
DS003_20260706_I47,DS003,2026-07-06,47,Late Night,39,9,0,2,7,0,1.0,,P_DS003_009|P_DS003_012,P_DS003_018|P_DS003_021|P_DS003_024|P_DS003_027|P_DS003_030|P_DS003_003|P_DS003_006,5.571428571428571,0,850,1.0,31.0
DS003_20260706_I48,DS003,2026-07-06,48,Late Night,18,9,0,2,7,0,1.0,,P_DS003_012|P_DS003_018,P_DS003_021|P_DS003_024|P_DS003_027|P_DS003_030|P_DS003_003|P_DS003_006|P_DS003_009,2.5714285714285716,0,850,1.0,30.0
DS003_20260707_I01,DS003,2026-07-07,1,Night,12,18,12,2,4,900,1.0,P_DS003_006|P_DS003_009|P_DS003_012|P_DS003_018|P_DS003_021|P_DS003_024|P_DS003_027|P_DS003_030|P_DS003_001|P_DS003_004|P_DS003_007|P_DS003_010,P_DS003_013|P_DS003_019,P_DS003_022|P_DS003_028|P_DS003_031|P_DS003_003,3.0,900,9100,1.0,49.0
DS003_20260707_I02,DS003,2026-07-07,2,Night,8,19,12,2,5,900,1.0,P_DS003_009|P_DS003_012|P_DS003_018|P_DS003_021|P_DS003_024|P_DS003_027|P_DS003_030|P_DS003_001|P_DS003_004|P_DS003_007|P_DS003_010|P_DS003_013,P_DS003_019|P_DS003_022,P_DS003_025|P_DS003_028|P_DS003_031|P_DS003_003|P_DS003_006,1.6,900,8200,1.0,48.0
DS003_20260707_I03,DS003,2026-07-07,3,Night,14,10,9,0,1,675,0.0,P_DS003_010|P_DS003_013|P_DS003_019|P_DS003_022|P_DS003_025|P_DS003_028|P_DS003_031|P_DS003_001|P_DS003_004,,P_DS003_007,14.0,675,7525,0.0,48.0
DS003_20260707_I04,DS003,2026-07-07,4,Night,7,10,9,0,1,675,0.0,P_DS003_013|P_DS003_019|P_DS003_022|P_DS003_025|P_DS003_028|P_DS003_031|P_DS003_001|P_DS003_004|P_DS003_007,,P_DS003_010,7.0,675,6850,0.0,48.0
DS003_20260707_I05,DS003,2026-07-07,5,Night,15,10,9,0,1,675,0.0,P_DS003_019|P_DS003_022|P_DS003_025|P_DS003_028|P_DS003_031|P_DS003_001|P_DS003_004|P_DS003_007|P_DS003_010,,P_DS003_013,15.0,675,6175,0.0,48.0
DS003_20260707_I06,DS003,2026-07-07,6,Night,8,10,9,0,1,675,0.0,P_DS003_022|P_DS003_025|P_DS003_028|P_DS003_031|P_DS003_001|P_DS003_004|P_DS003_007|P_DS003_010|P_DS003_013,,P_DS003_019,8.0,675,5500,0.0,48.0
DS003_20260707_I07,DS003,2026-07-07,7,Night,6,10,9,0,1,675,0.0,P_DS003_025|P_DS003_028|P_DS003_031|P_DS003_001|P_DS003_004|P_DS003_007|P_DS003_010|P_DS003_013|P_DS003_019,,P_DS003_022,6.0,675,4825,0.0,48.0
DS003_20260707_I08,DS003,2026-07-07,8,Night,5,10,9,0,1,675,0.0,P_DS003_028|P_DS003_031|P_DS003_001|P_DS003_004|P_DS003_007|P_DS003_010|P_DS003_013|P_DS003_019|P_DS003_022,,P_DS003_025,5.0,675,4150,0.0,48.0
DS003_20260707_I09,DS003,2026-07-07,9,Night,14,10,9,0,1,675,0.0,P_DS003_031|P_DS003_001|P_DS003_004|P_DS003_007|P_DS003_010|P_DS003_013|P_DS003_019|P_DS003_022|P_DS003_025,,P_DS003_028,14.0,675,3475,0.0,48.0
DS003_20260707_I10,DS003,2026-07-07,10,Night,7,10,9,0,1,675,0.0,P_DS003_001|P_DS003_004|P_DS003_007|P_DS003_010|P_DS003_013|P_DS003_019|P_DS003_022|P_DS003_025|P_DS003_028,,P_DS003_031,7.0,675,2800,0.0,48.0
DS003_20260707_I11,DS003,2026-07-07,11,Night,6,10,9,0,1,675,0.0,P_DS003_004|P_DS003_007|P_DS003_010|P_DS003_013|P_DS003_019|P_DS003_022|P_DS003_025|P_DS003_028|P_DS003_031,,P_DS003_001,6.0,675,2125,0.0,48.0
DS003_20260707_I12,DS003,2026-07-07,12,Night,10,10,9,0,1,675,0.0,P_DS003_007|P_DS003_010|P_DS003_013|P_DS003_019|P_DS003_022|P_DS003_025|P_DS003_028|P_DS003_031|P_DS003_001,,P_DS003_004,10.0,675,1450,0.0,48.0
DS003_20260707_I13,DS003,2026-07-07,13,Morning,10,10,3,2,5,225,1.0,P_DS003_010|P_DS003_013|P_DS003_019,P_DS003_022|P_DS003_025,P_DS003_028|P_DS003_031|P_DS003_001|P_DS003_004|P_DS003_007,2.0,225,1225,1.0,47.0
DS003_20260707_I14,DS003,2026-07-07,14,Morning,18,10,3,2,5,225,1.0,P_DS003_013|P_DS003_019|P_DS003_022,P_DS003_025|P_DS003_028,P_DS003_031|P_DS003_001|P_DS003_004|P_DS003_007|P_DS003_010,3.6,225,1000,1.0,46.0
DS003_20260707_I15,DS003,2026-07-07,15,Morning,16,10,3,2,5,225,1.0,P_DS003_019|P_DS003_022|P_DS003_025,P_DS003_028|P_DS003_031,P_DS003_001|P_DS003_004|P_DS003_007|P_DS003_010|P_DS003_013,3.2,225,775,1.0,45.0
DS003_20260707_I16,DS003,2026-07-07,16,Morning,34,10,3,2,5,225,1.0,P_DS003_022|P_DS003_025|P_DS003_028,P_DS003_031|P_DS003_001,P_DS003_004|P_DS003_007|P_DS003_010|P_DS003_013|P_DS003_019,6.8,225,550,1.0,44.0
DS003_20260707_I17,DS003,2026-07-07,17,Morning,40,18,3,2,13,225,1.0,P_DS003_032|P_DS003_001|P_DS003_004,P_DS003_005|P_DS003_007,P_DS003_008|P_DS003_010|P_DS003_011|P_DS003_013|P_DS003_014|P_DS003_019|P_DS003_020|P_DS003_022|P_DS003_025|P_DS003_026|P_DS003_028|P_DS003_029|P_DS003_031,3.076923076923077,225,325,1.0,43.0
DS003_20260707_I18,DS003,2026-07-07,18,Morning,55,17,3,2,12,225,1.0,P_DS003_005|P_DS003_007|P_DS003_008,P_DS003_010|P_DS003_011,P_DS003_013|P_DS003_014|P_DS003_019|P_DS003_020|P_DS003_022|P_DS003_025|P_DS003_026|P_DS003_028|P_DS003_029|P_DS003_031|P_DS003_032|P_DS003_004,4.583333333333333,225,100,1.0,42.0
DS003_20260707_I19,DS003,2026-07-07,19,Morning,35,8,0,2,6,0,1.0,,P_DS003_014|P_DS003_020,P_DS003_026|P_DS003_029|P_DS003_032|P_DS003_005|P_DS003_008|P_DS003_011,5.833333333333333,0,100,1.0,41.0
DS003_20260707_I20,DS003,2026-07-07,20,Morning,52,8,0,2,6,0,1.0,,P_DS003_020|P_DS003_026,P_DS003_029|P_DS003_032|P_DS003_005|P_DS003_008|P_DS003_011|P_DS003_014,8.666666666666666,0,100,1.0,40.0
DS003_20260707_I21,DS003,2026-07-07,21,Morning,44,8,0,2,6,0,1.0,,P_DS003_026|P_DS003_029,P_DS003_032|P_DS003_005|P_DS003_008|P_DS003_011|P_DS003_014|P_DS003_020,7.333333333333333,0,100,1.0,39.0
DS003_20260707_I22,DS003,2026-07-07,22,Morning,50,8,0,2,6,0,1.0,,P_DS003_029|P_DS003_032,P_DS003_005|P_DS003_008|P_DS003_011|P_DS003_014|P_DS003_020|P_DS003_026,8.333333333333334,0,100,1.0,38.0
DS003_20260707_I23,DS003,2026-07-07,23,Lunch,33,8,0,0,8,0,0.0,,,P_DS003_032|P_DS003_005|P_DS003_008|P_DS003_011|P_DS003_014|P_DS003_020|P_DS003_026|P_DS003_029,4.125,0,100,0.0,38.0
DS003_20260707_I24,DS003,2026-07-07,24,Lunch,54,8,0,0,8,0,0.0,,,P_DS003_005|P_DS003_008|P_DS003_011|P_DS003_014|P_DS003_020|P_DS003_026|P_DS003_029|P_DS003_032,6.75,0,100,0.0,38.0
DS003_20260707_I25,DS003,2026-07-07,25,Lunch,56,8,0,0,8,0,0.0,,,P_DS003_008|P_DS003_011|P_DS003_014|P_DS003_020|P_DS003_026|P_DS003_029|P_DS003_032|P_DS003_005,7.0,0,100,0.0,38.0
DS003_20260707_I26,DS003,2026-07-07,26,Lunch,76,8,0,0,8,0,0.0,,,P_DS003_011|P_DS003_014|P_DS003_020|P_DS003_026|P_DS003_029|P_DS003_032|P_DS003_005|P_DS003_008,9.5,0,100,0.0,38.0
DS003_20260707_I27,DS003,2026-07-07,27,Lunch,73,8,0,0,8,0,0.0,,,P_DS003_014|P_DS003_020|P_DS003_026|P_DS003_029|P_DS003_032|P_DS003_005|P_DS003_008|P_DS003_011,9.125,0,100,0.0,38.0
DS003_20260707_I28,DS003,2026-07-07,28,Lunch,62,8,0,0,8,0,0.0,,,P_DS003_020|P_DS003_026|P_DS003_029|P_DS003_032|P_DS003_005|P_DS003_008|P_DS003_011|P_DS003_014,7.75,0,100,0.0,38.0
DS003_20260707_I29,DS003,2026-07-07,29,Lunch,53,8,0,0,8,0,0.0,,,P_DS003_026|P_DS003_029|P_DS003_032|P_DS003_005|P_DS003_008|P_DS003_011|P_DS003_014|P_DS003_020,6.625,0,100,0.0,38.0
DS003_20260707_I30,DS003,2026-07-07,30,Lunch,51,8,0,0,8,0,0.0,,,P_DS003_029|P_DS003_032|P_DS003_005|P_DS003_008|P_DS003_011|P_DS003_014|P_DS003_020|P_DS003_026,6.375,0,100,0.0,38.0
DS003_20260707_I31,DS003,2026-07-07,31,Afternoon,39,8,0,2,6,0,1.0,,P_DS003_032|P_DS003_005,P_DS003_008|P_DS003_011|P_DS003_014|P_DS003_020|P_DS003_026|P_DS003_029,6.5,0,100,1.0,37.0
DS003_20260707_I32,DS003,2026-07-07,32,Afternoon,43,8,0,2,6,0,1.0,,P_DS003_005|P_DS003_008,P_DS003_011|P_DS003_014|P_DS003_020|P_DS003_026|P_DS003_029|P_DS003_032,7.166666666666667,0,100,1.0,36.0
DS003_20260707_I33,DS003,2026-07-07,33,Afternoon,22,16,0,2,14,0,1.0,,P_DS003_005|P_DS003_006,P_DS003_008|P_DS003_011|P_DS003_012|P_DS003_014|P_DS003_015|P_DS003_018|P_DS003_020|P_DS003_021|P_DS003_024|P_DS003_026|P_DS003_027|P_DS003_029|P_DS003_032|P_DS003_003,1.5714285714285714,0,100,1.0,35.0
DS003_20260707_I34,DS003,2026-07-07,34,Afternoon,33,16,0,2,14,0,1.0,,P_DS003_006|P_DS003_008,P_DS003_011|P_DS003_012|P_DS003_014|P_DS003_015|P_DS003_018|P_DS003_020|P_DS003_021|P_DS003_024|P_DS003_026|P_DS003_027|P_DS003_029|P_DS003_032|P_DS003_003|P_DS003_005,2.357142857142857,0,100,1.0,34.0
DS003_20260707_I35,DS003,2026-07-07,35,Afternoon,42,8,0,2,6,0,1.0,,P_DS003_015|P_DS003_018,P_DS003_021|P_DS003_024|P_DS003_027|P_DS003_003|P_DS003_006|P_DS003_012,7.0,0,100,1.0,33.0
DS003_20260707_I36,DS003,2026-07-07,36,Afternoon,47,8,0,2,6,0,1.0,,P_DS003_018|P_DS003_021,P_DS003_024|P_DS003_027|P_DS003_003|P_DS003_006|P_DS003_012|P_DS003_015,7.833333333333333,0,100,1.0,32.0
DS003_20260707_I37,DS003,2026-07-07,37,Evening,63,8,0,0,8,0,0.0,,,P_DS003_021|P_DS003_024|P_DS003_027|P_DS003_003|P_DS003_006|P_DS003_012|P_DS003_015|P_DS003_018,7.875,0,100,0.0,32.0
DS003_20260707_I38,DS003,2026-07-07,38,Evening,87,8,0,0,8,0,0.0,,,P_DS003_024|P_DS003_027|P_DS003_003|P_DS003_006|P_DS003_012|P_DS003_015|P_DS003_018|P_DS003_021,10.875,0,100,0.0,32.0
DS003_20260707_I39,DS003,2026-07-07,39,Evening,98,8,0,0,8,0,0.0,,,P_DS003_027|P_DS003_003|P_DS003_006|P_DS003_012|P_DS003_015|P_DS003_018|P_DS003_021|P_DS003_024,12.25,0,100,0.0,32.0
DS003_20260707_I40,DS003,2026-07-07,40,Evening,117,8,0,0,8,0,0.0,,,P_DS003_003|P_DS003_006|P_DS003_012|P_DS003_015|P_DS003_018|P_DS003_021|P_DS003_024|P_DS003_027,14.625,0,100,0.0,32.0
DS003_20260707_I41,DS003,2026-07-07,41,Evening,141,8,0,0,8,0,0.0,,,P_DS003_006|P_DS003_012|P_DS003_015|P_DS003_018|P_DS003_021|P_DS003_024|P_DS003_027|P_DS003_003,17.625,0,100,0.0,32.0
DS003_20260707_I42,DS003,2026-07-07,42,Evening,127,8,0,0,8,0,0.0,,,P_DS003_012|P_DS003_015|P_DS003_018|P_DS003_021|P_DS003_024|P_DS003_027|P_DS003_003|P_DS003_006,15.875,0,100,0.0,32.0
DS003_20260707_I43,DS003,2026-07-07,43,Evening,104,8,0,0,8,0,0.0,,,P_DS003_015|P_DS003_018|P_DS003_021|P_DS003_024|P_DS003_027|P_DS003_003|P_DS003_006|P_DS003_012,13.0,0,100,0.0,32.0
DS003_20260707_I44,DS003,2026-07-07,44,Evening,68,8,0,0,8,0,0.0,,,P_DS003_018|P_DS003_021|P_DS003_024|P_DS003_027|P_DS003_003|P_DS003_006|P_DS003_012|P_DS003_015,8.5,0,100,0.0,32.0
DS003_20260707_I45,DS003,2026-07-07,45,Evening,57,8,0,0,8,0,0.0,,,P_DS003_021|P_DS003_024|P_DS003_027|P_DS003_003|P_DS003_006|P_DS003_012|P_DS003_015|P_DS003_018,7.125,0,100,0.0,32.0
DS003_20260707_I46,DS003,2026-07-07,46,Evening,46,8,0,0,8,0,0.0,,,P_DS003_024|P_DS003_027|P_DS003_003|P_DS003_006|P_DS003_012|P_DS003_015|P_DS003_018|P_DS003_021,5.75,0,100,0.0,32.0
DS003_20260707_I47,DS003,2026-07-07,47,Late Night,36,8,0,2,6,0,1.0,,P_DS003_027|P_DS003_003,P_DS003_006|P_DS003_012|P_DS003_015|P_DS003_018|P_DS003_021|P_DS003_024,6.0,0,100,1.0,31.0
DS003_20260707_I48,DS003,2026-07-07,48,Late Night,19,8,0,2,6,0,1.0,,P_DS003_003|P_DS003_006,P_DS003_012|P_DS003_015|P_DS003_018|P_DS003_021|P_DS003_024|P_DS003_027,3.1666666666666665,0,100,1.0,30.0
DS003_20260708_I01,DS003,2026-07-08,1,Night,9,16,12,2,2,900,1.0,P_DS003_006|P_DS003_012|P_DS003_015|P_DS003_018|P_DS003_021|P_DS003_024|P_DS003_027|P_DS003_001|P_DS003_004|P_DS003_007|P_DS003_013|P_DS003_016,P_DS003_022|P_DS003_025,P_DS003_028|P_DS003_003,4.5,900,9100,1.0,49.0
DS003_20260708_I02,DS003,2026-07-08,2,Night,5,16,12,2,2,900,1.0,P_DS003_012|P_DS003_015|P_DS003_018|P_DS003_021|P_DS003_024|P_DS003_027|P_DS003_001|P_DS003_004|P_DS003_007|P_DS003_013|P_DS003_016|P_DS003_022,P_DS003_025|P_DS003_028,P_DS003_003|P_DS003_006,2.5,900,8200,1.0,48.0
DS003_20260708_I03,DS003,2026-07-08,3,Night,5,8,7,0,1,525,0.0,P_DS003_013|P_DS003_016|P_DS003_022|P_DS003_025|P_DS003_028|P_DS003_001|P_DS003_004,,P_DS003_007,5.0,525,7675,0.0,48.0
DS003_20260708_I04,DS003,2026-07-08,4,Night,9,8,7,0,1,525,0.0,P_DS003_016|P_DS003_022|P_DS003_025|P_DS003_028|P_DS003_001|P_DS003_004|P_DS003_007,,P_DS003_013,9.0,525,7150,0.0,48.0
DS003_20260708_I05,DS003,2026-07-08,5,Night,7,8,7,0,1,525,0.0,P_DS003_022|P_DS003_025|P_DS003_028|P_DS003_001|P_DS003_004|P_DS003_007|P_DS003_013,,P_DS003_016,7.0,525,6625,0.0,48.0
DS003_20260708_I06,DS003,2026-07-08,6,Night,9,8,7,0,1,525,0.0,P_DS003_025|P_DS003_028|P_DS003_001|P_DS003_004|P_DS003_007|P_DS003_013|P_DS003_016,,P_DS003_022,9.0,525,6100,0.0,48.0
DS003_20260708_I07,DS003,2026-07-08,7,Night,9,8,7,0,1,525,0.0,P_DS003_028|P_DS003_001|P_DS003_004|P_DS003_007|P_DS003_013|P_DS003_016|P_DS003_022,,P_DS003_025,9.0,525,5575,0.0,48.0
DS003_20260708_I08,DS003,2026-07-08,8,Night,4,8,7,0,1,525,0.0,P_DS003_001|P_DS003_004|P_DS003_007|P_DS003_013|P_DS003_016|P_DS003_022|P_DS003_025,,P_DS003_028,4.0,525,5050,0.0,48.0
DS003_20260708_I09,DS003,2026-07-08,9,Night,7,8,7,0,1,525,0.0,P_DS003_004|P_DS003_007|P_DS003_013|P_DS003_016|P_DS003_022|P_DS003_025|P_DS003_028,,P_DS003_001,7.0,525,4525,0.0,48.0
DS003_20260708_I10,DS003,2026-07-08,10,Night,7,8,7,0,1,525,0.0,P_DS003_007|P_DS003_013|P_DS003_016|P_DS003_022|P_DS003_025|P_DS003_028|P_DS003_001,,P_DS003_004,7.0,525,4000,0.0,48.0
DS003_20260708_I11,DS003,2026-07-08,11,Night,11,8,7,0,1,525,0.0,P_DS003_013|P_DS003_016|P_DS003_022|P_DS003_025|P_DS003_028|P_DS003_001|P_DS003_004,,P_DS003_007,11.0,525,3475,0.0,48.0
DS003_20260708_I12,DS003,2026-07-08,12,Night,9,8,7,0,1,525,0.0,P_DS003_016|P_DS003_022|P_DS003_025|P_DS003_028|P_DS003_001|P_DS003_004|P_DS003_007,,P_DS003_013,9.0,525,2950,0.0,48.0
DS003_20260708_I13,DS003,2026-07-08,13,Morning,15,8,3,2,3,225,1.0,P_DS003_022|P_DS003_025|P_DS003_028,P_DS003_001|P_DS003_004,P_DS003_007|P_DS003_013|P_DS003_016,5.0,225,2725,1.0,47.0
DS003_20260708_I14,DS003,2026-07-08,14,Morning,22,8,3,2,3,225,1.0,P_DS003_025|P_DS003_028|P_DS003_001,P_DS003_004|P_DS003_007,P_DS003_013|P_DS003_016|P_DS003_022,7.333333333333333,225,2500,1.0,46.0
DS003_20260708_I15,DS003,2026-07-08,15,Morning,23,8,3,2,3,225,1.0,P_DS003_028|P_DS003_001|P_DS003_004,P_DS003_007|P_DS003_013,P_DS003_016|P_DS003_022|P_DS003_025,7.666666666666667,225,2275,1.0,45.0
DS003_20260708_I16,DS003,2026-07-08,16,Morning,42,8,3,2,3,225,1.0,P_DS003_001|P_DS003_004|P_DS003_007,P_DS003_013|P_DS003_016,P_DS003_022|P_DS003_025|P_DS003_028,14.0,225,2050,1.0,44.0
DS003_20260708_I17,DS003,2026-07-08,17,Morning,51,17,3,2,12,225,1.0,P_DS003_001|P_DS003_002|P_DS003_004,P_DS003_005|P_DS003_007,P_DS003_008|P_DS003_011|P_DS003_013|P_DS003_014|P_DS003_016|P_DS003_022|P_DS003_023|P_DS003_025|P_DS003_026|P_DS003_028|P_DS003_029|P_DS003_032,4.25,225,1825,1.0,43.0
DS003_20260708_I18,DS003,2026-07-08,18,Morning,63,18,3,2,13,225,1.0,P_DS003_001|P_DS003_002|P_DS003_004,P_DS003_005|P_DS003_007,P_DS003_008|P_DS003_011|P_DS003_013|P_DS003_014|P_DS003_016|P_DS003_020|P_DS003_022|P_DS003_023|P_DS003_025|P_DS003_026|P_DS003_028|P_DS003_029|P_DS003_032,4.846153846153846,225,1600,1.0,42.0
DS003_20260708_I19,DS003,2026-07-08,19,Morning,60,10,0,2,8,0,1.0,,P_DS003_032|P_DS003_002,P_DS003_005|P_DS003_008|P_DS003_011|P_DS003_014|P_DS003_020|P_DS003_023|P_DS003_026|P_DS003_029,7.5,0,1600,1.0,41.0
DS003_20260708_I20,DS003,2026-07-08,20,Morning,45,10,0,2,8,0,1.0,,P_DS003_002|P_DS003_005,P_DS003_008|P_DS003_011|P_DS003_014|P_DS003_020|P_DS003_023|P_DS003_026|P_DS003_029|P_DS003_032,5.625,0,1600,1.0,40.0
DS003_20260708_I21,DS003,2026-07-08,21,Morning,46,10,0,2,8,0,1.0,,P_DS003_005|P_DS003_008,P_DS003_011|P_DS003_014|P_DS003_020|P_DS003_023|P_DS003_026|P_DS003_029|P_DS003_032|P_DS003_002,5.75,0,1600,1.0,39.0
DS003_20260708_I22,DS003,2026-07-08,22,Morning,31,10,0,2,8,0,1.0,,P_DS003_008|P_DS003_011,P_DS003_014|P_DS003_020|P_DS003_023|P_DS003_026|P_DS003_029|P_DS003_032|P_DS003_002|P_DS003_005,3.875,0,1600,1.0,38.0
DS003_20260708_I23,DS003,2026-07-08,23,Lunch,57,10,0,0,10,0,0.0,,,P_DS003_011|P_DS003_014|P_DS003_020|P_DS003_023|P_DS003_026|P_DS003_029|P_DS003_032|P_DS003_002|P_DS003_005|P_DS003_008,5.7,0,1600,0.0,38.0
DS003_20260708_I24,DS003,2026-07-08,24,Lunch,52,10,0,0,10,0,0.0,,,P_DS003_014|P_DS003_020|P_DS003_023|P_DS003_026|P_DS003_029|P_DS003_032|P_DS003_002|P_DS003_005|P_DS003_008|P_DS003_011,5.2,0,1600,0.0,38.0
DS003_20260708_I25,DS003,2026-07-08,25,Lunch,66,10,0,0,10,0,0.0,,,P_DS003_020|P_DS003_023|P_DS003_026|P_DS003_029|P_DS003_032|P_DS003_002|P_DS003_005|P_DS003_008|P_DS003_011|P_DS003_014,6.6,0,1600,0.0,38.0
DS003_20260708_I26,DS003,2026-07-08,26,Lunch,78,10,0,0,10,0,0.0,,,P_DS003_023|P_DS003_026|P_DS003_029|P_DS003_032|P_DS003_002|P_DS003_005|P_DS003_008|P_DS003_011|P_DS003_014|P_DS003_020,7.8,0,1600,0.0,38.0
DS003_20260708_I27,DS003,2026-07-08,27,Lunch,82,10,0,0,10,0,0.0,,,P_DS003_026|P_DS003_029|P_DS003_032|P_DS003_002|P_DS003_005|P_DS003_008|P_DS003_011|P_DS003_014|P_DS003_020|P_DS003_023,8.2,0,1600,0.0,38.0
DS003_20260708_I28,DS003,2026-07-08,28,Lunch,60,10,0,0,10,0,0.0,,,P_DS003_029|P_DS003_032|P_DS003_002|P_DS003_005|P_DS003_008|P_DS003_011|P_DS003_014|P_DS003_020|P_DS003_023|P_DS003_026,6.0,0,1600,0.0,38.0
DS003_20260708_I29,DS003,2026-07-08,29,Lunch,68,10,0,0,10,0,0.0,,,P_DS003_032|P_DS003_002|P_DS003_005|P_DS003_008|P_DS003_011|P_DS003_014|P_DS003_020|P_DS003_023|P_DS003_026|P_DS003_029,6.8,0,1600,0.0,38.0
DS003_20260708_I30,DS003,2026-07-08,30,Lunch,48,10,0,0,10,0,0.0,,,P_DS003_002|P_DS003_005|P_DS003_008|P_DS003_011|P_DS003_014|P_DS003_020|P_DS003_023|P_DS003_026|P_DS003_029|P_DS003_032,4.8,0,1600,0.0,38.0
DS003_20260708_I31,DS003,2026-07-08,31,Afternoon,37,10,0,2,8,0,1.0,,P_DS003_005|P_DS003_008,P_DS003_011|P_DS003_014|P_DS003_020|P_DS003_023|P_DS003_026|P_DS003_029|P_DS003_032|P_DS003_002,4.625,0,1600,1.0,37.0
DS003_20260708_I32,DS003,2026-07-08,32,Afternoon,30,10,0,2,8,0,1.0,,P_DS003_008|P_DS003_011,P_DS003_014|P_DS003_020|P_DS003_023|P_DS003_026|P_DS003_029|P_DS003_032|P_DS003_002|P_DS003_005,3.75,0,1600,1.0,36.0
DS003_20260708_I33,DS003,2026-07-08,33,Afternoon,20,17,0,2,15,0,1.0,,P_DS003_032|P_DS003_002,P_DS003_005|P_DS003_006|P_DS003_008|P_DS003_009|P_DS003_011|P_DS003_012|P_DS003_014|P_DS003_015|P_DS003_020|P_DS003_021|P_DS003_023|P_DS003_026|P_DS003_027|P_DS003_029|P_DS003_030,1.3333333333333333,0,1600,1.0,35.0
DS003_20260708_I34,DS003,2026-07-08,34,Afternoon,30,17,0,2,15,0,1.0,,P_DS003_002|P_DS003_005,P_DS003_006|P_DS003_008|P_DS003_009|P_DS003_011|P_DS003_012|P_DS003_014|P_DS003_015|P_DS003_020|P_DS003_021|P_DS003_023|P_DS003_026|P_DS003_027|P_DS003_029|P_DS003_030|P_DS003_032,2.0,0,1600,1.0,34.0
DS003_20260708_I35,DS003,2026-07-08,35,Afternoon,42,7,0,2,5,0,1.0,,P_DS003_006|P_DS003_009,P_DS003_012|P_DS003_015|P_DS003_021|P_DS003_027|P_DS003_030,8.4,0,1600,1.0,33.0
DS003_20260708_I36,DS003,2026-07-08,36,Afternoon,66,7,0,2,5,0,1.0,,P_DS003_009|P_DS003_012,P_DS003_015|P_DS003_021|P_DS003_027|P_DS003_030|P_DS003_006,13.2,0,1600,1.0,32.0
DS003_20260708_I37,DS003,2026-07-08,37,Evening,72,10,0,0,10,0,0.0,,,P_DS003_003|P_DS003_017|P_DS003_010|P_DS003_006|P_DS003_009|P_DS003_012|P_DS003_015|P_DS003_021|P_DS003_027|P_DS003_030,7.2,0,1600,0.0,32.0
DS003_20260708_I38,DS003,2026-07-08,38,Evening,93,10,0,0,10,0,0.0,,,P_DS003_017|P_DS003_010|P_DS003_006|P_DS003_009|P_DS003_012|P_DS003_015|P_DS003_021|P_DS003_027|P_DS003_030|P_DS003_003,9.3,0,1600,0.0,32.0
DS003_20260708_I39,DS003,2026-07-08,39,Evening,101,10,0,0,10,0,0.0,,,P_DS003_010|P_DS003_006|P_DS003_009|P_DS003_012|P_DS003_015|P_DS003_021|P_DS003_027|P_DS003_030|P_DS003_003|P_DS003_017,10.1,0,1600,0.0,32.0
DS003_20260708_I40,DS003,2026-07-08,40,Evening,137,10,0,0,10,0,0.0,,,P_DS003_006|P_DS003_009|P_DS003_012|P_DS003_015|P_DS003_021|P_DS003_027|P_DS003_030|P_DS003_003|P_DS003_017|P_DS003_010,13.7,0,1600,0.0,32.0
DS003_20260708_I41,DS003,2026-07-08,41,Evening,123,10,0,0,10,0,0.0,,,P_DS003_009|P_DS003_012|P_DS003_015|P_DS003_021|P_DS003_027|P_DS003_030|P_DS003_003|P_DS003_017|P_DS003_010|P_DS003_006,12.3,0,1600,0.0,32.0
DS003_20260708_I42,DS003,2026-07-08,42,Evening,126,10,0,0,10,0,0.0,,,P_DS003_012|P_DS003_015|P_DS003_021|P_DS003_027|P_DS003_030|P_DS003_003|P_DS003_017|P_DS003_010|P_DS003_006|P_DS003_009,12.6,0,1600,0.0,32.0
DS003_20260708_I43,DS003,2026-07-08,43,Evening,140,10,0,0,10,0,0.0,,,P_DS003_015|P_DS003_021|P_DS003_027|P_DS003_030|P_DS003_003|P_DS003_017|P_DS003_010|P_DS003_006|P_DS003_009|P_DS003_012,14.0,0,1600,0.0,32.0
DS003_20260708_I44,DS003,2026-07-08,44,Evening,102,10,0,0,10,0,0.0,,,P_DS003_021|P_DS003_027|P_DS003_030|P_DS003_003|P_DS003_017|P_DS003_010|P_DS003_006|P_DS003_009|P_DS003_012|P_DS003_015,10.2,0,1600,0.0,32.0
DS003_20260708_I45,DS003,2026-07-08,45,Evening,76,7,0,0,7,0,0.0,,,P_DS003_015|P_DS003_021|P_DS003_027|P_DS003_030|P_DS003_006|P_DS003_009|P_DS003_012,10.857142857142858,0,1600,0.0,32.0
DS003_20260708_I46,DS003,2026-07-08,46,Evening,57,7,0,0,7,0,0.0,,,P_DS003_021|P_DS003_027|P_DS003_030|P_DS003_006|P_DS003_009|P_DS003_012|P_DS003_015,8.142857142857142,0,1600,0.0,32.0
DS003_20260708_I47,DS003,2026-07-08,47,Late Night,37,7,0,2,5,0,1.0,,P_DS003_027|P_DS003_030,P_DS003_006|P_DS003_009|P_DS003_012|P_DS003_015|P_DS003_021,7.4,0,1600,1.0,31.0
DS003_20260708_I48,DS003,2026-07-08,48,Late Night,30,7,0,2,5,0,1.0,,P_DS003_030|P_DS003_006,P_DS003_009|P_DS003_012|P_DS003_015|P_DS003_021|P_DS003_027,6.0,0,1600,1.0,30.0
DS003_20260709_I01,DS003,2026-07-09,1,Night,6,15,12,2,1,900,1.0,P_DS003_009|P_DS003_012|P_DS003_015|P_DS003_021|P_DS003_027|P_DS003_030|P_DS003_001|P_DS003_007|P_DS003_010|P_DS003_013|P_DS003_016|P_DS003_019,P_DS003_028|P_DS003_031,P_DS003_006,6.0,900,9100,1.0,49.0
DS003_20260709_I02,DS003,2026-07-09,2,Night,5,14,12,1,1,900,0.5,P_DS003_012|P_DS003_015|P_DS003_021|P_DS003_027|P_DS003_001|P_DS003_007|P_DS003_010|P_DS003_013|P_DS003_016|P_DS003_019|P_DS003_028|P_DS003_031,P_DS003_006,P_DS003_009,5.0,900,8200,0.5,48.5
DS003_20260709_I03,DS003,2026-07-09,3,Night,9,8,7,0,1,525,0.0,P_DS003_013|P_DS003_016|P_DS003_019|P_DS003_028|P_DS003_031|P_DS003_001|P_DS003_007,,P_DS003_010,9.0,525,7675,0.0,48.5
DS003_20260709_I04,DS003,2026-07-09,4,Night,4,8,7,0,1,525,0.0,P_DS003_016|P_DS003_019|P_DS003_028|P_DS003_031|P_DS003_001|P_DS003_007|P_DS003_010,,P_DS003_013,4.0,525,7150,0.0,48.5
DS003_20260709_I05,DS003,2026-07-09,5,Night,8,8,7,0,1,525,0.0,P_DS003_019|P_DS003_028|P_DS003_031|P_DS003_001|P_DS003_007|P_DS003_010|P_DS003_013,,P_DS003_016,8.0,525,6625,0.0,48.5
DS003_20260709_I06,DS003,2026-07-09,6,Night,3,8,7,0,1,525,0.0,P_DS003_028|P_DS003_031|P_DS003_001|P_DS003_007|P_DS003_010|P_DS003_013|P_DS003_016,,P_DS003_019,3.0,525,6100,0.0,48.5
DS003_20260709_I07,DS003,2026-07-09,7,Night,9,8,7,0,1,525,0.0,P_DS003_031|P_DS003_001|P_DS003_007|P_DS003_010|P_DS003_013|P_DS003_016|P_DS003_019,,P_DS003_028,9.0,525,5575,0.0,48.5
DS003_20260709_I08,DS003,2026-07-09,8,Night,6,8,7,0,1,525,0.0,P_DS003_001|P_DS003_007|P_DS003_010|P_DS003_013|P_DS003_016|P_DS003_019|P_DS003_028,,P_DS003_031,6.0,525,5050,0.0,48.5
DS003_20260709_I09,DS003,2026-07-09,9,Night,5,8,7,0,1,525,0.0,P_DS003_007|P_DS003_010|P_DS003_013|P_DS003_016|P_DS003_019|P_DS003_028|P_DS003_031,,P_DS003_001,5.0,525,4525,0.0,48.5
DS003_20260709_I10,DS003,2026-07-09,10,Night,7,8,7,0,1,525,0.0,P_DS003_010|P_DS003_013|P_DS003_016|P_DS003_019|P_DS003_028|P_DS003_031|P_DS003_001,,P_DS003_007,7.0,525,4000,0.0,48.5
DS003_20260709_I11,DS003,2026-07-09,11,Night,3,8,7,0,1,525,0.0,P_DS003_013|P_DS003_016|P_DS003_019|P_DS003_028|P_DS003_031|P_DS003_001|P_DS003_007,,P_DS003_010,3.0,525,3475,0.0,48.5
DS003_20260709_I12,DS003,2026-07-09,12,Night,8,8,7,0,1,525,0.0,P_DS003_016|P_DS003_019|P_DS003_028|P_DS003_031|P_DS003_001|P_DS003_007|P_DS003_010,,P_DS003_013,8.0,525,2950,0.0,48.5
DS003_20260709_I13,DS003,2026-07-09,13,Morning,12,8,3,2,3,225,1.0,P_DS003_019|P_DS003_028|P_DS003_031,P_DS003_001|P_DS003_007,P_DS003_010|P_DS003_013|P_DS003_016,4.0,225,2725,1.0,47.5
DS003_20260709_I14,DS003,2026-07-09,14,Morning,18,8,3,2,3,225,1.0,P_DS003_028|P_DS003_031|P_DS003_001,P_DS003_007|P_DS003_010,P_DS003_013|P_DS003_016|P_DS003_019,6.0,225,2500,1.0,46.5
DS003_20260709_I15,DS003,2026-07-09,15,Morning,22,8,3,2,3,225,1.0,P_DS003_031|P_DS003_001|P_DS003_007,P_DS003_010|P_DS003_013,P_DS003_016|P_DS003_019|P_DS003_028,7.333333333333333,225,2275,1.0,45.5
DS003_20260709_I16,DS003,2026-07-09,16,Morning,36,8,3,2,3,225,1.0,P_DS003_001|P_DS003_007|P_DS003_010,P_DS003_013|P_DS003_016,P_DS003_019|P_DS003_028|P_DS003_031,12.0,225,2050,1.0,44.5
DS003_20260709_I17,DS003,2026-07-09,17,Morning,36,17,3,2,12,225,1.0,P_DS003_001|P_DS003_002|P_DS003_005,P_DS003_007|P_DS003_008,P_DS003_010|P_DS003_013|P_DS003_014|P_DS003_016|P_DS003_017|P_DS003_019|P_DS003_020|P_DS003_023|P_DS003_026|P_DS003_028|P_DS003_029|P_DS003_031,3.0,225,1825,1.0,43.5
DS003_20260709_I18,DS003,2026-07-09,18,Morning,40,17,3,2,12,225,1.0,P_DS003_002|P_DS003_005|P_DS003_007,P_DS003_008|P_DS003_010,P_DS003_013|P_DS003_014|P_DS003_016|P_DS003_017|P_DS003_019|P_DS003_020|P_DS003_023|P_DS003_026|P_DS003_028|P_DS003_029|P_DS003_031|P_DS003_001,3.3333333333333335,225,1600,1.0,42.5
DS003_20260709_I19,DS003,2026-07-09,19,Morning,45,9,0,2,7,0,1.0,,P_DS003_005|P_DS003_008,P_DS003_014|P_DS003_017|P_DS003_020|P_DS003_023|P_DS003_026|P_DS003_029|P_DS003_002,6.428571428571429,0,1600,1.0,41.5
DS003_20260709_I20,DS003,2026-07-09,20,Morning,41,9,0,2,7,0,1.0,,P_DS003_008|P_DS003_014,P_DS003_017|P_DS003_020|P_DS003_023|P_DS003_026|P_DS003_029|P_DS003_002|P_DS003_005,5.857142857142857,0,1600,1.0,40.5
DS003_20260709_I21,DS003,2026-07-09,21,Morning,38,9,0,2,7,0,1.0,,P_DS003_014|P_DS003_017,P_DS003_020|P_DS003_023|P_DS003_026|P_DS003_029|P_DS003_002|P_DS003_005|P_DS003_008,5.428571428571429,0,1600,1.0,39.5
DS003_20260709_I22,DS003,2026-07-09,22,Morning,38,9,0,2,7,0,1.0,,P_DS003_017|P_DS003_020,P_DS003_023|P_DS003_026|P_DS003_029|P_DS003_002|P_DS003_005|P_DS003_008|P_DS003_014,5.428571428571429,0,1600,1.0,38.5
DS003_20260709_I23,DS003,2026-07-09,23,Lunch,29,9,0,0,9,0,0.0,,,P_DS003_020|P_DS003_023|P_DS003_026|P_DS003_029|P_DS003_002|P_DS003_005|P_DS003_008|P_DS003_014|P_DS003_017,3.2222222222222223,0,1600,0.0,38.5
DS003_20260709_I24,DS003,2026-07-09,24,Lunch,59,9,0,0,9,0,0.0,,,P_DS003_023|P_DS003_026|P_DS003_029|P_DS003_002|P_DS003_005|P_DS003_008|P_DS003_014|P_DS003_017|P_DS003_020,6.555555555555555,0,1600,0.0,38.5
DS003_20260709_I25,DS003,2026-07-09,25,Lunch,67,9,0,0,9,0,0.0,,,P_DS003_026|P_DS003_029|P_DS003_002|P_DS003_005|P_DS003_008|P_DS003_014|P_DS003_017|P_DS003_020|P_DS003_023,7.444444444444445,0,1600,0.0,38.5
DS003_20260709_I26,DS003,2026-07-09,26,Lunch,71,9,0,0,9,0,0.0,,,P_DS003_029|P_DS003_002|P_DS003_005|P_DS003_008|P_DS003_014|P_DS003_017|P_DS003_020|P_DS003_023|P_DS003_026,7.888888888888889,0,1600,0.0,38.5
DS003_20260709_I27,DS003,2026-07-09,27,Lunch,55,9,0,0,9,0,0.0,,,P_DS003_002|P_DS003_005|P_DS003_008|P_DS003_014|P_DS003_017|P_DS003_020|P_DS003_023|P_DS003_026|P_DS003_029,6.111111111111111,0,1600,0.0,38.5
DS003_20260709_I28,DS003,2026-07-09,28,Lunch,62,9,0,0,9,0,0.0,,,P_DS003_005|P_DS003_008|P_DS003_014|P_DS003_017|P_DS003_020|P_DS003_023|P_DS003_026|P_DS003_029|P_DS003_002,6.888888888888889,0,1600,0.0,38.5
DS003_20260709_I29,DS003,2026-07-09,29,Lunch,55,9,0,0,9,0,0.0,,,P_DS003_008|P_DS003_014|P_DS003_017|P_DS003_020|P_DS003_023|P_DS003_026|P_DS003_029|P_DS003_002|P_DS003_005,6.111111111111111,0,1600,0.0,38.5
DS003_20260709_I30,DS003,2026-07-09,30,Lunch,40,9,0,0,9,0,0.0,,,P_DS003_014|P_DS003_017|P_DS003_020|P_DS003_023|P_DS003_026|P_DS003_029|P_DS003_002|P_DS003_005|P_DS003_008,4.444444444444445,0,1600,0.0,38.5
DS003_20260709_I31,DS003,2026-07-09,31,Afternoon,26,9,0,2,7,0,1.0,,P_DS003_017|P_DS003_020,P_DS003_023|P_DS003_026|P_DS003_029|P_DS003_002|P_DS003_005|P_DS003_008|P_DS003_014,3.7142857142857144,0,1600,1.0,37.5
DS003_20260709_I32,DS003,2026-07-09,32,Afternoon,26,9,0,2,7,0,1.0,,P_DS003_020|P_DS003_023,P_DS003_026|P_DS003_029|P_DS003_002|P_DS003_005|P_DS003_008|P_DS003_014|P_DS003_017,3.7142857142857144,0,1600,1.0,36.5
DS003_20260709_I33,DS003,2026-07-09,33,Afternoon,26,17,0,2,15,0,1.0,,P_DS003_030|P_DS003_002,P_DS003_003|P_DS003_005|P_DS003_006|P_DS003_008|P_DS003_009|P_DS003_012|P_DS003_014|P_DS003_015|P_DS003_017|P_DS003_020|P_DS003_021|P_DS003_023|P_DS003_026|P_DS003_027|P_DS003_029,1.7333333333333334,0,1600,1.0,35.5
DS003_20260709_I34,DS003,2026-07-09,34,Afternoon,23,16,0,2,14,0,1.0,,P_DS003_005|P_DS003_006,P_DS003_008|P_DS003_009|P_DS003_012|P_DS003_014|P_DS003_015|P_DS003_017|P_DS003_020|P_DS003_021|P_DS003_026|P_DS003_027|P_DS003_029|P_DS003_030|P_DS003_002|P_DS003_003,1.6428571428571428,0,1600,1.0,34.5
DS003_20260709_I35,DS003,2026-07-09,35,Afternoon,30,8,0,2,6,0,1.0,,P_DS003_012|P_DS003_015,P_DS003_021|P_DS003_027|P_DS003_030|P_DS003_003|P_DS003_006|P_DS003_009,5.0,0,1600,1.0,33.5
DS003_20260709_I36,DS003,2026-07-09,36,Afternoon,53,8,0,2,6,0,1.0,,P_DS003_015|P_DS003_021,P_DS003_027|P_DS003_030|P_DS003_003|P_DS003_006|P_DS003_009|P_DS003_012,8.833333333333334,0,1600,1.0,32.5
DS003_20260709_I37,DS003,2026-07-09,37,Evening,68,8,0,0,8,0,0.0,,,P_DS003_021|P_DS003_027|P_DS003_030|P_DS003_003|P_DS003_006|P_DS003_009|P_DS003_012|P_DS003_015,8.5,0,1600,0.0,32.5
DS003_20260709_I38,DS003,2026-07-09,38,Evening,88,8,0,0,8,0,0.0,,,P_DS003_027|P_DS003_030|P_DS003_003|P_DS003_006|P_DS003_009|P_DS003_012|P_DS003_015|P_DS003_021,11.0,0,1600,0.0,32.5
DS003_20260709_I39,DS003,2026-07-09,39,Evening,90,8,0,0,8,0,0.0,,,P_DS003_030|P_DS003_003|P_DS003_006|P_DS003_009|P_DS003_012|P_DS003_015|P_DS003_021|P_DS003_027,11.25,0,1600,0.0,32.5
DS003_20260709_I40,DS003,2026-07-09,40,Evening,103,8,0,0,8,0,0.0,,,P_DS003_003|P_DS003_006|P_DS003_009|P_DS003_012|P_DS003_015|P_DS003_021|P_DS003_027|P_DS003_030,12.875,0,1600,0.0,32.5
DS003_20260709_I41,DS003,2026-07-09,41,Evening,116,8,0,0,8,0,0.0,,,P_DS003_006|P_DS003_009|P_DS003_012|P_DS003_015|P_DS003_021|P_DS003_027|P_DS003_030|P_DS003_003,14.5,0,1600,0.0,32.5
DS003_20260709_I42,DS003,2026-07-09,42,Evening,128,8,0,0,8,0,0.0,,,P_DS003_009|P_DS003_012|P_DS003_015|P_DS003_021|P_DS003_027|P_DS003_030|P_DS003_003|P_DS003_006,16.0,0,1600,0.0,32.5
DS003_20260709_I43,DS003,2026-07-09,43,Evening,77,8,0,0,8,0,0.0,,,P_DS003_012|P_DS003_015|P_DS003_021|P_DS003_027|P_DS003_030|P_DS003_003|P_DS003_006|P_DS003_009,9.625,0,1600,0.0,32.5
DS003_20260709_I44,DS003,2026-07-09,44,Evening,62,8,0,0,8,0,0.0,,,P_DS003_015|P_DS003_021|P_DS003_027|P_DS003_030|P_DS003_003|P_DS003_006|P_DS003_009|P_DS003_012,7.75,0,1600,0.0,32.5
DS003_20260709_I45,DS003,2026-07-09,45,Evening,68,8,0,0,8,0,0.0,,,P_DS003_021|P_DS003_027|P_DS003_030|P_DS003_003|P_DS003_006|P_DS003_009|P_DS003_012|P_DS003_015,8.5,0,1600,0.0,32.5
DS003_20260709_I46,DS003,2026-07-09,46,Evening,37,8,0,0,8,0,0.0,,,P_DS003_027|P_DS003_030|P_DS003_003|P_DS003_006|P_DS003_009|P_DS003_012|P_DS003_015|P_DS003_021,4.625,0,1600,0.0,32.5
DS003_20260709_I47,DS003,2026-07-09,47,Late Night,31,8,0,2,6,0,1.0,,P_DS003_030|P_DS003_003,P_DS003_006|P_DS003_009|P_DS003_012|P_DS003_015|P_DS003_021|P_DS003_027,5.166666666666667,0,1600,1.0,31.5
DS003_20260709_I48,DS003,2026-07-09,48,Late Night,24,8,0,2,6,0,1.0,,P_DS003_003|P_DS003_006,P_DS003_009|P_DS003_012|P_DS003_015|P_DS003_021|P_DS003_027|P_DS003_030,4.0,0,1600,1.0,30.5
DS003_20260710_I01,DS003,2026-07-10,1,Night,12,17,12,2,3,900,1.0,P_DS003_006|P_DS003_009|P_DS003_012|P_DS003_015|P_DS003_021|P_DS003_027|P_DS003_030|P_DS003_001|P_DS003_004|P_DS003_007|P_DS003_010|P_DS003_013,P_DS003_016|P_DS003_022,P_DS003_028|P_DS003_031|P_DS003_003,4.0,900,9100,1.0,49.0
DS003_20260710_I02,DS003,2026-07-10,2,Night,8,17,12,2,3,900,1.0,P_DS003_009|P_DS003_012|P_DS003_015|P_DS003_021|P_DS003_027|P_DS003_030|P_DS003_001|P_DS003_004|P_DS003_007|P_DS003_010|P_DS003_013|P_DS003_016,P_DS003_022|P_DS003_028,P_DS003_031|P_DS003_003|P_DS003_006,2.6666666666666665,900,8200,1.0,48.0
DS003_20260710_I03,DS003,2026-07-10,3,Night,5,9,8,0,1,600,0.0,P_DS003_010|P_DS003_013|P_DS003_016|P_DS003_022|P_DS003_028|P_DS003_031|P_DS003_001|P_DS003_004,,P_DS003_007,5.0,600,7600,0.0,48.0
DS003_20260710_I04,DS003,2026-07-10,4,Night,4,9,8,0,1,600,0.0,P_DS003_013|P_DS003_016|P_DS003_022|P_DS003_028|P_DS003_031|P_DS003_001|P_DS003_004|P_DS003_007,,P_DS003_010,4.0,600,7000,0.0,48.0
DS003_20260710_I05,DS003,2026-07-10,5,Night,6,9,8,0,1,600,0.0,P_DS003_016|P_DS003_022|P_DS003_028|P_DS003_031|P_DS003_001|P_DS003_004|P_DS003_007|P_DS003_010,,P_DS003_013,6.0,600,6400,0.0,48.0
DS003_20260710_I06,DS003,2026-07-10,6,Night,6,9,8,0,1,600,0.0,P_DS003_022|P_DS003_028|P_DS003_031|P_DS003_001|P_DS003_004|P_DS003_007|P_DS003_010|P_DS003_013,,P_DS003_016,6.0,600,5800,0.0,48.0
DS003_20260710_I07,DS003,2026-07-10,7,Night,8,9,8,0,1,600,0.0,P_DS003_028|P_DS003_031|P_DS003_001|P_DS003_004|P_DS003_007|P_DS003_010|P_DS003_013|P_DS003_016,,P_DS003_022,8.0,600,5200,0.0,48.0
DS003_20260710_I08,DS003,2026-07-10,8,Night,4,9,8,0,1,600,0.0,P_DS003_031|P_DS003_001|P_DS003_004|P_DS003_007|P_DS003_010|P_DS003_013|P_DS003_016|P_DS003_022,,P_DS003_028,4.0,600,4600,0.0,48.0
DS003_20260710_I09,DS003,2026-07-10,9,Night,5,9,8,0,1,600,0.0,P_DS003_001|P_DS003_004|P_DS003_007|P_DS003_010|P_DS003_013|P_DS003_016|P_DS003_022|P_DS003_028,,P_DS003_031,5.0,600,4000,0.0,48.0
DS003_20260710_I10,DS003,2026-07-10,10,Night,9,9,8,0,1,600,0.0,P_DS003_004|P_DS003_007|P_DS003_010|P_DS003_013|P_DS003_016|P_DS003_022|P_DS003_028|P_DS003_031,,P_DS003_001,9.0,600,3400,0.0,48.0
DS003_20260710_I11,DS003,2026-07-10,11,Night,5,9,8,0,1,600,0.0,P_DS003_007|P_DS003_010|P_DS003_013|P_DS003_016|P_DS003_022|P_DS003_028|P_DS003_031|P_DS003_001,,P_DS003_004,5.0,600,2800,0.0,48.0
DS003_20260710_I12,DS003,2026-07-10,12,Night,14,9,8,0,1,600,0.0,P_DS003_010|P_DS003_013|P_DS003_016|P_DS003_022|P_DS003_028|P_DS003_031|P_DS003_001|P_DS003_004,,P_DS003_007,14.0,600,2200,0.0,48.0
DS003_20260710_I13,DS003,2026-07-10,13,Morning,16,9,3,2,4,225,1.0,P_DS003_013|P_DS003_016|P_DS003_022,P_DS003_028|P_DS003_031,P_DS003_001|P_DS003_004|P_DS003_007|P_DS003_010,4.0,225,1975,1.0,47.0
DS003_20260710_I14,DS003,2026-07-10,14,Morning,17,9,3,2,4,225,1.0,P_DS003_016|P_DS003_022|P_DS003_028,P_DS003_031|P_DS003_001,P_DS003_004|P_DS003_007|P_DS003_010|P_DS003_013,4.25,225,1750,1.0,46.0
DS003_20260710_I15,DS003,2026-07-10,15,Morning,20,9,3,2,4,225,1.0,P_DS003_022|P_DS003_028|P_DS003_031,P_DS003_001|P_DS003_004,P_DS003_007|P_DS003_010|P_DS003_013|P_DS003_016,5.0,225,1525,1.0,45.0
DS003_20260710_I16,DS003,2026-07-10,16,Morning,37,9,3,2,4,225,1.0,P_DS003_028|P_DS003_031|P_DS003_001,P_DS003_004|P_DS003_007,P_DS003_010|P_DS003_013|P_DS003_016|P_DS003_022,9.25,225,1300,1.0,44.0
DS003_20260710_I17,DS003,2026-07-10,17,Morning,36,18,3,2,13,225,1.0,P_DS003_032|P_DS003_001|P_DS003_002,P_DS003_004|P_DS003_007,P_DS003_008|P_DS003_010|P_DS003_011|P_DS003_013|P_DS003_014|P_DS003_016|P_DS003_017|P_DS003_020|P_DS003_022|P_DS003_023|P_DS003_028|P_DS003_029|P_DS003_031,2.769230769230769,225,1075,1.0,43.0
DS003_20260710_I18,DS003,2026-07-10,18,Morning,47,18,3,2,13,225,1.0,P_DS003_001|P_DS003_002|P_DS003_004,P_DS003_007|P_DS003_008,P_DS003_010|P_DS003_011|P_DS003_013|P_DS003_014|P_DS003_016|P_DS003_017|P_DS003_020|P_DS003_022|P_DS003_023|P_DS003_028|P_DS003_029|P_DS003_031|P_DS003_032,3.6153846153846154,225,850,1.0,42.0
DS003_20260710_I19,DS003,2026-07-10,19,Morning,42,9,0,2,7,0,1.0,,P_DS003_008|P_DS003_011,P_DS003_014|P_DS003_017|P_DS003_020|P_DS003_023|P_DS003_029|P_DS003_032|P_DS003_002,6.0,0,850,1.0,41.0
DS003_20260710_I20,DS003,2026-07-10,20,Morning,47,9,0,2,7,0,1.0,,P_DS003_011|P_DS003_014,P_DS003_017|P_DS003_020|P_DS003_023|P_DS003_029|P_DS003_032|P_DS003_002|P_DS003_008,6.714285714285714,0,850,1.0,40.0
DS003_20260710_I21,DS003,2026-07-10,21,Morning,37,9,0,2,7,0,1.0,,P_DS003_014|P_DS003_017,P_DS003_020|P_DS003_023|P_DS003_029|P_DS003_032|P_DS003_002|P_DS003_008|P_DS003_011,5.285714285714286,0,850,1.0,39.0
DS003_20260710_I22,DS003,2026-07-10,22,Morning,34,9,0,2,7,0,1.0,,P_DS003_017|P_DS003_020,P_DS003_023|P_DS003_029|P_DS003_032|P_DS003_002|P_DS003_008|P_DS003_011|P_DS003_014,4.857142857142857,0,850,1.0,38.0
DS003_20260710_I23,DS003,2026-07-10,23,Lunch,49,9,0,0,9,0,0.0,,,P_DS003_020|P_DS003_023|P_DS003_029|P_DS003_032|P_DS003_002|P_DS003_008|P_DS003_011|P_DS003_014|P_DS003_017,5.444444444444445,0,850,0.0,38.0
DS003_20260710_I24,DS003,2026-07-10,24,Lunch,59,9,0,0,9,0,0.0,,,P_DS003_023|P_DS003_029|P_DS003_032|P_DS003_002|P_DS003_008|P_DS003_011|P_DS003_014|P_DS003_017|P_DS003_020,6.555555555555555,0,850,0.0,38.0
DS003_20260710_I25,DS003,2026-07-10,25,Lunch,82,9,0,0,9,0,0.0,,,P_DS003_029|P_DS003_032|P_DS003_002|P_DS003_008|P_DS003_011|P_DS003_014|P_DS003_017|P_DS003_020|P_DS003_023,9.11111111111111,0,850,0.0,38.0
DS003_20260710_I26,DS003,2026-07-10,26,Lunch,58,9,0,0,9,0,0.0,,,P_DS003_032|P_DS003_002|P_DS003_008|P_DS003_011|P_DS003_014|P_DS003_017|P_DS003_020|P_DS003_023|P_DS003_029,6.444444444444445,0,850,0.0,38.0
DS003_20260710_I27,DS003,2026-07-10,27,Lunch,74,9,0,0,9,0,0.0,,,P_DS003_002|P_DS003_008|P_DS003_011|P_DS003_014|P_DS003_017|P_DS003_020|P_DS003_023|P_DS003_029|P_DS003_032,8.222222222222221,0,850,0.0,38.0
DS003_20260710_I28,DS003,2026-07-10,28,Lunch,60,9,0,0,9,0,0.0,,,P_DS003_008|P_DS003_011|P_DS003_014|P_DS003_017|P_DS003_020|P_DS003_023|P_DS003_029|P_DS003_032|P_DS003_002,6.666666666666667,0,850,0.0,38.0
DS003_20260710_I29,DS003,2026-07-10,29,Lunch,59,9,0,0,9,0,0.0,,,P_DS003_011|P_DS003_014|P_DS003_017|P_DS003_020|P_DS003_023|P_DS003_029|P_DS003_032|P_DS003_002|P_DS003_008,6.555555555555555,0,850,0.0,38.0
DS003_20260710_I30,DS003,2026-07-10,30,Lunch,37,9,0,0,9,0,0.0,,,P_DS003_014|P_DS003_017|P_DS003_020|P_DS003_023|P_DS003_029|P_DS003_032|P_DS003_002|P_DS003_008|P_DS003_011,4.111111111111111,0,850,0.0,38.0
DS003_20260710_I31,DS003,2026-07-10,31,Afternoon,33,9,0,2,7,0,1.0,,P_DS003_017|P_DS003_020,P_DS003_023|P_DS003_029|P_DS003_032|P_DS003_002|P_DS003_008|P_DS003_011|P_DS003_014,4.714285714285714,0,850,1.0,37.0
DS003_20260710_I32,DS003,2026-07-10,32,Afternoon,30,9,0,2,7,0,1.0,,P_DS003_020|P_DS003_023,P_DS003_029|P_DS003_032|P_DS003_002|P_DS003_008|P_DS003_011|P_DS003_014|P_DS003_017,4.285714285714286,0,850,1.0,36.0
DS003_20260710_I33,DS003,2026-07-10,33,Afternoon,34,17,0,2,15,0,1.0,,P_DS003_032|P_DS003_002,P_DS003_003|P_DS003_006|P_DS003_008|P_DS003_009|P_DS003_011|P_DS003_014|P_DS003_015|P_DS003_017|P_DS003_020|P_DS003_021|P_DS003_023|P_DS003_024|P_DS003_027|P_DS003_029|P_DS003_030,2.2666666666666666,0,850,1.0,35.0
DS003_20260710_I34,DS003,2026-07-10,34,Afternoon,29,17,0,2,15,0,1.0,,P_DS003_002|P_DS003_003,P_DS003_006|P_DS003_008|P_DS003_009|P_DS003_011|P_DS003_014|P_DS003_015|P_DS003_017|P_DS003_020|P_DS003_021|P_DS003_023|P_DS003_024|P_DS003_027|P_DS003_029|P_DS003_030|P_DS003_032,1.9333333333333333,0,850,1.0,34.0
DS003_20260710_I35,DS003,2026-07-10,35,Afternoon,28,8,0,2,6,0,1.0,,P_DS003_015|P_DS003_021,P_DS003_024|P_DS003_027|P_DS003_030|P_DS003_003|P_DS003_006|P_DS003_009,4.666666666666667,0,850,1.0,33.0
DS003_20260710_I36,DS003,2026-07-10,36,Afternoon,34,8,0,2,6,0,1.0,,P_DS003_021|P_DS003_024,P_DS003_027|P_DS003_030|P_DS003_003|P_DS003_006|P_DS003_009|P_DS003_015,5.666666666666667,0,850,1.0,32.0
DS003_20260710_I37,DS003,2026-07-10,37,Evening,83,11,0,0,11,0,0.0,,,P_DS003_021|P_DS003_024|P_DS003_027|P_DS003_030|P_DS003_019|P_DS003_012|P_DS003_005|P_DS003_003|P_DS003_006|P_DS003_009|P_DS003_015,7.545454545454546,0,850,0.0,32.0
DS003_20260710_I38,DS003,2026-07-10,38,Evening,94,11,0,0,11,0,0.0,,,P_DS003_024|P_DS003_027|P_DS003_030|P_DS003_019|P_DS003_012|P_DS003_005|P_DS003_003|P_DS003_006|P_DS003_009|P_DS003_015|P_DS003_021,8.545454545454545,0,850,0.0,32.0
DS003_20260710_I39,DS003,2026-07-10,39,Evening,105,11,0,0,11,0,0.0,,,P_DS003_027|P_DS003_030|P_DS003_019|P_DS003_012|P_DS003_005|P_DS003_003|P_DS003_006|P_DS003_009|P_DS003_015|P_DS003_021|P_DS003_024,9.545454545454545,0,850,0.0,32.0
DS003_20260710_I40,DS003,2026-07-10,40,Evening,107,11,0,0,11,0,0.0,,,P_DS003_030|P_DS003_019|P_DS003_012|P_DS003_005|P_DS003_003|P_DS003_006|P_DS003_009|P_DS003_015|P_DS003_021|P_DS003_024|P_DS003_027,9.727272727272727,0,850,0.0,32.0
DS003_20260710_I41,DS003,2026-07-10,41,Evening,141,11,0,0,11,0,0.0,,,P_DS003_019|P_DS003_012|P_DS003_005|P_DS003_003|P_DS003_006|P_DS003_009|P_DS003_015|P_DS003_021|P_DS003_024|P_DS003_027|P_DS003_030,12.818181818181818,0,850,0.0,32.0
DS003_20260710_I42,DS003,2026-07-10,42,Evening,101,11,0,0,11,0,0.0,,,P_DS003_012|P_DS003_005|P_DS003_003|P_DS003_006|P_DS003_009|P_DS003_015|P_DS003_021|P_DS003_024|P_DS003_027|P_DS003_030|P_DS003_019,9.181818181818182,0,850,0.0,32.0
DS003_20260710_I43,DS003,2026-07-10,43,Evening,117,11,0,0,11,0,0.0,,,P_DS003_005|P_DS003_003|P_DS003_006|P_DS003_009|P_DS003_015|P_DS003_021|P_DS003_024|P_DS003_027|P_DS003_030|P_DS003_019|P_DS003_012,10.636363636363637,0,850,0.0,32.0
DS003_20260710_I44,DS003,2026-07-10,44,Evening,106,11,0,0,11,0,0.0,,,P_DS003_003|P_DS003_006|P_DS003_009|P_DS003_015|P_DS003_021|P_DS003_024|P_DS003_027|P_DS003_030|P_DS003_019|P_DS003_012|P_DS003_005,9.636363636363637,0,850,0.0,32.0
DS003_20260710_I45,DS003,2026-07-10,45,Evening,75,8,0,0,8,0,0.0,,,P_DS003_024|P_DS003_027|P_DS003_030|P_DS003_003|P_DS003_006|P_DS003_009|P_DS003_015|P_DS003_021,9.375,0,850,0.0,32.0
DS003_20260710_I46,DS003,2026-07-10,46,Evening,50,8,0,0,8,0,0.0,,,P_DS003_027|P_DS003_030|P_DS003_003|P_DS003_006|P_DS003_009|P_DS003_015|P_DS003_021|P_DS003_024,6.25,0,850,0.0,32.0
DS003_20260710_I47,DS003,2026-07-10,47,Late Night,35,8,0,2,6,0,1.0,,P_DS003_030|P_DS003_003,P_DS003_006|P_DS003_009|P_DS003_015|P_DS003_021|P_DS003_024|P_DS003_027,5.833333333333333,0,850,1.0,31.0
DS003_20260710_I48,DS003,2026-07-10,48,Late Night,30,8,0,2,6,0,1.0,,P_DS003_003|P_DS003_006,P_DS003_009|P_DS003_015|P_DS003_021|P_DS003_024|P_DS003_027|P_DS003_030,5.0,0,850,1.0,30.0
DS003_20260711_I01,DS003,2026-07-11,1,Night,5,15,12,2,1,900,1.0,P_DS003_006|P_DS003_009|P_DS003_015|P_DS003_021|P_DS003_024|P_DS003_027|P_DS003_030|P_DS003_001|P_DS003_004|P_DS003_016|P_DS003_019|P_DS003_022,P_DS003_028|P_DS003_031,P_DS003_003,5.0,900,9100,1.0,49.0
DS003_20260711_I02,DS003,2026-07-11,2,Night,5,15,12,2,1,900,1.0,P_DS003_009|P_DS003_015|P_DS003_021|P_DS003_024|P_DS003_027|P_DS003_030|P_DS003_001|P_DS003_004|P_DS003_016|P_DS003_019|P_DS003_022|P_DS003_028,P_DS003_031|P_DS003_003,P_DS003_006,5.0,900,8200,1.0,48.0
DS003_20260711_I03,DS003,2026-07-11,3,Night,9,7,6,0,1,450,0.0,P_DS003_019|P_DS003_022|P_DS003_028|P_DS003_031|P_DS003_001|P_DS003_004,,P_DS003_016,9.0,450,7750,0.0,48.0
DS003_20260711_I04,DS003,2026-07-11,4,Night,4,7,6,0,1,450,0.0,P_DS003_022|P_DS003_028|P_DS003_031|P_DS003_001|P_DS003_004|P_DS003_016,,P_DS003_019,4.0,450,7300,0.0,48.0
DS003_20260711_I05,DS003,2026-07-11,5,Night,8,7,6,0,1,450,0.0,P_DS003_028|P_DS003_031|P_DS003_001|P_DS003_004|P_DS003_016|P_DS003_019,,P_DS003_022,8.0,450,6850,0.0,48.0
DS003_20260711_I06,DS003,2026-07-11,6,Night,4,7,6,0,1,450,0.0,P_DS003_031|P_DS003_001|P_DS003_004|P_DS003_016|P_DS003_019|P_DS003_022,,P_DS003_028,4.0,450,6400,0.0,48.0
DS003_20260711_I07,DS003,2026-07-11,7,Night,9,7,6,0,1,450,0.0,P_DS003_001|P_DS003_004|P_DS003_016|P_DS003_019|P_DS003_022|P_DS003_028,,P_DS003_031,9.0,450,5950,0.0,48.0
DS003_20260711_I08,DS003,2026-07-11,8,Night,7,7,6,0,1,450,0.0,P_DS003_004|P_DS003_016|P_DS003_019|P_DS003_022|P_DS003_028|P_DS003_031,,P_DS003_001,7.0,450,5500,0.0,48.0
DS003_20260711_I09,DS003,2026-07-11,9,Night,12,7,6,0,1,450,0.0,P_DS003_016|P_DS003_019|P_DS003_022|P_DS003_028|P_DS003_031|P_DS003_001,,P_DS003_004,12.0,450,5050,0.0,48.0
DS003_20260711_I10,DS003,2026-07-11,10,Night,8,7,6,0,1,450,0.0,P_DS003_019|P_DS003_022|P_DS003_028|P_DS003_031|P_DS003_001|P_DS003_004,,P_DS003_016,8.0,450,4600,0.0,48.0
DS003_20260711_I11,DS003,2026-07-11,11,Night,7,7,6,0,1,450,0.0,P_DS003_022|P_DS003_028|P_DS003_031|P_DS003_001|P_DS003_004|P_DS003_016,,P_DS003_019,7.0,450,4150,0.0,48.0
DS003_20260711_I12,DS003,2026-07-11,12,Night,5,7,6,0,1,450,0.0,P_DS003_028|P_DS003_031|P_DS003_001|P_DS003_004|P_DS003_016|P_DS003_019,,P_DS003_022,5.0,450,3700,0.0,48.0
DS003_20260711_I13,DS003,2026-07-11,13,Morning,4,7,3,2,2,225,1.0,P_DS003_031|P_DS003_001|P_DS003_004,P_DS003_016|P_DS003_019,P_DS003_022|P_DS003_028,2.0,225,3475,1.0,47.0
DS003_20260711_I14,DS003,2026-07-11,14,Morning,10,7,3,2,2,225,1.0,P_DS003_001|P_DS003_004|P_DS003_016,P_DS003_019|P_DS003_022,P_DS003_028|P_DS003_031,5.0,225,3250,1.0,46.0
DS003_20260711_I15,DS003,2026-07-11,15,Morning,11,7,3,2,2,225,1.0,P_DS003_004|P_DS003_016|P_DS003_019,P_DS003_022|P_DS003_028,P_DS003_031|P_DS003_001,5.5,225,3025,1.0,45.0
DS003_20260711_I16,DS003,2026-07-11,16,Morning,14,7,3,2,2,225,1.0,P_DS003_016|P_DS003_019|P_DS003_022,P_DS003_028|P_DS003_031,P_DS003_001|P_DS003_004,7.0,225,2800,1.0,44.0
DS003_20260711_I17,DS003,2026-07-11,17,Morning,33,17,3,2,12,225,1.0,P_DS003_001|P_DS003_002|P_DS003_004,P_DS003_005|P_DS003_008,P_DS003_011|P_DS003_014|P_DS003_016|P_DS003_017|P_DS003_019|P_DS003_022|P_DS003_023|P_DS003_026|P_DS003_028|P_DS003_029|P_DS003_031|P_DS003_032,2.75,225,2575,1.0,43.0
DS003_20260711_I18,DS003,2026-07-11,18,Morning,30,16,3,2,11,225,1.0,P_DS003_004|P_DS003_005|P_DS003_008,P_DS003_011|P_DS003_014,P_DS003_016|P_DS003_017|P_DS003_019|P_DS003_022|P_DS003_023|P_DS003_026|P_DS003_029|P_DS003_031|P_DS003_032|P_DS003_001|P_DS003_002,2.727272727272727,225,2350,1.0,42.0
DS003_20260711_I19,DS003,2026-07-11,19,Morning,49,10,0,2,8,0,1.0,,P_DS003_032|P_DS003_002,P_DS003_005|P_DS003_008|P_DS003_011|P_DS003_014|P_DS003_017|P_DS003_023|P_DS003_026|P_DS003_029,6.125,0,2350,1.0,41.0
DS003_20260711_I20,DS003,2026-07-11,20,Morning,62,10,0,2,8,0,1.0,,P_DS003_002|P_DS003_005,P_DS003_008|P_DS003_011|P_DS003_014|P_DS003_017|P_DS003_023|P_DS003_026|P_DS003_029|P_DS003_032,7.75,0,2350,1.0,40.0
DS003_20260711_I21,DS003,2026-07-11,21,Morning,61,10,0,2,8,0,1.0,,P_DS003_005|P_DS003_008,P_DS003_011|P_DS003_014|P_DS003_017|P_DS003_023|P_DS003_026|P_DS003_029|P_DS003_032|P_DS003_002,7.625,0,2350,1.0,39.0
DS003_20260711_I22,DS003,2026-07-11,22,Morning,76,10,0,2,8,0,1.0,,P_DS003_008|P_DS003_011,P_DS003_014|P_DS003_017|P_DS003_023|P_DS003_026|P_DS003_029|P_DS003_032|P_DS003_002|P_DS003_005,9.5,0,2350,1.0,38.0
DS003_20260711_I23,DS003,2026-07-11,23,Lunch,72,10,0,0,10,0,0.0,,,P_DS003_011|P_DS003_014|P_DS003_017|P_DS003_023|P_DS003_026|P_DS003_029|P_DS003_032|P_DS003_002|P_DS003_005|P_DS003_008,7.2,0,2350,0.0,38.0
DS003_20260711_I24,DS003,2026-07-11,24,Lunch,85,10,0,0,10,0,0.0,,,P_DS003_014|P_DS003_017|P_DS003_023|P_DS003_026|P_DS003_029|P_DS003_032|P_DS003_002|P_DS003_005|P_DS003_008|P_DS003_011,8.5,0,2350,0.0,38.0
DS003_20260711_I25,DS003,2026-07-11,25,Lunch,88,10,0,0,10,0,0.0,,,P_DS003_017|P_DS003_023|P_DS003_026|P_DS003_029|P_DS003_032|P_DS003_002|P_DS003_005|P_DS003_008|P_DS003_011|P_DS003_014,8.8,0,2350,0.0,38.0
DS003_20260711_I26,DS003,2026-07-11,26,Lunch,73,10,0,0,10,0,0.0,,,P_DS003_023|P_DS003_026|P_DS003_029|P_DS003_032|P_DS003_002|P_DS003_005|P_DS003_008|P_DS003_011|P_DS003_014|P_DS003_017,7.3,0,2350,0.0,38.0
DS003_20260711_I27,DS003,2026-07-11,27,Lunch,88,10,0,0,10,0,0.0,,,P_DS003_026|P_DS003_029|P_DS003_032|P_DS003_002|P_DS003_005|P_DS003_008|P_DS003_011|P_DS003_014|P_DS003_017|P_DS003_023,8.8,0,2350,0.0,38.0
DS003_20260711_I28,DS003,2026-07-11,28,Lunch,65,10,0,0,10,0,0.0,,,P_DS003_029|P_DS003_032|P_DS003_002|P_DS003_005|P_DS003_008|P_DS003_011|P_DS003_014|P_DS003_017|P_DS003_023|P_DS003_026,6.5,0,2350,0.0,38.0
DS003_20260711_I29,DS003,2026-07-11,29,Lunch,78,10,0,0,10,0,0.0,,,P_DS003_032|P_DS003_002|P_DS003_005|P_DS003_008|P_DS003_011|P_DS003_014|P_DS003_017|P_DS003_023|P_DS003_026|P_DS003_029,7.8,0,2350,0.0,38.0
DS003_20260711_I30,DS003,2026-07-11,30,Lunch,70,10,0,0,10,0,0.0,,,P_DS003_002|P_DS003_005|P_DS003_008|P_DS003_011|P_DS003_014|P_DS003_017|P_DS003_023|P_DS003_026|P_DS003_029|P_DS003_032,7.0,0,2350,0.0,38.0
DS003_20260711_I31,DS003,2026-07-11,31,Afternoon,45,10,0,2,8,0,1.0,,P_DS003_005|P_DS003_008,P_DS003_011|P_DS003_014|P_DS003_017|P_DS003_023|P_DS003_026|P_DS003_029|P_DS003_032|P_DS003_002,5.625,0,2350,1.0,37.0
DS003_20260711_I32,DS003,2026-07-11,32,Afternoon,51,10,0,2,8,0,1.0,,P_DS003_008|P_DS003_011,P_DS003_014|P_DS003_017|P_DS003_023|P_DS003_026|P_DS003_029|P_DS003_032|P_DS003_002|P_DS003_005,6.375,0,2350,1.0,36.0
DS003_20260711_I33,DS003,2026-07-11,33,Afternoon,44,17,0,2,15,0,1.0,,P_DS003_032|P_DS003_002,P_DS003_003|P_DS003_005|P_DS003_008|P_DS003_009|P_DS003_011|P_DS003_012|P_DS003_014|P_DS003_017|P_DS003_018|P_DS003_021|P_DS003_023|P_DS003_024|P_DS003_026|P_DS003_029|P_DS003_030,2.933333333333333,0,2350,1.0,35.0
DS003_20260711_I34,DS003,2026-07-11,34,Afternoon,58,17,0,2,15,0,1.0,,P_DS003_002|P_DS003_003,P_DS003_005|P_DS003_008|P_DS003_009|P_DS003_011|P_DS003_012|P_DS003_015|P_DS003_017|P_DS003_018|P_DS003_021|P_DS003_023|P_DS003_024|P_DS003_026|P_DS003_029|P_DS003_030|P_DS003_032,3.8666666666666667,0,2350,1.0,34.0
DS003_20260711_I35,DS003,2026-07-11,35,Afternoon,63,8,0,2,6,0,1.0,,P_DS003_015|P_DS003_018,P_DS003_021|P_DS003_024|P_DS003_030|P_DS003_003|P_DS003_009|P_DS003_012,10.5,0,2350,1.0,33.0
DS003_20260711_I36,DS003,2026-07-11,36,Afternoon,68,8,0,2,6,0,1.0,,P_DS003_018|P_DS003_021,P_DS003_024|P_DS003_030|P_DS003_003|P_DS003_009|P_DS003_012|P_DS003_015,11.333333333333334,0,2350,1.0,32.0
DS003_20260711_I37,DS003,2026-07-11,37,Evening,77,11,0,0,11,0,0.0,,,P_DS003_018|P_DS003_021|P_DS003_024|P_DS003_030|P_DS003_020|P_DS003_013|P_DS003_027|P_DS003_003|P_DS003_009|P_DS003_012|P_DS003_015,7.0,0,2350,0.0,32.0
DS003_20260711_I38,DS003,2026-07-11,38,Evening,79,11,0,0,11,0,0.0,,,P_DS003_021|P_DS003_024|P_DS003_030|P_DS003_020|P_DS003_013|P_DS003_027|P_DS003_003|P_DS003_009|P_DS003_012|P_DS003_015|P_DS003_018,7.181818181818182,0,2350,0.0,32.0
DS003_20260711_I39,DS003,2026-07-11,39,Evening,102,11,0,0,11,0,0.0,,,P_DS003_024|P_DS003_030|P_DS003_020|P_DS003_013|P_DS003_027|P_DS003_003|P_DS003_009|P_DS003_012|P_DS003_015|P_DS003_018|P_DS003_021,9.272727272727273,0,2350,0.0,32.0
DS003_20260711_I40,DS003,2026-07-11,40,Evening,107,11,0,0,11,0,0.0,,,P_DS003_030|P_DS003_020|P_DS003_013|P_DS003_027|P_DS003_003|P_DS003_009|P_DS003_012|P_DS003_015|P_DS003_018|P_DS003_021|P_DS003_024,9.727272727272727,0,2350,0.0,32.0
DS003_20260711_I41,DS003,2026-07-11,41,Evening,116,11,0,0,11,0,0.0,,,P_DS003_020|P_DS003_013|P_DS003_027|P_DS003_003|P_DS003_009|P_DS003_012|P_DS003_015|P_DS003_018|P_DS003_021|P_DS003_024|P_DS003_030,10.545454545454545,0,2350,0.0,32.0
DS003_20260711_I42,DS003,2026-07-11,42,Evening,120,11,0,0,11,0,0.0,,,P_DS003_013|P_DS003_027|P_DS003_003|P_DS003_009|P_DS003_012|P_DS003_015|P_DS003_018|P_DS003_021|P_DS003_024|P_DS003_030|P_DS003_020,10.909090909090908,0,2350,0.0,32.0
DS003_20260711_I43,DS003,2026-07-11,43,Evening,82,11,0,0,11,0,0.0,,,P_DS003_027|P_DS003_003|P_DS003_009|P_DS003_012|P_DS003_015|P_DS003_018|P_DS003_021|P_DS003_024|P_DS003_030|P_DS003_020|P_DS003_013,7.454545454545454,0,2350,0.0,32.0
DS003_20260711_I44,DS003,2026-07-11,44,Evening,78,11,0,0,11,0,0.0,,,P_DS003_003|P_DS003_009|P_DS003_012|P_DS003_015|P_DS003_018|P_DS003_021|P_DS003_024|P_DS003_030|P_DS003_020|P_DS003_013|P_DS003_027,7.090909090909091,0,2350,0.0,32.0
DS003_20260711_I45,DS003,2026-07-11,45,Evening,66,8,0,0,8,0,0.0,,,P_DS003_021|P_DS003_024|P_DS003_030|P_DS003_003|P_DS003_009|P_DS003_012|P_DS003_015|P_DS003_018,8.25,0,2350,0.0,32.0
DS003_20260711_I46,DS003,2026-07-11,46,Evening,50,8,0,0,8,0,0.0,,,P_DS003_024|P_DS003_030|P_DS003_003|P_DS003_009|P_DS003_012|P_DS003_015|P_DS003_018|P_DS003_021,6.25,0,2350,0.0,32.0
DS003_20260711_I47,DS003,2026-07-11,47,Late Night,37,8,0,2,6,0,1.0,,P_DS003_030|P_DS003_003,P_DS003_009|P_DS003_012|P_DS003_015|P_DS003_018|P_DS003_021|P_DS003_024,6.166666666666667,0,2350,1.0,31.0
DS003_20260711_I48,DS003,2026-07-11,48,Late Night,31,8,0,2,6,0,1.0,,P_DS003_003|P_DS003_009,P_DS003_012|P_DS003_015|P_DS003_018|P_DS003_021|P_DS003_024|P_DS003_030,5.166666666666667,0,2350,1.0,30.0
DS003_20260712_I01,DS003,2026-07-12,1,Night,7,15,12,2,1,900,1.0,P_DS003_009|P_DS003_012|P_DS003_015|P_DS003_018|P_DS003_021|P_DS003_024|P_DS003_030|P_DS003_001|P_DS003_004|P_DS003_010|P_DS003_016|P_DS003_019,P_DS003_022|P_DS003_031,P_DS003_003,7.0,900,9100,1.0,49.0
DS003_20260712_I02,DS003,2026-07-12,2,Night,5,17,12,2,3,900,1.0,P_DS003_012|P_DS003_015|P_DS003_018|P_DS003_021|P_DS003_024|P_DS003_030|P_DS003_001|P_DS003_004|P_DS003_010|P_DS003_013|P_DS003_016|P_DS003_019,P_DS003_022|P_DS003_025,P_DS003_031|P_DS003_003|P_DS003_009,1.6666666666666667,900,8200,1.0,48.0
DS003_20260712_I03,DS003,2026-07-12,3,Night,9,9,8,0,1,600,0.0,P_DS003_013|P_DS003_016|P_DS003_019|P_DS003_022|P_DS003_025|P_DS003_031|P_DS003_001|P_DS003_004,,P_DS003_010,9.0,600,7600,0.0,48.0
DS003_20260712_I04,DS003,2026-07-12,4,Night,7,9,8,0,1,600,0.0,P_DS003_016|P_DS003_019|P_DS003_022|P_DS003_025|P_DS003_031|P_DS003_001|P_DS003_004|P_DS003_010,,P_DS003_013,7.0,600,7000,0.0,48.0
DS003_20260712_I05,DS003,2026-07-12,5,Night,4,9,8,0,1,600,0.0,P_DS003_019|P_DS003_022|P_DS003_025|P_DS003_031|P_DS003_001|P_DS003_004|P_DS003_010|P_DS003_013,,P_DS003_016,4.0,600,6400,0.0,48.0
DS003_20260712_I06,DS003,2026-07-12,6,Night,6,9,8,0,1,600,0.0,P_DS003_022|P_DS003_025|P_DS003_031|P_DS003_001|P_DS003_004|P_DS003_010|P_DS003_013|P_DS003_016,,P_DS003_019,6.0,600,5800,0.0,48.0
DS003_20260712_I07,DS003,2026-07-12,7,Night,3,9,8,0,1,600,0.0,P_DS003_025|P_DS003_031|P_DS003_001|P_DS003_004|P_DS003_010|P_DS003_013|P_DS003_016|P_DS003_019,,P_DS003_022,3.0,600,5200,0.0,48.0
DS003_20260712_I08,DS003,2026-07-12,8,Night,5,9,8,0,1,600,0.0,P_DS003_031|P_DS003_001|P_DS003_004|P_DS003_010|P_DS003_013|P_DS003_016|P_DS003_019|P_DS003_022,,P_DS003_025,5.0,600,4600,0.0,48.0
DS003_20260712_I09,DS003,2026-07-12,9,Night,9,9,8,0,1,600,0.0,P_DS003_001|P_DS003_004|P_DS003_010|P_DS003_013|P_DS003_016|P_DS003_019|P_DS003_022|P_DS003_025,,P_DS003_031,9.0,600,4000,0.0,48.0
DS003_20260712_I10,DS003,2026-07-12,10,Night,4,9,8,0,1,600,0.0,P_DS003_004|P_DS003_010|P_DS003_013|P_DS003_016|P_DS003_019|P_DS003_022|P_DS003_025|P_DS003_031,,P_DS003_001,4.0,600,3400,0.0,48.0
DS003_20260712_I11,DS003,2026-07-12,11,Night,8,9,8,0,1,600,0.0,P_DS003_010|P_DS003_013|P_DS003_016|P_DS003_019|P_DS003_022|P_DS003_025|P_DS003_031|P_DS003_001,,P_DS003_004,8.0,600,2800,0.0,48.0
DS003_20260712_I12,DS003,2026-07-12,12,Night,4,9,8,0,1,600,0.0,P_DS003_013|P_DS003_016|P_DS003_019|P_DS003_022|P_DS003_025|P_DS003_031|P_DS003_001|P_DS003_004,,P_DS003_010,4.0,600,2200,0.0,48.0
DS003_20260712_I13,DS003,2026-07-12,13,Morning,7,9,3,2,4,225,1.0,P_DS003_016|P_DS003_019|P_DS003_022,P_DS003_025|P_DS003_031,P_DS003_001|P_DS003_004|P_DS003_010|P_DS003_013,1.75,225,1975,1.0,47.0
DS003_20260712_I14,DS003,2026-07-12,14,Morning,3,9,3,2,4,225,1.0,P_DS003_019|P_DS003_022|P_DS003_025,P_DS003_031|P_DS003_001,P_DS003_004|P_DS003_010|P_DS003_013|P_DS003_016,0.75,225,1750,1.0,46.0
DS003_20260712_I15,DS003,2026-07-12,15,Morning,7,9,3,2,4,225,1.0,P_DS003_022|P_DS003_025|P_DS003_031,P_DS003_001|P_DS003_004,P_DS003_010|P_DS003_013|P_DS003_016|P_DS003_019,1.75,225,1525,1.0,45.0
DS003_20260712_I16,DS003,2026-07-12,16,Morning,20,9,3,2,4,225,1.0,P_DS003_025|P_DS003_031|P_DS003_001,P_DS003_004|P_DS003_010,P_DS003_013|P_DS003_016|P_DS003_019|P_DS003_022,5.0,225,1300,1.0,44.0
DS003_20260712_I17,DS003,2026-07-12,17,Morning,22,16,3,2,11,225,1.0,P_DS003_002|P_DS003_004|P_DS003_005,P_DS003_010|P_DS003_011,P_DS003_013|P_DS003_016|P_DS003_019|P_DS003_020|P_DS003_022|P_DS003_023|P_DS003_025|P_DS003_026|P_DS003_031|P_DS003_032|P_DS003_001,2.0,225,1075,1.0,43.0
DS003_20260712_I18,DS003,2026-07-12,18,Morning,30,17,3,2,12,225,1.0,P_DS003_002|P_DS003_004|P_DS003_005,P_DS003_008|P_DS003_010,P_DS003_011|P_DS003_013|P_DS003_016|P_DS003_019|P_DS003_020|P_DS003_022|P_DS003_023|P_DS003_025|P_DS003_026|P_DS003_029|P_DS003_032|P_DS003_001,2.5,225,850,1.0,42.0
DS003_20260712_I19,DS003,2026-07-12,19,Morning,46,9,0,2,7,0,1.0,,P_DS003_005|P_DS003_008,P_DS003_011|P_DS003_020|P_DS003_023|P_DS003_026|P_DS003_029|P_DS003_032|P_DS003_002,6.571428571428571,0,850,1.0,41.0
DS003_20260712_I20,DS003,2026-07-12,20,Morning,53,9,0,2,7,0,1.0,,P_DS003_008|P_DS003_011,P_DS003_020|P_DS003_023|P_DS003_026|P_DS003_029|P_DS003_032|P_DS003_002|P_DS003_005,7.571428571428571,0,850,1.0,40.0
DS003_20260712_I21,DS003,2026-07-12,21,Morning,86,9,0,2,7,0,1.0,,P_DS003_011|P_DS003_020,P_DS003_023|P_DS003_026|P_DS003_029|P_DS003_032|P_DS003_002|P_DS003_005|P_DS003_008,12.285714285714286,0,850,1.0,39.0
DS003_20260712_I22,DS003,2026-07-12,22,Morning,71,9,0,2,7,0,1.0,,P_DS003_020|P_DS003_023,P_DS003_026|P_DS003_029|P_DS003_032|P_DS003_002|P_DS003_005|P_DS003_008|P_DS003_011,10.142857142857142,0,850,1.0,38.0
DS003_20260712_I23,DS003,2026-07-12,23,Lunch,78,9,0,0,9,0,0.0,,,P_DS003_023|P_DS003_026|P_DS003_029|P_DS003_032|P_DS003_002|P_DS003_005|P_DS003_008|P_DS003_011|P_DS003_020,8.666666666666666,0,850,0.0,38.0
DS003_20260712_I24,DS003,2026-07-12,24,Lunch,68,9,0,0,9,0,0.0,,,P_DS003_026|P_DS003_029|P_DS003_032|P_DS003_002|P_DS003_005|P_DS003_008|P_DS003_011|P_DS003_020|P_DS003_023,7.555555555555555,0,850,0.0,38.0
DS003_20260712_I25,DS003,2026-07-12,25,Lunch,90,9,0,0,9,0,0.0,,,P_DS003_029|P_DS003_032|P_DS003_002|P_DS003_005|P_DS003_008|P_DS003_011|P_DS003_020|P_DS003_023|P_DS003_026,10.0,0,850,0.0,38.0
DS003_20260712_I26,DS003,2026-07-12,26,Lunch,88,9,0,0,9,0,0.0,,,P_DS003_032|P_DS003_002|P_DS003_005|P_DS003_008|P_DS003_011|P_DS003_020|P_DS003_023|P_DS003_026|P_DS003_029,9.777777777777779,0,850,0.0,38.0
DS003_20260712_I27,DS003,2026-07-12,27,Lunch,71,9,0,0,9,0,0.0,,,P_DS003_002|P_DS003_005|P_DS003_008|P_DS003_011|P_DS003_020|P_DS003_023|P_DS003_026|P_DS003_029|P_DS003_032,7.888888888888889,0,850,0.0,38.0
DS003_20260712_I28,DS003,2026-07-12,28,Lunch,80,9,0,0,9,0,0.0,,,P_DS003_005|P_DS003_008|P_DS003_011|P_DS003_020|P_DS003_023|P_DS003_026|P_DS003_029|P_DS003_032|P_DS003_002,8.88888888888889,0,850,0.0,38.0
DS003_20260712_I29,DS003,2026-07-12,29,Lunch,73,9,0,0,9,0,0.0,,,P_DS003_008|P_DS003_011|P_DS003_020|P_DS003_023|P_DS003_026|P_DS003_029|P_DS003_032|P_DS003_002|P_DS003_005,8.11111111111111,0,850,0.0,38.0
DS003_20260712_I30,DS003,2026-07-12,30,Lunch,59,9,0,0,9,0,0.0,,,P_DS003_011|P_DS003_020|P_DS003_023|P_DS003_026|P_DS003_029|P_DS003_032|P_DS003_002|P_DS003_005|P_DS003_008,6.555555555555555,0,850,0.0,38.0
DS003_20260712_I31,DS003,2026-07-12,31,Afternoon,47,9,0,2,7,0,1.0,,P_DS003_020|P_DS003_023,P_DS003_026|P_DS003_029|P_DS003_032|P_DS003_002|P_DS003_005|P_DS003_008|P_DS003_011,6.714285714285714,0,850,1.0,37.0
DS003_20260712_I32,DS003,2026-07-12,32,Afternoon,68,9,0,2,7,0,1.0,,P_DS003_023|P_DS003_026,P_DS003_029|P_DS003_032|P_DS003_002|P_DS003_005|P_DS003_008|P_DS003_011|P_DS003_020,9.714285714285714,0,850,1.0,36.0
DS003_20260712_I33,DS003,2026-07-12,33,Afternoon,66,16,0,2,14,0,1.0,,P_DS003_003|P_DS003_005,P_DS003_006|P_DS003_008|P_DS003_009|P_DS003_011|P_DS003_012|P_DS003_015|P_DS003_020|P_DS003_023|P_DS003_024|P_DS003_026|P_DS003_027|P_DS003_029|P_DS003_032|P_DS003_002,4.714285714285714,0,850,1.0,35.0
DS003_20260712_I34,DS003,2026-07-12,34,Afternoon,46,15,0,2,13,0,1.0,,P_DS003_008|P_DS003_009,P_DS003_011|P_DS003_012|P_DS003_015|P_DS003_020|P_DS003_024|P_DS003_026|P_DS003_027|P_DS003_029|P_DS003_032|P_DS003_002|P_DS003_003|P_DS003_005|P_DS003_006,3.5384615384615383,0,850,1.0,34.0
DS003_20260712_I35,DS003,2026-07-12,35,Afternoon,51,7,0,2,5,0,1.0,,P_DS003_003|P_DS003_006,P_DS003_009|P_DS003_012|P_DS003_015|P_DS003_024|P_DS003_027,10.2,0,850,1.0,33.0
DS003_20260712_I36,DS003,2026-07-12,36,Afternoon,74,7,0,2,5,0,1.0,,P_DS003_006|P_DS003_009,P_DS003_012|P_DS003_015|P_DS003_024|P_DS003_027|P_DS003_003,14.8,0,850,1.0,32.0
DS003_20260712_I37,DS003,2026-07-12,37,Evening,82,10,0,0,10,0,0.0,,,P_DS003_028|P_DS003_014|P_DS003_021|P_DS003_003|P_DS003_006|P_DS003_009|P_DS003_012|P_DS003_015|P_DS003_024|P_DS003_027,8.2,0,850,0.0,32.0
DS003_20260712_I38,DS003,2026-07-12,38,Evening,99,10,0,0,10,0,0.0,,,P_DS003_014|P_DS003_021|P_DS003_003|P_DS003_006|P_DS003_009|P_DS003_012|P_DS003_015|P_DS003_024|P_DS003_027|P_DS003_028,9.9,0,850,0.0,32.0
DS003_20260712_I39,DS003,2026-07-12,39,Evening,101,10,0,0,10,0,0.0,,,P_DS003_021|P_DS003_003|P_DS003_006|P_DS003_009|P_DS003_012|P_DS003_015|P_DS003_024|P_DS003_027|P_DS003_028|P_DS003_014,10.1,0,850,0.0,32.0
DS003_20260712_I40,DS003,2026-07-12,40,Evening,88,10,0,0,10,0,0.0,,,P_DS003_003|P_DS003_006|P_DS003_009|P_DS003_012|P_DS003_015|P_DS003_024|P_DS003_027|P_DS003_028|P_DS003_014|P_DS003_021,8.8,0,850,0.0,32.0
DS003_20260712_I41,DS003,2026-07-12,41,Evening,88,10,0,0,10,0,0.0,,,P_DS003_006|P_DS003_009|P_DS003_012|P_DS003_015|P_DS003_024|P_DS003_027|P_DS003_028|P_DS003_014|P_DS003_021|P_DS003_003,8.8,0,850,0.0,32.0
DS003_20260712_I42,DS003,2026-07-12,42,Evening,115,10,0,0,10,0,0.0,,,P_DS003_009|P_DS003_012|P_DS003_015|P_DS003_024|P_DS003_027|P_DS003_028|P_DS003_014|P_DS003_021|P_DS003_003|P_DS003_006,11.5,0,850,0.0,32.0
DS003_20260712_I43,DS003,2026-07-12,43,Evening,86,10,0,0,10,0,0.0,,,P_DS003_012|P_DS003_015|P_DS003_024|P_DS003_027|P_DS003_028|P_DS003_014|P_DS003_021|P_DS003_003|P_DS003_006|P_DS003_009,8.6,0,850,0.0,32.0
DS003_20260712_I44,DS003,2026-07-12,44,Evening,95,10,0,0,10,0,0.0,,,P_DS003_015|P_DS003_024|P_DS003_027|P_DS003_028|P_DS003_014|P_DS003_021|P_DS003_003|P_DS003_006|P_DS003_009|P_DS003_012,9.5,0,850,0.0,32.0
DS003_20260712_I45,DS003,2026-07-12,45,Evening,88,7,0,0,7,0,0.0,,,P_DS003_012|P_DS003_015|P_DS003_024|P_DS003_027|P_DS003_003|P_DS003_006|P_DS003_009,12.571428571428571,0,850,0.0,32.0
DS003_20260712_I46,DS003,2026-07-12,46,Evening,54,7,0,0,7,0,0.0,,,P_DS003_015|P_DS003_024|P_DS003_027|P_DS003_003|P_DS003_006|P_DS003_009|P_DS003_012,7.714285714285714,0,850,0.0,32.0
DS003_20260712_I47,DS003,2026-07-12,47,Late Night,44,7,0,2,5,0,1.0,,P_DS003_024|P_DS003_027,P_DS003_003|P_DS003_006|P_DS003_009|P_DS003_012|P_DS003_015,8.8,0,850,1.0,31.0
DS003_20260712_I48,DS003,2026-07-12,48,Late Night,24,7,0,2,5,0,1.0,,P_DS003_027|P_DS003_003,P_DS003_006|P_DS003_009|P_DS003_012|P_DS003_015|P_DS003_024,4.8,0,850,1.0,30.0
DS003_20260713_I01,DS003,2026-07-13,1,Night,11,14,12,1,1,900,0.5,P_DS003_006|P_DS003_009|P_DS003_012|P_DS003_015|P_DS003_024|P_DS003_027|P_DS003_004|P_DS003_007|P_DS003_013|P_DS003_019|P_DS003_025|P_DS003_028,P_DS003_031,P_DS003_003,11.0,900,9100,0.5,49.5
DS003_20260713_I02,DS003,2026-07-13,2,Night,6,14,12,1,1,900,0.5,P_DS003_009|P_DS003_012|P_DS003_015|P_DS003_024|P_DS003_027|P_DS003_004|P_DS003_007|P_DS003_013|P_DS003_019|P_DS003_025|P_DS003_028|P_DS003_031,P_DS003_003,P_DS003_006,6.0,900,8200,0.5,49.0
DS003_20260713_I03,DS003,2026-07-13,3,Night,6,7,6,0,1,450,0.0,P_DS003_019|P_DS003_025|P_DS003_028|P_DS003_031|P_DS003_004|P_DS003_007,,P_DS003_013,6.0,450,7750,0.0,49.0
DS003_20260713_I04,DS003,2026-07-13,4,Night,5,7,6,0,1,450,0.0,P_DS003_025|P_DS003_028|P_DS003_031|P_DS003_004|P_DS003_007|P_DS003_013,,P_DS003_019,5.0,450,7300,0.0,49.0
DS003_20260713_I05,DS003,2026-07-13,5,Night,2,7,6,0,1,450,0.0,P_DS003_028|P_DS003_031|P_DS003_004|P_DS003_007|P_DS003_013|P_DS003_019,,P_DS003_025,2.0,450,6850,0.0,49.0
DS003_20260713_I06,DS003,2026-07-13,6,Night,5,7,6,0,1,450,0.0,P_DS003_031|P_DS003_004|P_DS003_007|P_DS003_013|P_DS003_019|P_DS003_025,,P_DS003_028,5.0,450,6400,0.0,49.0
DS003_20260713_I07,DS003,2026-07-13,7,Night,9,7,6,0,1,450,0.0,P_DS003_004|P_DS003_007|P_DS003_013|P_DS003_019|P_DS003_025|P_DS003_028,,P_DS003_031,9.0,450,5950,0.0,49.0
DS003_20260713_I08,DS003,2026-07-13,8,Night,3,7,6,0,1,450,0.0,P_DS003_007|P_DS003_013|P_DS003_019|P_DS003_025|P_DS003_028|P_DS003_031,,P_DS003_004,3.0,450,5500,0.0,49.0
DS003_20260713_I09,DS003,2026-07-13,9,Night,3,7,6,0,1,450,0.0,P_DS003_013|P_DS003_019|P_DS003_025|P_DS003_028|P_DS003_031|P_DS003_004,,P_DS003_007,3.0,450,5050,0.0,49.0
DS003_20260713_I10,DS003,2026-07-13,10,Night,8,7,6,0,1,450,0.0,P_DS003_019|P_DS003_025|P_DS003_028|P_DS003_031|P_DS003_004|P_DS003_007,,P_DS003_013,8.0,450,4600,0.0,49.0
DS003_20260713_I11,DS003,2026-07-13,11,Night,4,7,6,0,1,450,0.0,P_DS003_025|P_DS003_028|P_DS003_031|P_DS003_004|P_DS003_007|P_DS003_013,,P_DS003_019,4.0,450,4150,0.0,49.0
DS003_20260713_I12,DS003,2026-07-13,12,Night,7,7,6,0,1,450,0.0,P_DS003_028|P_DS003_031|P_DS003_004|P_DS003_007|P_DS003_013|P_DS003_019,,P_DS003_025,7.0,450,3700,0.0,49.0
DS003_20260713_I13,DS003,2026-07-13,13,Morning,12,7,3,2,2,225,1.0,P_DS003_031|P_DS003_004|P_DS003_007,P_DS003_013|P_DS003_019,P_DS003_025|P_DS003_028,6.0,225,3475,1.0,48.0
DS003_20260713_I14,DS003,2026-07-13,14,Morning,24,7,3,2,2,225,1.0,P_DS003_004|P_DS003_007|P_DS003_013,P_DS003_019|P_DS003_025,P_DS003_028|P_DS003_031,12.0,225,3250,1.0,47.0
DS003_20260713_I15,DS003,2026-07-13,15,Morning,29,7,3,2,2,225,1.0,P_DS003_007|P_DS003_013|P_DS003_019,P_DS003_025|P_DS003_028,P_DS003_031|P_DS003_004,14.5,225,3025,1.0,46.0
DS003_20260713_I16,DS003,2026-07-13,16,Morning,33,7,3,2,2,225,1.0,P_DS003_013|P_DS003_019|P_DS003_025,P_DS003_028|P_DS003_031,P_DS003_004|P_DS003_007,16.5,225,2800,1.0,45.0
DS003_20260713_I17,DS003,2026-07-13,17,Morning,50,16,3,2,11,225,1.0,P_DS003_004|P_DS003_005|P_DS003_007,P_DS003_011|P_DS003_013,P_DS003_014|P_DS003_017|P_DS003_019|P_DS003_020|P_DS003_023|P_DS003_025|P_DS003_026|P_DS003_028|P_DS003_031|P_DS003_032|P_DS003_002,4.545454545454546,225,2575,1.0,44.0
DS003_20260713_I18,DS003,2026-07-13,18,Morning,32,16,3,2,11,225,1.0,P_DS003_005|P_DS003_007|P_DS003_011,P_DS003_013|P_DS003_014,P_DS003_017|P_DS003_019|P_DS003_020|P_DS003_023|P_DS003_025|P_DS003_026|P_DS003_028|P_DS003_031|P_DS003_032|P_DS003_002|P_DS003_004,2.909090909090909,225,2350,1.0,43.0
DS003_20260713_I19,DS003,2026-07-13,19,Morning,41,9,0,2,7,0,1.0,,P_DS003_005|P_DS003_011,P_DS003_014|P_DS003_017|P_DS003_020|P_DS003_023|P_DS003_026|P_DS003_032|P_DS003_002,5.857142857142857,0,2350,1.0,42.0
DS003_20260713_I20,DS003,2026-07-13,20,Morning,43,9,0,2,7,0,1.0,,P_DS003_011|P_DS003_014,P_DS003_017|P_DS003_020|P_DS003_023|P_DS003_026|P_DS003_032|P_DS003_002|P_DS003_005,6.142857142857143,0,2350,1.0,41.0
DS003_20260713_I21,DS003,2026-07-13,21,Morning,33,9,0,2,7,0,1.0,,P_DS003_014|P_DS003_017,P_DS003_020|P_DS003_023|P_DS003_026|P_DS003_032|P_DS003_002|P_DS003_005|P_DS003_011,4.714285714285714,0,2350,1.0,40.0
DS003_20260713_I22,DS003,2026-07-13,22,Morning,22,9,0,2,7,0,1.0,,P_DS003_017|P_DS003_020,P_DS003_023|P_DS003_026|P_DS003_032|P_DS003_002|P_DS003_005|P_DS003_011|P_DS003_014,3.142857142857143,0,2350,1.0,39.0
DS003_20260713_I23,DS003,2026-07-13,23,Lunch,36,9,0,0,9,0,0.0,,,P_DS003_020|P_DS003_023|P_DS003_026|P_DS003_032|P_DS003_002|P_DS003_005|P_DS003_011|P_DS003_014|P_DS003_017,4.0,0,2350,0.0,39.0
DS003_20260713_I24,DS003,2026-07-13,24,Lunch,36,9,0,0,9,0,0.0,,,P_DS003_023|P_DS003_026|P_DS003_032|P_DS003_002|P_DS003_005|P_DS003_011|P_DS003_014|P_DS003_017|P_DS003_020,4.0,0,2350,0.0,39.0
DS003_20260713_I25,DS003,2026-07-13,25,Lunch,67,9,0,0,9,0,0.0,,,P_DS003_026|P_DS003_032|P_DS003_002|P_DS003_005|P_DS003_011|P_DS003_014|P_DS003_017|P_DS003_020|P_DS003_023,7.444444444444445,0,2350,0.0,39.0
DS003_20260713_I26,DS003,2026-07-13,26,Lunch,52,9,0,0,9,0,0.0,,,P_DS003_032|P_DS003_002|P_DS003_005|P_DS003_011|P_DS003_014|P_DS003_017|P_DS003_020|P_DS003_023|P_DS003_026,5.777777777777778,0,2350,0.0,39.0
DS003_20260713_I27,DS003,2026-07-13,27,Lunch,74,9,0,0,9,0,0.0,,,P_DS003_002|P_DS003_005|P_DS003_011|P_DS003_014|P_DS003_017|P_DS003_020|P_DS003_023|P_DS003_026|P_DS003_032,8.222222222222221,0,2350,0.0,39.0
DS003_20260713_I28,DS003,2026-07-13,28,Lunch,57,9,0,0,9,0,0.0,,,P_DS003_005|P_DS003_011|P_DS003_014|P_DS003_017|P_DS003_020|P_DS003_023|P_DS003_026|P_DS003_032|P_DS003_002,6.333333333333333,0,2350,0.0,39.0
DS003_20260713_I29,DS003,2026-07-13,29,Lunch,51,9,0,0,9,0,0.0,,,P_DS003_011|P_DS003_014|P_DS003_017|P_DS003_020|P_DS003_023|P_DS003_026|P_DS003_032|P_DS003_002|P_DS003_005,5.666666666666667,0,2350,0.0,39.0
DS003_20260713_I30,DS003,2026-07-13,30,Lunch,41,9,0,0,9,0,0.0,,,P_DS003_014|P_DS003_017|P_DS003_020|P_DS003_023|P_DS003_026|P_DS003_032|P_DS003_002|P_DS003_005|P_DS003_011,4.555555555555555,0,2350,0.0,39.0
DS003_20260713_I31,DS003,2026-07-13,31,Afternoon,32,9,0,2,7,0,1.0,,P_DS003_017|P_DS003_020,P_DS003_023|P_DS003_026|P_DS003_032|P_DS003_002|P_DS003_005|P_DS003_011|P_DS003_014,4.571428571428571,0,2350,1.0,38.0
DS003_20260713_I32,DS003,2026-07-13,32,Afternoon,22,9,0,2,7,0,1.0,,P_DS003_020|P_DS003_023,P_DS003_026|P_DS003_032|P_DS003_002|P_DS003_005|P_DS003_011|P_DS003_014|P_DS003_017,3.142857142857143,0,2350,1.0,37.0
DS003_20260713_I33,DS003,2026-07-13,33,Afternoon,20,18,0,2,16,0,1.0,,P_DS003_027|P_DS003_030,P_DS003_032|P_DS003_002|P_DS003_003|P_DS003_005|P_DS003_006|P_DS003_009|P_DS003_011|P_DS003_012|P_DS003_014|P_DS003_017|P_DS003_018|P_DS003_020|P_DS003_021|P_DS003_023|P_DS003_024|P_DS003_026,1.25,0,2350,1.0,36.0
DS003_20260713_I34,DS003,2026-07-13,34,Afternoon,21,16,0,2,14,0,1.0,,P_DS003_005|P_DS003_006,P_DS003_009|P_DS003_011|P_DS003_012|P_DS003_014|P_DS003_017|P_DS003_018|P_DS003_021|P_DS003_023|P_DS003_024|P_DS003_027|P_DS003_030|P_DS003_032|P_DS003_002|P_DS003_003,1.5,0,2350,1.0,35.0
DS003_20260713_I35,DS003,2026-07-13,35,Afternoon,30,9,0,2,7,0,1.0,,P_DS003_030|P_DS003_003,P_DS003_006|P_DS003_009|P_DS003_012|P_DS003_018|P_DS003_021|P_DS003_024|P_DS003_027,4.285714285714286,0,2350,1.0,34.0
DS003_20260713_I36,DS003,2026-07-13,36,Afternoon,44,9,0,2,7,0,1.0,,P_DS003_003|P_DS003_006,P_DS003_009|P_DS003_012|P_DS003_018|P_DS003_021|P_DS003_024|P_DS003_027|P_DS003_030,6.285714285714286,0,2350,1.0,33.0
DS003_20260713_I37,DS003,2026-07-13,37,Evening,58,9,0,0,9,0,0.0,,,P_DS003_006|P_DS003_009|P_DS003_012|P_DS003_018|P_DS003_021|P_DS003_024|P_DS003_027|P_DS003_030|P_DS003_003,6.444444444444445,0,2350,0.0,33.0
DS003_20260713_I38,DS003,2026-07-13,38,Evening,84,9,0,0,9,0,0.0,,,P_DS003_009|P_DS003_012|P_DS003_018|P_DS003_021|P_DS003_024|P_DS003_027|P_DS003_030|P_DS003_003|P_DS003_006,9.333333333333334,0,2350,0.0,33.0
DS003_20260713_I39,DS003,2026-07-13,39,Evening,110,9,0,0,9,0,0.0,,,P_DS003_012|P_DS003_018|P_DS003_021|P_DS003_024|P_DS003_027|P_DS003_030|P_DS003_003|P_DS003_006|P_DS003_009,12.222222222222221,0,2350,0.0,33.0
DS003_20260713_I40,DS003,2026-07-13,40,Evening,109,9,0,0,9,0,0.0,,,P_DS003_018|P_DS003_021|P_DS003_024|P_DS003_027|P_DS003_030|P_DS003_003|P_DS003_006|P_DS003_009|P_DS003_012,12.11111111111111,0,2350,0.0,33.0
DS003_20260713_I41,DS003,2026-07-13,41,Evening,107,9,0,0,9,0,0.0,,,P_DS003_021|P_DS003_024|P_DS003_027|P_DS003_030|P_DS003_003|P_DS003_006|P_DS003_009|P_DS003_012|P_DS003_018,11.88888888888889,0,2350,0.0,33.0
DS003_20260713_I42,DS003,2026-07-13,42,Evening,108,9,0,0,9,0,0.0,,,P_DS003_024|P_DS003_027|P_DS003_030|P_DS003_003|P_DS003_006|P_DS003_009|P_DS003_012|P_DS003_018|P_DS003_021,12.0,0,2350,0.0,33.0
DS003_20260713_I43,DS003,2026-07-13,43,Evening,95,9,0,0,9,0,0.0,,,P_DS003_027|P_DS003_030|P_DS003_003|P_DS003_006|P_DS003_009|P_DS003_012|P_DS003_018|P_DS003_021|P_DS003_024,10.555555555555555,0,2350,0.0,33.0
DS003_20260713_I44,DS003,2026-07-13,44,Evening,87,9,0,0,9,0,0.0,,,P_DS003_030|P_DS003_003|P_DS003_006|P_DS003_009|P_DS003_012|P_DS003_018|P_DS003_021|P_DS003_024|P_DS003_027,9.666666666666666,0,2350,0.0,33.0
DS003_20260713_I45,DS003,2026-07-13,45,Evening,58,9,0,0,9,0,0.0,,,P_DS003_003|P_DS003_006|P_DS003_009|P_DS003_012|P_DS003_018|P_DS003_021|P_DS003_024|P_DS003_027|P_DS003_030,6.444444444444445,0,2350,0.0,33.0
DS003_20260713_I46,DS003,2026-07-13,46,Evening,37,9,0,0,9,0,0.0,,,P_DS003_006|P_DS003_009|P_DS003_012|P_DS003_018|P_DS003_021|P_DS003_024|P_DS003_027|P_DS003_030|P_DS003_003,4.111111111111111,0,2350,0.0,33.0
DS003_20260713_I47,DS003,2026-07-13,47,Late Night,29,9,0,2,7,0,1.0,,P_DS003_009|P_DS003_012,P_DS003_018|P_DS003_021|P_DS003_024|P_DS003_027|P_DS003_030|P_DS003_003|P_DS003_006,4.142857142857143,0,2350,1.0,32.0
DS003_20260713_I48,DS003,2026-07-13,48,Late Night,27,9,0,2,7,0,1.0,,P_DS003_012|P_DS003_018,P_DS003_021|P_DS003_024|P_DS003_027|P_DS003_030|P_DS003_003|P_DS003_006|P_DS003_009,3.857142857142857,0,2350,1.0,31.0
DS003_20260714_I01,DS003,2026-07-14,1,Night,5,19,12,2,5,900,1.0,P_DS003_006|P_DS003_009|P_DS003_012|P_DS003_018|P_DS003_021|P_DS003_024|P_DS003_027|P_DS003_030|P_DS003_001|P_DS003_004|P_DS003_007|P_DS003_010,P_DS003_013|P_DS003_019,P_DS003_022|P_DS003_025|P_DS003_028|P_DS003_031|P_DS003_003,1.0,900,9100,1.0,49.0
DS003_20260714_I02,DS003,2026-07-14,2,Night,8,19,12,2,5,900,1.0,P_DS003_009|P_DS003_012|P_DS003_018|P_DS003_021|P_DS003_024|P_DS003_027|P_DS003_030|P_DS003_001|P_DS003_004|P_DS003_007|P_DS003_010|P_DS003_013,P_DS003_019|P_DS003_022,P_DS003_025|P_DS003_028|P_DS003_031|P_DS003_003|P_DS003_006,1.6,900,8200,1.0,48.0
DS003_20260714_I03,DS003,2026-07-14,3,Night,6,10,9,0,1,675,0.0,P_DS003_010|P_DS003_013|P_DS003_019|P_DS003_022|P_DS003_025|P_DS003_028|P_DS003_031|P_DS003_001|P_DS003_004,,P_DS003_007,6.0,675,7525,0.0,48.0
DS003_20260714_I04,DS003,2026-07-14,4,Night,15,10,9,0,1,675,0.0,P_DS003_013|P_DS003_019|P_DS003_022|P_DS003_025|P_DS003_028|P_DS003_031|P_DS003_001|P_DS003_004|P_DS003_007,,P_DS003_010,15.0,675,6850,0.0,48.0
DS003_20260714_I05,DS003,2026-07-14,5,Night,9,10,9,0,1,675,0.0,P_DS003_019|P_DS003_022|P_DS003_025|P_DS003_028|P_DS003_031|P_DS003_001|P_DS003_004|P_DS003_007|P_DS003_010,,P_DS003_013,9.0,675,6175,0.0,48.0
DS003_20260714_I06,DS003,2026-07-14,6,Night,3,10,9,0,1,675,0.0,P_DS003_022|P_DS003_025|P_DS003_028|P_DS003_031|P_DS003_001|P_DS003_004|P_DS003_007|P_DS003_010|P_DS003_013,,P_DS003_019,3.0,675,5500,0.0,48.0
DS003_20260714_I07,DS003,2026-07-14,7,Night,15,10,9,0,1,675,0.0,P_DS003_025|P_DS003_028|P_DS003_031|P_DS003_001|P_DS003_004|P_DS003_007|P_DS003_010|P_DS003_013|P_DS003_019,,P_DS003_022,15.0,675,4825,0.0,48.0
DS003_20260714_I08,DS003,2026-07-14,8,Night,9,10,9,0,1,675,0.0,P_DS003_028|P_DS003_031|P_DS003_001|P_DS003_004|P_DS003_007|P_DS003_010|P_DS003_013|P_DS003_019|P_DS003_022,,P_DS003_025,9.0,675,4150,0.0,48.0
DS003_20260714_I09,DS003,2026-07-14,9,Night,6,10,9,0,1,675,0.0,P_DS003_031|P_DS003_001|P_DS003_004|P_DS003_007|P_DS003_010|P_DS003_013|P_DS003_019|P_DS003_022|P_DS003_025,,P_DS003_028,6.0,675,3475,0.0,48.0
DS003_20260714_I10,DS003,2026-07-14,10,Night,10,10,9,0,1,675,0.0,P_DS003_001|P_DS003_004|P_DS003_007|P_DS003_010|P_DS003_013|P_DS003_019|P_DS003_022|P_DS003_025|P_DS003_028,,P_DS003_031,10.0,675,2800,0.0,48.0
DS003_20260714_I11,DS003,2026-07-14,11,Night,10,10,9,0,1,675,0.0,P_DS003_004|P_DS003_007|P_DS003_010|P_DS003_013|P_DS003_019|P_DS003_022|P_DS003_025|P_DS003_028|P_DS003_031,,P_DS003_001,10.0,675,2125,0.0,48.0
DS003_20260714_I12,DS003,2026-07-14,12,Night,14,10,9,0,1,675,0.0,P_DS003_007|P_DS003_010|P_DS003_013|P_DS003_019|P_DS003_022|P_DS003_025|P_DS003_028|P_DS003_031|P_DS003_001,,P_DS003_004,14.0,675,1450,0.0,48.0
DS003_20260714_I13,DS003,2026-07-14,13,Morning,12,10,3,2,5,225,1.0,P_DS003_010|P_DS003_013|P_DS003_019,P_DS003_022|P_DS003_025,P_DS003_028|P_DS003_031|P_DS003_001|P_DS003_004|P_DS003_007,2.4,225,1225,1.0,47.0
DS003_20260714_I14,DS003,2026-07-14,14,Morning,19,10,3,2,5,225,1.0,P_DS003_013|P_DS003_019|P_DS003_022,P_DS003_025|P_DS003_028,P_DS003_031|P_DS003_001|P_DS003_004|P_DS003_007|P_DS003_010,3.8,225,1000,1.0,46.0
DS003_20260714_I15,DS003,2026-07-14,15,Morning,27,10,3,2,5,225,1.0,P_DS003_019|P_DS003_022|P_DS003_025,P_DS003_028|P_DS003_031,P_DS003_001|P_DS003_004|P_DS003_007|P_DS003_010|P_DS003_013,5.4,225,775,1.0,45.0
DS003_20260714_I16,DS003,2026-07-14,16,Morning,52,10,3,2,5,225,1.0,P_DS003_022|P_DS003_025|P_DS003_028,P_DS003_031|P_DS003_001,P_DS003_004|P_DS003_007|P_DS003_010|P_DS003_013|P_DS003_019,10.4,225,550,1.0,44.0
DS003_20260714_I17,DS003,2026-07-14,17,Morning,48,17,3,2,12,225,1.0,P_DS003_001|P_DS003_004|P_DS003_005,P_DS003_007|P_DS003_008,P_DS003_010|P_DS003_011|P_DS003_013|P_DS003_014|P_DS003_017|P_DS003_019|P_DS003_022|P_DS003_025|P_DS003_028|P_DS003_029|P_DS003_031|P_DS003_032,4.0,225,325,1.0,43.0
DS003_20260714_I18,DS003,2026-07-14,18,Morning,45,17,3,2,12,225,1.0,P_DS003_004|P_DS003_005|P_DS003_007,P_DS003_008|P_DS003_010,P_DS003_011|P_DS003_013|P_DS003_014|P_DS003_017|P_DS003_019|P_DS003_022|P_DS003_025|P_DS003_028|P_DS003_029|P_DS003_031|P_DS003_032|P_DS003_001,3.75,225,100,1.0,42.0
DS003_20260714_I19,DS003,2026-07-14,19,Morning,47,7,0,2,5,0,1.0,,P_DS003_029|P_DS003_032,P_DS003_005|P_DS003_008|P_DS003_011|P_DS003_014|P_DS003_017,9.4,0,100,1.0,41.0
DS003_20260714_I20,DS003,2026-07-14,20,Morning,47,7,0,2,5,0,1.0,,P_DS003_032|P_DS003_005,P_DS003_008|P_DS003_011|P_DS003_014|P_DS003_017|P_DS003_029,9.4,0,100,1.0,40.0
DS003_20260714_I21,DS003,2026-07-14,21,Morning,42,7,0,2,5,0,1.0,,P_DS003_005|P_DS003_008,P_DS003_011|P_DS003_014|P_DS003_017|P_DS003_029|P_DS003_032,8.4,0,100,1.0,39.0
DS003_20260714_I22,DS003,2026-07-14,22,Morning,33,7,0,2,5,0,1.0,,P_DS003_008|P_DS003_011,P_DS003_014|P_DS003_017|P_DS003_029|P_DS003_032|P_DS003_005,6.6,0,100,1.0,38.0
DS003_20260714_I23,DS003,2026-07-14,23,Lunch,43,7,0,0,7,0,0.0,,,P_DS003_011|P_DS003_014|P_DS003_017|P_DS003_029|P_DS003_032|P_DS003_005|P_DS003_008,6.142857142857143,0,100,0.0,38.0
DS003_20260714_I24,DS003,2026-07-14,24,Lunch,50,7,0,0,7,0,0.0,,,P_DS003_014|P_DS003_017|P_DS003_029|P_DS003_032|P_DS003_005|P_DS003_008|P_DS003_011,7.142857142857143,0,100,0.0,38.0
DS003_20260714_I25,DS003,2026-07-14,25,Lunch,49,7,0,0,7,0,0.0,,,P_DS003_017|P_DS003_029|P_DS003_032|P_DS003_005|P_DS003_008|P_DS003_011|P_DS003_014,7.0,0,100,0.0,38.0
DS003_20260714_I26,DS003,2026-07-14,26,Lunch,56,7,0,0,7,0,0.0,,,P_DS003_029|P_DS003_032|P_DS003_005|P_DS003_008|P_DS003_011|P_DS003_014|P_DS003_017,8.0,0,100,0.0,38.0
DS003_20260714_I27,DS003,2026-07-14,27,Lunch,72,7,0,0,7,0,0.0,,,P_DS003_032|P_DS003_005|P_DS003_008|P_DS003_011|P_DS003_014|P_DS003_017|P_DS003_029,10.285714285714286,0,100,0.0,38.0
DS003_20260714_I28,DS003,2026-07-14,28,Lunch,51,7,0,0,7,0,0.0,,,P_DS003_005|P_DS003_008|P_DS003_011|P_DS003_014|P_DS003_017|P_DS003_029|P_DS003_032,7.285714285714286,0,100,0.0,38.0
DS003_20260714_I29,DS003,2026-07-14,29,Lunch,60,7,0,0,7,0,0.0,,,P_DS003_008|P_DS003_011|P_DS003_014|P_DS003_017|P_DS003_029|P_DS003_032|P_DS003_005,8.571428571428571,0,100,0.0,38.0
DS003_20260714_I30,DS003,2026-07-14,30,Lunch,34,7,0,0,7,0,0.0,,,P_DS003_011|P_DS003_014|P_DS003_017|P_DS003_029|P_DS003_032|P_DS003_005|P_DS003_008,4.857142857142857,0,100,0.0,38.0
DS003_20260714_I31,DS003,2026-07-14,31,Afternoon,37,7,0,2,5,0,1.0,,P_DS003_014|P_DS003_017,P_DS003_029|P_DS003_032|P_DS003_005|P_DS003_008|P_DS003_011,7.4,0,100,1.0,37.0
DS003_20260714_I32,DS003,2026-07-14,32,Afternoon,23,7,0,2,5,0,1.0,,P_DS003_017|P_DS003_029,P_DS003_032|P_DS003_005|P_DS003_008|P_DS003_011|P_DS003_014,4.6,0,100,1.0,36.0
DS003_20260714_I33,DS003,2026-07-14,33,Afternoon,32,14,0,2,12,0,1.0,,P_DS003_012|P_DS003_014,P_DS003_015|P_DS003_017|P_DS003_018|P_DS003_024|P_DS003_027|P_DS003_029|P_DS003_032|P_DS003_003|P_DS003_005|P_DS003_006|P_DS003_008|P_DS003_011,2.6666666666666665,0,100,1.0,35.0
DS003_20260714_I34,DS003,2026-07-14,34,Afternoon,30,15,0,2,13,0,1.0,,P_DS003_011|P_DS003_012,P_DS003_014|P_DS003_015|P_DS003_017|P_DS003_018|P_DS003_021|P_DS003_024|P_DS003_027|P_DS003_029|P_DS003_032|P_DS003_003|P_DS003_005|P_DS003_006|P_DS003_008,2.3076923076923075,0,100,1.0,34.0
DS003_20260714_I35,DS003,2026-07-14,35,Afternoon,32,8,0,2,6,0,1.0,,P_DS003_015|P_DS003_018,P_DS003_021|P_DS003_024|P_DS003_027|P_DS003_003|P_DS003_006|P_DS003_012,5.333333333333333,0,100,1.0,33.0
DS003_20260714_I36,DS003,2026-07-14,36,Afternoon,50,8,0,2,6,0,1.0,,P_DS003_018|P_DS003_021,P_DS003_024|P_DS003_027|P_DS003_003|P_DS003_006|P_DS003_012|P_DS003_015,8.333333333333334,0,100,1.0,32.0
DS003_20260714_I37,DS003,2026-07-14,37,Evening,71,8,0,0,8,0,0.0,,,P_DS003_021|P_DS003_024|P_DS003_027|P_DS003_003|P_DS003_006|P_DS003_012|P_DS003_015|P_DS003_018,8.875,0,100,0.0,32.0
DS003_20260714_I38,DS003,2026-07-14,38,Evening,91,8,0,0,8,0,0.0,,,P_DS003_024|P_DS003_027|P_DS003_003|P_DS003_006|P_DS003_012|P_DS003_015|P_DS003_018|P_DS003_021,11.375,0,100,0.0,32.0
DS003_20260714_I39,DS003,2026-07-14,39,Evening,108,8,0,0,8,0,0.0,,,P_DS003_027|P_DS003_003|P_DS003_006|P_DS003_012|P_DS003_015|P_DS003_018|P_DS003_021|P_DS003_024,13.5,0,100,0.0,32.0
DS003_20260714_I40,DS003,2026-07-14,40,Evening,142,8,0,0,8,0,0.0,,,P_DS003_003|P_DS003_006|P_DS003_012|P_DS003_015|P_DS003_018|P_DS003_021|P_DS003_024|P_DS003_027,17.75,0,100,0.0,32.0
DS003_20260714_I41,DS003,2026-07-14,41,Evening,133,8,0,0,8,0,0.0,,,P_DS003_006|P_DS003_012|P_DS003_015|P_DS003_018|P_DS003_021|P_DS003_024|P_DS003_027|P_DS003_003,16.625,0,100,0.0,32.0
DS003_20260714_I42,DS003,2026-07-14,42,Evening,123,8,0,0,8,0,0.0,,,P_DS003_012|P_DS003_015|P_DS003_018|P_DS003_021|P_DS003_024|P_DS003_027|P_DS003_003|P_DS003_006,15.375,0,100,0.0,32.0
DS003_20260714_I43,DS003,2026-07-14,43,Evening,103,8,0,0,8,0,0.0,,,P_DS003_015|P_DS003_018|P_DS003_021|P_DS003_024|P_DS003_027|P_DS003_003|P_DS003_006|P_DS003_012,12.875,0,100,0.0,32.0
DS003_20260714_I44,DS003,2026-07-14,44,Evening,87,8,0,0,8,0,0.0,,,P_DS003_018|P_DS003_021|P_DS003_024|P_DS003_027|P_DS003_003|P_DS003_006|P_DS003_012|P_DS003_015,10.875,0,100,0.0,32.0
DS003_20260714_I45,DS003,2026-07-14,45,Evening,75,8,0,0,8,0,0.0,,,P_DS003_021|P_DS003_024|P_DS003_027|P_DS003_003|P_DS003_006|P_DS003_012|P_DS003_015|P_DS003_018,9.375,0,100,0.0,32.0
DS003_20260714_I46,DS003,2026-07-14,46,Evening,41,8,0,0,8,0,0.0,,,P_DS003_024|P_DS003_027|P_DS003_003|P_DS003_006|P_DS003_012|P_DS003_015|P_DS003_018|P_DS003_021,5.125,0,100,0.0,32.0
DS003_20260714_I47,DS003,2026-07-14,47,Late Night,31,8,0,2,6,0,1.0,,P_DS003_027|P_DS003_003,P_DS003_006|P_DS003_012|P_DS003_015|P_DS003_018|P_DS003_021|P_DS003_024,5.166666666666667,0,100,1.0,31.0
DS003_20260714_I48,DS003,2026-07-14,48,Late Night,21,8,0,2,6,0,1.0,,P_DS003_003|P_DS003_006,P_DS003_012|P_DS003_015|P_DS003_018|P_DS003_021|P_DS003_024|P_DS003_027,3.5,0,100,1.0,30.0
DS004_20260701_I01,DS004,2026-07-01,1,Night,7,9,8,0,1,600,0.0,P_DS004_004|P_DS004_007|P_DS004_013|P_DS004_016|P_DS004_022|P_DS004_025|P_DS004_028|P_DS004_034,,P_DS004_001,7.0,600,9400,0.0,50.0
DS004_20260701_I02,DS004,2026-07-01,2,Night,10,10,9,0,1,675,0.0,P_DS004_007|P_DS004_013|P_DS004_016|P_DS004_019|P_DS004_022|P_DS004_025|P_DS004_028|P_DS004_034|P_DS004_001,,P_DS004_004,10.0,675,8725,0.0,50.0
DS004_20260701_I03,DS004,2026-07-01,3,Night,12,10,9,0,1,675,0.0,P_DS004_013|P_DS004_016|P_DS004_019|P_DS004_022|P_DS004_025|P_DS004_028|P_DS004_034|P_DS004_001|P_DS004_004,,P_DS004_007,12.0,675,8050,0.0,50.0
DS004_20260701_I04,DS004,2026-07-01,4,Night,8,10,9,0,1,675,0.0,P_DS004_016|P_DS004_019|P_DS004_022|P_DS004_025|P_DS004_028|P_DS004_034|P_DS004_001|P_DS004_004|P_DS004_007,,P_DS004_013,8.0,675,7375,0.0,50.0
DS004_20260701_I05,DS004,2026-07-01,5,Night,11,10,9,0,1,675,0.0,P_DS004_019|P_DS004_022|P_DS004_025|P_DS004_028|P_DS004_034|P_DS004_001|P_DS004_004|P_DS004_007|P_DS004_013,,P_DS004_016,11.0,675,6700,0.0,50.0
DS004_20260701_I06,DS004,2026-07-01,6,Night,5,10,9,0,1,675,0.0,P_DS004_022|P_DS004_025|P_DS004_028|P_DS004_034|P_DS004_001|P_DS004_004|P_DS004_007|P_DS004_013|P_DS004_016,,P_DS004_019,5.0,675,6025,0.0,50.0
DS004_20260701_I07,DS004,2026-07-01,7,Night,7,10,9,0,1,675,0.0,P_DS004_025|P_DS004_028|P_DS004_034|P_DS004_001|P_DS004_004|P_DS004_007|P_DS004_013|P_DS004_016|P_DS004_019,,P_DS004_022,7.0,675,5350,0.0,50.0
DS004_20260701_I08,DS004,2026-07-01,8,Night,6,10,9,0,1,675,0.0,P_DS004_028|P_DS004_034|P_DS004_001|P_DS004_004|P_DS004_007|P_DS004_013|P_DS004_016|P_DS004_019|P_DS004_022,,P_DS004_025,6.0,675,4675,0.0,50.0
DS004_20260701_I09,DS004,2026-07-01,9,Night,7,10,9,0,1,675,0.0,P_DS004_034|P_DS004_001|P_DS004_004|P_DS004_007|P_DS004_013|P_DS004_016|P_DS004_019|P_DS004_022|P_DS004_025,,P_DS004_028,7.0,675,4000,0.0,50.0
DS004_20260701_I10,DS004,2026-07-01,10,Night,11,10,9,0,1,675,0.0,P_DS004_001|P_DS004_004|P_DS004_007|P_DS004_013|P_DS004_016|P_DS004_019|P_DS004_022|P_DS004_025|P_DS004_028,,P_DS004_034,11.0,675,3325,0.0,50.0
DS004_20260701_I11,DS004,2026-07-01,11,Night,7,10,9,0,1,675,0.0,P_DS004_004|P_DS004_007|P_DS004_013|P_DS004_016|P_DS004_019|P_DS004_022|P_DS004_025|P_DS004_028|P_DS004_034,,P_DS004_001,7.0,675,2650,0.0,50.0
DS004_20260701_I12,DS004,2026-07-01,12,Night,12,10,9,0,1,675,0.0,P_DS004_007|P_DS004_013|P_DS004_016|P_DS004_019|P_DS004_022|P_DS004_025|P_DS004_028|P_DS004_034|P_DS004_001,,P_DS004_004,12.0,675,1975,0.0,50.0
DS004_20260701_I13,DS004,2026-07-01,13,Morning,15,10,3,2,5,225,1.0,P_DS004_013|P_DS004_016|P_DS004_019,P_DS004_022|P_DS004_025,P_DS004_028|P_DS004_034|P_DS004_001|P_DS004_004|P_DS004_007,3.0,225,1750,1.0,49.0
DS004_20260701_I14,DS004,2026-07-01,14,Morning,18,10,3,2,5,225,1.0,P_DS004_016|P_DS004_019|P_DS004_022,P_DS004_025|P_DS004_028,P_DS004_034|P_DS004_001|P_DS004_004|P_DS004_007|P_DS004_013,3.6,225,1525,1.0,48.0
DS004_20260701_I15,DS004,2026-07-01,15,Morning,29,10,3,2,5,225,1.0,P_DS004_019|P_DS004_022|P_DS004_025,P_DS004_028|P_DS004_034,P_DS004_001|P_DS004_004|P_DS004_007|P_DS004_013|P_DS004_016,5.8,225,1300,1.0,47.0
DS004_20260701_I16,DS004,2026-07-01,16,Morning,35,10,3,2,5,225,1.0,P_DS004_022|P_DS004_025|P_DS004_028,P_DS004_034|P_DS004_001,P_DS004_004|P_DS004_007|P_DS004_013|P_DS004_016|P_DS004_019,7.0,225,1075,1.0,46.0
DS004_20260701_I17,DS004,2026-07-01,17,Morning,52,19,3,2,14,225,1.0,P_DS004_034|P_DS004_035|P_DS004_001,P_DS004_002|P_DS004_004,P_DS004_005|P_DS004_007|P_DS004_008|P_DS004_013|P_DS004_014|P_DS004_016|P_DS004_019|P_DS004_022|P_DS004_023|P_DS004_025|P_DS004_026|P_DS004_028|P_DS004_029|P_DS004_032,3.7142857142857144,225,850,1.0,45.0
DS004_20260701_I18,DS004,2026-07-01,18,Morning,58,19,3,2,14,225,1.0,P_DS004_035|P_DS004_001|P_DS004_002,P_DS004_004|P_DS004_005,P_DS004_007|P_DS004_008|P_DS004_013|P_DS004_014|P_DS004_016|P_DS004_019|P_DS004_022|P_DS004_023|P_DS004_025|P_DS004_026|P_DS004_028|P_DS004_029|P_DS004_032|P_DS004_034,4.142857142857143,225,625,1.0,44.0
DS004_20260701_I19,DS004,2026-07-01,19,Morning,54,9,0,2,7,0,1.0,,P_DS004_005|P_DS004_008,P_DS004_014|P_DS004_023|P_DS004_026|P_DS004_029|P_DS004_032|P_DS004_035|P_DS004_002,7.714285714285714,0,625,1.0,43.0
DS004_20260701_I20,DS004,2026-07-01,20,Morning,48,9,0,2,7,0,1.0,,P_DS004_008|P_DS004_014,P_DS004_023|P_DS004_026|P_DS004_029|P_DS004_032|P_DS004_035|P_DS004_002|P_DS004_005,6.857142857142857,0,625,1.0,42.0
DS004_20260701_I21,DS004,2026-07-01,21,Morning,47,9,0,2,7,0,1.0,,P_DS004_014|P_DS004_023,P_DS004_026|P_DS004_029|P_DS004_032|P_DS004_035|P_DS004_002|P_DS004_005|P_DS004_008,6.714285714285714,0,625,1.0,41.0
DS004_20260701_I22,DS004,2026-07-01,22,Morning,36,9,0,2,7,0,1.0,,P_DS004_023|P_DS004_026,P_DS004_029|P_DS004_032|P_DS004_035|P_DS004_002|P_DS004_005|P_DS004_008|P_DS004_014,5.142857142857143,0,625,1.0,40.0
DS004_20260701_I23,DS004,2026-07-01,23,Lunch,55,9,0,0,9,0,0.0,,,P_DS004_026|P_DS004_029|P_DS004_032|P_DS004_035|P_DS004_002|P_DS004_005|P_DS004_008|P_DS004_014|P_DS004_023,6.111111111111111,0,625,0.0,40.0
DS004_20260701_I24,DS004,2026-07-01,24,Lunch,73,9,0,0,9,0,0.0,,,P_DS004_029|P_DS004_032|P_DS004_035|P_DS004_002|P_DS004_005|P_DS004_008|P_DS004_014|P_DS004_023|P_DS004_026,8.11111111111111,0,625,0.0,40.0
DS004_20260701_I25,DS004,2026-07-01,25,Lunch,70,9,0,0,9,0,0.0,,,P_DS004_032|P_DS004_035|P_DS004_002|P_DS004_005|P_DS004_008|P_DS004_014|P_DS004_023|P_DS004_026|P_DS004_029,7.777777777777778,0,625,0.0,40.0
DS004_20260701_I26,DS004,2026-07-01,26,Lunch,103,9,0,0,9,0,0.0,,,P_DS004_035|P_DS004_002|P_DS004_005|P_DS004_008|P_DS004_014|P_DS004_023|P_DS004_026|P_DS004_029|P_DS004_032,11.444444444444445,0,625,0.0,40.0
DS004_20260701_I27,DS004,2026-07-01,27,Lunch,105,9,0,0,9,0,0.0,,,P_DS004_002|P_DS004_005|P_DS004_008|P_DS004_014|P_DS004_023|P_DS004_026|P_DS004_029|P_DS004_032|P_DS004_035,11.666666666666666,0,625,0.0,40.0
DS004_20260701_I28,DS004,2026-07-01,28,Lunch,109,9,0,0,9,0,0.0,,,P_DS004_005|P_DS004_008|P_DS004_014|P_DS004_023|P_DS004_026|P_DS004_029|P_DS004_032|P_DS004_035|P_DS004_002,12.11111111111111,0,625,0.0,40.0
DS004_20260701_I29,DS004,2026-07-01,29,Lunch,80,9,0,0,9,0,0.0,,,P_DS004_008|P_DS004_014|P_DS004_023|P_DS004_026|P_DS004_029|P_DS004_032|P_DS004_035|P_DS004_002|P_DS004_005,8.88888888888889,0,625,0.0,40.0
DS004_20260701_I30,DS004,2026-07-01,30,Lunch,63,9,0,0,9,0,0.0,,,P_DS004_014|P_DS004_023|P_DS004_026|P_DS004_029|P_DS004_032|P_DS004_035|P_DS004_002|P_DS004_005|P_DS004_008,7.0,0,625,0.0,40.0
DS004_20260701_I31,DS004,2026-07-01,31,Afternoon,63,9,0,2,7,0,1.0,,P_DS004_023|P_DS004_026,P_DS004_029|P_DS004_032|P_DS004_035|P_DS004_002|P_DS004_005|P_DS004_008|P_DS004_014,9.0,0,625,1.0,39.0
DS004_20260701_I32,DS004,2026-07-01,32,Afternoon,44,9,0,2,7,0,1.0,,P_DS004_026|P_DS004_029,P_DS004_032|P_DS004_035|P_DS004_002|P_DS004_005|P_DS004_008|P_DS004_014|P_DS004_023,6.285714285714286,0,625,1.0,38.0
DS004_20260701_I33,DS004,2026-07-01,33,Afternoon,34,17,0,2,15,0,1.0,,P_DS004_035|P_DS004_002,P_DS004_005|P_DS004_006|P_DS004_008|P_DS004_009|P_DS004_012|P_DS004_014|P_DS004_018|P_DS004_021|P_DS004_023|P_DS004_026|P_DS004_027|P_DS004_029|P_DS004_030|P_DS004_032|P_DS004_033,2.2666666666666666,0,625,1.0,37.0
DS004_20260701_I34,DS004,2026-07-01,34,Afternoon,40,17,0,2,15,0,1.0,,P_DS004_002|P_DS004_005,P_DS004_006|P_DS004_008|P_DS004_009|P_DS004_012|P_DS004_014|P_DS004_018|P_DS004_021|P_DS004_023|P_DS004_026|P_DS004_027|P_DS004_029|P_DS004_030|P_DS004_032|P_DS004_033|P_DS004_035,2.6666666666666665,0,625,1.0,36.0
DS004_20260701_I35,DS004,2026-07-01,35,Afternoon,48,8,0,2,6,0,1.0,,P_DS004_018|P_DS004_021,P_DS004_027|P_DS004_030|P_DS004_033|P_DS004_006|P_DS004_009|P_DS004_012,8.0,0,625,1.0,35.0
DS004_20260701_I36,DS004,2026-07-01,36,Afternoon,72,8,0,2,6,0,1.0,,P_DS004_021|P_DS004_027,P_DS004_030|P_DS004_033|P_DS004_006|P_DS004_009|P_DS004_012|P_DS004_018,12.0,0,625,1.0,34.0
DS004_20260701_I37,DS004,2026-07-01,37,Evening,84,11,0,0,11,0,0.0,,,P_DS004_021|P_DS004_027|P_DS004_030|P_DS004_033|P_DS004_031|P_DS004_017|P_DS004_010|P_DS004_006|P_DS004_009|P_DS004_012|P_DS004_018,7.636363636363637,0,625,0.0,34.0
DS004_20260701_I38,DS004,2026-07-01,38,Evening,99,11,0,0,11,0,0.0,,,P_DS004_027|P_DS004_030|P_DS004_033|P_DS004_031|P_DS004_017|P_DS004_010|P_DS004_006|P_DS004_009|P_DS004_012|P_DS004_018|P_DS004_021,9.0,0,625,0.0,34.0
DS004_20260701_I39,DS004,2026-07-01,39,Evening,117,11,0,0,11,0,0.0,,,P_DS004_030|P_DS004_033|P_DS004_031|P_DS004_017|P_DS004_010|P_DS004_006|P_DS004_009|P_DS004_012|P_DS004_018|P_DS004_021|P_DS004_027,10.636363636363637,0,625,0.0,34.0
DS004_20260701_I40,DS004,2026-07-01,40,Evening,155,11,0,0,11,0,0.0,,,P_DS004_033|P_DS004_031|P_DS004_017|P_DS004_010|P_DS004_006|P_DS004_009|P_DS004_012|P_DS004_018|P_DS004_021|P_DS004_027|P_DS004_030,14.090909090909092,0,625,0.0,34.0
DS004_20260701_I41,DS004,2026-07-01,41,Evening,154,11,0,0,11,0,0.0,,,P_DS004_031|P_DS004_017|P_DS004_010|P_DS004_006|P_DS004_009|P_DS004_012|P_DS004_018|P_DS004_021|P_DS004_027|P_DS004_030|P_DS004_033,14.0,0,625,0.0,34.0
DS004_20260701_I42,DS004,2026-07-01,42,Evening,127,11,0,0,11,0,0.0,,,P_DS004_017|P_DS004_010|P_DS004_006|P_DS004_009|P_DS004_012|P_DS004_018|P_DS004_021|P_DS004_027|P_DS004_030|P_DS004_033|P_DS004_031,11.545454545454545,0,625,0.0,34.0
DS004_20260701_I43,DS004,2026-07-01,43,Evening,123,11,0,0,11,0,0.0,,,P_DS004_010|P_DS004_006|P_DS004_009|P_DS004_012|P_DS004_018|P_DS004_021|P_DS004_027|P_DS004_030|P_DS004_033|P_DS004_031|P_DS004_017,11.181818181818182,0,625,0.0,34.0
DS004_20260701_I44,DS004,2026-07-01,44,Evening,117,11,0,0,11,0,0.0,,,P_DS004_006|P_DS004_009|P_DS004_012|P_DS004_018|P_DS004_021|P_DS004_027|P_DS004_030|P_DS004_033|P_DS004_031|P_DS004_017|P_DS004_010,10.636363636363637,0,625,0.0,34.0
DS004_20260701_I45,DS004,2026-07-01,45,Evening,61,8,0,0,8,0,0.0,,,P_DS004_027|P_DS004_030|P_DS004_033|P_DS004_006|P_DS004_009|P_DS004_012|P_DS004_018|P_DS004_021,7.625,0,625,0.0,34.0
DS004_20260701_I46,DS004,2026-07-01,46,Evening,60,8,0,0,8,0,0.0,,,P_DS004_030|P_DS004_033|P_DS004_006|P_DS004_009|P_DS004_012|P_DS004_018|P_DS004_021|P_DS004_027,7.5,0,625,0.0,34.0
DS004_20260701_I47,DS004,2026-07-01,47,Late Night,56,8,0,2,6,0,1.0,,P_DS004_033|P_DS004_006,P_DS004_009|P_DS004_012|P_DS004_018|P_DS004_021|P_DS004_027|P_DS004_030,9.333333333333334,0,625,1.0,33.0
DS004_20260701_I48,DS004,2026-07-01,48,Late Night,28,8,0,2,6,0,1.0,,P_DS004_006|P_DS004_009,P_DS004_012|P_DS004_018|P_DS004_021|P_DS004_027|P_DS004_030|P_DS004_033,4.666666666666667,0,625,1.0,32.0
DS004_20260702_I01,DS004,2026-07-02,1,Night,6,17,12,2,3,900,1.0,P_DS004_009|P_DS004_012|P_DS004_018|P_DS004_021|P_DS004_027|P_DS004_030|P_DS004_033|P_DS004_001|P_DS004_007|P_DS004_010|P_DS004_013|P_DS004_016,P_DS004_022|P_DS004_028,P_DS004_031|P_DS004_034|P_DS004_006,2.0,900,9100,1.0,49.0
DS004_20260702_I02,DS004,2026-07-02,2,Night,2,17,12,2,3,900,1.0,P_DS004_012|P_DS004_018|P_DS004_021|P_DS004_027|P_DS004_030|P_DS004_033|P_DS004_001|P_DS004_007|P_DS004_010|P_DS004_013|P_DS004_016|P_DS004_022,P_DS004_028|P_DS004_031,P_DS004_034|P_DS004_006|P_DS004_009,0.6666666666666666,900,8200,1.0,48.0
DS004_20260702_I03,DS004,2026-07-02,3,Night,6,9,8,0,1,600,0.0,P_DS004_013|P_DS004_016|P_DS004_022|P_DS004_028|P_DS004_031|P_DS004_034|P_DS004_001|P_DS004_007,,P_DS004_010,6.0,600,7600,0.0,48.0
DS004_20260702_I04,DS004,2026-07-02,4,Night,6,9,8,0,1,600,0.0,P_DS004_016|P_DS004_022|P_DS004_028|P_DS004_031|P_DS004_034|P_DS004_001|P_DS004_007|P_DS004_010,,P_DS004_013,6.0,600,7000,0.0,48.0
DS004_20260702_I05,DS004,2026-07-02,5,Night,7,9,8,0,1,600,0.0,P_DS004_022|P_DS004_028|P_DS004_031|P_DS004_034|P_DS004_001|P_DS004_007|P_DS004_010|P_DS004_013,,P_DS004_016,7.0,600,6400,0.0,48.0
DS004_20260702_I06,DS004,2026-07-02,6,Night,4,9,8,0,1,600,0.0,P_DS004_028|P_DS004_031|P_DS004_034|P_DS004_001|P_DS004_007|P_DS004_010|P_DS004_013|P_DS004_016,,P_DS004_022,4.0,600,5800,0.0,48.0
DS004_20260702_I07,DS004,2026-07-02,7,Night,6,9,8,0,1,600,0.0,P_DS004_031|P_DS004_034|P_DS004_001|P_DS004_007|P_DS004_010|P_DS004_013|P_DS004_016|P_DS004_022,,P_DS004_028,6.0,600,5200,0.0,48.0
DS004_20260702_I08,DS004,2026-07-02,8,Night,9,9,8,0,1,600,0.0,P_DS004_034|P_DS004_001|P_DS004_007|P_DS004_010|P_DS004_013|P_DS004_016|P_DS004_022|P_DS004_028,,P_DS004_031,9.0,600,4600,0.0,48.0
DS004_20260702_I09,DS004,2026-07-02,9,Night,7,9,8,0,1,600,0.0,P_DS004_001|P_DS004_007|P_DS004_010|P_DS004_013|P_DS004_016|P_DS004_022|P_DS004_028|P_DS004_031,,P_DS004_034,7.0,600,4000,0.0,48.0
DS004_20260702_I10,DS004,2026-07-02,10,Night,3,9,8,0,1,600,0.0,P_DS004_007|P_DS004_010|P_DS004_013|P_DS004_016|P_DS004_022|P_DS004_028|P_DS004_031|P_DS004_034,,P_DS004_001,3.0,600,3400,0.0,48.0
DS004_20260702_I11,DS004,2026-07-02,11,Night,10,9,8,0,1,600,0.0,P_DS004_010|P_DS004_013|P_DS004_016|P_DS004_022|P_DS004_028|P_DS004_031|P_DS004_034|P_DS004_001,,P_DS004_007,10.0,600,2800,0.0,48.0
DS004_20260702_I12,DS004,2026-07-02,12,Night,7,9,8,0,1,600,0.0,P_DS004_013|P_DS004_016|P_DS004_022|P_DS004_028|P_DS004_031|P_DS004_034|P_DS004_001|P_DS004_007,,P_DS004_010,7.0,600,2200,0.0,48.0
DS004_20260702_I13,DS004,2026-07-02,13,Morning,18,9,3,2,4,225,1.0,P_DS004_016|P_DS004_022|P_DS004_028,P_DS004_031|P_DS004_034,P_DS004_001|P_DS004_007|P_DS004_010|P_DS004_013,4.5,225,1975,1.0,47.0
DS004_20260702_I14,DS004,2026-07-02,14,Morning,28,9,3,2,4,225,1.0,P_DS004_022|P_DS004_028|P_DS004_031,P_DS004_034|P_DS004_001,P_DS004_007|P_DS004_010|P_DS004_013|P_DS004_016,7.0,225,1750,1.0,46.0
DS004_20260702_I15,DS004,2026-07-02,15,Morning,30,9,3,2,4,225,1.0,P_DS004_028|P_DS004_031|P_DS004_034,P_DS004_001|P_DS004_007,P_DS004_010|P_DS004_013|P_DS004_016|P_DS004_022,7.5,225,1525,1.0,45.0
DS004_20260702_I16,DS004,2026-07-02,16,Morning,54,9,3,2,4,225,1.0,P_DS004_031|P_DS004_034|P_DS004_001,P_DS004_007|P_DS004_010,P_DS004_013|P_DS004_016|P_DS004_022|P_DS004_028,13.5,225,1300,1.0,44.0
DS004_20260702_I17,DS004,2026-07-02,17,Morning,46,17,3,2,12,225,1.0,P_DS004_001|P_DS004_002|P_DS004_007,P_DS004_010|P_DS004_013,P_DS004_014|P_DS004_016|P_DS004_017|P_DS004_020|P_DS004_022|P_DS004_023|P_DS004_026|P_DS004_028|P_DS004_029|P_DS004_031|P_DS004_034|P_DS004_035,3.8333333333333335,225,1075,1.0,43.0
DS004_20260702_I18,DS004,2026-07-02,18,Morning,48,18,3,2,13,225,1.0,P_DS004_001|P_DS004_002|P_DS004_007,P_DS004_008|P_DS004_010,P_DS004_013|P_DS004_014|P_DS004_016|P_DS004_017|P_DS004_020|P_DS004_022|P_DS004_023|P_DS004_026|P_DS004_028|P_DS004_029|P_DS004_031|P_DS004_034|P_DS004_035,3.6923076923076925,225,850,1.0,42.0
DS004_20260702_I19,DS004,2026-07-02,19,Morning,54,9,0,2,7,0,1.0,,P_DS004_008|P_DS004_014,P_DS004_017|P_DS004_020|P_DS004_023|P_DS004_026|P_DS004_029|P_DS004_035|P_DS004_002,7.714285714285714,0,850,1.0,41.0
DS004_20260702_I20,DS004,2026-07-02,20,Morning,54,9,0,2,7,0,1.0,,P_DS004_014|P_DS004_017,P_DS004_020|P_DS004_023|P_DS004_026|P_DS004_029|P_DS004_035|P_DS004_002|P_DS004_008,7.714285714285714,0,850,1.0,40.0
DS004_20260702_I21,DS004,2026-07-02,21,Morning,49,9,0,2,7,0,1.0,,P_DS004_017|P_DS004_020,P_DS004_023|P_DS004_026|P_DS004_029|P_DS004_035|P_DS004_002|P_DS004_008|P_DS004_014,7.0,0,850,1.0,39.0
DS004_20260702_I22,DS004,2026-07-02,22,Morning,49,9,0,2,7,0,1.0,,P_DS004_020|P_DS004_023,P_DS004_026|P_DS004_029|P_DS004_035|P_DS004_002|P_DS004_008|P_DS004_014|P_DS004_017,7.0,0,850,1.0,38.0
DS004_20260702_I23,DS004,2026-07-02,23,Lunch,47,9,0,0,9,0,0.0,,,P_DS004_023|P_DS004_026|P_DS004_029|P_DS004_035|P_DS004_002|P_DS004_008|P_DS004_014|P_DS004_017|P_DS004_020,5.222222222222222,0,850,0.0,38.0
DS004_20260702_I24,DS004,2026-07-02,24,Lunch,65,9,0,0,9,0,0.0,,,P_DS004_026|P_DS004_029|P_DS004_035|P_DS004_002|P_DS004_008|P_DS004_014|P_DS004_017|P_DS004_020|P_DS004_023,7.222222222222222,0,850,0.0,38.0
DS004_20260702_I25,DS004,2026-07-02,25,Lunch,59,9,0,0,9,0,0.0,,,P_DS004_029|P_DS004_035|P_DS004_002|P_DS004_008|P_DS004_014|P_DS004_017|P_DS004_020|P_DS004_023|P_DS004_026,6.555555555555555,0,850,0.0,38.0
DS004_20260702_I26,DS004,2026-07-02,26,Lunch,86,9,0,0,9,0,0.0,,,P_DS004_035|P_DS004_002|P_DS004_008|P_DS004_014|P_DS004_017|P_DS004_020|P_DS004_023|P_DS004_026|P_DS004_029,9.555555555555555,0,850,0.0,38.0
DS004_20260702_I27,DS004,2026-07-02,27,Lunch,91,9,0,0,9,0,0.0,,,P_DS004_002|P_DS004_008|P_DS004_014|P_DS004_017|P_DS004_020|P_DS004_023|P_DS004_026|P_DS004_029|P_DS004_035,10.11111111111111,0,850,0.0,38.0
DS004_20260702_I28,DS004,2026-07-02,28,Lunch,86,9,0,0,9,0,0.0,,,P_DS004_008|P_DS004_014|P_DS004_017|P_DS004_020|P_DS004_023|P_DS004_026|P_DS004_029|P_DS004_035|P_DS004_002,9.555555555555555,0,850,0.0,38.0
DS004_20260702_I29,DS004,2026-07-02,29,Lunch,92,9,0,0,9,0,0.0,,,P_DS004_014|P_DS004_017|P_DS004_020|P_DS004_023|P_DS004_026|P_DS004_029|P_DS004_035|P_DS004_002|P_DS004_008,10.222222222222221,0,850,0.0,38.0
DS004_20260702_I30,DS004,2026-07-02,30,Lunch,57,9,0,0,9,0,0.0,,,P_DS004_017|P_DS004_020|P_DS004_023|P_DS004_026|P_DS004_029|P_DS004_035|P_DS004_002|P_DS004_008|P_DS004_014,6.333333333333333,0,850,0.0,38.0
DS004_20260702_I31,DS004,2026-07-02,31,Afternoon,45,9,0,2,7,0,1.0,,P_DS004_020|P_DS004_023,P_DS004_026|P_DS004_029|P_DS004_035|P_DS004_002|P_DS004_008|P_DS004_014|P_DS004_017,6.428571428571429,0,850,1.0,37.0
DS004_20260702_I32,DS004,2026-07-02,32,Afternoon,47,9,0,2,7,0,1.0,,P_DS004_023|P_DS004_026,P_DS004_029|P_DS004_035|P_DS004_002|P_DS004_008|P_DS004_014|P_DS004_017|P_DS004_020,6.714285714285714,0,850,1.0,36.0
DS004_20260702_I33,DS004,2026-07-02,33,Afternoon,31,18,0,2,16,0,1.0,,P_DS004_030|P_DS004_033,P_DS004_035|P_DS004_002|P_DS004_003|P_DS004_006|P_DS004_008|P_DS004_009|P_DS004_014|P_DS004_015|P_DS004_017|P_DS004_020|P_DS004_021|P_DS004_023|P_DS004_024|P_DS004_026|P_DS004_027|P_DS004_029,1.9375,0,850,1.0,35.0
DS004_20260702_I34,DS004,2026-07-02,34,Afternoon,35,18,0,2,16,0,1.0,,P_DS004_033|P_DS004_035,P_DS004_002|P_DS004_003|P_DS004_006|P_DS004_008|P_DS004_009|P_DS004_014|P_DS004_015|P_DS004_017|P_DS004_020|P_DS004_021|P_DS004_023|P_DS004_024|P_DS004_026|P_DS004_027|P_DS004_029|P_DS004_030,2.1875,0,850,1.0,34.0
DS004_20260702_I35,DS004,2026-07-02,35,Afternoon,43,9,0,2,7,0,1.0,,P_DS004_033|P_DS004_003,P_DS004_006|P_DS004_009|P_DS004_015|P_DS004_021|P_DS004_024|P_DS004_027|P_DS004_030,6.142857142857143,0,850,1.0,33.0
DS004_20260702_I36,DS004,2026-07-02,36,Afternoon,67,9,0,2,7,0,1.0,,P_DS004_003|P_DS004_006,P_DS004_009|P_DS004_015|P_DS004_021|P_DS004_024|P_DS004_027|P_DS004_030|P_DS004_033,9.571428571428571,0,850,1.0,32.0
DS004_20260702_I37,DS004,2026-07-02,37,Evening,68,9,0,0,9,0,0.0,,,P_DS004_006|P_DS004_009|P_DS004_015|P_DS004_021|P_DS004_024|P_DS004_027|P_DS004_030|P_DS004_033|P_DS004_003,7.555555555555555,0,850,0.0,32.0
DS004_20260702_I38,DS004,2026-07-02,38,Evening,102,9,0,0,9,0,0.0,,,P_DS004_009|P_DS004_015|P_DS004_021|P_DS004_024|P_DS004_027|P_DS004_030|P_DS004_033|P_DS004_003|P_DS004_006,11.333333333333334,0,850,0.0,32.0
DS004_20260702_I39,DS004,2026-07-02,39,Evening,122,9,0,0,9,0,0.0,,,P_DS004_015|P_DS004_021|P_DS004_024|P_DS004_027|P_DS004_030|P_DS004_033|P_DS004_003|P_DS004_006|P_DS004_009,13.555555555555555,0,850,0.0,32.0
DS004_20260702_I40,DS004,2026-07-02,40,Evening,114,9,0,0,9,0,0.0,,,P_DS004_021|P_DS004_024|P_DS004_027|P_DS004_030|P_DS004_033|P_DS004_003|P_DS004_006|P_DS004_009|P_DS004_015,12.666666666666666,0,850,0.0,32.0
DS004_20260702_I41,DS004,2026-07-02,41,Evening,125,9,0,0,9,0,0.0,,,P_DS004_024|P_DS004_027|P_DS004_030|P_DS004_033|P_DS004_003|P_DS004_006|P_DS004_009|P_DS004_015|P_DS004_021,13.88888888888889,0,850,0.0,32.0
DS004_20260702_I42,DS004,2026-07-02,42,Evening,128,9,0,0,9,0,0.0,,,P_DS004_027|P_DS004_030|P_DS004_033|P_DS004_003|P_DS004_006|P_DS004_009|P_DS004_015|P_DS004_021|P_DS004_024,14.222222222222221,0,850,0.0,32.0
DS004_20260702_I43,DS004,2026-07-02,43,Evening,108,9,0,0,9,0,0.0,,,P_DS004_030|P_DS004_033|P_DS004_003|P_DS004_006|P_DS004_009|P_DS004_015|P_DS004_021|P_DS004_024|P_DS004_027,12.0,0,850,0.0,32.0
DS004_20260702_I44,DS004,2026-07-02,44,Evening,104,9,0,0,9,0,0.0,,,P_DS004_033|P_DS004_003|P_DS004_006|P_DS004_009|P_DS004_015|P_DS004_021|P_DS004_024|P_DS004_027|P_DS004_030,11.555555555555555,0,850,0.0,32.0
DS004_20260702_I45,DS004,2026-07-02,45,Evening,65,9,0,0,9,0,0.0,,,P_DS004_003|P_DS004_006|P_DS004_009|P_DS004_015|P_DS004_021|P_DS004_024|P_DS004_027|P_DS004_030|P_DS004_033,7.222222222222222,0,850,0.0,32.0
DS004_20260702_I46,DS004,2026-07-02,46,Evening,64,9,0,0,9,0,0.0,,,P_DS004_006|P_DS004_009|P_DS004_015|P_DS004_021|P_DS004_024|P_DS004_027|P_DS004_030|P_DS004_033|P_DS004_003,7.111111111111111,0,850,0.0,32.0
DS004_20260702_I47,DS004,2026-07-02,47,Late Night,37,9,0,2,7,0,1.0,,P_DS004_009|P_DS004_015,P_DS004_021|P_DS004_024|P_DS004_027|P_DS004_030|P_DS004_033|P_DS004_003|P_DS004_006,5.285714285714286,0,850,1.0,31.0
DS004_20260702_I48,DS004,2026-07-02,48,Late Night,31,9,0,2,7,0,1.0,,P_DS004_015|P_DS004_021,P_DS004_024|P_DS004_027|P_DS004_030|P_DS004_033|P_DS004_003|P_DS004_006|P_DS004_009,4.428571428571429,0,850,1.0,30.0
DS004_20260703_I01,DS004,2026-07-03,1,Night,11,19,12,2,5,900,1.0,P_DS004_006|P_DS004_009|P_DS004_015|P_DS004_021|P_DS004_024|P_DS004_027|P_DS004_030|P_DS004_033|P_DS004_001|P_DS004_004|P_DS004_007|P_DS004_010,P_DS004_013|P_DS004_016,P_DS004_025|P_DS004_028|P_DS004_031|P_DS004_034|P_DS004_003,2.2,900,9100,1.0,49.0
DS004_20260703_I02,DS004,2026-07-03,2,Night,8,19,12,2,5,900,1.0,P_DS004_009|P_DS004_015|P_DS004_021|P_DS004_024|P_DS004_027|P_DS004_030|P_DS004_033|P_DS004_001|P_DS004_004|P_DS004_007|P_DS004_010|P_DS004_013,P_DS004_016|P_DS004_025,P_DS004_028|P_DS004_031|P_DS004_034|P_DS004_003|P_DS004_006,1.6,900,8200,1.0,48.0
DS004_20260703_I03,DS004,2026-07-03,3,Night,12,10,9,0,1,675,0.0,P_DS004_010|P_DS004_013|P_DS004_016|P_DS004_025|P_DS004_028|P_DS004_031|P_DS004_034|P_DS004_001|P_DS004_004,,P_DS004_007,12.0,675,7525,0.0,48.0
DS004_20260703_I04,DS004,2026-07-03,4,Night,8,10,9,0,1,675,0.0,P_DS004_013|P_DS004_016|P_DS004_025|P_DS004_028|P_DS004_031|P_DS004_034|P_DS004_001|P_DS004_004|P_DS004_007,,P_DS004_010,8.0,675,6850,0.0,48.0
DS004_20260703_I05,DS004,2026-07-03,5,Night,12,10,9,0,1,675,0.0,P_DS004_016|P_DS004_025|P_DS004_028|P_DS004_031|P_DS004_034|P_DS004_001|P_DS004_004|P_DS004_007|P_DS004_010,,P_DS004_013,12.0,675,6175,0.0,48.0
DS004_20260703_I06,DS004,2026-07-03,6,Night,6,10,9,0,1,675,0.0,P_DS004_025|P_DS004_028|P_DS004_031|P_DS004_034|P_DS004_001|P_DS004_004|P_DS004_007|P_DS004_010|P_DS004_013,,P_DS004_016,6.0,675,5500,0.0,48.0
DS004_20260703_I07,DS004,2026-07-03,7,Night,13,10,9,0,1,675,0.0,P_DS004_028|P_DS004_031|P_DS004_034|P_DS004_001|P_DS004_004|P_DS004_007|P_DS004_010|P_DS004_013|P_DS004_016,,P_DS004_025,13.0,675,4825,0.0,48.0
DS004_20260703_I08,DS004,2026-07-03,8,Night,7,10,9,0,1,675,0.0,P_DS004_031|P_DS004_034|P_DS004_001|P_DS004_004|P_DS004_007|P_DS004_010|P_DS004_013|P_DS004_016|P_DS004_025,,P_DS004_028,7.0,675,4150,0.0,48.0
DS004_20260703_I09,DS004,2026-07-03,9,Night,12,10,9,0,1,675,0.0,P_DS004_034|P_DS004_001|P_DS004_004|P_DS004_007|P_DS004_010|P_DS004_013|P_DS004_016|P_DS004_025|P_DS004_028,,P_DS004_031,12.0,675,3475,0.0,48.0
DS004_20260703_I10,DS004,2026-07-03,10,Night,9,10,9,0,1,675,0.0,P_DS004_001|P_DS004_004|P_DS004_007|P_DS004_010|P_DS004_013|P_DS004_016|P_DS004_025|P_DS004_028|P_DS004_031,,P_DS004_034,9.0,675,2800,0.0,48.0
DS004_20260703_I11,DS004,2026-07-03,11,Night,9,10,9,0,1,675,0.0,P_DS004_004|P_DS004_007|P_DS004_010|P_DS004_013|P_DS004_016|P_DS004_025|P_DS004_028|P_DS004_031|P_DS004_034,,P_DS004_001,9.0,675,2125,0.0,48.0
DS004_20260703_I12,DS004,2026-07-03,12,Night,8,10,9,0,1,675,0.0,P_DS004_007|P_DS004_010|P_DS004_013|P_DS004_016|P_DS004_025|P_DS004_028|P_DS004_031|P_DS004_034|P_DS004_001,,P_DS004_004,8.0,675,1450,0.0,48.0
DS004_20260703_I13,DS004,2026-07-03,13,Morning,21,10,3,2,5,225,1.0,P_DS004_010|P_DS004_013|P_DS004_016,P_DS004_025|P_DS004_028,P_DS004_031|P_DS004_034|P_DS004_001|P_DS004_004|P_DS004_007,4.2,225,1225,1.0,47.0
DS004_20260703_I14,DS004,2026-07-03,14,Morning,20,10,3,2,5,225,1.0,P_DS004_013|P_DS004_016|P_DS004_025,P_DS004_028|P_DS004_031,P_DS004_034|P_DS004_001|P_DS004_004|P_DS004_007|P_DS004_010,4.0,225,1000,1.0,46.0
DS004_20260703_I15,DS004,2026-07-03,15,Morning,33,10,3,2,5,225,1.0,P_DS004_016|P_DS004_025|P_DS004_028,P_DS004_031|P_DS004_034,P_DS004_001|P_DS004_004|P_DS004_007|P_DS004_010|P_DS004_013,6.6,225,775,1.0,45.0
DS004_20260703_I16,DS004,2026-07-03,16,Morning,51,10,3,2,5,225,1.0,P_DS004_025|P_DS004_028|P_DS004_031,P_DS004_034|P_DS004_001,P_DS004_004|P_DS004_007|P_DS004_010|P_DS004_013|P_DS004_016,10.2,225,550,1.0,44.0
DS004_20260703_I17,DS004,2026-07-03,17,Morning,73,19,3,2,14,225,1.0,P_DS004_034|P_DS004_035|P_DS004_001,P_DS004_002|P_DS004_004,P_DS004_007|P_DS004_008|P_DS004_010|P_DS004_011|P_DS004_013|P_DS004_014|P_DS004_016|P_DS004_020|P_DS004_023|P_DS004_025|P_DS004_028|P_DS004_029|P_DS004_031|P_DS004_032,5.214285714285714,225,325,1.0,43.0
DS004_20260703_I18,DS004,2026-07-03,18,Morning,62,19,3,2,14,225,1.0,P_DS004_035|P_DS004_001|P_DS004_002,P_DS004_004|P_DS004_007,P_DS004_008|P_DS004_010|P_DS004_011|P_DS004_013|P_DS004_014|P_DS004_016|P_DS004_020|P_DS004_023|P_DS004_025|P_DS004_028|P_DS004_029|P_DS004_031|P_DS004_032|P_DS004_034,4.428571428571429,225,100,1.0,42.0
DS004_20260703_I19,DS004,2026-07-03,19,Morning,61,9,0,2,7,0,1.0,,P_DS004_008|P_DS004_011,P_DS004_014|P_DS004_020|P_DS004_023|P_DS004_029|P_DS004_032|P_DS004_035|P_DS004_002,8.714285714285714,0,100,1.0,41.0
DS004_20260703_I20,DS004,2026-07-03,20,Morning,64,9,0,2,7,0,1.0,,P_DS004_011|P_DS004_014,P_DS004_020|P_DS004_023|P_DS004_029|P_DS004_032|P_DS004_035|P_DS004_002|P_DS004_008,9.142857142857142,0,100,1.0,40.0
DS004_20260703_I21,DS004,2026-07-03,21,Morning,60,9,0,2,7,0,1.0,,P_DS004_014|P_DS004_020,P_DS004_023|P_DS004_029|P_DS004_032|P_DS004_035|P_DS004_002|P_DS004_008|P_DS004_011,8.571428571428571,0,100,1.0,39.0
DS004_20260703_I22,DS004,2026-07-03,22,Morning,42,9,0,2,7,0,1.0,,P_DS004_020|P_DS004_023,P_DS004_029|P_DS004_032|P_DS004_035|P_DS004_002|P_DS004_008|P_DS004_011|P_DS004_014,6.0,0,100,1.0,38.0
DS004_20260703_I23,DS004,2026-07-03,23,Lunch,65,9,0,0,9,0,0.0,,,P_DS004_023|P_DS004_029|P_DS004_032|P_DS004_035|P_DS004_002|P_DS004_008|P_DS004_011|P_DS004_014|P_DS004_020,7.222222222222222,0,100,0.0,38.0
DS004_20260703_I24,DS004,2026-07-03,24,Lunch,89,9,0,0,9,0,0.0,,,P_DS004_029|P_DS004_032|P_DS004_035|P_DS004_002|P_DS004_008|P_DS004_011|P_DS004_014|P_DS004_020|P_DS004_023,9.88888888888889,0,100,0.0,38.0
DS004_20260703_I25,DS004,2026-07-03,25,Lunch,81,9,0,0,9,0,0.0,,,P_DS004_032|P_DS004_035|P_DS004_002|P_DS004_008|P_DS004_011|P_DS004_014|P_DS004_020|P_DS004_023|P_DS004_029,9.0,0,100,0.0,38.0
DS004_20260703_I26,DS004,2026-07-03,26,Lunch,92,9,0,0,9,0,0.0,,,P_DS004_035|P_DS004_002|P_DS004_008|P_DS004_011|P_DS004_014|P_DS004_020|P_DS004_023|P_DS004_029|P_DS004_032,10.222222222222221,0,100,0.0,38.0
DS004_20260703_I27,DS004,2026-07-03,27,Lunch,113,9,0,0,9,0,0.0,,,P_DS004_002|P_DS004_008|P_DS004_011|P_DS004_014|P_DS004_020|P_DS004_023|P_DS004_029|P_DS004_032|P_DS004_035,12.555555555555555,0,100,0.0,38.0
DS004_20260703_I28,DS004,2026-07-03,28,Lunch,98,9,0,0,9,0,0.0,,,P_DS004_008|P_DS004_011|P_DS004_014|P_DS004_020|P_DS004_023|P_DS004_029|P_DS004_032|P_DS004_035|P_DS004_002,10.88888888888889,0,100,0.0,38.0
DS004_20260703_I29,DS004,2026-07-03,29,Lunch,100,9,0,0,9,0,0.0,,,P_DS004_011|P_DS004_014|P_DS004_020|P_DS004_023|P_DS004_029|P_DS004_032|P_DS004_035|P_DS004_002|P_DS004_008,11.11111111111111,0,100,0.0,38.0
DS004_20260703_I30,DS004,2026-07-03,30,Lunch,87,9,0,0,9,0,0.0,,,P_DS004_014|P_DS004_020|P_DS004_023|P_DS004_029|P_DS004_032|P_DS004_035|P_DS004_002|P_DS004_008|P_DS004_011,9.666666666666666,0,100,0.0,38.0
DS004_20260703_I31,DS004,2026-07-03,31,Afternoon,64,9,0,2,7,0,1.0,,P_DS004_020|P_DS004_023,P_DS004_029|P_DS004_032|P_DS004_035|P_DS004_002|P_DS004_008|P_DS004_011|P_DS004_014,9.142857142857142,0,100,1.0,37.0
DS004_20260703_I32,DS004,2026-07-03,32,Afternoon,54,9,0,2,7,0,1.0,,P_DS004_023|P_DS004_029,P_DS004_032|P_DS004_035|P_DS004_002|P_DS004_008|P_DS004_011|P_DS004_014|P_DS004_020,7.714285714285714,0,100,1.0,36.0
DS004_20260703_I33,DS004,2026-07-03,33,Afternoon,41,16,0,2,14,0,1.0,,P_DS004_006|P_DS004_008,P_DS004_009|P_DS004_011|P_DS004_014|P_DS004_015|P_DS004_018|P_DS004_020|P_DS004_021|P_DS004_023|P_DS004_024|P_DS004_027|P_DS004_029|P_DS004_032|P_DS004_035|P_DS004_002,2.9285714285714284,0,100,1.0,35.0
DS004_20260703_I34,DS004,2026-07-03,34,Afternoon,52,16,0,2,14,0,1.0,,P_DS004_008|P_DS004_009,P_DS004_011|P_DS004_014|P_DS004_015|P_DS004_018|P_DS004_020|P_DS004_021|P_DS004_023|P_DS004_024|P_DS004_027|P_DS004_029|P_DS004_032|P_DS004_035|P_DS004_002|P_DS004_006,3.7142857142857144,0,100,1.0,34.0
DS004_20260703_I35,DS004,2026-07-03,35,Afternoon,56,7,0,2,5,0,1.0,,P_DS004_006|P_DS004_009,P_DS004_015|P_DS004_018|P_DS004_021|P_DS004_024|P_DS004_027,11.2,0,100,1.0,33.0
DS004_20260703_I36,DS004,2026-07-03,36,Afternoon,74,7,0,2,5,0,1.0,,P_DS004_009|P_DS004_015,P_DS004_018|P_DS004_021|P_DS004_024|P_DS004_027|P_DS004_006,14.8,0,100,1.0,32.0
DS004_20260703_I37,DS004,2026-07-03,37,Evening,111,10,0,0,10,0,0.0,,,P_DS004_019|P_DS004_012|P_DS004_033|P_DS004_006|P_DS004_009|P_DS004_015|P_DS004_018|P_DS004_021|P_DS004_024|P_DS004_027,11.1,0,100,0.0,32.0
DS004_20260703_I38,DS004,2026-07-03,38,Evening,130,10,0,0,10,0,0.0,,,P_DS004_012|P_DS004_033|P_DS004_006|P_DS004_009|P_DS004_015|P_DS004_018|P_DS004_021|P_DS004_024|P_DS004_027|P_DS004_019,13.0,0,100,0.0,32.0
DS004_20260703_I39,DS004,2026-07-03,39,Evening,153,10,0,0,10,0,0.0,,,P_DS004_033|P_DS004_006|P_DS004_009|P_DS004_015|P_DS004_018|P_DS004_021|P_DS004_024|P_DS004_027|P_DS004_019|P_DS004_012,15.3,0,100,0.0,32.0
DS004_20260703_I40,DS004,2026-07-03,40,Evening,147,10,0,0,10,0,0.0,,,P_DS004_006|P_DS004_009|P_DS004_015|P_DS004_018|P_DS004_021|P_DS004_024|P_DS004_027|P_DS004_019|P_DS004_012|P_DS004_033,14.7,0,100,0.0,32.0
DS004_20260703_I41,DS004,2026-07-03,41,Evening,163,10,0,0,10,0,0.0,,,P_DS004_009|P_DS004_015|P_DS004_018|P_DS004_021|P_DS004_024|P_DS004_027|P_DS004_019|P_DS004_012|P_DS004_033|P_DS004_006,16.3,0,100,0.0,32.0
DS004_20260703_I42,DS004,2026-07-03,42,Evening,158,10,0,0,10,0,0.0,,,P_DS004_015|P_DS004_018|P_DS004_021|P_DS004_024|P_DS004_027|P_DS004_019|P_DS004_012|P_DS004_033|P_DS004_006|P_DS004_009,15.8,0,100,0.0,32.0
DS004_20260703_I43,DS004,2026-07-03,43,Evening,127,10,0,0,10,0,0.0,,,P_DS004_018|P_DS004_021|P_DS004_024|P_DS004_027|P_DS004_019|P_DS004_012|P_DS004_033|P_DS004_006|P_DS004_009|P_DS004_015,12.7,0,100,0.0,32.0
DS004_20260703_I44,DS004,2026-07-03,44,Evening,116,10,0,0,10,0,0.0,,,P_DS004_021|P_DS004_024|P_DS004_027|P_DS004_019|P_DS004_012|P_DS004_033|P_DS004_006|P_DS004_009|P_DS004_015|P_DS004_018,11.6,0,100,0.0,32.0
DS004_20260703_I45,DS004,2026-07-03,45,Evening,74,7,0,0,7,0,0.0,,,P_DS004_018|P_DS004_021|P_DS004_024|P_DS004_027|P_DS004_006|P_DS004_009|P_DS004_015,10.571428571428571,0,100,0.0,32.0
DS004_20260703_I46,DS004,2026-07-03,46,Evening,73,7,0,0,7,0,0.0,,,P_DS004_021|P_DS004_024|P_DS004_027|P_DS004_006|P_DS004_009|P_DS004_015|P_DS004_018,10.428571428571429,0,100,0.0,32.0
DS004_20260703_I47,DS004,2026-07-03,47,Late Night,47,7,0,2,5,0,1.0,,P_DS004_024|P_DS004_027,P_DS004_006|P_DS004_009|P_DS004_015|P_DS004_018|P_DS004_021,9.4,0,100,1.0,31.0
DS004_20260703_I48,DS004,2026-07-03,48,Late Night,32,7,0,2,5,0,1.0,,P_DS004_027|P_DS004_006,P_DS004_009|P_DS004_015|P_DS004_018|P_DS004_021|P_DS004_024,6.4,0,100,1.0,30.0
DS004_20260704_I01,DS004,2026-07-04,1,Night,3,17,12,2,3,900,1.0,P_DS004_009|P_DS004_015|P_DS004_018|P_DS004_021|P_DS004_024|P_DS004_027|P_DS004_001|P_DS004_004|P_DS004_007|P_DS004_010|P_DS004_016|P_DS004_019,P_DS004_022|P_DS004_025,P_DS004_028|P_DS004_031|P_DS004_006,1.0,900,9100,1.0,49.0
DS004_20260704_I02,DS004,2026-07-04,2,Night,7,17,12,2,3,900,1.0,P_DS004_015|P_DS004_018|P_DS004_021|P_DS004_024|P_DS004_027|P_DS004_001|P_DS004_004|P_DS004_007|P_DS004_010|P_DS004_016|P_DS004_019|P_DS004_022,P_DS004_025|P_DS004_028,P_DS004_031|P_DS004_006|P_DS004_009,2.3333333333333335,900,8200,1.0,48.0
DS004_20260704_I03,DS004,2026-07-04,3,Night,11,10,9,0,1,675,0.0,P_DS004_010|P_DS004_016|P_DS004_019|P_DS004_022|P_DS004_025|P_DS004_028|P_DS004_031|P_DS004_001|P_DS004_004,,P_DS004_007,11.0,675,7525,0.0,48.0
DS004_20260704_I04,DS004,2026-07-04,4,Night,4,10,9,0,1,675,0.0,P_DS004_016|P_DS004_019|P_DS004_022|P_DS004_025|P_DS004_028|P_DS004_031|P_DS004_001|P_DS004_004|P_DS004_007,,P_DS004_010,4.0,675,6850,0.0,48.0
DS004_20260704_I05,DS004,2026-07-04,5,Night,4,10,9,0,1,675,0.0,P_DS004_019|P_DS004_022|P_DS004_025|P_DS004_028|P_DS004_031|P_DS004_001|P_DS004_004|P_DS004_007|P_DS004_010,,P_DS004_016,4.0,675,6175,0.0,48.0
DS004_20260704_I06,DS004,2026-07-04,6,Night,13,10,9,0,1,675,0.0,P_DS004_022|P_DS004_025|P_DS004_028|P_DS004_031|P_DS004_001|P_DS004_004|P_DS004_007|P_DS004_010|P_DS004_016,,P_DS004_019,13.0,675,5500,0.0,48.0
DS004_20260704_I07,DS004,2026-07-04,7,Night,7,10,9,0,1,675,0.0,P_DS004_025|P_DS004_028|P_DS004_031|P_DS004_001|P_DS004_004|P_DS004_007|P_DS004_010|P_DS004_016|P_DS004_019,,P_DS004_022,7.0,675,4825,0.0,48.0
DS004_20260704_I08,DS004,2026-07-04,8,Night,13,10,9,0,1,675,0.0,P_DS004_028|P_DS004_031|P_DS004_001|P_DS004_004|P_DS004_007|P_DS004_010|P_DS004_016|P_DS004_019|P_DS004_022,,P_DS004_025,13.0,675,4150,0.0,48.0
DS004_20260704_I09,DS004,2026-07-04,9,Night,10,10,9,0,1,675,0.0,P_DS004_031|P_DS004_001|P_DS004_004|P_DS004_007|P_DS004_010|P_DS004_016|P_DS004_019|P_DS004_022|P_DS004_025,,P_DS004_028,10.0,675,3475,0.0,48.0
DS004_20260704_I10,DS004,2026-07-04,10,Night,11,10,9,0,1,675,0.0,P_DS004_001|P_DS004_004|P_DS004_007|P_DS004_010|P_DS004_016|P_DS004_019|P_DS004_022|P_DS004_025|P_DS004_028,,P_DS004_031,11.0,675,2800,0.0,48.0
DS004_20260704_I11,DS004,2026-07-04,11,Night,9,10,9,0,1,675,0.0,P_DS004_004|P_DS004_007|P_DS004_010|P_DS004_016|P_DS004_019|P_DS004_022|P_DS004_025|P_DS004_028|P_DS004_031,,P_DS004_001,9.0,675,2125,0.0,48.0
DS004_20260704_I12,DS004,2026-07-04,12,Night,12,10,9,0,1,675,0.0,P_DS004_007|P_DS004_010|P_DS004_016|P_DS004_019|P_DS004_022|P_DS004_025|P_DS004_028|P_DS004_031|P_DS004_001,,P_DS004_004,12.0,675,1450,0.0,48.0
DS004_20260704_I13,DS004,2026-07-04,13,Morning,9,10,3,2,5,225,1.0,P_DS004_010|P_DS004_016|P_DS004_019,P_DS004_022|P_DS004_025,P_DS004_028|P_DS004_031|P_DS004_001|P_DS004_004|P_DS004_007,1.8,225,1225,1.0,47.0
DS004_20260704_I14,DS004,2026-07-04,14,Morning,9,10,3,2,5,225,1.0,P_DS004_016|P_DS004_019|P_DS004_022,P_DS004_025|P_DS004_028,P_DS004_031|P_DS004_001|P_DS004_004|P_DS004_007|P_DS004_010,1.8,225,1000,1.0,46.0
DS004_20260704_I15,DS004,2026-07-04,15,Morning,10,10,3,2,5,225,1.0,P_DS004_019|P_DS004_022|P_DS004_025,P_DS004_028|P_DS004_031,P_DS004_001|P_DS004_004|P_DS004_007|P_DS004_010|P_DS004_016,2.0,225,775,1.0,45.0
DS004_20260704_I16,DS004,2026-07-04,16,Morning,19,10,3,2,5,225,1.0,P_DS004_022|P_DS004_025|P_DS004_028,P_DS004_031|P_DS004_001,P_DS004_004|P_DS004_007|P_DS004_010|P_DS004_016|P_DS004_019,3.8,225,550,1.0,44.0
DS004_20260704_I17,DS004,2026-07-04,17,Morning,35,20,3,2,15,225,1.0,P_DS004_031|P_DS004_032|P_DS004_035,P_DS004_001|P_DS004_002,P_DS004_004|P_DS004_007|P_DS004_008|P_DS004_010|P_DS004_011|P_DS004_014|P_DS004_016|P_DS004_017|P_DS004_019|P_DS004_022|P_DS004_023|P_DS004_025|P_DS004_026|P_DS004_028|P_DS004_029,2.3333333333333335,225,325,1.0,43.0
DS004_20260704_I18,DS004,2026-07-04,18,Morning,33,21,3,2,16,225,1.0,P_DS004_031|P_DS004_032|P_DS004_035,P_DS004_001|P_DS004_002,P_DS004_004|P_DS004_005|P_DS004_007|P_DS004_008|P_DS004_010|P_DS004_011|P_DS004_014|P_DS004_016|P_DS004_017|P_DS004_019|P_DS004_022|P_DS004_023|P_DS004_025|P_DS004_026|P_DS004_028|P_DS004_029,2.0625,225,100,1.0,42.0
DS004_20260704_I19,DS004,2026-07-04,19,Morning,45,11,0,2,9,0,1.0,,P_DS004_029|P_DS004_032,P_DS004_035|P_DS004_002|P_DS004_005|P_DS004_008|P_DS004_011|P_DS004_014|P_DS004_017|P_DS004_023|P_DS004_026,5.0,0,100,1.0,41.0
DS004_20260704_I20,DS004,2026-07-04,20,Morning,95,11,0,2,9,0,1.0,,P_DS004_032|P_DS004_035,P_DS004_002|P_DS004_005|P_DS004_008|P_DS004_011|P_DS004_014|P_DS004_017|P_DS004_023|P_DS004_026|P_DS004_029,10.555555555555555,0,100,1.0,40.0
DS004_20260704_I21,DS004,2026-07-04,21,Morning,94,11,0,2,9,0,1.0,,P_DS004_035|P_DS004_002,P_DS004_005|P_DS004_008|P_DS004_011|P_DS004_014|P_DS004_017|P_DS004_023|P_DS004_026|P_DS004_029|P_DS004_032,10.444444444444445,0,100,1.0,39.0
DS004_20260704_I22,DS004,2026-07-04,22,Morning,103,11,0,2,9,0,1.0,,P_DS004_002|P_DS004_005,P_DS004_008|P_DS004_011|P_DS004_014|P_DS004_017|P_DS004_023|P_DS004_026|P_DS004_029|P_DS004_032|P_DS004_035,11.444444444444445,0,100,1.0,38.0
DS004_20260704_I23,DS004,2026-07-04,23,Lunch,100,11,0,0,11,0,0.0,,,P_DS004_005|P_DS004_008|P_DS004_011|P_DS004_014|P_DS004_017|P_DS004_023|P_DS004_026|P_DS004_029|P_DS004_032|P_DS004_035|P_DS004_002,9.090909090909092,0,100,0.0,38.0
DS004_20260704_I24,DS004,2026-07-04,24,Lunch,97,11,0,0,11,0,0.0,,,P_DS004_008|P_DS004_011|P_DS004_014|P_DS004_017|P_DS004_023|P_DS004_026|P_DS004_029|P_DS004_032|P_DS004_035|P_DS004_002|P_DS004_005,8.818181818181818,0,100,0.0,38.0
DS004_20260704_I25,DS004,2026-07-04,25,Lunch,109,11,0,0,11,0,0.0,,,P_DS004_011|P_DS004_014|P_DS004_017|P_DS004_023|P_DS004_026|P_DS004_029|P_DS004_032|P_DS004_035|P_DS004_002|P_DS004_005|P_DS004_008,9.909090909090908,0,100,0.0,38.0
DS004_20260704_I26,DS004,2026-07-04,26,Lunch,109,11,0,0,11,0,0.0,,,P_DS004_014|P_DS004_017|P_DS004_023|P_DS004_026|P_DS004_029|P_DS004_032|P_DS004_035|P_DS004_002|P_DS004_005|P_DS004_008|P_DS004_011,9.909090909090908,0,100,0.0,38.0
DS004_20260704_I27,DS004,2026-07-04,27,Lunch,115,11,0,0,11,0,0.0,,,P_DS004_017|P_DS004_023|P_DS004_026|P_DS004_029|P_DS004_032|P_DS004_035|P_DS004_002|P_DS004_005|P_DS004_008|P_DS004_011|P_DS004_014,10.454545454545455,0,100,0.0,38.0
DS004_20260704_I28,DS004,2026-07-04,28,Lunch,100,11,0,0,11,0,0.0,,,P_DS004_023|P_DS004_026|P_DS004_029|P_DS004_032|P_DS004_035|P_DS004_002|P_DS004_005|P_DS004_008|P_DS004_011|P_DS004_014|P_DS004_017,9.090909090909092,0,100,0.0,38.0
DS004_20260704_I29,DS004,2026-07-04,29,Lunch,116,11,0,0,11,0,0.0,,,P_DS004_026|P_DS004_029|P_DS004_032|P_DS004_035|P_DS004_002|P_DS004_005|P_DS004_008|P_DS004_011|P_DS004_014|P_DS004_017|P_DS004_023,10.545454545454545,0,100,0.0,38.0
DS004_20260704_I30,DS004,2026-07-04,30,Lunch,104,11,0,0,11,0,0.0,,,P_DS004_029|P_DS004_032|P_DS004_035|P_DS004_002|P_DS004_005|P_DS004_008|P_DS004_011|P_DS004_014|P_DS004_017|P_DS004_023|P_DS004_026,9.454545454545455,0,100,0.0,38.0
DS004_20260704_I31,DS004,2026-07-04,31,Afternoon,106,11,0,2,9,0,1.0,,P_DS004_032|P_DS004_035,P_DS004_002|P_DS004_005|P_DS004_008|P_DS004_011|P_DS004_014|P_DS004_017|P_DS004_023|P_DS004_026|P_DS004_029,11.777777777777779,0,100,1.0,37.0
DS004_20260704_I32,DS004,2026-07-04,32,Afternoon,94,11,0,2,9,0,1.0,,P_DS004_035|P_DS004_002,P_DS004_005|P_DS004_008|P_DS004_011|P_DS004_014|P_DS004_017|P_DS004_023|P_DS004_026|P_DS004_029|P_DS004_032,10.444444444444445,0,100,1.0,36.0
DS004_20260704_I33,DS004,2026-07-04,33,Afternoon,68,20,0,2,18,0,1.0,,P_DS004_024|P_DS004_026,P_DS004_029|P_DS004_030|P_DS004_032|P_DS004_033|P_DS004_035|P_DS004_002|P_DS004_003|P_DS004_005|P_DS004_008|P_DS004_009|P_DS004_011|P_DS004_012|P_DS004_014|P_DS004_015|P_DS004_017|P_DS004_018|P_DS004_021|P_DS004_023,3.7777777777777777,0,100,1.0,35.0
DS004_20260704_I34,DS004,2026-07-04,34,Afternoon,79,17,0,2,15,0,1.0,,P_DS004_003|P_DS004_005,P_DS004_009|P_DS004_011|P_DS004_012|P_DS004_015|P_DS004_017|P_DS004_018|P_DS004_021|P_DS004_023|P_DS004_024|P_DS004_026|P_DS004_029|P_DS004_030|P_DS004_032|P_DS004_033|P_DS004_035,5.266666666666667,0,100,1.0,34.0
DS004_20260704_I35,DS004,2026-07-04,35,Afternoon,80,9,0,2,7,0,1.0,,P_DS004_033|P_DS004_003,P_DS004_009|P_DS004_012|P_DS004_015|P_DS004_018|P_DS004_021|P_DS004_024|P_DS004_030,11.428571428571429,0,100,1.0,33.0
DS004_20260704_I36,DS004,2026-07-04,36,Afternoon,92,9,0,2,7,0,1.0,,P_DS004_003|P_DS004_009,P_DS004_012|P_DS004_015|P_DS004_018|P_DS004_021|P_DS004_024|P_DS004_030|P_DS004_033,13.142857142857142,0,100,1.0,32.0
DS004_20260704_I37,DS004,2026-07-04,37,Evening,94,10,0,0,10,0,0.0,,,P_DS004_030|P_DS004_033|P_DS004_020|P_DS004_003|P_DS004_009|P_DS004_012|P_DS004_015|P_DS004_018|P_DS004_021|P_DS004_024,9.4,0,100,0.0,32.0
DS004_20260704_I38,DS004,2026-07-04,38,Evening,123,10,0,0,10,0,0.0,,,P_DS004_033|P_DS004_020|P_DS004_003|P_DS004_009|P_DS004_012|P_DS004_015|P_DS004_018|P_DS004_021|P_DS004_024|P_DS004_030,12.3,0,100,0.0,32.0
DS004_20260704_I39,DS004,2026-07-04,39,Evening,131,10,0,0,10,0,0.0,,,P_DS004_020|P_DS004_003|P_DS004_009|P_DS004_012|P_DS004_015|P_DS004_018|P_DS004_021|P_DS004_024|P_DS004_030|P_DS004_033,13.1,0,100,0.0,32.0
DS004_20260704_I40,DS004,2026-07-04,40,Evening,153,10,0,0,10,0,0.0,,,P_DS004_003|P_DS004_009|P_DS004_012|P_DS004_015|P_DS004_018|P_DS004_021|P_DS004_024|P_DS004_030|P_DS004_033|P_DS004_020,15.3,0,100,0.0,32.0
DS004_20260704_I41,DS004,2026-07-04,41,Evening,166,10,0,0,10,0,0.0,,,P_DS004_009|P_DS004_012|P_DS004_015|P_DS004_018|P_DS004_021|P_DS004_024|P_DS004_030|P_DS004_033|P_DS004_020|P_DS004_003,16.6,0,100,0.0,32.0
DS004_20260704_I42,DS004,2026-07-04,42,Evening,146,10,0,0,10,0,0.0,,,P_DS004_012|P_DS004_015|P_DS004_018|P_DS004_021|P_DS004_024|P_DS004_030|P_DS004_033|P_DS004_020|P_DS004_003|P_DS004_009,14.6,0,100,0.0,32.0
DS004_20260704_I43,DS004,2026-07-04,43,Evening,127,10,0,0,10,0,0.0,,,P_DS004_015|P_DS004_018|P_DS004_021|P_DS004_024|P_DS004_030|P_DS004_033|P_DS004_020|P_DS004_003|P_DS004_009|P_DS004_012,12.7,0,100,0.0,32.0
DS004_20260704_I44,DS004,2026-07-04,44,Evening,108,10,0,0,10,0,0.0,,,P_DS004_018|P_DS004_021|P_DS004_024|P_DS004_030|P_DS004_033|P_DS004_020|P_DS004_003|P_DS004_009|P_DS004_012|P_DS004_015,10.8,0,100,0.0,32.0
DS004_20260704_I45,DS004,2026-07-04,45,Evening,100,9,0,0,9,0,0.0,,,P_DS004_003|P_DS004_009|P_DS004_012|P_DS004_015|P_DS004_018|P_DS004_021|P_DS004_024|P_DS004_030|P_DS004_033,11.11111111111111,0,100,0.0,32.0
DS004_20260704_I46,DS004,2026-07-04,46,Evening,67,9,0,0,9,0,0.0,,,P_DS004_009|P_DS004_012|P_DS004_015|P_DS004_018|P_DS004_021|P_DS004_024|P_DS004_030|P_DS004_033|P_DS004_003,7.444444444444445,0,100,0.0,32.0
DS004_20260704_I47,DS004,2026-07-04,47,Late Night,59,9,0,2,7,0,1.0,,P_DS004_012|P_DS004_015,P_DS004_018|P_DS004_021|P_DS004_024|P_DS004_030|P_DS004_033|P_DS004_003|P_DS004_009,8.428571428571429,0,100,1.0,31.0
DS004_20260704_I48,DS004,2026-07-04,48,Late Night,46,9,0,2,7,0,1.0,,P_DS004_015|P_DS004_018,P_DS004_021|P_DS004_024|P_DS004_030|P_DS004_033|P_DS004_003|P_DS004_009|P_DS004_012,6.571428571428571,0,100,1.0,30.0
DS004_20260705_I01,DS004,2026-07-05,1,Night,6,18,12,2,4,900,1.0,P_DS004_009|P_DS004_012|P_DS004_015|P_DS004_018|P_DS004_021|P_DS004_024|P_DS004_030|P_DS004_033|P_DS004_001|P_DS004_004|P_DS004_010|P_DS004_013,P_DS004_016|P_DS004_022,P_DS004_025|P_DS004_031|P_DS004_034|P_DS004_003,1.5,900,9100,1.0,49.0
DS004_20260705_I02,DS004,2026-07-05,2,Night,11,19,12,2,5,900,1.0,P_DS004_012|P_DS004_015|P_DS004_018|P_DS004_021|P_DS004_024|P_DS004_030|P_DS004_033|P_DS004_001|P_DS004_004|P_DS004_010|P_DS004_013|P_DS004_016,P_DS004_019|P_DS004_022,P_DS004_025|P_DS004_031|P_DS004_034|P_DS004_003|P_DS004_009,2.2,900,8200,1.0,48.0
DS004_20260705_I03,DS004,2026-07-05,3,Night,8,10,9,0,1,675,0.0,P_DS004_013|P_DS004_016|P_DS004_019|P_DS004_022|P_DS004_025|P_DS004_031|P_DS004_034|P_DS004_001|P_DS004_004,,P_DS004_010,8.0,675,7525,0.0,48.0
DS004_20260705_I04,DS004,2026-07-05,4,Night,7,10,9,0,1,675,0.0,P_DS004_016|P_DS004_019|P_DS004_022|P_DS004_025|P_DS004_031|P_DS004_034|P_DS004_001|P_DS004_004|P_DS004_010,,P_DS004_013,7.0,675,6850,0.0,48.0
DS004_20260705_I05,DS004,2026-07-05,5,Night,1,10,9,0,1,675,0.0,P_DS004_019|P_DS004_022|P_DS004_025|P_DS004_031|P_DS004_034|P_DS004_001|P_DS004_004|P_DS004_010|P_DS004_013,,P_DS004_016,1.0,675,6175,0.0,48.0
DS004_20260705_I06,DS004,2026-07-05,6,Night,7,10,9,0,1,675,0.0,P_DS004_022|P_DS004_025|P_DS004_031|P_DS004_034|P_DS004_001|P_DS004_004|P_DS004_010|P_DS004_013|P_DS004_016,,P_DS004_019,7.0,675,5500,0.0,48.0
DS004_20260705_I07,DS004,2026-07-05,7,Night,5,10,9,0,1,675,0.0,P_DS004_025|P_DS004_031|P_DS004_034|P_DS004_001|P_DS004_004|P_DS004_010|P_DS004_013|P_DS004_016|P_DS004_019,,P_DS004_022,5.0,675,4825,0.0,48.0
DS004_20260705_I08,DS004,2026-07-05,8,Night,10,10,9,0,1,675,0.0,P_DS004_031|P_DS004_034|P_DS004_001|P_DS004_004|P_DS004_010|P_DS004_013|P_DS004_016|P_DS004_019|P_DS004_022,,P_DS004_025,10.0,675,4150,0.0,48.0
DS004_20260705_I09,DS004,2026-07-05,9,Night,14,10,9,0,1,675,0.0,P_DS004_034|P_DS004_001|P_DS004_004|P_DS004_010|P_DS004_013|P_DS004_016|P_DS004_019|P_DS004_022|P_DS004_025,,P_DS004_031,14.0,675,3475,0.0,48.0
DS004_20260705_I10,DS004,2026-07-05,10,Night,5,10,9,0,1,675,0.0,P_DS004_001|P_DS004_004|P_DS004_010|P_DS004_013|P_DS004_016|P_DS004_019|P_DS004_022|P_DS004_025|P_DS004_031,,P_DS004_034,5.0,675,2800,0.0,48.0
DS004_20260705_I11,DS004,2026-07-05,11,Night,5,10,9,0,1,675,0.0,P_DS004_004|P_DS004_010|P_DS004_013|P_DS004_016|P_DS004_019|P_DS004_022|P_DS004_025|P_DS004_031|P_DS004_034,,P_DS004_001,5.0,675,2125,0.0,48.0
DS004_20260705_I12,DS004,2026-07-05,12,Night,7,10,9,0,1,675,0.0,P_DS004_010|P_DS004_013|P_DS004_016|P_DS004_019|P_DS004_022|P_DS004_025|P_DS004_031|P_DS004_034|P_DS004_001,,P_DS004_004,7.0,675,1450,0.0,48.0
DS004_20260705_I13,DS004,2026-07-05,13,Morning,8,10,3,2,5,225,1.0,P_DS004_013|P_DS004_016|P_DS004_019,P_DS004_022|P_DS004_025,P_DS004_031|P_DS004_034|P_DS004_001|P_DS004_004|P_DS004_010,1.6,225,1225,1.0,47.0
DS004_20260705_I14,DS004,2026-07-05,14,Morning,11,10,3,2,5,225,1.0,P_DS004_016|P_DS004_019|P_DS004_022,P_DS004_025|P_DS004_031,P_DS004_034|P_DS004_001|P_DS004_004|P_DS004_010|P_DS004_013,2.2,225,1000,1.0,46.0
DS004_20260705_I15,DS004,2026-07-05,15,Morning,10,10,3,2,5,225,1.0,P_DS004_019|P_DS004_022|P_DS004_025,P_DS004_031|P_DS004_034,P_DS004_001|P_DS004_004|P_DS004_010|P_DS004_013|P_DS004_016,2.0,225,775,1.0,45.0
DS004_20260705_I16,DS004,2026-07-05,16,Morning,23,10,3,2,5,225,1.0,P_DS004_022|P_DS004_025|P_DS004_031,P_DS004_034|P_DS004_001,P_DS004_004|P_DS004_010|P_DS004_013|P_DS004_016|P_DS004_019,4.6,225,550,1.0,44.0
DS004_20260705_I17,DS004,2026-07-05,17,Morning,26,19,3,2,14,225,1.0,P_DS004_032|P_DS004_034|P_DS004_001,P_DS004_002|P_DS004_004,P_DS004_005|P_DS004_010|P_DS004_011|P_DS004_013|P_DS004_016|P_DS004_017|P_DS004_019|P_DS004_020|P_DS004_022|P_DS004_023|P_DS004_025|P_DS004_026|P_DS004_029|P_DS004_031,1.8571428571428572,225,325,1.0,43.0
DS004_20260705_I18,DS004,2026-07-05,18,Morning,42,19,3,2,14,225,1.0,P_DS004_034|P_DS004_001|P_DS004_002,P_DS004_004|P_DS004_005,P_DS004_010|P_DS004_011|P_DS004_013|P_DS004_016|P_DS004_017|P_DS004_019|P_DS004_020|P_DS004_022|P_DS004_023|P_DS004_025|P_DS004_026|P_DS004_029|P_DS004_031|P_DS004_032,3.0,225,100,1.0,42.0
DS004_20260705_I19,DS004,2026-07-05,19,Morning,41,9,0,2,7,0,1.0,,P_DS004_005|P_DS004_011,P_DS004_017|P_DS004_020|P_DS004_023|P_DS004_026|P_DS004_029|P_DS004_032|P_DS004_002,5.857142857142857,0,100,1.0,41.0
DS004_20260705_I20,DS004,2026-07-05,20,Morning,62,9,0,2,7,0,1.0,,P_DS004_011|P_DS004_017,P_DS004_020|P_DS004_023|P_DS004_026|P_DS004_029|P_DS004_032|P_DS004_002|P_DS004_005,8.857142857142858,0,100,1.0,40.0
DS004_20260705_I21,DS004,2026-07-05,21,Morning,60,9,0,2,7,0,1.0,,P_DS004_017|P_DS004_020,P_DS004_023|P_DS004_026|P_DS004_029|P_DS004_032|P_DS004_002|P_DS004_005|P_DS004_011,8.571428571428571,0,100,1.0,39.0
DS004_20260705_I22,DS004,2026-07-05,22,Morning,96,9,0,2,7,0,1.0,,P_DS004_020|P_DS004_023,P_DS004_026|P_DS004_029|P_DS004_032|P_DS004_002|P_DS004_005|P_DS004_011|P_DS004_017,13.714285714285714,0,100,1.0,38.0
DS004_20260705_I23,DS004,2026-07-05,23,Lunch,73,9,0,0,9,0,0.0,,,P_DS004_023|P_DS004_026|P_DS004_029|P_DS004_032|P_DS004_002|P_DS004_005|P_DS004_011|P_DS004_017|P_DS004_020,8.11111111111111,0,100,0.0,38.0
DS004_20260705_I24,DS004,2026-07-05,24,Lunch,67,9,0,0,9,0,0.0,,,P_DS004_026|P_DS004_029|P_DS004_032|P_DS004_002|P_DS004_005|P_DS004_011|P_DS004_017|P_DS004_020|P_DS004_023,7.444444444444445,0,100,0.0,38.0
DS004_20260705_I25,DS004,2026-07-05,25,Lunch,100,9,0,0,9,0,0.0,,,P_DS004_029|P_DS004_032|P_DS004_002|P_DS004_005|P_DS004_011|P_DS004_017|P_DS004_020|P_DS004_023|P_DS004_026,11.11111111111111,0,100,0.0,38.0
DS004_20260705_I26,DS004,2026-07-05,26,Lunch,113,9,0,0,9,0,0.0,,,P_DS004_032|P_DS004_002|P_DS004_005|P_DS004_011|P_DS004_017|P_DS004_020|P_DS004_023|P_DS004_026|P_DS004_029,12.555555555555555,0,100,0.0,38.0
DS004_20260705_I27,DS004,2026-07-05,27,Lunch,84,9,0,0,9,0,0.0,,,P_DS004_002|P_DS004_005|P_DS004_011|P_DS004_017|P_DS004_020|P_DS004_023|P_DS004_026|P_DS004_029|P_DS004_032,9.333333333333334,0,100,0.0,38.0
DS004_20260705_I28,DS004,2026-07-05,28,Lunch,86,9,0,0,9,0,0.0,,,P_DS004_005|P_DS004_011|P_DS004_017|P_DS004_020|P_DS004_023|P_DS004_026|P_DS004_029|P_DS004_032|P_DS004_002,9.555555555555555,0,100,0.0,38.0
DS004_20260705_I29,DS004,2026-07-05,29,Lunch,99,9,0,0,9,0,0.0,,,P_DS004_011|P_DS004_017|P_DS004_020|P_DS004_023|P_DS004_026|P_DS004_029|P_DS004_032|P_DS004_002|P_DS004_005,11.0,0,100,0.0,38.0
DS004_20260705_I30,DS004,2026-07-05,30,Lunch,70,9,0,0,9,0,0.0,,,P_DS004_017|P_DS004_020|P_DS004_023|P_DS004_026|P_DS004_029|P_DS004_032|P_DS004_002|P_DS004_005|P_DS004_011,7.777777777777778,0,100,0.0,38.0
DS004_20260705_I31,DS004,2026-07-05,31,Afternoon,76,9,0,2,7,0,1.0,,P_DS004_020|P_DS004_023,P_DS004_026|P_DS004_029|P_DS004_032|P_DS004_002|P_DS004_005|P_DS004_011|P_DS004_017,10.857142857142858,0,100,1.0,37.0
DS004_20260705_I32,DS004,2026-07-05,32,Afternoon,68,9,0,2,7,0,1.0,,P_DS004_023|P_DS004_026,P_DS004_029|P_DS004_032|P_DS004_002|P_DS004_005|P_DS004_011|P_DS004_017|P_DS004_020,9.714285714285714,0,100,1.0,36.0
DS004_20260705_I33,DS004,2026-07-05,33,Afternoon,85,19,0,2,17,0,1.0,,P_DS004_027|P_DS004_029,P_DS004_030|P_DS004_032|P_DS004_033|P_DS004_002|P_DS004_003|P_DS004_005|P_DS004_006|P_DS004_009|P_DS004_011|P_DS004_012|P_DS004_015|P_DS004_017|P_DS004_018|P_DS004_020|P_DS004_023|P_DS004_024|P_DS004_026,5.0,0,100,1.0,35.0
DS004_20260705_I34,DS004,2026-07-05,34,Afternoon,76,18,0,2,16,0,1.0,,P_DS004_032|P_DS004_033,P_DS004_003|P_DS004_005|P_DS004_006|P_DS004_009|P_DS004_011|P_DS004_012|P_DS004_015|P_DS004_017|P_DS004_018|P_DS004_020|P_DS004_023|P_DS004_024|P_DS004_026|P_DS004_027|P_DS004_029|P_DS004_030,4.75,0,100,1.0,34.0
DS004_20260705_I35,DS004,2026-07-05,35,Afternoon,66,10,0,2,8,0,1.0,,P_DS004_018|P_DS004_024,P_DS004_027|P_DS004_030|P_DS004_033|P_DS004_003|P_DS004_006|P_DS004_009|P_DS004_012|P_DS004_015,8.25,0,100,1.0,33.0
DS004_20260705_I36,DS004,2026-07-05,36,Afternoon,70,10,0,2,8,0,1.0,,P_DS004_024|P_DS004_027,P_DS004_030|P_DS004_033|P_DS004_003|P_DS004_006|P_DS004_009|P_DS004_012|P_DS004_015|P_DS004_018,8.75,0,100,1.0,32.0
DS004_20260705_I37,DS004,2026-07-05,37,Evening,93,13,0,0,13,0,0.0,,,P_DS004_035|P_DS004_021|P_DS004_003|P_DS004_006|P_DS004_009|P_DS004_012|P_DS004_015|P_DS004_018|P_DS004_024|P_DS004_027|P_DS004_030|P_DS004_033|P_DS004_014,7.153846153846154,0,100,0.0,32.0
DS004_20260705_I38,DS004,2026-07-05,38,Evening,90,13,0,0,13,0,0.0,,,P_DS004_021|P_DS004_003|P_DS004_006|P_DS004_009|P_DS004_012|P_DS004_015|P_DS004_018|P_DS004_024|P_DS004_027|P_DS004_030|P_DS004_033|P_DS004_014|P_DS004_035,6.923076923076923,0,100,0.0,32.0
DS004_20260705_I39,DS004,2026-07-05,39,Evening,104,13,0,0,13,0,0.0,,,P_DS004_003|P_DS004_006|P_DS004_009|P_DS004_012|P_DS004_015|P_DS004_018|P_DS004_024|P_DS004_027|P_DS004_030|P_DS004_033|P_DS004_014|P_DS004_035|P_DS004_021,8.0,0,100,0.0,32.0
DS004_20260705_I40,DS004,2026-07-05,40,Evening,87,13,0,0,13,0,0.0,,,P_DS004_006|P_DS004_009|P_DS004_012|P_DS004_015|P_DS004_018|P_DS004_024|P_DS004_027|P_DS004_030|P_DS004_033|P_DS004_014|P_DS004_035|P_DS004_021|P_DS004_003,6.6923076923076925,0,100,0.0,32.0
DS004_20260705_I41,DS004,2026-07-05,41,Evening,107,13,0,0,13,0,0.0,,,P_DS004_009|P_DS004_012|P_DS004_015|P_DS004_018|P_DS004_024|P_DS004_027|P_DS004_030|P_DS004_033|P_DS004_014|P_DS004_035|P_DS004_021|P_DS004_003|P_DS004_006,8.23076923076923,0,100,0.0,32.0
DS004_20260705_I42,DS004,2026-07-05,42,Evening,112,13,0,0,13,0,0.0,,,P_DS004_012|P_DS004_015|P_DS004_018|P_DS004_024|P_DS004_027|P_DS004_030|P_DS004_033|P_DS004_014|P_DS004_035|P_DS004_021|P_DS004_003|P_DS004_006|P_DS004_009,8.615384615384615,0,100,0.0,32.0
DS004_20260705_I43,DS004,2026-07-05,43,Evening,104,13,0,0,13,0,0.0,,,P_DS004_015|P_DS004_018|P_DS004_024|P_DS004_027|P_DS004_030|P_DS004_033|P_DS004_014|P_DS004_035|P_DS004_021|P_DS004_003|P_DS004_006|P_DS004_009|P_DS004_012,8.0,0,100,0.0,32.0
DS004_20260705_I44,DS004,2026-07-05,44,Evening,94,13,0,0,13,0,0.0,,,P_DS004_018|P_DS004_024|P_DS004_027|P_DS004_030|P_DS004_033|P_DS004_014|P_DS004_035|P_DS004_021|P_DS004_003|P_DS004_006|P_DS004_009|P_DS004_012|P_DS004_015,7.230769230769231,0,100,0.0,32.0
DS004_20260705_I45,DS004,2026-07-05,45,Evening,59,10,0,0,10,0,0.0,,,P_DS004_018|P_DS004_024|P_DS004_027|P_DS004_030|P_DS004_033|P_DS004_003|P_DS004_006|P_DS004_009|P_DS004_012|P_DS004_015,5.9,0,100,0.0,32.0
DS004_20260705_I46,DS004,2026-07-05,46,Evening,77,10,0,0,10,0,0.0,,,P_DS004_024|P_DS004_027|P_DS004_030|P_DS004_033|P_DS004_003|P_DS004_006|P_DS004_009|P_DS004_012|P_DS004_015|P_DS004_018,7.7,0,100,0.0,32.0
DS004_20260705_I47,DS004,2026-07-05,47,Late Night,39,10,0,2,8,0,1.0,,P_DS004_027|P_DS004_030,P_DS004_033|P_DS004_003|P_DS004_006|P_DS004_009|P_DS004_012|P_DS004_015|P_DS004_018|P_DS004_024,4.875,0,100,1.0,31.0
DS004_20260705_I48,DS004,2026-07-05,48,Late Night,32,10,0,2,8,0,1.0,,P_DS004_030|P_DS004_033,P_DS004_003|P_DS004_006|P_DS004_009|P_DS004_012|P_DS004_015|P_DS004_018|P_DS004_024|P_DS004_027,4.0,0,100,1.0,30.0
DS004_20260706_I01,DS004,2026-07-06,1,Night,7,20,12,2,6,900,1.0,P_DS004_006|P_DS004_009|P_DS004_012|P_DS004_015|P_DS004_018|P_DS004_024|P_DS004_027|P_DS004_030|P_DS004_033|P_DS004_004|P_DS004_007|P_DS004_010,P_DS004_013|P_DS004_016,P_DS004_019|P_DS004_025|P_DS004_028|P_DS004_031|P_DS004_034|P_DS004_003,1.1666666666666667,900,9100,1.0,49.0
DS004_20260706_I02,DS004,2026-07-06,2,Night,3,20,12,2,6,900,1.0,P_DS004_009|P_DS004_012|P_DS004_015|P_DS004_018|P_DS004_024|P_DS004_027|P_DS004_030|P_DS004_033|P_DS004_004|P_DS004_007|P_DS004_010|P_DS004_013,P_DS004_016|P_DS004_019,P_DS004_025|P_DS004_028|P_DS004_031|P_DS004_034|P_DS004_003|P_DS004_006,0.5,900,8200,1.0,48.0
DS004_20260706_I03,DS004,2026-07-06,3,Night,10,10,9,0,1,675,0.0,P_DS004_013|P_DS004_016|P_DS004_019|P_DS004_025|P_DS004_028|P_DS004_031|P_DS004_034|P_DS004_004|P_DS004_007,,P_DS004_010,10.0,675,7525,0.0,48.0
DS004_20260706_I04,DS004,2026-07-06,4,Night,9,10,9,0,1,675,0.0,P_DS004_016|P_DS004_019|P_DS004_025|P_DS004_028|P_DS004_031|P_DS004_034|P_DS004_004|P_DS004_007|P_DS004_010,,P_DS004_013,9.0,675,6850,0.0,48.0
DS004_20260706_I05,DS004,2026-07-06,5,Night,7,10,9,0,1,675,0.0,P_DS004_019|P_DS004_025|P_DS004_028|P_DS004_031|P_DS004_034|P_DS004_004|P_DS004_007|P_DS004_010|P_DS004_013,,P_DS004_016,7.0,675,6175,0.0,48.0
DS004_20260706_I06,DS004,2026-07-06,6,Night,9,10,9,0,1,675,0.0,P_DS004_025|P_DS004_028|P_DS004_031|P_DS004_034|P_DS004_004|P_DS004_007|P_DS004_010|P_DS004_013|P_DS004_016,,P_DS004_019,9.0,675,5500,0.0,48.0
DS004_20260706_I07,DS004,2026-07-06,7,Night,6,10,9,0,1,675,0.0,P_DS004_028|P_DS004_031|P_DS004_034|P_DS004_004|P_DS004_007|P_DS004_010|P_DS004_013|P_DS004_016|P_DS004_019,,P_DS004_025,6.0,675,4825,0.0,48.0
DS004_20260706_I08,DS004,2026-07-06,8,Night,8,10,9,0,1,675,0.0,P_DS004_031|P_DS004_034|P_DS004_004|P_DS004_007|P_DS004_010|P_DS004_013|P_DS004_016|P_DS004_019|P_DS004_025,,P_DS004_028,8.0,675,4150,0.0,48.0
DS004_20260706_I09,DS004,2026-07-06,9,Night,8,10,9,0,1,675,0.0,P_DS004_034|P_DS004_004|P_DS004_007|P_DS004_010|P_DS004_013|P_DS004_016|P_DS004_019|P_DS004_025|P_DS004_028,,P_DS004_031,8.0,675,3475,0.0,48.0
DS004_20260706_I10,DS004,2026-07-06,10,Night,8,10,9,0,1,675,0.0,P_DS004_004|P_DS004_007|P_DS004_010|P_DS004_013|P_DS004_016|P_DS004_019|P_DS004_025|P_DS004_028|P_DS004_031,,P_DS004_034,8.0,675,2800,0.0,48.0
DS004_20260706_I11,DS004,2026-07-06,11,Night,6,10,9,0,1,675,0.0,P_DS004_007|P_DS004_010|P_DS004_013|P_DS004_016|P_DS004_019|P_DS004_025|P_DS004_028|P_DS004_031|P_DS004_034,,P_DS004_004,6.0,675,2125,0.0,48.0
DS004_20260706_I12,DS004,2026-07-06,12,Night,11,10,9,0,1,675,0.0,P_DS004_010|P_DS004_013|P_DS004_016|P_DS004_019|P_DS004_025|P_DS004_028|P_DS004_031|P_DS004_034|P_DS004_004,,P_DS004_007,11.0,675,1450,0.0,48.0
DS004_20260706_I13,DS004,2026-07-06,13,Morning,18,10,3,2,5,225,1.0,P_DS004_013|P_DS004_016|P_DS004_019,P_DS004_025|P_DS004_028,P_DS004_031|P_DS004_034|P_DS004_004|P_DS004_007|P_DS004_010,3.6,225,1225,1.0,47.0
DS004_20260706_I14,DS004,2026-07-06,14,Morning,25,10,3,2,5,225,1.0,P_DS004_016|P_DS004_019|P_DS004_025,P_DS004_028|P_DS004_031,P_DS004_034|P_DS004_004|P_DS004_007|P_DS004_010|P_DS004_013,5.0,225,1000,1.0,46.0
DS004_20260706_I15,DS004,2026-07-06,15,Morning,30,10,3,2,5,225,1.0,P_DS004_019|P_DS004_025|P_DS004_028,P_DS004_031|P_DS004_034,P_DS004_004|P_DS004_007|P_DS004_010|P_DS004_013|P_DS004_016,6.0,225,775,1.0,45.0
DS004_20260706_I16,DS004,2026-07-06,16,Morning,34,10,3,2,5,225,1.0,P_DS004_025|P_DS004_028|P_DS004_031,P_DS004_034|P_DS004_004,P_DS004_007|P_DS004_010|P_DS004_013|P_DS004_016|P_DS004_019,6.8,225,550,1.0,44.0
DS004_20260706_I17,DS004,2026-07-06,17,Morning,52,18,3,2,13,225,1.0,P_DS004_035|P_DS004_002|P_DS004_004,P_DS004_007|P_DS004_010,P_DS004_011|P_DS004_013|P_DS004_014|P_DS004_016|P_DS004_017|P_DS004_019|P_DS004_020|P_DS004_025|P_DS004_026|P_DS004_028|P_DS004_031|P_DS004_032|P_DS004_034,4.0,225,325,1.0,43.0
DS004_20260706_I18,DS004,2026-07-06,18,Morning,45,19,3,2,14,225,1.0,P_DS004_035|P_DS004_002|P_DS004_004,P_DS004_007|P_DS004_010,P_DS004_011|P_DS004_013|P_DS004_014|P_DS004_016|P_DS004_017|P_DS004_019|P_DS004_020|P_DS004_023|P_DS004_025|P_DS004_026|P_DS004_028|P_DS004_031|P_DS004_032|P_DS004_034,3.2142857142857144,225,100,1.0,42.0
DS004_20260706_I19,DS004,2026-07-06,19,Morning,47,9,0,2,7,0,1.0,,P_DS004_011|P_DS004_014,P_DS004_017|P_DS004_020|P_DS004_023|P_DS004_026|P_DS004_032|P_DS004_035|P_DS004_002,6.714285714285714,0,100,1.0,41.0
DS004_20260706_I20,DS004,2026-07-06,20,Morning,47,9,0,2,7,0,1.0,,P_DS004_014|P_DS004_017,P_DS004_020|P_DS004_023|P_DS004_026|P_DS004_032|P_DS004_035|P_DS004_002|P_DS004_011,6.714285714285714,0,100,1.0,40.0
DS004_20260706_I21,DS004,2026-07-06,21,Morning,31,9,0,2,7,0,1.0,,P_DS004_017|P_DS004_020,P_DS004_023|P_DS004_026|P_DS004_032|P_DS004_035|P_DS004_002|P_DS004_011|P_DS004_014,4.428571428571429,0,100,1.0,39.0
DS004_20260706_I22,DS004,2026-07-06,22,Morning,45,9,0,2,7,0,1.0,,P_DS004_020|P_DS004_023,P_DS004_026|P_DS004_032|P_DS004_035|P_DS004_002|P_DS004_011|P_DS004_014|P_DS004_017,6.428571428571429,0,100,1.0,38.0
DS004_20260706_I23,DS004,2026-07-06,23,Lunch,51,9,0,0,9,0,0.0,,,P_DS004_023|P_DS004_026|P_DS004_032|P_DS004_035|P_DS004_002|P_DS004_011|P_DS004_014|P_DS004_017|P_DS004_020,5.666666666666667,0,100,0.0,38.0
DS004_20260706_I24,DS004,2026-07-06,24,Lunch,60,9,0,0,9,0,0.0,,,P_DS004_026|P_DS004_032|P_DS004_035|P_DS004_002|P_DS004_011|P_DS004_014|P_DS004_017|P_DS004_020|P_DS004_023,6.666666666666667,0,100,0.0,38.0
DS004_20260706_I25,DS004,2026-07-06,25,Lunch,76,9,0,0,9,0,0.0,,,P_DS004_032|P_DS004_035|P_DS004_002|P_DS004_011|P_DS004_014|P_DS004_017|P_DS004_020|P_DS004_023|P_DS004_026,8.444444444444445,0,100,0.0,38.0
DS004_20260706_I26,DS004,2026-07-06,26,Lunch,97,9,0,0,9,0,0.0,,,P_DS004_035|P_DS004_002|P_DS004_011|P_DS004_014|P_DS004_017|P_DS004_020|P_DS004_023|P_DS004_026|P_DS004_032,10.777777777777779,0,100,0.0,38.0
DS004_20260706_I27,DS004,2026-07-06,27,Lunch,112,9,0,0,9,0,0.0,,,P_DS004_002|P_DS004_011|P_DS004_014|P_DS004_017|P_DS004_020|P_DS004_023|P_DS004_026|P_DS004_032|P_DS004_035,12.444444444444445,0,100,0.0,38.0
DS004_20260706_I28,DS004,2026-07-06,28,Lunch,92,9,0,0,9,0,0.0,,,P_DS004_011|P_DS004_014|P_DS004_017|P_DS004_020|P_DS004_023|P_DS004_026|P_DS004_032|P_DS004_035|P_DS004_002,10.222222222222221,0,100,0.0,38.0
DS004_20260706_I29,DS004,2026-07-06,29,Lunch,75,9,0,0,9,0,0.0,,,P_DS004_014|P_DS004_017|P_DS004_020|P_DS004_023|P_DS004_026|P_DS004_032|P_DS004_035|P_DS004_002|P_DS004_011,8.333333333333334,0,100,0.0,38.0
DS004_20260706_I30,DS004,2026-07-06,30,Lunch,68,9,0,0,9,0,0.0,,,P_DS004_017|P_DS004_020|P_DS004_023|P_DS004_026|P_DS004_032|P_DS004_035|P_DS004_002|P_DS004_011|P_DS004_014,7.555555555555555,0,100,0.0,38.0
DS004_20260706_I31,DS004,2026-07-06,31,Afternoon,44,9,0,2,7,0,1.0,,P_DS004_020|P_DS004_023,P_DS004_026|P_DS004_032|P_DS004_035|P_DS004_002|P_DS004_011|P_DS004_014|P_DS004_017,6.285714285714286,0,100,1.0,37.0
DS004_20260706_I32,DS004,2026-07-06,32,Afternoon,36,9,0,2,7,0,1.0,,P_DS004_023|P_DS004_026,P_DS004_032|P_DS004_035|P_DS004_002|P_DS004_011|P_DS004_014|P_DS004_017|P_DS004_020,5.142857142857143,0,100,1.0,36.0
DS004_20260706_I33,DS004,2026-07-06,33,Afternoon,34,19,0,2,17,0,1.0,,P_DS004_027|P_DS004_030,P_DS004_032|P_DS004_033|P_DS004_035|P_DS004_002|P_DS004_003|P_DS004_006|P_DS004_009|P_DS004_011|P_DS004_012|P_DS004_014|P_DS004_017|P_DS004_018|P_DS004_020|P_DS004_021|P_DS004_023|P_DS004_024|P_DS004_026,2.0,0,100,1.0,35.0
DS004_20260706_I34,DS004,2026-07-06,34,Afternoon,40,19,0,2,17,0,1.0,,P_DS004_030|P_DS004_032,P_DS004_033|P_DS004_035|P_DS004_002|P_DS004_003|P_DS004_006|P_DS004_009|P_DS004_011|P_DS004_012|P_DS004_014|P_DS004_017|P_DS004_018|P_DS004_020|P_DS004_021|P_DS004_023|P_DS004_024|P_DS004_026|P_DS004_027,2.3529411764705883,0,100,1.0,34.0
DS004_20260706_I35,DS004,2026-07-06,35,Afternoon,42,10,0,2,8,0,1.0,,P_DS004_021|P_DS004_024,P_DS004_027|P_DS004_030|P_DS004_033|P_DS004_003|P_DS004_006|P_DS004_009|P_DS004_012|P_DS004_018,5.25,0,100,1.0,33.0
DS004_20260706_I36,DS004,2026-07-06,36,Afternoon,66,10,0,2,8,0,1.0,,P_DS004_024|P_DS004_027,P_DS004_030|P_DS004_033|P_DS004_003|P_DS004_006|P_DS004_009|P_DS004_012|P_DS004_018|P_DS004_021,8.25,0,100,1.0,32.0
DS004_20260706_I37,DS004,2026-07-06,37,Evening,64,10,0,0,10,0,0.0,,,P_DS004_027|P_DS004_030|P_DS004_033|P_DS004_003|P_DS004_006|P_DS004_009|P_DS004_012|P_DS004_018|P_DS004_021|P_DS004_024,6.4,0,100,0.0,32.0
DS004_20260706_I38,DS004,2026-07-06,38,Evening,105,10,0,0,10,0,0.0,,,P_DS004_030|P_DS004_033|P_DS004_003|P_DS004_006|P_DS004_009|P_DS004_012|P_DS004_018|P_DS004_021|P_DS004_024|P_DS004_027,10.5,0,100,0.0,32.0
DS004_20260706_I39,DS004,2026-07-06,39,Evening,129,10,0,0,10,0,0.0,,,P_DS004_033|P_DS004_003|P_DS004_006|P_DS004_009|P_DS004_012|P_DS004_018|P_DS004_021|P_DS004_024|P_DS004_027|P_DS004_030,12.9,0,100,0.0,32.0
DS004_20260706_I40,DS004,2026-07-06,40,Evening,120,10,0,0,10,0,0.0,,,P_DS004_003|P_DS004_006|P_DS004_009|P_DS004_012|P_DS004_018|P_DS004_021|P_DS004_024|P_DS004_027|P_DS004_030|P_DS004_033,12.0,0,100,0.0,32.0
DS004_20260706_I41,DS004,2026-07-06,41,Evening,118,10,0,0,10,0,0.0,,,P_DS004_006|P_DS004_009|P_DS004_012|P_DS004_018|P_DS004_021|P_DS004_024|P_DS004_027|P_DS004_030|P_DS004_033|P_DS004_003,11.8,0,100,0.0,32.0
DS004_20260706_I42,DS004,2026-07-06,42,Evening,131,10,0,0,10,0,0.0,,,P_DS004_009|P_DS004_012|P_DS004_018|P_DS004_021|P_DS004_024|P_DS004_027|P_DS004_030|P_DS004_033|P_DS004_003|P_DS004_006,13.1,0,100,0.0,32.0
DS004_20260706_I43,DS004,2026-07-06,43,Evening,94,10,0,0,10,0,0.0,,,P_DS004_012|P_DS004_018|P_DS004_021|P_DS004_024|P_DS004_027|P_DS004_030|P_DS004_033|P_DS004_003|P_DS004_006|P_DS004_009,9.4,0,100,0.0,32.0
DS004_20260706_I44,DS004,2026-07-06,44,Evening,101,10,0,0,10,0,0.0,,,P_DS004_018|P_DS004_021|P_DS004_024|P_DS004_027|P_DS004_030|P_DS004_033|P_DS004_003|P_DS004_006|P_DS004_009|P_DS004_012,10.1,0,100,0.0,32.0
DS004_20260706_I45,DS004,2026-07-06,45,Evening,71,10,0,0,10,0,0.0,,,P_DS004_021|P_DS004_024|P_DS004_027|P_DS004_030|P_DS004_033|P_DS004_003|P_DS004_006|P_DS004_009|P_DS004_012|P_DS004_018,7.1,0,100,0.0,32.0
DS004_20260706_I46,DS004,2026-07-06,46,Evening,44,10,0,0,10,0,0.0,,,P_DS004_024|P_DS004_027|P_DS004_030|P_DS004_033|P_DS004_003|P_DS004_006|P_DS004_009|P_DS004_012|P_DS004_018|P_DS004_021,4.4,0,100,0.0,32.0
DS004_20260706_I47,DS004,2026-07-06,47,Late Night,49,10,0,2,8,0,1.0,,P_DS004_027|P_DS004_030,P_DS004_033|P_DS004_003|P_DS004_006|P_DS004_009|P_DS004_012|P_DS004_018|P_DS004_021|P_DS004_024,6.125,0,100,1.0,31.0
DS004_20260706_I48,DS004,2026-07-06,48,Late Night,33,10,0,2,8,0,1.0,,P_DS004_030|P_DS004_033,P_DS004_003|P_DS004_006|P_DS004_009|P_DS004_012|P_DS004_018|P_DS004_021|P_DS004_024|P_DS004_027,4.125,0,100,1.0,30.0
DS004_20260707_I01,DS004,2026-07-07,1,Night,5,21,12,2,7,900,1.0,P_DS004_006|P_DS004_009|P_DS004_012|P_DS004_018|P_DS004_021|P_DS004_024|P_DS004_027|P_DS004_030|P_DS004_033|P_DS004_001|P_DS004_004|P_DS004_007,P_DS004_010|P_DS004_013,P_DS004_019|P_DS004_022|P_DS004_025|P_DS004_028|P_DS004_031|P_DS004_034|P_DS004_003,0.7142857142857143,900,9100,1.0,49.0
DS004_20260707_I02,DS004,2026-07-07,2,Night,8,20,12,2,6,900,1.0,P_DS004_009|P_DS004_012|P_DS004_018|P_DS004_021|P_DS004_024|P_DS004_027|P_DS004_033|P_DS004_001|P_DS004_004|P_DS004_007|P_DS004_010|P_DS004_013,P_DS004_019|P_DS004_022,P_DS004_025|P_DS004_028|P_DS004_031|P_DS004_034|P_DS004_003|P_DS004_006,1.3333333333333333,900,8200,1.0,48.0
DS004_20260707_I03,DS004,2026-07-07,3,Night,8,11,10,0,1,750,0.0,P_DS004_010|P_DS004_013|P_DS004_019|P_DS004_022|P_DS004_025|P_DS004_028|P_DS004_031|P_DS004_034|P_DS004_001|P_DS004_004,,P_DS004_007,8.0,750,7450,0.0,48.0
DS004_20260707_I04,DS004,2026-07-07,4,Night,6,11,10,0,1,750,0.0,P_DS004_013|P_DS004_019|P_DS004_022|P_DS004_025|P_DS004_028|P_DS004_031|P_DS004_034|P_DS004_001|P_DS004_004|P_DS004_007,,P_DS004_010,6.0,750,6700,0.0,48.0
DS004_20260707_I05,DS004,2026-07-07,5,Night,9,11,10,0,1,750,0.0,P_DS004_019|P_DS004_022|P_DS004_025|P_DS004_028|P_DS004_031|P_DS004_034|P_DS004_001|P_DS004_004|P_DS004_007|P_DS004_010,,P_DS004_013,9.0,750,5950,0.0,48.0
DS004_20260707_I06,DS004,2026-07-07,6,Night,5,11,10,0,1,750,0.0,P_DS004_022|P_DS004_025|P_DS004_028|P_DS004_031|P_DS004_034|P_DS004_001|P_DS004_004|P_DS004_007|P_DS004_010|P_DS004_013,,P_DS004_019,5.0,750,5200,0.0,48.0
DS004_20260707_I07,DS004,2026-07-07,7,Night,2,11,10,0,1,750,0.0,P_DS004_025|P_DS004_028|P_DS004_031|P_DS004_034|P_DS004_001|P_DS004_004|P_DS004_007|P_DS004_010|P_DS004_013|P_DS004_019,,P_DS004_022,2.0,750,4450,0.0,48.0
DS004_20260707_I08,DS004,2026-07-07,8,Night,6,11,10,0,1,750,0.0,P_DS004_028|P_DS004_031|P_DS004_034|P_DS004_001|P_DS004_004|P_DS004_007|P_DS004_010|P_DS004_013|P_DS004_019|P_DS004_022,,P_DS004_025,6.0,750,3700,0.0,48.0
DS004_20260707_I09,DS004,2026-07-07,9,Night,8,11,10,0,1,750,0.0,P_DS004_031|P_DS004_034|P_DS004_001|P_DS004_004|P_DS004_007|P_DS004_010|P_DS004_013|P_DS004_019|P_DS004_022|P_DS004_025,,P_DS004_028,8.0,750,2950,0.0,48.0
DS004_20260707_I10,DS004,2026-07-07,10,Night,15,11,10,0,1,750,0.0,P_DS004_034|P_DS004_001|P_DS004_004|P_DS004_007|P_DS004_010|P_DS004_013|P_DS004_019|P_DS004_022|P_DS004_025|P_DS004_028,,P_DS004_031,15.0,750,2200,0.0,48.0
DS004_20260707_I11,DS004,2026-07-07,11,Night,6,11,10,0,1,750,0.0,P_DS004_001|P_DS004_004|P_DS004_007|P_DS004_010|P_DS004_013|P_DS004_019|P_DS004_022|P_DS004_025|P_DS004_028|P_DS004_031,,P_DS004_034,6.0,750,1450,0.0,48.0
DS004_20260707_I12,DS004,2026-07-07,12,Night,14,11,10,0,1,750,0.0,P_DS004_004|P_DS004_007|P_DS004_010|P_DS004_013|P_DS004_019|P_DS004_022|P_DS004_025|P_DS004_028|P_DS004_031|P_DS004_034,,P_DS004_001,14.0,750,700,0.0,48.0
DS004_20260707_I13,DS004,2026-07-07,13,Morning,13,11,3,2,6,225,1.0,P_DS004_007|P_DS004_010|P_DS004_013,P_DS004_019|P_DS004_022,P_DS004_025|P_DS004_028|P_DS004_031|P_DS004_034|P_DS004_001|P_DS004_004,2.1666666666666665,225,475,1.0,47.0
DS004_20260707_I14,DS004,2026-07-07,14,Morning,11,11,3,2,6,225,1.0,P_DS004_010|P_DS004_013|P_DS004_019,P_DS004_022|P_DS004_025,P_DS004_028|P_DS004_031|P_DS004_034|P_DS004_001|P_DS004_004|P_DS004_007,1.8333333333333333,225,250,1.0,46.0
DS004_20260707_I15,DS004,2026-07-07,15,Morning,22,11,3,2,6,225,1.0,P_DS004_013|P_DS004_019|P_DS004_022,P_DS004_025|P_DS004_028,P_DS004_031|P_DS004_034|P_DS004_001|P_DS004_004|P_DS004_007|P_DS004_010,3.6666666666666665,225,25,1.0,45.0
DS004_20260707_I16,DS004,2026-07-07,16,Morning,46,11,3,2,6,225,1.0,P_DS004_019|P_DS004_022|P_DS004_025,P_DS004_028|P_DS004_031,P_DS004_034|P_DS004_001|P_DS004_004|P_DS004_007|P_DS004_010|P_DS004_013,7.666666666666667,25,0,1.0,44.0
DS004_20260707_I17,DS004,2026-07-07,17,Morning,45,20,3,2,15,225,1.0,P_DS004_032|P_DS004_034|P_DS004_035,P_DS004_001|P_DS004_004,P_DS004_005|P_DS004_007|P_DS004_008|P_DS004_010|P_DS004_011|P_DS004_013|P_DS004_014|P_DS004_017|P_DS004_019|P_DS004_020|P_DS004_022|P_DS004_025|P_DS004_028|P_DS004_029|P_DS004_031,3.0,0,0,1.0,43.0
DS004_20260707_I18,DS004,2026-07-07,18,Morning,62,19,3,2,14,225,1.0,P_DS004_035|P_DS004_001|P_DS004_004,P_DS004_005|P_DS004_007,P_DS004_008|P_DS004_010|P_DS004_011|P_DS004_013|P_DS004_014|P_DS004_017|P_DS004_019|P_DS004_020|P_DS004_022|P_DS004_025|P_DS004_029|P_DS004_031|P_DS004_032|P_DS004_034,4.428571428571429,0,0,1.0,42.0
DS004_20260707_I19,DS004,2026-07-07,19,Morning,45,9,0,2,7,0,1.0,,P_DS004_008|P_DS004_011,P_DS004_014|P_DS004_017|P_DS004_020|P_DS004_029|P_DS004_032|P_DS004_035|P_DS004_005,6.428571428571429,0,0,1.0,41.0
DS004_20260707_I20,DS004,2026-07-07,20,Morning,43,9,0,2,7,0,1.0,,P_DS004_011|P_DS004_014,P_DS004_017|P_DS004_020|P_DS004_029|P_DS004_032|P_DS004_035|P_DS004_005|P_DS004_008,6.142857142857143,0,0,1.0,40.0
DS004_20260707_I21,DS004,2026-07-07,21,Morning,40,9,0,2,7,0,1.0,,P_DS004_014|P_DS004_017,P_DS004_020|P_DS004_029|P_DS004_032|P_DS004_035|P_DS004_005|P_DS004_008|P_DS004_011,5.714285714285714,0,0,1.0,39.0
DS004_20260707_I22,DS004,2026-07-07,22,Morning,49,9,0,2,7,0,1.0,,P_DS004_017|P_DS004_020,P_DS004_029|P_DS004_032|P_DS004_035|P_DS004_005|P_DS004_008|P_DS004_011|P_DS004_014,7.0,0,0,1.0,38.0
DS004_20260707_I23,DS004,2026-07-07,23,Lunch,40,9,0,0,9,0,0.0,,,P_DS004_020|P_DS004_029|P_DS004_032|P_DS004_035|P_DS004_005|P_DS004_008|P_DS004_011|P_DS004_014|P_DS004_017,4.444444444444445,0,0,0.0,38.0
DS004_20260707_I24,DS004,2026-07-07,24,Lunch,71,9,0,0,9,0,0.0,,,P_DS004_029|P_DS004_032|P_DS004_035|P_DS004_005|P_DS004_008|P_DS004_011|P_DS004_014|P_DS004_017|P_DS004_020,7.888888888888889,0,0,0.0,38.0
DS004_20260707_I25,DS004,2026-07-07,25,Lunch,87,9,0,0,9,0,0.0,,,P_DS004_032|P_DS004_035|P_DS004_005|P_DS004_008|P_DS004_011|P_DS004_014|P_DS004_017|P_DS004_020|P_DS004_029,9.666666666666666,0,0,0.0,38.0
DS004_20260707_I26,DS004,2026-07-07,26,Lunch,99,9,0,0,9,0,0.0,,,P_DS004_035|P_DS004_005|P_DS004_008|P_DS004_011|P_DS004_014|P_DS004_017|P_DS004_020|P_DS004_029|P_DS004_032,11.0,0,0,0.0,38.0
DS004_20260707_I27,DS004,2026-07-07,27,Lunch,91,9,0,0,9,0,0.0,,,P_DS004_005|P_DS004_008|P_DS004_011|P_DS004_014|P_DS004_017|P_DS004_020|P_DS004_029|P_DS004_032|P_DS004_035,10.11111111111111,0,0,0.0,38.0
DS004_20260707_I28,DS004,2026-07-07,28,Lunch,81,9,0,0,9,0,0.0,,,P_DS004_008|P_DS004_011|P_DS004_014|P_DS004_017|P_DS004_020|P_DS004_029|P_DS004_032|P_DS004_035|P_DS004_005,9.0,0,0,0.0,38.0
DS004_20260707_I29,DS004,2026-07-07,29,Lunch,69,9,0,0,9,0,0.0,,,P_DS004_011|P_DS004_014|P_DS004_017|P_DS004_020|P_DS004_029|P_DS004_032|P_DS004_035|P_DS004_005|P_DS004_008,7.666666666666667,0,0,0.0,38.0
DS004_20260707_I30,DS004,2026-07-07,30,Lunch,64,9,0,0,9,0,0.0,,,P_DS004_014|P_DS004_017|P_DS004_020|P_DS004_029|P_DS004_032|P_DS004_035|P_DS004_005|P_DS004_008|P_DS004_011,7.111111111111111,0,0,0.0,38.0
DS004_20260707_I31,DS004,2026-07-07,31,Afternoon,52,9,0,2,7,0,1.0,,P_DS004_017|P_DS004_020,P_DS004_029|P_DS004_032|P_DS004_035|P_DS004_005|P_DS004_008|P_DS004_011|P_DS004_014,7.428571428571429,0,0,1.0,37.0
DS004_20260707_I32,DS004,2026-07-07,32,Afternoon,38,9,0,2,7,0,1.0,,P_DS004_020|P_DS004_029,P_DS004_032|P_DS004_035|P_DS004_005|P_DS004_008|P_DS004_011|P_DS004_014|P_DS004_017,5.428571428571429,0,0,1.0,36.0
DS004_20260707_I33,DS004,2026-07-07,33,Afternoon,21,18,0,2,16,0,1.0,,P_DS004_032|P_DS004_033,P_DS004_035|P_DS004_003|P_DS004_005|P_DS004_006|P_DS004_008|P_DS004_011|P_DS004_012|P_DS004_014|P_DS004_015|P_DS004_017|P_DS004_018|P_DS004_020|P_DS004_021|P_DS004_024|P_DS004_027|P_DS004_029,1.3125,0,0,1.0,35.0
DS004_20260707_I34,DS004,2026-07-07,34,Afternoon,30,18,0,2,16,0,1.0,,P_DS004_033|P_DS004_035,P_DS004_003|P_DS004_005|P_DS004_006|P_DS004_008|P_DS004_011|P_DS004_012|P_DS004_014|P_DS004_015|P_DS004_017|P_DS004_018|P_DS004_020|P_DS004_021|P_DS004_024|P_DS004_027|P_DS004_029|P_DS004_032,1.875,0,0,1.0,34.0
DS004_20260707_I35,DS004,2026-07-07,35,Afternoon,43,9,0,2,7,0,1.0,,P_DS004_033|P_DS004_003,P_DS004_006|P_DS004_012|P_DS004_015|P_DS004_018|P_DS004_021|P_DS004_024|P_DS004_027,6.142857142857143,0,0,1.0,33.0
DS004_20260707_I36,DS004,2026-07-07,36,Afternoon,59,9,0,2,7,0,1.0,,P_DS004_003|P_DS004_006,P_DS004_012|P_DS004_015|P_DS004_018|P_DS004_021|P_DS004_024|P_DS004_027|P_DS004_033,8.428571428571429,0,0,1.0,32.0
DS004_20260707_I37,DS004,2026-07-07,37,Evening,76,9,0,0,9,0,0.0,,,P_DS004_006|P_DS004_012|P_DS004_015|P_DS004_018|P_DS004_021|P_DS004_024|P_DS004_027|P_DS004_033|P_DS004_003,8.444444444444445,0,0,0.0,32.0
DS004_20260707_I38,DS004,2026-07-07,38,Evening,93,9,0,0,9,0,0.0,,,P_DS004_012|P_DS004_015|P_DS004_018|P_DS004_021|P_DS004_024|P_DS004_027|P_DS004_033|P_DS004_003|P_DS004_006,10.333333333333334,0,0,0.0,32.0
DS004_20260707_I39,DS004,2026-07-07,39,Evening,115,9,0,0,9,0,0.0,,,P_DS004_015|P_DS004_018|P_DS004_021|P_DS004_024|P_DS004_027|P_DS004_033|P_DS004_003|P_DS004_006|P_DS004_012,12.777777777777779,0,0,0.0,32.0
DS004_20260707_I40,DS004,2026-07-07,40,Evening,130,9,0,0,9,0,0.0,,,P_DS004_018|P_DS004_021|P_DS004_024|P_DS004_027|P_DS004_033|P_DS004_003|P_DS004_006|P_DS004_012|P_DS004_015,14.444444444444445,0,0,0.0,32.0
DS004_20260707_I41,DS004,2026-07-07,41,Evening,124,9,0,0,9,0,0.0,,,P_DS004_021|P_DS004_024|P_DS004_027|P_DS004_033|P_DS004_003|P_DS004_006|P_DS004_012|P_DS004_015|P_DS004_018,13.777777777777779,0,0,0.0,32.0
DS004_20260707_I42,DS004,2026-07-07,42,Evening,124,9,0,0,9,0,0.0,,,P_DS004_024|P_DS004_027|P_DS004_033|P_DS004_003|P_DS004_006|P_DS004_012|P_DS004_015|P_DS004_018|P_DS004_021,13.777777777777779,0,0,0.0,32.0
DS004_20260707_I43,DS004,2026-07-07,43,Evening,105,9,0,0,9,0,0.0,,,P_DS004_027|P_DS004_033|P_DS004_003|P_DS004_006|P_DS004_012|P_DS004_015|P_DS004_018|P_DS004_021|P_DS004_024,11.666666666666666,0,0,0.0,32.0
DS004_20260707_I44,DS004,2026-07-07,44,Evening,84,9,0,0,9,0,0.0,,,P_DS004_033|P_DS004_003|P_DS004_006|P_DS004_012|P_DS004_015|P_DS004_018|P_DS004_021|P_DS004_024|P_DS004_027,9.333333333333334,0,0,0.0,32.0
DS004_20260707_I45,DS004,2026-07-07,45,Evening,74,9,0,0,9,0,0.0,,,P_DS004_003|P_DS004_006|P_DS004_012|P_DS004_015|P_DS004_018|P_DS004_021|P_DS004_024|P_DS004_027|P_DS004_033,8.222222222222221,0,0,0.0,32.0
DS004_20260707_I46,DS004,2026-07-07,46,Evening,44,9,0,0,9,0,0.0,,,P_DS004_006|P_DS004_012|P_DS004_015|P_DS004_018|P_DS004_021|P_DS004_024|P_DS004_027|P_DS004_033|P_DS004_003,4.888888888888889,0,0,0.0,32.0
DS004_20260707_I47,DS004,2026-07-07,47,Late Night,39,9,0,2,7,0,1.0,,P_DS004_012|P_DS004_015,P_DS004_018|P_DS004_021|P_DS004_024|P_DS004_027|P_DS004_033|P_DS004_003|P_DS004_006,5.571428571428571,0,0,1.0,31.0
DS004_20260707_I48,DS004,2026-07-07,48,Late Night,24,9,0,2,7,0,1.0,,P_DS004_015|P_DS004_018,P_DS004_021|P_DS004_024|P_DS004_027|P_DS004_033|P_DS004_003|P_DS004_006|P_DS004_012,3.4285714285714284,0,0,1.0,30.0
DS004_20260708_I01,DS004,2026-07-08,1,Night,9,18,12,2,4,900,1.0,P_DS004_006|P_DS004_012|P_DS004_015|P_DS004_018|P_DS004_021|P_DS004_024|P_DS004_027|P_DS004_033|P_DS004_001|P_DS004_007|P_DS004_013|P_DS004_016,P_DS004_019|P_DS004_022,P_DS004_025|P_DS004_028|P_DS004_034|P_DS004_003,2.25,900,9100,1.0,49.0
DS004_20260708_I02,DS004,2026-07-08,2,Night,6,18,12,2,4,900,1.0,P_DS004_012|P_DS004_015|P_DS004_018|P_DS004_021|P_DS004_024|P_DS004_027|P_DS004_033|P_DS004_001|P_DS004_007|P_DS004_013|P_DS004_016|P_DS004_019,P_DS004_022|P_DS004_025,P_DS004_028|P_DS004_034|P_DS004_003|P_DS004_006,1.5,900,8200,1.0,48.0
DS004_20260708_I03,DS004,2026-07-08,3,Night,7,9,8,0,1,600,0.0,P_DS004_016|P_DS004_019|P_DS004_022|P_DS004_025|P_DS004_028|P_DS004_034|P_DS004_001|P_DS004_007,,P_DS004_013,7.0,600,7600,0.0,48.0
DS004_20260708_I04,DS004,2026-07-08,4,Night,13,9,8,0,1,600,0.0,P_DS004_019|P_DS004_022|P_DS004_025|P_DS004_028|P_DS004_034|P_DS004_001|P_DS004_007|P_DS004_013,,P_DS004_016,13.0,600,7000,0.0,48.0
DS004_20260708_I05,DS004,2026-07-08,5,Night,9,9,8,0,1,600,0.0,P_DS004_022|P_DS004_025|P_DS004_028|P_DS004_034|P_DS004_001|P_DS004_007|P_DS004_013|P_DS004_016,,P_DS004_019,9.0,600,6400,0.0,48.0
DS004_20260708_I06,DS004,2026-07-08,6,Night,6,9,8,0,1,600,0.0,P_DS004_025|P_DS004_028|P_DS004_034|P_DS004_001|P_DS004_007|P_DS004_013|P_DS004_016|P_DS004_019,,P_DS004_022,6.0,600,5800,0.0,48.0
DS004_20260708_I07,DS004,2026-07-08,7,Night,6,9,8,0,1,600,0.0,P_DS004_028|P_DS004_034|P_DS004_001|P_DS004_007|P_DS004_013|P_DS004_016|P_DS004_019|P_DS004_022,,P_DS004_025,6.0,600,5200,0.0,48.0
DS004_20260708_I08,DS004,2026-07-08,8,Night,8,9,8,0,1,600,0.0,P_DS004_034|P_DS004_001|P_DS004_007|P_DS004_013|P_DS004_016|P_DS004_019|P_DS004_022|P_DS004_025,,P_DS004_028,8.0,600,4600,0.0,48.0
DS004_20260708_I09,DS004,2026-07-08,9,Night,6,9,8,0,1,600,0.0,P_DS004_001|P_DS004_007|P_DS004_013|P_DS004_016|P_DS004_019|P_DS004_022|P_DS004_025|P_DS004_028,,P_DS004_034,6.0,600,4000,0.0,48.0
DS004_20260708_I10,DS004,2026-07-08,10,Night,13,9,8,0,1,600,0.0,P_DS004_007|P_DS004_013|P_DS004_016|P_DS004_019|P_DS004_022|P_DS004_025|P_DS004_028|P_DS004_034,,P_DS004_001,13.0,600,3400,0.0,48.0
DS004_20260708_I11,DS004,2026-07-08,11,Night,15,9,8,0,1,600,0.0,P_DS004_013|P_DS004_016|P_DS004_019|P_DS004_022|P_DS004_025|P_DS004_028|P_DS004_034|P_DS004_001,,P_DS004_007,15.0,600,2800,0.0,48.0
DS004_20260708_I12,DS004,2026-07-08,12,Night,7,9,8,0,1,600,0.0,P_DS004_016|P_DS004_019|P_DS004_022|P_DS004_025|P_DS004_028|P_DS004_034|P_DS004_001|P_DS004_007,,P_DS004_013,7.0,600,2200,0.0,48.0
DS004_20260708_I13,DS004,2026-07-08,13,Morning,15,9,3,2,4,225,1.0,P_DS004_019|P_DS004_022|P_DS004_025,P_DS004_028|P_DS004_034,P_DS004_001|P_DS004_007|P_DS004_013|P_DS004_016,3.75,225,1975,1.0,47.0
DS004_20260708_I14,DS004,2026-07-08,14,Morning,26,9,3,2,4,225,1.0,P_DS004_022|P_DS004_025|P_DS004_028,P_DS004_034|P_DS004_001,P_DS004_007|P_DS004_013|P_DS004_016|P_DS004_019,6.5,225,1750,1.0,46.0
DS004_20260708_I15,DS004,2026-07-08,15,Morning,28,9,3,2,4,225,1.0,P_DS004_025|P_DS004_028|P_DS004_034,P_DS004_001|P_DS004_007,P_DS004_013|P_DS004_016|P_DS004_019|P_DS004_022,7.0,225,1525,1.0,45.0
DS004_20260708_I16,DS004,2026-07-08,16,Morning,45,9,3,2,4,225,1.0,P_DS004_028|P_DS004_034|P_DS004_001,P_DS004_007|P_DS004_013,P_DS004_016|P_DS004_019|P_DS004_022|P_DS004_025,11.25,225,1300,1.0,44.0
DS004_20260708_I17,DS004,2026-07-08,17,Morning,44,20,3,2,15,225,1.0,P_DS004_032|P_DS004_034|P_DS004_035,P_DS004_001|P_DS004_002,P_DS004_005|P_DS004_007|P_DS004_008|P_DS004_011|P_DS004_013|P_DS004_014|P_DS004_016|P_DS004_019|P_DS004_020|P_DS004_022|P_DS004_023|P_DS004_025|P_DS004_026|P_DS004_028|P_DS004_029,2.933333333333333,225,1075,1.0,43.0
DS004_20260708_I18,DS004,2026-07-08,18,Morning,44,20,3,2,15,225,1.0,P_DS004_034|P_DS004_035|P_DS004_001,P_DS004_002|P_DS004_005,P_DS004_007|P_DS004_008|P_DS004_011|P_DS004_013|P_DS004_014|P_DS004_016|P_DS004_019|P_DS004_020|P_DS004_022|P_DS004_023|P_DS004_025|P_DS004_026|P_DS004_028|P_DS004_029|P_DS004_032,2.933333333333333,225,850,1.0,42.0
DS004_20260708_I19,DS004,2026-07-08,19,Morning,48,11,0,2,9,0,1.0,,P_DS004_029|P_DS004_032,P_DS004_035|P_DS004_002|P_DS004_005|P_DS004_008|P_DS004_011|P_DS004_014|P_DS004_020|P_DS004_023|P_DS004_026,5.333333333333333,0,850,1.0,41.0
DS004_20260708_I20,DS004,2026-07-08,20,Morning,45,11,0,2,9,0,1.0,,P_DS004_032|P_DS004_035,P_DS004_002|P_DS004_005|P_DS004_008|P_DS004_011|P_DS004_014|P_DS004_020|P_DS004_023|P_DS004_026|P_DS004_029,5.0,0,850,1.0,40.0
DS004_20260708_I21,DS004,2026-07-08,21,Morning,33,11,0,2,9,0,1.0,,P_DS004_035|P_DS004_002,P_DS004_005|P_DS004_008|P_DS004_011|P_DS004_014|P_DS004_020|P_DS004_023|P_DS004_026|P_DS004_029|P_DS004_032,3.6666666666666665,0,850,1.0,39.0
DS004_20260708_I22,DS004,2026-07-08,22,Morning,56,11,0,2,9,0,1.0,,P_DS004_002|P_DS004_005,P_DS004_008|P_DS004_011|P_DS004_014|P_DS004_020|P_DS004_023|P_DS004_026|P_DS004_029|P_DS004_032|P_DS004_035,6.222222222222222,0,850,1.0,38.0
DS004_20260708_I23,DS004,2026-07-08,23,Lunch,54,11,0,0,11,0,0.0,,,P_DS004_005|P_DS004_008|P_DS004_011|P_DS004_014|P_DS004_020|P_DS004_023|P_DS004_026|P_DS004_029|P_DS004_032|P_DS004_035|P_DS004_002,4.909090909090909,0,850,0.0,38.0
DS004_20260708_I24,DS004,2026-07-08,24,Lunch,52,11,0,0,11,0,0.0,,,P_DS004_008|P_DS004_011|P_DS004_014|P_DS004_020|P_DS004_023|P_DS004_026|P_DS004_029|P_DS004_032|P_DS004_035|P_DS004_002|P_DS004_005,4.7272727272727275,0,850,0.0,38.0
DS004_20260708_I25,DS004,2026-07-08,25,Lunch,68,11,0,0,11,0,0.0,,,P_DS004_011|P_DS004_014|P_DS004_020|P_DS004_023|P_DS004_026|P_DS004_029|P_DS004_032|P_DS004_035|P_DS004_002|P_DS004_005|P_DS004_008,6.181818181818182,0,850,0.0,38.0
DS004_20260708_I26,DS004,2026-07-08,26,Lunch,70,11,0,0,11,0,0.0,,,P_DS004_014|P_DS004_020|P_DS004_023|P_DS004_026|P_DS004_029|P_DS004_032|P_DS004_035|P_DS004_002|P_DS004_005|P_DS004_008|P_DS004_011,6.363636363636363,0,850,0.0,38.0
DS004_20260708_I27,DS004,2026-07-08,27,Lunch,77,11,0,0,11,0,0.0,,,P_DS004_020|P_DS004_023|P_DS004_026|P_DS004_029|P_DS004_032|P_DS004_035|P_DS004_002|P_DS004_005|P_DS004_008|P_DS004_011|P_DS004_014,7.0,0,850,0.0,38.0
DS004_20260708_I28,DS004,2026-07-08,28,Lunch,87,11,0,0,11,0,0.0,,,P_DS004_023|P_DS004_026|P_DS004_029|P_DS004_032|P_DS004_035|P_DS004_002|P_DS004_005|P_DS004_008|P_DS004_011|P_DS004_014|P_DS004_020,7.909090909090909,0,850,0.0,38.0
DS004_20260708_I29,DS004,2026-07-08,29,Lunch,78,11,0,0,11,0,0.0,,,P_DS004_026|P_DS004_029|P_DS004_032|P_DS004_035|P_DS004_002|P_DS004_005|P_DS004_008|P_DS004_011|P_DS004_014|P_DS004_020|P_DS004_023,7.090909090909091,0,850,0.0,38.0
DS004_20260708_I30,DS004,2026-07-08,30,Lunch,68,11,0,0,11,0,0.0,,,P_DS004_029|P_DS004_032|P_DS004_035|P_DS004_002|P_DS004_005|P_DS004_008|P_DS004_011|P_DS004_014|P_DS004_020|P_DS004_023|P_DS004_026,6.181818181818182,0,850,0.0,38.0
DS004_20260708_I31,DS004,2026-07-08,31,Afternoon,53,11,0,2,9,0,1.0,,P_DS004_032|P_DS004_035,P_DS004_002|P_DS004_005|P_DS004_008|P_DS004_011|P_DS004_014|P_DS004_020|P_DS004_023|P_DS004_026|P_DS004_029,5.888888888888889,0,850,1.0,37.0
DS004_20260708_I32,DS004,2026-07-08,32,Afternoon,39,11,0,2,9,0,1.0,,P_DS004_035|P_DS004_002,P_DS004_005|P_DS004_008|P_DS004_011|P_DS004_014|P_DS004_020|P_DS004_023|P_DS004_026|P_DS004_029|P_DS004_032,4.333333333333333,0,850,1.0,36.0
DS004_20260708_I33,DS004,2026-07-08,33,Afternoon,36,19,0,2,17,0,1.0,,P_DS004_027|P_DS004_029,P_DS004_030|P_DS004_032|P_DS004_035|P_DS004_002|P_DS004_005|P_DS004_006|P_DS004_008|P_DS004_009|P_DS004_011|P_DS004_012|P_DS004_014|P_DS004_015|P_DS004_018|P_DS004_020|P_DS004_021|P_DS004_023|P_DS004_026,2.1176470588235294,0,850,1.0,35.0
DS004_20260708_I34,DS004,2026-07-08,34,Afternoon,40,18,0,2,16,0,1.0,,P_DS004_030|P_DS004_035,P_DS004_002|P_DS004_005|P_DS004_006|P_DS004_008|P_DS004_009|P_DS004_011|P_DS004_012|P_DS004_014|P_DS004_015|P_DS004_018|P_DS004_020|P_DS004_021|P_DS004_023|P_DS004_026|P_DS004_027|P_DS004_029,2.5,0,850,1.0,34.0
DS004_20260708_I35,DS004,2026-07-08,35,Afternoon,50,8,0,2,6,0,1.0,,P_DS004_015|P_DS004_018,P_DS004_021|P_DS004_027|P_DS004_030|P_DS004_006|P_DS004_009|P_DS004_012,8.333333333333334,0,850,1.0,33.0
DS004_20260708_I36,DS004,2026-07-08,36,Afternoon,65,8,0,2,6,0,1.0,,P_DS004_018|P_DS004_021,P_DS004_027|P_DS004_030|P_DS004_006|P_DS004_009|P_DS004_012|P_DS004_015,10.833333333333334,0,850,1.0,32.0
DS004_20260708_I37,DS004,2026-07-08,37,Evening,80,8,0,0,8,0,0.0,,,P_DS004_021|P_DS004_027|P_DS004_030|P_DS004_006|P_DS004_009|P_DS004_012|P_DS004_015|P_DS004_018,10.0,0,850,0.0,32.0
DS004_20260708_I38,DS004,2026-07-08,38,Evening,99,8,0,0,8,0,0.0,,,P_DS004_027|P_DS004_030|P_DS004_006|P_DS004_009|P_DS004_012|P_DS004_015|P_DS004_018|P_DS004_021,12.375,0,850,0.0,32.0
DS004_20260708_I39,DS004,2026-07-08,39,Evening,115,8,0,0,8,0,0.0,,,P_DS004_030|P_DS004_006|P_DS004_009|P_DS004_012|P_DS004_015|P_DS004_018|P_DS004_021|P_DS004_027,14.375,0,850,0.0,32.0
DS004_20260708_I40,DS004,2026-07-08,40,Evening,123,8,0,0,8,0,0.0,,,P_DS004_006|P_DS004_009|P_DS004_012|P_DS004_015|P_DS004_018|P_DS004_021|P_DS004_027|P_DS004_030,15.375,0,850,0.0,32.0
DS004_20260708_I41,DS004,2026-07-08,41,Evening,138,8,0,0,8,0,0.0,,,P_DS004_009|P_DS004_012|P_DS004_015|P_DS004_018|P_DS004_021|P_DS004_027|P_DS004_030|P_DS004_006,17.25,0,850,0.0,32.0
DS004_20260708_I42,DS004,2026-07-08,42,Evening,115,8,0,0,8,0,0.0,,,P_DS004_012|P_DS004_015|P_DS004_018|P_DS004_021|P_DS004_027|P_DS004_030|P_DS004_006|P_DS004_009,14.375,0,850,0.0,32.0
DS004_20260708_I43,DS004,2026-07-08,43,Evening,113,8,0,0,8,0,0.0,,,P_DS004_015|P_DS004_018|P_DS004_021|P_DS004_027|P_DS004_030|P_DS004_006|P_DS004_009|P_DS004_012,14.125,0,850,0.0,32.0
DS004_20260708_I44,DS004,2026-07-08,44,Evening,88,8,0,0,8,0,0.0,,,P_DS004_018|P_DS004_021|P_DS004_027|P_DS004_030|P_DS004_006|P_DS004_009|P_DS004_012|P_DS004_015,11.0,0,850,0.0,32.0
DS004_20260708_I45,DS004,2026-07-08,45,Evening,88,8,0,0,8,0,0.0,,,P_DS004_021|P_DS004_027|P_DS004_030|P_DS004_006|P_DS004_009|P_DS004_012|P_DS004_015|P_DS004_018,11.0,0,850,0.0,32.0
DS004_20260708_I46,DS004,2026-07-08,46,Evening,44,8,0,0,8,0,0.0,,,P_DS004_027|P_DS004_030|P_DS004_006|P_DS004_009|P_DS004_012|P_DS004_015|P_DS004_018|P_DS004_021,5.5,0,850,0.0,32.0
DS004_20260708_I47,DS004,2026-07-08,47,Late Night,38,8,0,2,6,0,1.0,,P_DS004_030|P_DS004_006,P_DS004_009|P_DS004_012|P_DS004_015|P_DS004_018|P_DS004_021|P_DS004_027,6.333333333333333,0,850,1.0,31.0
DS004_20260708_I48,DS004,2026-07-08,48,Late Night,34,8,0,2,6,0,1.0,,P_DS004_006|P_DS004_009,P_DS004_012|P_DS004_015|P_DS004_018|P_DS004_021|P_DS004_027|P_DS004_030,5.666666666666667,0,850,1.0,30.0
DS004_20260709_I01,DS004,2026-07-09,1,Night,8,16,12,2,2,900,1.0,P_DS004_009|P_DS004_012|P_DS004_015|P_DS004_018|P_DS004_021|P_DS004_027|P_DS004_030|P_DS004_001|P_DS004_007|P_DS004_010|P_DS004_016|P_DS004_022,P_DS004_028|P_DS004_031,P_DS004_034|P_DS004_006,4.0,900,9100,1.0,49.0
DS004_20260709_I02,DS004,2026-07-09,2,Night,2,17,12,2,3,900,1.0,P_DS004_012|P_DS004_015|P_DS004_018|P_DS004_021|P_DS004_027|P_DS004_030|P_DS004_001|P_DS004_007|P_DS004_010|P_DS004_013|P_DS004_016|P_DS004_022,P_DS004_028|P_DS004_031,P_DS004_034|P_DS004_006|P_DS004_009,0.6666666666666666,900,8200,1.0,48.0
DS004_20260709_I03,DS004,2026-07-09,3,Night,6,9,8,0,1,600,0.0,P_DS004_013|P_DS004_016|P_DS004_022|P_DS004_028|P_DS004_031|P_DS004_034|P_DS004_001|P_DS004_007,,P_DS004_010,6.0,600,7600,0.0,48.0
DS004_20260709_I04,DS004,2026-07-09,4,Night,5,9,8,0,1,600,0.0,P_DS004_016|P_DS004_022|P_DS004_028|P_DS004_031|P_DS004_034|P_DS004_001|P_DS004_007|P_DS004_010,,P_DS004_013,5.0,600,7000,0.0,48.0
DS004_20260709_I05,DS004,2026-07-09,5,Night,7,9,8,0,1,600,0.0,P_DS004_022|P_DS004_028|P_DS004_031|P_DS004_034|P_DS004_001|P_DS004_007|P_DS004_010|P_DS004_013,,P_DS004_016,7.0,600,6400,0.0,48.0
DS004_20260709_I06,DS004,2026-07-09,6,Night,6,9,8,0,1,600,0.0,P_DS004_028|P_DS004_031|P_DS004_034|P_DS004_001|P_DS004_007|P_DS004_010|P_DS004_013|P_DS004_016,,P_DS004_022,6.0,600,5800,0.0,48.0
DS004_20260709_I07,DS004,2026-07-09,7,Night,2,9,8,0,1,600,0.0,P_DS004_031|P_DS004_034|P_DS004_001|P_DS004_007|P_DS004_010|P_DS004_013|P_DS004_016|P_DS004_022,,P_DS004_028,2.0,600,5200,0.0,48.0
DS004_20260709_I08,DS004,2026-07-09,8,Night,6,9,8,0,1,600,0.0,P_DS004_034|P_DS004_001|P_DS004_007|P_DS004_010|P_DS004_013|P_DS004_016|P_DS004_022|P_DS004_028,,P_DS004_031,6.0,600,4600,0.0,48.0
DS004_20260709_I09,DS004,2026-07-09,9,Night,7,9,8,0,1,600,0.0,P_DS004_001|P_DS004_007|P_DS004_010|P_DS004_013|P_DS004_016|P_DS004_022|P_DS004_028|P_DS004_031,,P_DS004_034,7.0,600,4000,0.0,48.0
DS004_20260709_I10,DS004,2026-07-09,10,Night,6,9,8,0,1,600,0.0,P_DS004_007|P_DS004_010|P_DS004_013|P_DS004_016|P_DS004_022|P_DS004_028|P_DS004_031|P_DS004_034,,P_DS004_001,6.0,600,3400,0.0,48.0
DS004_20260709_I11,DS004,2026-07-09,11,Night,9,9,8,0,1,600,0.0,P_DS004_010|P_DS004_013|P_DS004_016|P_DS004_022|P_DS004_028|P_DS004_031|P_DS004_034|P_DS004_001,,P_DS004_007,9.0,600,2800,0.0,48.0
DS004_20260709_I12,DS004,2026-07-09,12,Night,12,9,8,0,1,600,0.0,P_DS004_013|P_DS004_016|P_DS004_022|P_DS004_028|P_DS004_031|P_DS004_034|P_DS004_001|P_DS004_007,,P_DS004_010,12.0,600,2200,0.0,48.0
DS004_20260709_I13,DS004,2026-07-09,13,Morning,17,9,3,2,4,225,1.0,P_DS004_016|P_DS004_022|P_DS004_028,P_DS004_031|P_DS004_034,P_DS004_001|P_DS004_007|P_DS004_010|P_DS004_013,4.25,225,1975,1.0,47.0
DS004_20260709_I14,DS004,2026-07-09,14,Morning,18,9,3,2,4,225,1.0,P_DS004_022|P_DS004_028|P_DS004_031,P_DS004_034|P_DS004_001,P_DS004_007|P_DS004_010|P_DS004_013|P_DS004_016,4.5,225,1750,1.0,46.0
DS004_20260709_I15,DS004,2026-07-09,15,Morning,31,9,3,2,4,225,1.0,P_DS004_028|P_DS004_031|P_DS004_034,P_DS004_001|P_DS004_007,P_DS004_010|P_DS004_013|P_DS004_016|P_DS004_022,7.75,225,1525,1.0,45.0
DS004_20260709_I16,DS004,2026-07-09,16,Morning,29,9,3,2,4,225,1.0,P_DS004_031|P_DS004_034|P_DS004_001,P_DS004_007|P_DS004_010,P_DS004_013|P_DS004_016|P_DS004_022|P_DS004_028,7.25,225,1300,1.0,44.0
DS004_20260709_I17,DS004,2026-07-09,17,Morning,43,18,3,2,13,225,1.0,P_DS004_035|P_DS004_001|P_DS004_002,P_DS004_005|P_DS004_007,P_DS004_008|P_DS004_010|P_DS004_013|P_DS004_016|P_DS004_017|P_DS004_020|P_DS004_022|P_DS004_023|P_DS004_026|P_DS004_028|P_DS004_029|P_DS004_031|P_DS004_034,3.3076923076923075,225,1075,1.0,43.0
DS004_20260709_I18,DS004,2026-07-09,18,Morning,38,19,3,2,14,225,1.0,P_DS004_035|P_DS004_001|P_DS004_002,P_DS004_005|P_DS004_007,P_DS004_008|P_DS004_010|P_DS004_013|P_DS004_014|P_DS004_016|P_DS004_017|P_DS004_020|P_DS004_022|P_DS004_023|P_DS004_026|P_DS004_028|P_DS004_029|P_DS004_031|P_DS004_034,2.7142857142857144,225,850,1.0,42.0
DS004_20260709_I19,DS004,2026-07-09,19,Morning,43,10,0,2,8,0,1.0,,P_DS004_035|P_DS004_002,P_DS004_005|P_DS004_008|P_DS004_014|P_DS004_017|P_DS004_020|P_DS004_023|P_DS004_026|P_DS004_029,5.375,0,850,1.0,41.0
DS004_20260709_I20,DS004,2026-07-09,20,Morning,38,10,0,2,8,0,1.0,,P_DS004_002|P_DS004_005,P_DS004_008|P_DS004_014|P_DS004_017|P_DS004_020|P_DS004_023|P_DS004_026|P_DS004_029|P_DS004_035,4.75,0,850,1.0,40.0
DS004_20260709_I21,DS004,2026-07-09,21,Morning,30,10,0,2,8,0,1.0,,P_DS004_005|P_DS004_008,P_DS004_014|P_DS004_017|P_DS004_020|P_DS004_023|P_DS004_026|P_DS004_029|P_DS004_035|P_DS004_002,3.75,0,850,1.0,39.0
DS004_20260709_I22,DS004,2026-07-09,22,Morning,32,10,0,2,8,0,1.0,,P_DS004_008|P_DS004_014,P_DS004_017|P_DS004_020|P_DS004_023|P_DS004_026|P_DS004_029|P_DS004_035|P_DS004_002|P_DS004_005,4.0,0,850,1.0,38.0
DS004_20260709_I23,DS004,2026-07-09,23,Lunch,47,10,0,0,10,0,0.0,,,P_DS004_014|P_DS004_017|P_DS004_020|P_DS004_023|P_DS004_026|P_DS004_029|P_DS004_035|P_DS004_002|P_DS004_005|P_DS004_008,4.7,0,850,0.0,38.0
DS004_20260709_I24,DS004,2026-07-09,24,Lunch,52,10,0,0,10,0,0.0,,,P_DS004_017|P_DS004_020|P_DS004_023|P_DS004_026|P_DS004_029|P_DS004_035|P_DS004_002|P_DS004_005|P_DS004_008|P_DS004_014,5.2,0,850,0.0,38.0
DS004_20260709_I25,DS004,2026-07-09,25,Lunch,56,10,0,0,10,0,0.0,,,P_DS004_020|P_DS004_023|P_DS004_026|P_DS004_029|P_DS004_035|P_DS004_002|P_DS004_005|P_DS004_008|P_DS004_014|P_DS004_017,5.6,0,850,0.0,38.0
DS004_20260709_I26,DS004,2026-07-09,26,Lunch,78,10,0,0,10,0,0.0,,,P_DS004_023|P_DS004_026|P_DS004_029|P_DS004_035|P_DS004_002|P_DS004_005|P_DS004_008|P_DS004_014|P_DS004_017|P_DS004_020,7.8,0,850,0.0,38.0
DS004_20260709_I27,DS004,2026-07-09,27,Lunch,77,10,0,0,10,0,0.0,,,P_DS004_026|P_DS004_029|P_DS004_035|P_DS004_002|P_DS004_005|P_DS004_008|P_DS004_014|P_DS004_017|P_DS004_020|P_DS004_023,7.7,0,850,0.0,38.0
DS004_20260709_I28,DS004,2026-07-09,28,Lunch,69,10,0,0,10,0,0.0,,,P_DS004_029|P_DS004_035|P_DS004_002|P_DS004_005|P_DS004_008|P_DS004_014|P_DS004_017|P_DS004_020|P_DS004_023|P_DS004_026,6.9,0,850,0.0,38.0
DS004_20260709_I29,DS004,2026-07-09,29,Lunch,72,10,0,0,10,0,0.0,,,P_DS004_035|P_DS004_002|P_DS004_005|P_DS004_008|P_DS004_014|P_DS004_017|P_DS004_020|P_DS004_023|P_DS004_026|P_DS004_029,7.2,0,850,0.0,38.0
DS004_20260709_I30,DS004,2026-07-09,30,Lunch,53,10,0,0,10,0,0.0,,,P_DS004_002|P_DS004_005|P_DS004_008|P_DS004_014|P_DS004_017|P_DS004_020|P_DS004_023|P_DS004_026|P_DS004_029|P_DS004_035,5.3,0,850,0.0,38.0
DS004_20260709_I31,DS004,2026-07-09,31,Afternoon,44,10,0,2,8,0,1.0,,P_DS004_005|P_DS004_008,P_DS004_014|P_DS004_017|P_DS004_020|P_DS004_023|P_DS004_026|P_DS004_029|P_DS004_035|P_DS004_002,5.5,0,850,1.0,37.0
DS004_20260709_I32,DS004,2026-07-09,32,Afternoon,32,10,0,2,8,0,1.0,,P_DS004_008|P_DS004_014,P_DS004_017|P_DS004_020|P_DS004_023|P_DS004_026|P_DS004_029|P_DS004_035|P_DS004_002|P_DS004_005,4.0,0,850,1.0,36.0
DS004_20260709_I33,DS004,2026-07-09,33,Afternoon,33,19,0,2,17,0,1.0,,P_DS004_027|P_DS004_029,P_DS004_030|P_DS004_033|P_DS004_035|P_DS004_002|P_DS004_003|P_DS004_005|P_DS004_006|P_DS004_008|P_DS004_009|P_DS004_012|P_DS004_014|P_DS004_015|P_DS004_017|P_DS004_020|P_DS004_021|P_DS004_023|P_DS004_026,1.9411764705882353,0,850,1.0,35.0
DS004_20260709_I34,DS004,2026-07-09,34,Afternoon,44,19,0,2,17,0,1.0,,P_DS004_029|P_DS004_030,P_DS004_033|P_DS004_035|P_DS004_002|P_DS004_003|P_DS004_005|P_DS004_006|P_DS004_008|P_DS004_009|P_DS004_012|P_DS004_014|P_DS004_015|P_DS004_017|P_DS004_020|P_DS004_021|P_DS004_023|P_DS004_026|P_DS004_027,2.588235294117647,0,850,1.0,34.0
DS004_20260709_I35,DS004,2026-07-09,35,Afternoon,36,9,0,2,7,0,1.0,,P_DS004_033|P_DS004_003,P_DS004_006|P_DS004_009|P_DS004_012|P_DS004_015|P_DS004_021|P_DS004_027|P_DS004_030,5.142857142857143,0,850,1.0,33.0
DS004_20260709_I36,DS004,2026-07-09,36,Afternoon,63,9,0,2,7,0,1.0,,P_DS004_003|P_DS004_006,P_DS004_009|P_DS004_012|P_DS004_015|P_DS004_021|P_DS004_027|P_DS004_030|P_DS004_033,9.0,0,850,1.0,32.0
DS004_20260709_I37,DS004,2026-07-09,37,Evening,65,9,0,0,9,0,0.0,,,P_DS004_006|P_DS004_009|P_DS004_012|P_DS004_015|P_DS004_021|P_DS004_027|P_DS004_030|P_DS004_033|P_DS004_003,7.222222222222222,0,850,0.0,32.0
DS004_20260709_I38,DS004,2026-07-09,38,Evening,92,9,0,0,9,0,0.0,,,P_DS004_009|P_DS004_012|P_DS004_015|P_DS004_021|P_DS004_027|P_DS004_030|P_DS004_033|P_DS004_003|P_DS004_006,10.222222222222221,0,850,0.0,32.0
DS004_20260709_I39,DS004,2026-07-09,39,Evening,91,9,0,0,9,0,0.0,,,P_DS004_012|P_DS004_015|P_DS004_021|P_DS004_027|P_DS004_030|P_DS004_033|P_DS004_003|P_DS004_006|P_DS004_009,10.11111111111111,0,850,0.0,32.0
DS004_20260709_I40,DS004,2026-07-09,40,Evening,106,9,0,0,9,0,0.0,,,P_DS004_015|P_DS004_021|P_DS004_027|P_DS004_030|P_DS004_033|P_DS004_003|P_DS004_006|P_DS004_009|P_DS004_012,11.777777777777779,0,850,0.0,32.0
DS004_20260709_I41,DS004,2026-07-09,41,Evening,119,9,0,0,9,0,0.0,,,P_DS004_021|P_DS004_027|P_DS004_030|P_DS004_033|P_DS004_003|P_DS004_006|P_DS004_009|P_DS004_012|P_DS004_015,13.222222222222221,0,850,0.0,32.0
DS004_20260709_I42,DS004,2026-07-09,42,Evening,126,9,0,0,9,0,0.0,,,P_DS004_027|P_DS004_030|P_DS004_033|P_DS004_003|P_DS004_006|P_DS004_009|P_DS004_012|P_DS004_015|P_DS004_021,14.0,0,850,0.0,32.0
DS004_20260709_I43,DS004,2026-07-09,43,Evening,92,9,0,0,9,0,0.0,,,P_DS004_030|P_DS004_033|P_DS004_003|P_DS004_006|P_DS004_009|P_DS004_012|P_DS004_015|P_DS004_021|P_DS004_027,10.222222222222221,0,850,0.0,32.0
DS004_20260709_I44,DS004,2026-07-09,44,Evening,84,9,0,0,9,0,0.0,,,P_DS004_033|P_DS004_003|P_DS004_006|P_DS004_009|P_DS004_012|P_DS004_015|P_DS004_021|P_DS004_027|P_DS004_030,9.333333333333334,0,850,0.0,32.0
DS004_20260709_I45,DS004,2026-07-09,45,Evening,66,9,0,0,9,0,0.0,,,P_DS004_003|P_DS004_006|P_DS004_009|P_DS004_012|P_DS004_015|P_DS004_021|P_DS004_027|P_DS004_030|P_DS004_033,7.333333333333333,0,850,0.0,32.0
DS004_20260709_I46,DS004,2026-07-09,46,Evening,49,9,0,0,9,0,0.0,,,P_DS004_006|P_DS004_009|P_DS004_012|P_DS004_015|P_DS004_021|P_DS004_027|P_DS004_030|P_DS004_033|P_DS004_003,5.444444444444445,0,850,0.0,32.0
DS004_20260709_I47,DS004,2026-07-09,47,Late Night,31,9,0,2,7,0,1.0,,P_DS004_009|P_DS004_012,P_DS004_015|P_DS004_021|P_DS004_027|P_DS004_030|P_DS004_033|P_DS004_003|P_DS004_006,4.428571428571429,0,850,1.0,31.0
DS004_20260709_I48,DS004,2026-07-09,48,Late Night,24,9,0,2,7,0,1.0,,P_DS004_012|P_DS004_015,P_DS004_021|P_DS004_027|P_DS004_030|P_DS004_033|P_DS004_003|P_DS004_006|P_DS004_009,3.4285714285714284,0,850,1.0,30.0
DS004_20260710_I01,DS004,2026-07-10,1,Night,10,20,12,2,6,900,1.0,P_DS004_006|P_DS004_009|P_DS004_012|P_DS004_015|P_DS004_021|P_DS004_027|P_DS004_030|P_DS004_033|P_DS004_001|P_DS004_004|P_DS004_007|P_DS004_010,P_DS004_013|P_DS004_016,P_DS004_022|P_DS004_025|P_DS004_028|P_DS004_031|P_DS004_034|P_DS004_003,1.6666666666666667,900,9100,1.0,49.0
DS004_20260710_I02,DS004,2026-07-10,2,Night,10,19,12,2,5,900,1.0,P_DS004_009|P_DS004_012|P_DS004_015|P_DS004_021|P_DS004_027|P_DS004_030|P_DS004_001|P_DS004_004|P_DS004_007|P_DS004_010|P_DS004_013|P_DS004_016,P_DS004_022|P_DS004_025,P_DS004_028|P_DS004_031|P_DS004_034|P_DS004_003|P_DS004_006,2.0,900,8200,1.0,48.0
DS004_20260710_I03,DS004,2026-07-10,3,Night,7,11,10,0,1,750,0.0,P_DS004_010|P_DS004_013|P_DS004_016|P_DS004_022|P_DS004_025|P_DS004_028|P_DS004_031|P_DS004_034|P_DS004_001|P_DS004_004,,P_DS004_007,7.0,750,7450,0.0,48.0
DS004_20260710_I04,DS004,2026-07-10,4,Night,5,11,10,0,1,750,0.0,P_DS004_013|P_DS004_016|P_DS004_022|P_DS004_025|P_DS004_028|P_DS004_031|P_DS004_034|P_DS004_001|P_DS004_004|P_DS004_007,,P_DS004_010,5.0,750,6700,0.0,48.0
DS004_20260710_I05,DS004,2026-07-10,5,Night,6,11,10,0,1,750,0.0,P_DS004_016|P_DS004_022|P_DS004_025|P_DS004_028|P_DS004_031|P_DS004_034|P_DS004_001|P_DS004_004|P_DS004_007|P_DS004_010,,P_DS004_013,6.0,750,5950,0.0,48.0
DS004_20260710_I06,DS004,2026-07-10,6,Night,4,11,10,0,1,750,0.0,P_DS004_022|P_DS004_025|P_DS004_028|P_DS004_031|P_DS004_034|P_DS004_001|P_DS004_004|P_DS004_007|P_DS004_010|P_DS004_013,,P_DS004_016,4.0,750,5200,0.0,48.0
DS004_20260710_I07,DS004,2026-07-10,7,Night,6,11,10,0,1,750,0.0,P_DS004_025|P_DS004_028|P_DS004_031|P_DS004_034|P_DS004_001|P_DS004_004|P_DS004_007|P_DS004_010|P_DS004_013|P_DS004_016,,P_DS004_022,6.0,750,4450,0.0,48.0
DS004_20260710_I08,DS004,2026-07-10,8,Night,8,11,10,0,1,750,0.0,P_DS004_028|P_DS004_031|P_DS004_034|P_DS004_001|P_DS004_004|P_DS004_007|P_DS004_010|P_DS004_013|P_DS004_016|P_DS004_022,,P_DS004_025,8.0,750,3700,0.0,48.0
DS004_20260710_I09,DS004,2026-07-10,9,Night,7,11,10,0,1,750,0.0,P_DS004_031|P_DS004_034|P_DS004_001|P_DS004_004|P_DS004_007|P_DS004_010|P_DS004_013|P_DS004_016|P_DS004_022|P_DS004_025,,P_DS004_028,7.0,750,2950,0.0,48.0
DS004_20260710_I10,DS004,2026-07-10,10,Night,8,11,10,0,1,750,0.0,P_DS004_034|P_DS004_001|P_DS004_004|P_DS004_007|P_DS004_010|P_DS004_013|P_DS004_016|P_DS004_022|P_DS004_025|P_DS004_028,,P_DS004_031,8.0,750,2200,0.0,48.0
DS004_20260710_I11,DS004,2026-07-10,11,Night,9,11,10,0,1,750,0.0,P_DS004_001|P_DS004_004|P_DS004_007|P_DS004_010|P_DS004_013|P_DS004_016|P_DS004_022|P_DS004_025|P_DS004_028|P_DS004_031,,P_DS004_034,9.0,750,1450,0.0,48.0
DS004_20260710_I12,DS004,2026-07-10,12,Night,10,11,10,0,1,750,0.0,P_DS004_004|P_DS004_007|P_DS004_010|P_DS004_013|P_DS004_016|P_DS004_022|P_DS004_025|P_DS004_028|P_DS004_031|P_DS004_034,,P_DS004_001,10.0,750,700,0.0,48.0
DS004_20260710_I13,DS004,2026-07-10,13,Morning,11,11,3,2,6,225,1.0,P_DS004_007|P_DS004_010|P_DS004_013,P_DS004_016|P_DS004_022,P_DS004_025|P_DS004_028|P_DS004_031|P_DS004_034|P_DS004_001|P_DS004_004,1.8333333333333333,225,475,1.0,47.0
DS004_20260710_I14,DS004,2026-07-10,14,Morning,20,11,3,2,6,225,1.0,P_DS004_010|P_DS004_013|P_DS004_016,P_DS004_022|P_DS004_025,P_DS004_028|P_DS004_031|P_DS004_034|P_DS004_001|P_DS004_004|P_DS004_007,3.3333333333333335,225,250,1.0,46.0
DS004_20260710_I15,DS004,2026-07-10,15,Morning,28,11,3,2,6,225,1.0,P_DS004_013|P_DS004_016|P_DS004_022,P_DS004_025|P_DS004_028,P_DS004_031|P_DS004_034|P_DS004_001|P_DS004_004|P_DS004_007|P_DS004_010,4.666666666666667,225,25,1.0,45.0
DS004_20260710_I16,DS004,2026-07-10,16,Morning,36,11,3,2,6,225,1.0,P_DS004_016|P_DS004_022|P_DS004_025,P_DS004_028|P_DS004_031,P_DS004_034|P_DS004_001|P_DS004_004|P_DS004_007|P_DS004_010|P_DS004_013,6.0,25,0,1.0,44.0
DS004_20260710_I17,DS004,2026-07-10,17,Morning,31,20,3,2,15,225,1.0,P_DS004_032|P_DS004_034|P_DS004_035,P_DS004_001|P_DS004_002,P_DS004_004|P_DS004_007|P_DS004_008|P_DS004_010|P_DS004_013|P_DS004_014|P_DS004_016|P_DS004_017|P_DS004_020|P_DS004_022|P_DS004_023|P_DS004_025|P_DS004_028|P_DS004_029|P_DS004_031,2.066666666666667,0,0,1.0,43.0
DS004_20260710_I18,DS004,2026-07-10,18,Morning,46,21,3,2,16,225,1.0,P_DS004_032|P_DS004_034|P_DS004_035,P_DS004_001|P_DS004_002,P_DS004_004|P_DS004_007|P_DS004_008|P_DS004_010|P_DS004_011|P_DS004_013|P_DS004_014|P_DS004_016|P_DS004_017|P_DS004_020|P_DS004_022|P_DS004_023|P_DS004_025|P_DS004_028|P_DS004_029|P_DS004_031,2.875,0,0,1.0,42.0
DS004_20260710_I19,DS004,2026-07-10,19,Morning,59,10,0,2,8,0,1.0,,P_DS004_035|P_DS004_002,P_DS004_008|P_DS004_011|P_DS004_014|P_DS004_017|P_DS004_020|P_DS004_023|P_DS004_029|P_DS004_032,7.375,0,0,1.0,41.0
DS004_20260710_I20,DS004,2026-07-10,20,Morning,48,10,0,2,8,0,1.0,,P_DS004_002|P_DS004_008,P_DS004_011|P_DS004_014|P_DS004_017|P_DS004_020|P_DS004_023|P_DS004_029|P_DS004_032|P_DS004_035,6.0,0,0,1.0,40.0
DS004_20260710_I21,DS004,2026-07-10,21,Morning,38,10,0,2,8,0,1.0,,P_DS004_008|P_DS004_011,P_DS004_014|P_DS004_017|P_DS004_020|P_DS004_023|P_DS004_029|P_DS004_032|P_DS004_035|P_DS004_002,4.75,0,0,1.0,39.0
DS004_20260710_I22,DS004,2026-07-10,22,Morning,54,10,0,2,8,0,1.0,,P_DS004_011|P_DS004_014,P_DS004_017|P_DS004_020|P_DS004_023|P_DS004_029|P_DS004_032|P_DS004_035|P_DS004_002|P_DS004_008,6.75,0,0,1.0,38.0
DS004_20260710_I23,DS004,2026-07-10,23,Lunch,44,10,0,0,10,0,0.0,,,P_DS004_014|P_DS004_017|P_DS004_020|P_DS004_023|P_DS004_029|P_DS004_032|P_DS004_035|P_DS004_002|P_DS004_008|P_DS004_011,4.4,0,0,0.0,38.0
DS004_20260710_I24,DS004,2026-07-10,24,Lunch,66,10,0,0,10,0,0.0,,,P_DS004_017|P_DS004_020|P_DS004_023|P_DS004_029|P_DS004_032|P_DS004_035|P_DS004_002|P_DS004_008|P_DS004_011|P_DS004_014,6.6,0,0,0.0,38.0
DS004_20260710_I25,DS004,2026-07-10,25,Lunch,71,10,0,0,10,0,0.0,,,P_DS004_020|P_DS004_023|P_DS004_029|P_DS004_032|P_DS004_035|P_DS004_002|P_DS004_008|P_DS004_011|P_DS004_014|P_DS004_017,7.1,0,0,0.0,38.0
DS004_20260710_I26,DS004,2026-07-10,26,Lunch,101,10,0,0,10,0,0.0,,,P_DS004_023|P_DS004_029|P_DS004_032|P_DS004_035|P_DS004_002|P_DS004_008|P_DS004_011|P_DS004_014|P_DS004_017|P_DS004_020,10.1,0,0,0.0,38.0
DS004_20260710_I27,DS004,2026-07-10,27,Lunch,84,10,0,0,10,0,0.0,,,P_DS004_029|P_DS004_032|P_DS004_035|P_DS004_002|P_DS004_008|P_DS004_011|P_DS004_014|P_DS004_017|P_DS004_020|P_DS004_023,8.4,0,0,0.0,38.0
DS004_20260710_I28,DS004,2026-07-10,28,Lunch,79,10,0,0,10,0,0.0,,,P_DS004_032|P_DS004_035|P_DS004_002|P_DS004_008|P_DS004_011|P_DS004_014|P_DS004_017|P_DS004_020|P_DS004_023|P_DS004_029,7.9,0,0,0.0,38.0
DS004_20260710_I29,DS004,2026-07-10,29,Lunch,78,10,0,0,10,0,0.0,,,P_DS004_035|P_DS004_002|P_DS004_008|P_DS004_011|P_DS004_014|P_DS004_017|P_DS004_020|P_DS004_023|P_DS004_029|P_DS004_032,7.8,0,0,0.0,38.0
DS004_20260710_I30,DS004,2026-07-10,30,Lunch,56,10,0,0,10,0,0.0,,,P_DS004_002|P_DS004_008|P_DS004_011|P_DS004_014|P_DS004_017|P_DS004_020|P_DS004_023|P_DS004_029|P_DS004_032|P_DS004_035,5.6,0,0,0.0,38.0
DS004_20260710_I31,DS004,2026-07-10,31,Afternoon,54,10,0,2,8,0,1.0,,P_DS004_008|P_DS004_011,P_DS004_014|P_DS004_017|P_DS004_020|P_DS004_023|P_DS004_029|P_DS004_032|P_DS004_035|P_DS004_002,6.75,0,0,1.0,37.0
DS004_20260710_I32,DS004,2026-07-10,32,Afternoon,51,10,0,2,8,0,1.0,,P_DS004_011|P_DS004_014,P_DS004_017|P_DS004_020|P_DS004_023|P_DS004_029|P_DS004_032|P_DS004_035|P_DS004_002|P_DS004_008,6.375,0,0,1.0,36.0
DS004_20260710_I33,DS004,2026-07-10,33,Afternoon,26,18,0,2,16,0,1.0,,P_DS004_030|P_DS004_032,P_DS004_035|P_DS004_002|P_DS004_003|P_DS004_006|P_DS004_008|P_DS004_011|P_DS004_014|P_DS004_015|P_DS004_017|P_DS004_018|P_DS004_020|P_DS004_021|P_DS004_023|P_DS004_024|P_DS004_027|P_DS004_029,1.625,0,0,1.0,35.0
DS004_20260710_I34,DS004,2026-07-10,34,Afternoon,50,18,0,2,16,0,1.0,,P_DS004_032|P_DS004_035,P_DS004_002|P_DS004_003|P_DS004_006|P_DS004_008|P_DS004_011|P_DS004_014|P_DS004_015|P_DS004_017|P_DS004_018|P_DS004_020|P_DS004_021|P_DS004_023|P_DS004_024|P_DS004_027|P_DS004_029|P_DS004_030,3.125,0,0,1.0,34.0
DS004_20260710_I35,DS004,2026-07-10,35,Afternoon,63,8,0,2,6,0,1.0,,P_DS004_018|P_DS004_021,P_DS004_024|P_DS004_027|P_DS004_030|P_DS004_003|P_DS004_006|P_DS004_015,10.5,0,0,1.0,33.0
DS004_20260710_I36,DS004,2026-07-10,36,Afternoon,40,8,0,2,6,0,1.0,,P_DS004_021|P_DS004_024,P_DS004_027|P_DS004_030|P_DS004_003|P_DS004_006|P_DS004_015|P_DS004_018,6.666666666666667,0,0,1.0,32.0
DS004_20260710_I37,DS004,2026-07-10,37,Evening,81,11,0,0,11,0,0.0,,,P_DS004_021|P_DS004_024|P_DS004_027|P_DS004_030|P_DS004_005|P_DS004_026|P_DS004_019|P_DS004_003|P_DS004_006|P_DS004_015|P_DS004_018,7.363636363636363,0,0,0.0,32.0
DS004_20260710_I38,DS004,2026-07-10,38,Evening,114,11,0,0,11,0,0.0,,,P_DS004_024|P_DS004_027|P_DS004_030|P_DS004_005|P_DS004_026|P_DS004_019|P_DS004_003|P_DS004_006|P_DS004_015|P_DS004_018|P_DS004_021,10.363636363636363,0,0,0.0,32.0
DS004_20260710_I39,DS004,2026-07-10,39,Evening,144,11,0,0,11,0,0.0,,,P_DS004_027|P_DS004_030|P_DS004_005|P_DS004_026|P_DS004_019|P_DS004_003|P_DS004_006|P_DS004_015|P_DS004_018|P_DS004_021|P_DS004_024,13.090909090909092,0,0,0.0,32.0
DS004_20260710_I40,DS004,2026-07-10,40,Evening,142,11,0,0,11,0,0.0,,,P_DS004_030|P_DS004_005|P_DS004_026|P_DS004_019|P_DS004_003|P_DS004_006|P_DS004_015|P_DS004_018|P_DS004_021|P_DS004_024|P_DS004_027,12.909090909090908,0,0,0.0,32.0
DS004_20260710_I41,DS004,2026-07-10,41,Evening,135,11,0,0,11,0,0.0,,,P_DS004_005|P_DS004_026|P_DS004_019|P_DS004_003|P_DS004_006|P_DS004_015|P_DS004_018|P_DS004_021|P_DS004_024|P_DS004_027|P_DS004_030,12.272727272727273,0,0,0.0,32.0
DS004_20260710_I42,DS004,2026-07-10,42,Evening,146,11,0,0,11,0,0.0,,,P_DS004_026|P_DS004_019|P_DS004_003|P_DS004_006|P_DS004_015|P_DS004_018|P_DS004_021|P_DS004_024|P_DS004_027|P_DS004_030|P_DS004_005,13.272727272727273,0,0,0.0,32.0
DS004_20260710_I43,DS004,2026-07-10,43,Evening,132,11,0,0,11,0,0.0,,,P_DS004_019|P_DS004_003|P_DS004_006|P_DS004_015|P_DS004_018|P_DS004_021|P_DS004_024|P_DS004_027|P_DS004_030|P_DS004_005|P_DS004_026,12.0,0,0,0.0,32.0
DS004_20260710_I44,DS004,2026-07-10,44,Evening,109,11,0,0,11,0,0.0,,,P_DS004_003|P_DS004_006|P_DS004_015|P_DS004_018|P_DS004_021|P_DS004_024|P_DS004_027|P_DS004_030|P_DS004_005|P_DS004_026|P_DS004_019,9.909090909090908,0,0,0.0,32.0
DS004_20260710_I45,DS004,2026-07-10,45,Evening,67,8,0,0,8,0,0.0,,,P_DS004_024|P_DS004_027|P_DS004_030|P_DS004_003|P_DS004_006|P_DS004_015|P_DS004_018|P_DS004_021,8.375,0,0,0.0,32.0
DS004_20260710_I46,DS004,2026-07-10,46,Evening,55,8,0,0,8,0,0.0,,,P_DS004_027|P_DS004_030|P_DS004_003|P_DS004_006|P_DS004_015|P_DS004_018|P_DS004_021|P_DS004_024,6.875,0,0,0.0,32.0
DS004_20260710_I47,DS004,2026-07-10,47,Late Night,41,8,0,2,6,0,1.0,,P_DS004_030|P_DS004_003,P_DS004_006|P_DS004_015|P_DS004_018|P_DS004_021|P_DS004_024|P_DS004_027,6.833333333333333,0,0,1.0,31.0
DS004_20260710_I48,DS004,2026-07-10,48,Late Night,35,8,0,2,6,0,1.0,,P_DS004_003|P_DS004_006,P_DS004_015|P_DS004_018|P_DS004_021|P_DS004_024|P_DS004_027|P_DS004_030,5.833333333333333,0,0,1.0,30.0
DS004_20260711_I01,DS004,2026-07-11,1,Night,4,18,12,2,4,900,1.0,P_DS004_006|P_DS004_015|P_DS004_018|P_DS004_021|P_DS004_024|P_DS004_027|P_DS004_030|P_DS004_001|P_DS004_004|P_DS004_007|P_DS004_010|P_DS004_016,P_DS004_019|P_DS004_022,P_DS004_025|P_DS004_028|P_DS004_031|P_DS004_003,1.0,900,9100,1.0,49.0
DS004_20260711_I02,DS004,2026-07-11,2,Night,11,18,12,2,4,900,1.0,P_DS004_015|P_DS004_018|P_DS004_021|P_DS004_024|P_DS004_027|P_DS004_030|P_DS004_001|P_DS004_004|P_DS004_007|P_DS004_010|P_DS004_016|P_DS004_019,P_DS004_022|P_DS004_025,P_DS004_028|P_DS004_031|P_DS004_003|P_DS004_006,2.75,900,8200,1.0,48.0
DS004_20260711_I03,DS004,2026-07-11,3,Night,7,10,9,0,1,675,0.0,P_DS004_010|P_DS004_016|P_DS004_019|P_DS004_022|P_DS004_025|P_DS004_028|P_DS004_031|P_DS004_001|P_DS004_004,,P_DS004_007,7.0,675,7525,0.0,48.0
DS004_20260711_I04,DS004,2026-07-11,4,Night,10,10,9,0,1,675,0.0,P_DS004_016|P_DS004_019|P_DS004_022|P_DS004_025|P_DS004_028|P_DS004_031|P_DS004_001|P_DS004_004|P_DS004_007,,P_DS004_010,10.0,675,6850,0.0,48.0
DS004_20260711_I05,DS004,2026-07-11,5,Night,7,10,9,0,1,675,0.0,P_DS004_019|P_DS004_022|P_DS004_025|P_DS004_028|P_DS004_031|P_DS004_001|P_DS004_004|P_DS004_007|P_DS004_010,,P_DS004_016,7.0,675,6175,0.0,48.0
DS004_20260711_I06,DS004,2026-07-11,6,Night,6,10,9,0,1,675,0.0,P_DS004_022|P_DS004_025|P_DS004_028|P_DS004_031|P_DS004_001|P_DS004_004|P_DS004_007|P_DS004_010|P_DS004_016,,P_DS004_019,6.0,675,5500,0.0,48.0
DS004_20260711_I07,DS004,2026-07-11,7,Night,7,10,9,0,1,675,0.0,P_DS004_025|P_DS004_028|P_DS004_031|P_DS004_001|P_DS004_004|P_DS004_007|P_DS004_010|P_DS004_016|P_DS004_019,,P_DS004_022,7.0,675,4825,0.0,48.0
DS004_20260711_I08,DS004,2026-07-11,8,Night,7,10,9,0,1,675,0.0,P_DS004_028|P_DS004_031|P_DS004_001|P_DS004_004|P_DS004_007|P_DS004_010|P_DS004_016|P_DS004_019|P_DS004_022,,P_DS004_025,7.0,675,4150,0.0,48.0
DS004_20260711_I09,DS004,2026-07-11,9,Night,9,10,9,0,1,675,0.0,P_DS004_031|P_DS004_001|P_DS004_004|P_DS004_007|P_DS004_010|P_DS004_016|P_DS004_019|P_DS004_022|P_DS004_025,,P_DS004_028,9.0,675,3475,0.0,48.0
DS004_20260711_I10,DS004,2026-07-11,10,Night,8,10,9,0,1,675,0.0,P_DS004_001|P_DS004_004|P_DS004_007|P_DS004_010|P_DS004_016|P_DS004_019|P_DS004_022|P_DS004_025|P_DS004_028,,P_DS004_031,8.0,675,2800,0.0,48.0
DS004_20260711_I11,DS004,2026-07-11,11,Night,6,10,9,0,1,675,0.0,P_DS004_004|P_DS004_007|P_DS004_010|P_DS004_016|P_DS004_019|P_DS004_022|P_DS004_025|P_DS004_028|P_DS004_031,,P_DS004_001,6.0,675,2125,0.0,48.0
DS004_20260711_I12,DS004,2026-07-11,12,Night,5,10,9,0,1,675,0.0,P_DS004_007|P_DS004_010|P_DS004_016|P_DS004_019|P_DS004_022|P_DS004_025|P_DS004_028|P_DS004_031|P_DS004_001,,P_DS004_004,5.0,675,1450,0.0,48.0
DS004_20260711_I13,DS004,2026-07-11,13,Morning,12,10,3,2,5,225,1.0,P_DS004_010|P_DS004_016|P_DS004_019,P_DS004_022|P_DS004_025,P_DS004_028|P_DS004_031|P_DS004_001|P_DS004_004|P_DS004_007,2.4,225,1225,1.0,47.0
DS004_20260711_I14,DS004,2026-07-11,14,Morning,7,10,3,2,5,225,1.0,P_DS004_016|P_DS004_019|P_DS004_022,P_DS004_025|P_DS004_028,P_DS004_031|P_DS004_001|P_DS004_004|P_DS004_007|P_DS004_010,1.4,225,1000,1.0,46.0
DS004_20260711_I15,DS004,2026-07-11,15,Morning,11,10,3,2,5,225,1.0,P_DS004_019|P_DS004_022|P_DS004_025,P_DS004_028|P_DS004_031,P_DS004_001|P_DS004_004|P_DS004_007|P_DS004_010|P_DS004_016,2.2,225,775,1.0,45.0
DS004_20260711_I16,DS004,2026-07-11,16,Morning,21,10,3,2,5,225,1.0,P_DS004_022|P_DS004_025|P_DS004_028,P_DS004_031|P_DS004_001,P_DS004_004|P_DS004_007|P_DS004_010|P_DS004_016|P_DS004_019,4.2,225,550,1.0,44.0
DS004_20260711_I17,DS004,2026-07-11,17,Morning,22,21,3,2,16,225,1.0,P_DS004_029|P_DS004_031|P_DS004_032,P_DS004_035|P_DS004_001,P_DS004_002|P_DS004_004|P_DS004_005|P_DS004_007|P_DS004_008|P_DS004_010|P_DS004_011|P_DS004_014|P_DS004_016|P_DS004_017|P_DS004_019|P_DS004_022|P_DS004_023|P_DS004_025|P_DS004_026|P_DS004_028,1.375,225,325,1.0,43.0
DS004_20260711_I18,DS004,2026-07-11,18,Morning,31,21,3,2,16,225,1.0,P_DS004_031|P_DS004_032|P_DS004_035,P_DS004_001|P_DS004_002,P_DS004_004|P_DS004_005|P_DS004_007|P_DS004_008|P_DS004_010|P_DS004_011|P_DS004_014|P_DS004_016|P_DS004_017|P_DS004_019|P_DS004_022|P_DS004_023|P_DS004_025|P_DS004_026|P_DS004_028|P_DS004_029,1.9375,225,100,1.0,42.0
DS004_20260711_I19,DS004,2026-07-11,19,Morning,53,11,0,2,9,0,1.0,,P_DS004_029|P_DS004_032,P_DS004_035|P_DS004_002|P_DS004_005|P_DS004_008|P_DS004_011|P_DS004_014|P_DS004_017|P_DS004_023|P_DS004_026,5.888888888888889,0,100,1.0,41.0
DS004_20260711_I20,DS004,2026-07-11,20,Morning,59,11,0,2,9,0,1.0,,P_DS004_032|P_DS004_035,P_DS004_002|P_DS004_005|P_DS004_008|P_DS004_011|P_DS004_014|P_DS004_017|P_DS004_023|P_DS004_026|P_DS004_029,6.555555555555555,0,100,1.0,40.0
DS004_20260711_I21,DS004,2026-07-11,21,Morning,69,11,0,2,9,0,1.0,,P_DS004_035|P_DS004_002,P_DS004_005|P_DS004_008|P_DS004_011|P_DS004_014|P_DS004_017|P_DS004_023|P_DS004_026|P_DS004_029|P_DS004_032,7.666666666666667,0,100,1.0,39.0
DS004_20260711_I22,DS004,2026-07-11,22,Morning,82,11,0,2,9,0,1.0,,P_DS004_002|P_DS004_005,P_DS004_008|P_DS004_011|P_DS004_014|P_DS004_017|P_DS004_023|P_DS004_026|P_DS004_029|P_DS004_032|P_DS004_035,9.11111111111111,0,100,1.0,38.0
DS004_20260711_I23,DS004,2026-07-11,23,Lunch,86,11,0,0,11,0,0.0,,,P_DS004_005|P_DS004_008|P_DS004_011|P_DS004_014|P_DS004_017|P_DS004_023|P_DS004_026|P_DS004_029|P_DS004_032|P_DS004_035|P_DS004_002,7.818181818181818,0,100,0.0,38.0
DS004_20260711_I24,DS004,2026-07-11,24,Lunch,104,11,0,0,11,0,0.0,,,P_DS004_008|P_DS004_011|P_DS004_014|P_DS004_017|P_DS004_023|P_DS004_026|P_DS004_029|P_DS004_032|P_DS004_035|P_DS004_002|P_DS004_005,9.454545454545455,0,100,0.0,38.0
DS004_20260711_I25,DS004,2026-07-11,25,Lunch,72,11,0,0,11,0,0.0,,,P_DS004_011|P_DS004_014|P_DS004_017|P_DS004_023|P_DS004_026|P_DS004_029|P_DS004_032|P_DS004_035|P_DS004_002|P_DS004_005|P_DS004_008,6.545454545454546,0,100,0.0,38.0
DS004_20260711_I26,DS004,2026-07-11,26,Lunch,88,11,0,0,11,0,0.0,,,P_DS004_014|P_DS004_017|P_DS004_023|P_DS004_026|P_DS004_029|P_DS004_032|P_DS004_035|P_DS004_002|P_DS004_005|P_DS004_008|P_DS004_011,8.0,0,100,0.0,38.0
DS004_20260711_I27,DS004,2026-07-11,27,Lunch,89,11,0,0,11,0,0.0,,,P_DS004_017|P_DS004_023|P_DS004_026|P_DS004_029|P_DS004_032|P_DS004_035|P_DS004_002|P_DS004_005|P_DS004_008|P_DS004_011|P_DS004_014,8.090909090909092,0,100,0.0,38.0
DS004_20260711_I28,DS004,2026-07-11,28,Lunch,85,11,0,0,11,0,0.0,,,P_DS004_023|P_DS004_026|P_DS004_029|P_DS004_032|P_DS004_035|P_DS004_002|P_DS004_005|P_DS004_008|P_DS004_011|P_DS004_014|P_DS004_017,7.7272727272727275,0,100,0.0,38.0
DS004_20260711_I29,DS004,2026-07-11,29,Lunch,83,11,0,0,11,0,0.0,,,P_DS004_026|P_DS004_029|P_DS004_032|P_DS004_035|P_DS004_002|P_DS004_005|P_DS004_008|P_DS004_011|P_DS004_014|P_DS004_017|P_DS004_023,7.545454545454546,0,100,0.0,38.0
DS004_20260711_I30,DS004,2026-07-11,30,Lunch,73,11,0,0,11,0,0.0,,,P_DS004_029|P_DS004_032|P_DS004_035|P_DS004_002|P_DS004_005|P_DS004_008|P_DS004_011|P_DS004_014|P_DS004_017|P_DS004_023|P_DS004_026,6.636363636363637,0,100,0.0,38.0
DS004_20260711_I31,DS004,2026-07-11,31,Afternoon,82,11,0,2,9,0,1.0,,P_DS004_032|P_DS004_035,P_DS004_002|P_DS004_005|P_DS004_008|P_DS004_011|P_DS004_014|P_DS004_017|P_DS004_023|P_DS004_026|P_DS004_029,9.11111111111111,0,100,1.0,37.0
DS004_20260711_I32,DS004,2026-07-11,32,Afternoon,60,11,0,2,9,0,1.0,,P_DS004_035|P_DS004_002,P_DS004_005|P_DS004_008|P_DS004_011|P_DS004_014|P_DS004_017|P_DS004_023|P_DS004_026|P_DS004_029|P_DS004_032,6.666666666666667,0,100,1.0,36.0
DS004_20260711_I33,DS004,2026-07-11,33,Afternoon,57,19,0,2,17,0,1.0,,P_DS004_026|P_DS004_029,P_DS004_032|P_DS004_033|P_DS004_035|P_DS004_002|P_DS004_003|P_DS004_005|P_DS004_008|P_DS004_009|P_DS004_011|P_DS004_012|P_DS004_014|P_DS004_015|P_DS004_017|P_DS004_018|P_DS004_021|P_DS004_023|P_DS004_024,3.3529411764705883,0,100,1.0,35.0
DS004_20260711_I34,DS004,2026-07-11,34,Afternoon,63,19,0,2,17,0,1.0,,P_DS004_029|P_DS004_032,P_DS004_033|P_DS004_035|P_DS004_002|P_DS004_003|P_DS004_005|P_DS004_008|P_DS004_009|P_DS004_011|P_DS004_012|P_DS004_014|P_DS004_015|P_DS004_017|P_DS004_018|P_DS004_021|P_DS004_023|P_DS004_024|P_DS004_026,3.7058823529411766,0,100,1.0,34.0
DS004_20260711_I35,DS004,2026-07-11,35,Afternoon,56,8,0,2,6,0,1.0,,P_DS004_015|P_DS004_018,P_DS004_021|P_DS004_024|P_DS004_033|P_DS004_003|P_DS004_009|P_DS004_012,9.333333333333334,0,100,1.0,33.0
DS004_20260711_I36,DS004,2026-07-11,36,Afternoon,81,8,0,2,6,0,1.0,,P_DS004_018|P_DS004_021,P_DS004_024|P_DS004_033|P_DS004_003|P_DS004_009|P_DS004_012|P_DS004_015,13.5,0,100,1.0,32.0
DS004_20260711_I37,DS004,2026-07-11,37,Evening,85,11,0,0,11,0,0.0,,,P_DS004_018|P_DS004_021|P_DS004_024|P_DS004_033|P_DS004_013|P_DS004_027|P_DS004_034|P_DS004_003|P_DS004_009|P_DS004_012|P_DS004_015,7.7272727272727275,0,100,0.0,32.0
DS004_20260711_I38,DS004,2026-07-11,38,Evening,89,11,0,0,11,0,0.0,,,P_DS004_021|P_DS004_024|P_DS004_033|P_DS004_013|P_DS004_027|P_DS004_034|P_DS004_003|P_DS004_009|P_DS004_012|P_DS004_015|P_DS004_018,8.090909090909092,0,100,0.0,32.0
DS004_20260711_I39,DS004,2026-07-11,39,Evening,95,11,0,0,11,0,0.0,,,P_DS004_024|P_DS004_033|P_DS004_013|P_DS004_027|P_DS004_034|P_DS004_003|P_DS004_009|P_DS004_012|P_DS004_015|P_DS004_018|P_DS004_021,8.636363636363637,0,100,0.0,32.0
DS004_20260711_I40,DS004,2026-07-11,40,Evening,112,11,0,0,11,0,0.0,,,P_DS004_033|P_DS004_013|P_DS004_027|P_DS004_034|P_DS004_003|P_DS004_009|P_DS004_012|P_DS004_015|P_DS004_018|P_DS004_021|P_DS004_024,10.181818181818182,0,100,0.0,32.0
DS004_20260711_I41,DS004,2026-07-11,41,Evening,124,11,0,0,11,0,0.0,,,P_DS004_013|P_DS004_027|P_DS004_034|P_DS004_003|P_DS004_009|P_DS004_012|P_DS004_015|P_DS004_018|P_DS004_021|P_DS004_024|P_DS004_033,11.272727272727273,0,100,0.0,32.0
DS004_20260711_I42,DS004,2026-07-11,42,Evening,90,11,0,0,11,0,0.0,,,P_DS004_027|P_DS004_034|P_DS004_003|P_DS004_009|P_DS004_012|P_DS004_015|P_DS004_018|P_DS004_021|P_DS004_024|P_DS004_033|P_DS004_013,8.181818181818182,0,100,0.0,32.0
DS004_20260711_I43,DS004,2026-07-11,43,Evening,98,11,0,0,11,0,0.0,,,P_DS004_034|P_DS004_003|P_DS004_009|P_DS004_012|P_DS004_015|P_DS004_018|P_DS004_021|P_DS004_024|P_DS004_033|P_DS004_013|P_DS004_027,8.909090909090908,0,100,0.0,32.0
DS004_20260711_I44,DS004,2026-07-11,44,Evening,93,11,0,0,11,0,0.0,,,P_DS004_003|P_DS004_009|P_DS004_012|P_DS004_015|P_DS004_018|P_DS004_021|P_DS004_024|P_DS004_033|P_DS004_013|P_DS004_027|P_DS004_034,8.454545454545455,0,100,0.0,32.0
DS004_20260711_I45,DS004,2026-07-11,45,Evening,71,8,0,0,8,0,0.0,,,P_DS004_021|P_DS004_024|P_DS004_033|P_DS004_003|P_DS004_009|P_DS004_012|P_DS004_015|P_DS004_018,8.875,0,100,0.0,32.0
DS004_20260711_I46,DS004,2026-07-11,46,Evening,61,8,0,0,8,0,0.0,,,P_DS004_024|P_DS004_033|P_DS004_003|P_DS004_009|P_DS004_012|P_DS004_015|P_DS004_018|P_DS004_021,7.625,0,100,0.0,32.0
DS004_20260711_I47,DS004,2026-07-11,47,Late Night,39,8,0,2,6,0,1.0,,P_DS004_033|P_DS004_003,P_DS004_009|P_DS004_012|P_DS004_015|P_DS004_018|P_DS004_021|P_DS004_024,6.5,0,100,1.0,31.0
DS004_20260711_I48,DS004,2026-07-11,48,Late Night,29,8,0,2,6,0,1.0,,P_DS004_003|P_DS004_009,P_DS004_012|P_DS004_015|P_DS004_018|P_DS004_021|P_DS004_024|P_DS004_033,4.833333333333333,0,100,1.0,30.0
DS004_20260712_I01,DS004,2026-07-12,1,Night,4,17,12,2,3,900,1.0,P_DS004_009|P_DS004_012|P_DS004_015|P_DS004_018|P_DS004_021|P_DS004_024|P_DS004_033|P_DS004_001|P_DS004_010|P_DS004_013|P_DS004_016|P_DS004_019,P_DS004_022|P_DS004_025,P_DS004_031|P_DS004_034|P_DS004_003,1.3333333333333333,900,9100,1.0,49.0
DS004_20260712_I02,DS004,2026-07-12,2,Night,17,18,12,2,4,900,1.0,P_DS004_012|P_DS004_015|P_DS004_018|P_DS004_021|P_DS004_024|P_DS004_033|P_DS004_001|P_DS004_004|P_DS004_010|P_DS004_013|P_DS004_016|P_DS004_019,P_DS004_022|P_DS004_025,P_DS004_031|P_DS004_034|P_DS004_003|P_DS004_009,4.25,900,8200,1.0,48.0
DS004_20260712_I03,DS004,2026-07-12,3,Night,16,10,9,0,1,675,0.0,P_DS004_013|P_DS004_016|P_DS004_019|P_DS004_022|P_DS004_025|P_DS004_031|P_DS004_034|P_DS004_001|P_DS004_004,,P_DS004_010,16.0,675,7525,0.0,48.0
DS004_20260712_I04,DS004,2026-07-12,4,Night,7,10,9,0,1,675,0.0,P_DS004_016|P_DS004_019|P_DS004_022|P_DS004_025|P_DS004_031|P_DS004_034|P_DS004_001|P_DS004_004|P_DS004_010,,P_DS004_013,7.0,675,6850,0.0,48.0
DS004_20260712_I05,DS004,2026-07-12,5,Night,17,10,9,0,1,675,0.0,P_DS004_019|P_DS004_022|P_DS004_025|P_DS004_031|P_DS004_034|P_DS004_001|P_DS004_004|P_DS004_010|P_DS004_013,,P_DS004_016,17.0,675,6175,0.0,48.0
DS004_20260712_I06,DS004,2026-07-12,6,Night,10,10,9,0,1,675,0.0,P_DS004_022|P_DS004_025|P_DS004_031|P_DS004_034|P_DS004_001|P_DS004_004|P_DS004_010|P_DS004_013|P_DS004_016,,P_DS004_019,10.0,675,5500,0.0,48.0
DS004_20260712_I07,DS004,2026-07-12,7,Night,8,10,9,0,1,675,0.0,P_DS004_025|P_DS004_031|P_DS004_034|P_DS004_001|P_DS004_004|P_DS004_010|P_DS004_013|P_DS004_016|P_DS004_019,,P_DS004_022,8.0,675,4825,0.0,48.0
DS004_20260712_I08,DS004,2026-07-12,8,Night,11,10,9,0,1,675,0.0,P_DS004_031|P_DS004_034|P_DS004_001|P_DS004_004|P_DS004_010|P_DS004_013|P_DS004_016|P_DS004_019|P_DS004_022,,P_DS004_025,11.0,675,4150,0.0,48.0
DS004_20260712_I09,DS004,2026-07-12,9,Night,10,10,9,0,1,675,0.0,P_DS004_034|P_DS004_001|P_DS004_004|P_DS004_010|P_DS004_013|P_DS004_016|P_DS004_019|P_DS004_022|P_DS004_025,,P_DS004_031,10.0,675,3475,0.0,48.0
DS004_20260712_I10,DS004,2026-07-12,10,Night,12,10,9,0,1,675,0.0,P_DS004_001|P_DS004_004|P_DS004_010|P_DS004_013|P_DS004_016|P_DS004_019|P_DS004_022|P_DS004_025|P_DS004_031,,P_DS004_034,12.0,675,2800,0.0,48.0
DS004_20260712_I11,DS004,2026-07-12,11,Night,8,10,9,0,1,675,0.0,P_DS004_004|P_DS004_010|P_DS004_013|P_DS004_016|P_DS004_019|P_DS004_022|P_DS004_025|P_DS004_031|P_DS004_034,,P_DS004_001,8.0,675,2125,0.0,48.0
DS004_20260712_I12,DS004,2026-07-12,12,Night,4,10,9,0,1,675,0.0,P_DS004_010|P_DS004_013|P_DS004_016|P_DS004_019|P_DS004_022|P_DS004_025|P_DS004_031|P_DS004_034|P_DS004_001,,P_DS004_004,4.0,675,1450,0.0,48.0
DS004_20260712_I13,DS004,2026-07-12,13,Morning,7,10,3,2,5,225,1.0,P_DS004_013|P_DS004_016|P_DS004_019,P_DS004_022|P_DS004_025,P_DS004_031|P_DS004_034|P_DS004_001|P_DS004_004|P_DS004_010,1.4,225,1225,1.0,47.0
DS004_20260712_I14,DS004,2026-07-12,14,Morning,9,10,3,2,5,225,1.0,P_DS004_016|P_DS004_019|P_DS004_022,P_DS004_025|P_DS004_031,P_DS004_034|P_DS004_001|P_DS004_004|P_DS004_010|P_DS004_013,1.8,225,1000,1.0,46.0
DS004_20260712_I15,DS004,2026-07-12,15,Morning,14,10,3,2,5,225,1.0,P_DS004_019|P_DS004_022|P_DS004_025,P_DS004_031|P_DS004_034,P_DS004_001|P_DS004_004|P_DS004_010|P_DS004_013|P_DS004_016,2.8,225,775,1.0,45.0
DS004_20260712_I16,DS004,2026-07-12,16,Morning,20,10,3,2,5,225,1.0,P_DS004_022|P_DS004_025|P_DS004_031,P_DS004_034|P_DS004_001,P_DS004_004|P_DS004_010|P_DS004_013|P_DS004_016|P_DS004_019,4.0,225,550,1.0,44.0
DS004_20260712_I17,DS004,2026-07-12,17,Morning,20,19,3,2,14,225,1.0,P_DS004_032|P_DS004_034|P_DS004_001,P_DS004_002|P_DS004_004,P_DS004_005|P_DS004_008|P_DS004_010|P_DS004_011|P_DS004_013|P_DS004_016|P_DS004_017|P_DS004_019|P_DS004_020|P_DS004_022|P_DS004_025|P_DS004_026|P_DS004_029|P_DS004_031,1.4285714285714286,225,325,1.0,43.0
DS004_20260712_I18,DS004,2026-07-12,18,Morning,37,20,3,2,15,225,1.0,P_DS004_032|P_DS004_034|P_DS004_001,P_DS004_002|P_DS004_004,P_DS004_005|P_DS004_008|P_DS004_010|P_DS004_011|P_DS004_013|P_DS004_016|P_DS004_017|P_DS004_019|P_DS004_020|P_DS004_022|P_DS004_023|P_DS004_025|P_DS004_026|P_DS004_029|P_DS004_031,2.466666666666667,225,100,1.0,42.0
DS004_20260712_I19,DS004,2026-07-12,19,Morning,57,10,0,2,8,0,1.0,,P_DS004_032|P_DS004_002,P_DS004_005|P_DS004_008|P_DS004_011|P_DS004_017|P_DS004_020|P_DS004_023|P_DS004_026|P_DS004_029,7.125,0,100,1.0,41.0
DS004_20260712_I20,DS004,2026-07-12,20,Morning,52,10,0,2,8,0,1.0,,P_DS004_002|P_DS004_005,P_DS004_008|P_DS004_011|P_DS004_017|P_DS004_020|P_DS004_023|P_DS004_026|P_DS004_029|P_DS004_032,6.5,0,100,1.0,40.0
DS004_20260712_I21,DS004,2026-07-12,21,Morning,84,10,0,2,8,0,1.0,,P_DS004_005|P_DS004_008,P_DS004_011|P_DS004_017|P_DS004_020|P_DS004_023|P_DS004_026|P_DS004_029|P_DS004_032|P_DS004_002,10.5,0,100,1.0,39.0
DS004_20260712_I22,DS004,2026-07-12,22,Morning,87,10,0,2,8,0,1.0,,P_DS004_008|P_DS004_011,P_DS004_017|P_DS004_020|P_DS004_023|P_DS004_026|P_DS004_029|P_DS004_032|P_DS004_002|P_DS004_005,10.875,0,100,1.0,38.0
DS004_20260712_I23,DS004,2026-07-12,23,Lunch,98,10,0,0,10,0,0.0,,,P_DS004_011|P_DS004_017|P_DS004_020|P_DS004_023|P_DS004_026|P_DS004_029|P_DS004_032|P_DS004_002|P_DS004_005|P_DS004_008,9.8,0,100,0.0,38.0
DS004_20260712_I24,DS004,2026-07-12,24,Lunch,82,10,0,0,10,0,0.0,,,P_DS004_017|P_DS004_020|P_DS004_023|P_DS004_026|P_DS004_029|P_DS004_032|P_DS004_002|P_DS004_005|P_DS004_008|P_DS004_011,8.2,0,100,0.0,38.0
DS004_20260712_I25,DS004,2026-07-12,25,Lunch,111,10,0,0,10,0,0.0,,,P_DS004_020|P_DS004_023|P_DS004_026|P_DS004_029|P_DS004_032|P_DS004_002|P_DS004_005|P_DS004_008|P_DS004_011|P_DS004_017,11.1,0,100,0.0,38.0
DS004_20260712_I26,DS004,2026-07-12,26,Lunch,89,10,0,0,10,0,0.0,,,P_DS004_023|P_DS004_026|P_DS004_029|P_DS004_032|P_DS004_002|P_DS004_005|P_DS004_008|P_DS004_011|P_DS004_017|P_DS004_020,8.9,0,100,0.0,38.0
DS004_20260712_I27,DS004,2026-07-12,27,Lunch,109,10,0,0,10,0,0.0,,,P_DS004_026|P_DS004_029|P_DS004_032|P_DS004_002|P_DS004_005|P_DS004_008|P_DS004_011|P_DS004_017|P_DS004_020|P_DS004_023,10.9,0,100,0.0,38.0
DS004_20260712_I28,DS004,2026-07-12,28,Lunch,103,10,0,0,10,0,0.0,,,P_DS004_029|P_DS004_032|P_DS004_002|P_DS004_005|P_DS004_008|P_DS004_011|P_DS004_017|P_DS004_020|P_DS004_023|P_DS004_026,10.3,0,100,0.0,38.0
DS004_20260712_I29,DS004,2026-07-12,29,Lunch,104,10,0,0,10,0,0.0,,,P_DS004_032|P_DS004_002|P_DS004_005|P_DS004_008|P_DS004_011|P_DS004_017|P_DS004_020|P_DS004_023|P_DS004_026|P_DS004_029,10.4,0,100,0.0,38.0
DS004_20260712_I30,DS004,2026-07-12,30,Lunch,84,10,0,0,10,0,0.0,,,P_DS004_002|P_DS004_005|P_DS004_008|P_DS004_011|P_DS004_017|P_DS004_020|P_DS004_023|P_DS004_026|P_DS004_029|P_DS004_032,8.4,0,100,0.0,38.0
DS004_20260712_I31,DS004,2026-07-12,31,Afternoon,88,10,0,2,8,0,1.0,,P_DS004_005|P_DS004_008,P_DS004_011|P_DS004_017|P_DS004_020|P_DS004_023|P_DS004_026|P_DS004_029|P_DS004_032|P_DS004_002,11.0,0,100,1.0,37.0
DS004_20260712_I32,DS004,2026-07-12,32,Afternoon,86,10,0,2,8,0,1.0,,P_DS004_008|P_DS004_011,P_DS004_017|P_DS004_020|P_DS004_023|P_DS004_026|P_DS004_029|P_DS004_032|P_DS004_002|P_DS004_005,10.75,0,100,1.0,36.0
DS004_20260712_I33,DS004,2026-07-12,33,Afternoon,72,20,0,2,18,0,1.0,,P_DS004_024|P_DS004_026,P_DS004_027|P_DS004_029|P_DS004_030|P_DS004_032|P_DS004_033|P_DS004_002|P_DS004_003|P_DS004_005|P_DS004_006|P_DS004_008|P_DS004_009|P_DS004_011|P_DS004_012|P_DS004_015|P_DS004_017|P_DS004_018|P_DS004_020|P_DS004_023,4.0,0,100,1.0,35.0
DS004_20260712_I34,DS004,2026-07-12,34,Afternoon,71,20,0,2,18,0,1.0,,P_DS004_026|P_DS004_027,P_DS004_029|P_DS004_030|P_DS004_032|P_DS004_033|P_DS004_002|P_DS004_003|P_DS004_005|P_DS004_006|P_DS004_008|P_DS004_009|P_DS004_011|P_DS004_012|P_DS004_015|P_DS004_017|P_DS004_018|P_DS004_020|P_DS004_023|P_DS004_024,3.9444444444444446,0,100,1.0,34.0
DS004_20260712_I35,DS004,2026-07-12,35,Afternoon,68,10,0,2,8,0,1.0,,P_DS004_018|P_DS004_024,P_DS004_027|P_DS004_030|P_DS004_033|P_DS004_003|P_DS004_006|P_DS004_009|P_DS004_012|P_DS004_015,8.5,0,100,1.0,33.0
DS004_20260712_I36,DS004,2026-07-12,36,Afternoon,81,10,0,2,8,0,1.0,,P_DS004_024|P_DS004_027,P_DS004_030|P_DS004_033|P_DS004_003|P_DS004_006|P_DS004_009|P_DS004_012|P_DS004_015|P_DS004_018,10.125,0,100,1.0,32.0
DS004_20260712_I37,DS004,2026-07-12,37,Evening,84,13,0,0,13,0,0.0,,,P_DS004_028|P_DS004_035|P_DS004_003|P_DS004_006|P_DS004_009|P_DS004_012|P_DS004_015|P_DS004_018|P_DS004_024|P_DS004_027|P_DS004_030|P_DS004_033|P_DS004_014,6.461538461538462,0,100,0.0,32.0
DS004_20260712_I38,DS004,2026-07-12,38,Evening,106,13,0,0,13,0,0.0,,,P_DS004_035|P_DS004_003|P_DS004_006|P_DS004_009|P_DS004_012|P_DS004_015|P_DS004_018|P_DS004_024|P_DS004_027|P_DS004_030|P_DS004_033|P_DS004_014|P_DS004_028,8.153846153846153,0,100,0.0,32.0
DS004_20260712_I39,DS004,2026-07-12,39,Evening,129,13,0,0,13,0,0.0,,,P_DS004_003|P_DS004_006|P_DS004_009|P_DS004_012|P_DS004_015|P_DS004_018|P_DS004_024|P_DS004_027|P_DS004_030|P_DS004_033|P_DS004_014|P_DS004_028|P_DS004_035,9.923076923076923,0,100,0.0,32.0
DS004_20260712_I40,DS004,2026-07-12,40,Evening,146,13,0,0,13,0,0.0,,,P_DS004_006|P_DS004_009|P_DS004_012|P_DS004_015|P_DS004_018|P_DS004_024|P_DS004_027|P_DS004_030|P_DS004_033|P_DS004_014|P_DS004_028|P_DS004_035|P_DS004_003,11.23076923076923,0,100,0.0,32.0
DS004_20260712_I41,DS004,2026-07-12,41,Evening,147,13,0,0,13,0,0.0,,,P_DS004_009|P_DS004_012|P_DS004_015|P_DS004_018|P_DS004_024|P_DS004_027|P_DS004_030|P_DS004_033|P_DS004_014|P_DS004_028|P_DS004_035|P_DS004_003|P_DS004_006,11.307692307692308,0,100,0.0,32.0
DS004_20260712_I42,DS004,2026-07-12,42,Evening,131,13,0,0,13,0,0.0,,,P_DS004_012|P_DS004_015|P_DS004_018|P_DS004_024|P_DS004_027|P_DS004_030|P_DS004_033|P_DS004_014|P_DS004_028|P_DS004_035|P_DS004_003|P_DS004_006|P_DS004_009,10.076923076923077,0,100,0.0,32.0
DS004_20260712_I43,DS004,2026-07-12,43,Evening,116,13,0,0,13,0,0.0,,,P_DS004_015|P_DS004_018|P_DS004_024|P_DS004_027|P_DS004_030|P_DS004_033|P_DS004_014|P_DS004_028|P_DS004_035|P_DS004_003|P_DS004_006|P_DS004_009|P_DS004_012,8.923076923076923,0,100,0.0,32.0
DS004_20260712_I44,DS004,2026-07-12,44,Evening,112,13,0,0,13,0,0.0,,,P_DS004_018|P_DS004_024|P_DS004_027|P_DS004_030|P_DS004_033|P_DS004_014|P_DS004_028|P_DS004_035|P_DS004_003|P_DS004_006|P_DS004_009|P_DS004_012|P_DS004_015,8.615384615384615,0,100,0.0,32.0
DS004_20260712_I45,DS004,2026-07-12,45,Evening,96,10,0,0,10,0,0.0,,,P_DS004_018|P_DS004_024|P_DS004_027|P_DS004_030|P_DS004_033|P_DS004_003|P_DS004_006|P_DS004_009|P_DS004_012|P_DS004_015,9.6,0,100,0.0,32.0
DS004_20260712_I46,DS004,2026-07-12,46,Evening,72,10,0,0,10,0,0.0,,,P_DS004_024|P_DS004_027|P_DS004_030|P_DS004_033|P_DS004_003|P_DS004_006|P_DS004_009|P_DS004_012|P_DS004_015|P_DS004_018,7.2,0,100,0.0,32.0
DS004_20260712_I47,DS004,2026-07-12,47,Late Night,43,10,0,2,8,0,1.0,,P_DS004_027|P_DS004_030,P_DS004_033|P_DS004_003|P_DS004_006|P_DS004_009|P_DS004_012|P_DS004_015|P_DS004_018|P_DS004_024,5.375,0,100,1.0,31.0
DS004_20260712_I48,DS004,2026-07-12,48,Late Night,47,10,0,2,8,0,1.0,,P_DS004_030|P_DS004_033,P_DS004_003|P_DS004_006|P_DS004_009|P_DS004_012|P_DS004_015|P_DS004_018|P_DS004_024|P_DS004_027,5.875,0,100,1.0,30.0
DS004_20260713_I01,DS004,2026-07-13,1,Night,7,19,12,2,5,900,1.0,P_DS004_006|P_DS004_009|P_DS004_012|P_DS004_015|P_DS004_018|P_DS004_024|P_DS004_027|P_DS004_030|P_DS004_033|P_DS004_004|P_DS004_010|P_DS004_013,P_DS004_016|P_DS004_019,P_DS004_025|P_DS004_028|P_DS004_031|P_DS004_034|P_DS004_003,1.4,900,9100,1.0,49.0
DS004_20260713_I02,DS004,2026-07-13,2,Night,8,19,12,2,5,900,1.0,P_DS004_009|P_DS004_012|P_DS004_015|P_DS004_018|P_DS004_024|P_DS004_027|P_DS004_030|P_DS004_033|P_DS004_004|P_DS004_010|P_DS004_013|P_DS004_016,P_DS004_019|P_DS004_025,P_DS004_028|P_DS004_031|P_DS004_034|P_DS004_003|P_DS004_006,1.6,900,8200,1.0,48.0
DS004_20260713_I03,DS004,2026-07-13,3,Night,4,9,8,0,1,600,0.0,P_DS004_016|P_DS004_019|P_DS004_025|P_DS004_028|P_DS004_031|P_DS004_034|P_DS004_004|P_DS004_010,,P_DS004_013,4.0,600,7600,0.0,48.0
DS004_20260713_I04,DS004,2026-07-13,4,Night,7,9,8,0,1,600,0.0,P_DS004_019|P_DS004_025|P_DS004_028|P_DS004_031|P_DS004_034|P_DS004_004|P_DS004_010|P_DS004_013,,P_DS004_016,7.0,600,7000,0.0,48.0
DS004_20260713_I05,DS004,2026-07-13,5,Night,4,9,8,0,1,600,0.0,P_DS004_025|P_DS004_028|P_DS004_031|P_DS004_034|P_DS004_004|P_DS004_010|P_DS004_013|P_DS004_016,,P_DS004_019,4.0,600,6400,0.0,48.0
DS004_20260713_I06,DS004,2026-07-13,6,Night,7,9,8,0,1,600,0.0,P_DS004_028|P_DS004_031|P_DS004_034|P_DS004_004|P_DS004_010|P_DS004_013|P_DS004_016|P_DS004_019,,P_DS004_025,7.0,600,5800,0.0,48.0
DS004_20260713_I07,DS004,2026-07-13,7,Night,3,9,8,0,1,600,0.0,P_DS004_031|P_DS004_034|P_DS004_004|P_DS004_010|P_DS004_013|P_DS004_016|P_DS004_019|P_DS004_025,,P_DS004_028,3.0,600,5200,0.0,48.0
DS004_20260713_I08,DS004,2026-07-13,8,Night,4,9,8,0,1,600,0.0,P_DS004_034|P_DS004_004|P_DS004_010|P_DS004_013|P_DS004_016|P_DS004_019|P_DS004_025|P_DS004_028,,P_DS004_031,4.0,600,4600,0.0,48.0
DS004_20260713_I09,DS004,2026-07-13,9,Night,8,9,8,0,1,600,0.0,P_DS004_004|P_DS004_010|P_DS004_013|P_DS004_016|P_DS004_019|P_DS004_025|P_DS004_028|P_DS004_031,,P_DS004_034,8.0,600,4000,0.0,48.0
DS004_20260713_I10,DS004,2026-07-13,10,Night,7,9,8,0,1,600,0.0,P_DS004_010|P_DS004_013|P_DS004_016|P_DS004_019|P_DS004_025|P_DS004_028|P_DS004_031|P_DS004_034,,P_DS004_004,7.0,600,3400,0.0,48.0
DS004_20260713_I11,DS004,2026-07-13,11,Night,4,9,8,0,1,600,0.0,P_DS004_013|P_DS004_016|P_DS004_019|P_DS004_025|P_DS004_028|P_DS004_031|P_DS004_034|P_DS004_004,,P_DS004_010,4.0,600,2800,0.0,48.0
DS004_20260713_I12,DS004,2026-07-13,12,Night,7,9,8,0,1,600,0.0,P_DS004_016|P_DS004_019|P_DS004_025|P_DS004_028|P_DS004_031|P_DS004_034|P_DS004_004|P_DS004_010,,P_DS004_013,7.0,600,2200,0.0,48.0
DS004_20260713_I13,DS004,2026-07-13,13,Morning,17,9,3,2,4,225,1.0,P_DS004_019|P_DS004_025|P_DS004_028,P_DS004_031|P_DS004_034,P_DS004_004|P_DS004_010|P_DS004_013|P_DS004_016,4.25,225,1975,1.0,47.0
DS004_20260713_I14,DS004,2026-07-13,14,Morning,15,9,3,2,4,225,1.0,P_DS004_025|P_DS004_028|P_DS004_031,P_DS004_034|P_DS004_004,P_DS004_010|P_DS004_013|P_DS004_016|P_DS004_019,3.75,225,1750,1.0,46.0
DS004_20260713_I15,DS004,2026-07-13,15,Morning,28,9,3,2,4,225,1.0,P_DS004_028|P_DS004_031|P_DS004_034,P_DS004_004|P_DS004_010,P_DS004_013|P_DS004_016|P_DS004_019|P_DS004_025,7.0,225,1525,1.0,45.0
DS004_20260713_I16,DS004,2026-07-13,16,Morning,28,9,3,2,4,225,1.0,P_DS004_031|P_DS004_034|P_DS004_004,P_DS004_010|P_DS004_013,P_DS004_016|P_DS004_019|P_DS004_025|P_DS004_028,7.0,225,1300,1.0,44.0
DS004_20260713_I17,DS004,2026-07-13,17,Morning,37,19,3,2,14,225,1.0,P_DS004_034|P_DS004_035|P_DS004_002,P_DS004_004|P_DS004_005,P_DS004_010|P_DS004_011|P_DS004_013|P_DS004_014|P_DS004_016|P_DS004_017|P_DS004_019|P_DS004_020|P_DS004_023|P_DS004_025|P_DS004_026|P_DS004_028|P_DS004_031|P_DS004_032,2.642857142857143,225,1075,1.0,43.0
DS004_20260713_I18,DS004,2026-07-13,18,Morning,47,19,3,2,14,225,1.0,P_DS004_035|P_DS004_002|P_DS004_004,P_DS004_005|P_DS004_010,P_DS004_011|P_DS004_013|P_DS004_014|P_DS004_016|P_DS004_017|P_DS004_019|P_DS004_020|P_DS004_023|P_DS004_025|P_DS004_026|P_DS004_028|P_DS004_031|P_DS004_032|P_DS004_034,3.357142857142857,225,850,1.0,42.0
DS004_20260713_I19,DS004,2026-07-13,19,Morning,51,10,0,2,8,0,1.0,,P_DS004_035|P_DS004_002,P_DS004_005|P_DS004_011|P_DS004_014|P_DS004_017|P_DS004_020|P_DS004_023|P_DS004_026|P_DS004_032,6.375,0,850,1.0,41.0
DS004_20260713_I20,DS004,2026-07-13,20,Morning,43,10,0,2,8,0,1.0,,P_DS004_002|P_DS004_005,P_DS004_011|P_DS004_014|P_DS004_017|P_DS004_020|P_DS004_023|P_DS004_026|P_DS004_032|P_DS004_035,5.375,0,850,1.0,40.0
DS004_20260713_I21,DS004,2026-07-13,21,Morning,33,10,0,2,8,0,1.0,,P_DS004_005|P_DS004_011,P_DS004_014|P_DS004_017|P_DS004_020|P_DS004_023|P_DS004_026|P_DS004_032|P_DS004_035|P_DS004_002,4.125,0,850,1.0,39.0
DS004_20260713_I22,DS004,2026-07-13,22,Morning,36,10,0,2,8,0,1.0,,P_DS004_011|P_DS004_014,P_DS004_017|P_DS004_020|P_DS004_023|P_DS004_026|P_DS004_032|P_DS004_035|P_DS004_002|P_DS004_005,4.5,0,850,1.0,38.0
DS004_20260713_I23,DS004,2026-07-13,23,Lunch,52,10,0,0,10,0,0.0,,,P_DS004_014|P_DS004_017|P_DS004_020|P_DS004_023|P_DS004_026|P_DS004_032|P_DS004_035|P_DS004_002|P_DS004_005|P_DS004_011,5.2,0,850,0.0,38.0
DS004_20260713_I24,DS004,2026-07-13,24,Lunch,40,10,0,0,10,0,0.0,,,P_DS004_017|P_DS004_020|P_DS004_023|P_DS004_026|P_DS004_032|P_DS004_035|P_DS004_002|P_DS004_005|P_DS004_011|P_DS004_014,4.0,0,850,0.0,38.0
DS004_20260713_I25,DS004,2026-07-13,25,Lunch,61,10,0,0,10,0,0.0,,,P_DS004_020|P_DS004_023|P_DS004_026|P_DS004_032|P_DS004_035|P_DS004_002|P_DS004_005|P_DS004_011|P_DS004_014|P_DS004_017,6.1,0,850,0.0,38.0
DS004_20260713_I26,DS004,2026-07-13,26,Lunch,55,10,0,0,10,0,0.0,,,P_DS004_023|P_DS004_026|P_DS004_032|P_DS004_035|P_DS004_002|P_DS004_005|P_DS004_011|P_DS004_014|P_DS004_017|P_DS004_020,5.5,0,850,0.0,38.0
DS004_20260713_I27,DS004,2026-07-13,27,Lunch,67,10,0,0,10,0,0.0,,,P_DS004_026|P_DS004_032|P_DS004_035|P_DS004_002|P_DS004_005|P_DS004_011|P_DS004_014|P_DS004_017|P_DS004_020|P_DS004_023,6.7,0,850,0.0,38.0
DS004_20260713_I28,DS004,2026-07-13,28,Lunch,68,10,0,0,10,0,0.0,,,P_DS004_032|P_DS004_035|P_DS004_002|P_DS004_005|P_DS004_011|P_DS004_014|P_DS004_017|P_DS004_020|P_DS004_023|P_DS004_026,6.8,0,850,0.0,38.0
DS004_20260713_I29,DS004,2026-07-13,29,Lunch,67,10,0,0,10,0,0.0,,,P_DS004_035|P_DS004_002|P_DS004_005|P_DS004_011|P_DS004_014|P_DS004_017|P_DS004_020|P_DS004_023|P_DS004_026|P_DS004_032,6.7,0,850,0.0,38.0
DS004_20260713_I30,DS004,2026-07-13,30,Lunch,70,10,0,0,10,0,0.0,,,P_DS004_002|P_DS004_005|P_DS004_011|P_DS004_014|P_DS004_017|P_DS004_020|P_DS004_023|P_DS004_026|P_DS004_032|P_DS004_035,7.0,0,850,0.0,38.0
DS004_20260713_I31,DS004,2026-07-13,31,Afternoon,27,10,0,2,8,0,1.0,,P_DS004_005|P_DS004_011,P_DS004_014|P_DS004_017|P_DS004_020|P_DS004_023|P_DS004_026|P_DS004_032|P_DS004_035|P_DS004_002,3.375,0,850,1.0,37.0
DS004_20260713_I32,DS004,2026-07-13,32,Afternoon,32,10,0,2,8,0,1.0,,P_DS004_011|P_DS004_014,P_DS004_017|P_DS004_020|P_DS004_023|P_DS004_026|P_DS004_032|P_DS004_035|P_DS004_002|P_DS004_005,4.0,0,850,1.0,36.0
DS004_20260713_I33,DS004,2026-07-13,33,Afternoon,19,18,0,2,16,0,1.0,,P_DS004_032|P_DS004_033,P_DS004_035|P_DS004_002|P_DS004_003|P_DS004_005|P_DS004_006|P_DS004_009|P_DS004_011|P_DS004_012|P_DS004_014|P_DS004_017|P_DS004_018|P_DS004_020|P_DS004_021|P_DS004_023|P_DS004_024|P_DS004_026,1.1875,0,850,1.0,35.0
DS004_20260713_I34,DS004,2026-07-13,34,Afternoon,31,18,0,2,16,0,1.0,,P_DS004_033|P_DS004_035,P_DS004_003|P_DS004_005|P_DS004_006|P_DS004_009|P_DS004_011|P_DS004_012|P_DS004_014|P_DS004_017|P_DS004_018|P_DS004_020|P_DS004_021|P_DS004_023|P_DS004_024|P_DS004_026|P_DS004_027|P_DS004_032,1.9375,0,850,1.0,34.0
DS004_20260713_I35,DS004,2026-07-13,35,Afternoon,35,9,0,2,7,0,1.0,,P_DS004_033|P_DS004_003,P_DS004_006|P_DS004_009|P_DS004_012|P_DS004_018|P_DS004_021|P_DS004_024|P_DS004_027,5.0,0,850,1.0,33.0
DS004_20260713_I36,DS004,2026-07-13,36,Afternoon,43,9,0,2,7,0,1.0,,P_DS004_003|P_DS004_006,P_DS004_009|P_DS004_012|P_DS004_018|P_DS004_021|P_DS004_024|P_DS004_027|P_DS004_033,6.142857142857143,0,850,1.0,32.0
DS004_20260713_I37,DS004,2026-07-13,37,Evening,80,9,0,0,9,0,0.0,,,P_DS004_006|P_DS004_009|P_DS004_012|P_DS004_018|P_DS004_021|P_DS004_024|P_DS004_027|P_DS004_033|P_DS004_003,8.88888888888889,0,850,0.0,32.0
DS004_20260713_I38,DS004,2026-07-13,38,Evening,76,9,0,0,9,0,0.0,,,P_DS004_009|P_DS004_012|P_DS004_018|P_DS004_021|P_DS004_024|P_DS004_027|P_DS004_033|P_DS004_003|P_DS004_006,8.444444444444445,0,850,0.0,32.0
DS004_20260713_I39,DS004,2026-07-13,39,Evening,80,9,0,0,9,0,0.0,,,P_DS004_012|P_DS004_018|P_DS004_021|P_DS004_024|P_DS004_027|P_DS004_033|P_DS004_003|P_DS004_006|P_DS004_009,8.88888888888889,0,850,0.0,32.0
DS004_20260713_I40,DS004,2026-07-13,40,Evening,118,9,0,0,9,0,0.0,,,P_DS004_018|P_DS004_021|P_DS004_024|P_DS004_027|P_DS004_033|P_DS004_003|P_DS004_006|P_DS004_009|P_DS004_012,13.11111111111111,0,850,0.0,32.0
DS004_20260713_I41,DS004,2026-07-13,41,Evening,102,9,0,0,9,0,0.0,,,P_DS004_021|P_DS004_024|P_DS004_027|P_DS004_033|P_DS004_003|P_DS004_006|P_DS004_009|P_DS004_012|P_DS004_018,11.333333333333334,0,850,0.0,32.0
DS004_20260713_I42,DS004,2026-07-13,42,Evening,87,9,0,0,9,0,0.0,,,P_DS004_024|P_DS004_027|P_DS004_033|P_DS004_003|P_DS004_006|P_DS004_009|P_DS004_012|P_DS004_018|P_DS004_021,9.666666666666666,0,850,0.0,32.0
DS004_20260713_I43,DS004,2026-07-13,43,Evening,93,9,0,0,9,0,0.0,,,P_DS004_027|P_DS004_033|P_DS004_003|P_DS004_006|P_DS004_009|P_DS004_012|P_DS004_018|P_DS004_021|P_DS004_024,10.333333333333334,0,850,0.0,32.0
DS004_20260713_I44,DS004,2026-07-13,44,Evening,79,9,0,0,9,0,0.0,,,P_DS004_033|P_DS004_003|P_DS004_006|P_DS004_009|P_DS004_012|P_DS004_018|P_DS004_021|P_DS004_024|P_DS004_027,8.777777777777779,0,850,0.0,32.0
DS004_20260713_I45,DS004,2026-07-13,45,Evening,61,9,0,0,9,0,0.0,,,P_DS004_003|P_DS004_006|P_DS004_009|P_DS004_012|P_DS004_018|P_DS004_021|P_DS004_024|P_DS004_027|P_DS004_033,6.777777777777778,0,850,0.0,32.0
DS004_20260713_I46,DS004,2026-07-13,46,Evening,48,9,0,0,9,0,0.0,,,P_DS004_006|P_DS004_009|P_DS004_012|P_DS004_018|P_DS004_021|P_DS004_024|P_DS004_027|P_DS004_033|P_DS004_003,5.333333333333333,0,850,0.0,32.0
DS004_20260713_I47,DS004,2026-07-13,47,Late Night,25,9,0,2,7,0,1.0,,P_DS004_009|P_DS004_012,P_DS004_018|P_DS004_021|P_DS004_024|P_DS004_027|P_DS004_033|P_DS004_003|P_DS004_006,3.5714285714285716,0,850,1.0,31.0
DS004_20260713_I48,DS004,2026-07-13,48,Late Night,23,9,0,2,7,0,1.0,,P_DS004_012|P_DS004_018,P_DS004_021|P_DS004_024|P_DS004_027|P_DS004_033|P_DS004_003|P_DS004_006|P_DS004_009,3.2857142857142856,0,850,1.0,30.0
DS004_20260714_I01,DS004,2026-07-14,1,Night,9,18,12,2,4,900,1.0,P_DS004_006|P_DS004_009|P_DS004_012|P_DS004_018|P_DS004_021|P_DS004_024|P_DS004_027|P_DS004_033|P_DS004_001|P_DS004_004|P_DS004_007|P_DS004_013,P_DS004_019|P_DS004_022,P_DS004_025|P_DS004_028|P_DS004_034|P_DS004_003,2.25,900,9100,1.0,49.0
DS004_20260714_I02,DS004,2026-07-14,2,Night,6,18,12,2,4,900,1.0,P_DS004_009|P_DS004_012|P_DS004_018|P_DS004_021|P_DS004_024|P_DS004_027|P_DS004_033|P_DS004_001|P_DS004_004|P_DS004_007|P_DS004_013|P_DS004_019,P_DS004_022|P_DS004_025,P_DS004_028|P_DS004_034|P_DS004_003|P_DS004_006,1.5,900,8200,1.0,48.0
DS004_20260714_I03,DS004,2026-07-14,3,Night,8,9,8,0,1,600,0.0,P_DS004_013|P_DS004_019|P_DS004_022|P_DS004_025|P_DS004_028|P_DS004_034|P_DS004_001|P_DS004_004,,P_DS004_007,8.0,600,7600,0.0,48.0
DS004_20260714_I04,DS004,2026-07-14,4,Night,4,9,8,0,1,600,0.0,P_DS004_019|P_DS004_022|P_DS004_025|P_DS004_028|P_DS004_034|P_DS004_001|P_DS004_004|P_DS004_007,,P_DS004_013,4.0,600,7000,0.0,48.0
DS004_20260714_I05,DS004,2026-07-14,5,Night,11,9,8,0,1,600,0.0,P_DS004_022|P_DS004_025|P_DS004_028|P_DS004_034|P_DS004_001|P_DS004_004|P_DS004_007|P_DS004_013,,P_DS004_019,11.0,600,6400,0.0,48.0
DS004_20260714_I06,DS004,2026-07-14,6,Night,9,9,8,0,1,600,0.0,P_DS004_025|P_DS004_028|P_DS004_034|P_DS004_001|P_DS004_004|P_DS004_007|P_DS004_013|P_DS004_019,,P_DS004_022,9.0,600,5800,0.0,48.0
DS004_20260714_I07,DS004,2026-07-14,7,Night,9,9,8,0,1,600,0.0,P_DS004_028|P_DS004_034|P_DS004_001|P_DS004_004|P_DS004_007|P_DS004_013|P_DS004_019|P_DS004_022,,P_DS004_025,9.0,600,5200,0.0,48.0
DS004_20260714_I08,DS004,2026-07-14,8,Night,4,9,8,0,1,600,0.0,P_DS004_034|P_DS004_001|P_DS004_004|P_DS004_007|P_DS004_013|P_DS004_019|P_DS004_022|P_DS004_025,,P_DS004_028,4.0,600,4600,0.0,48.0
DS004_20260714_I09,DS004,2026-07-14,9,Night,7,9,8,0,1,600,0.0,P_DS004_001|P_DS004_004|P_DS004_007|P_DS004_013|P_DS004_019|P_DS004_022|P_DS004_025|P_DS004_028,,P_DS004_034,7.0,600,4000,0.0,48.0
DS004_20260714_I10,DS004,2026-07-14,10,Night,6,9,8,0,1,600,0.0,P_DS004_004|P_DS004_007|P_DS004_013|P_DS004_019|P_DS004_022|P_DS004_025|P_DS004_028|P_DS004_034,,P_DS004_001,6.0,600,3400,0.0,48.0
DS004_20260714_I11,DS004,2026-07-14,11,Night,12,9,8,0,1,600,0.0,P_DS004_007|P_DS004_013|P_DS004_019|P_DS004_022|P_DS004_025|P_DS004_028|P_DS004_034|P_DS004_001,,P_DS004_004,12.0,600,2800,0.0,48.0
DS004_20260714_I12,DS004,2026-07-14,12,Night,10,9,8,0,1,600,0.0,P_DS004_013|P_DS004_019|P_DS004_022|P_DS004_025|P_DS004_028|P_DS004_034|P_DS004_001|P_DS004_004,,P_DS004_007,10.0,600,2200,0.0,48.0
DS004_20260714_I13,DS004,2026-07-14,13,Morning,5,9,3,2,4,225,1.0,P_DS004_019|P_DS004_022|P_DS004_025,P_DS004_028|P_DS004_034,P_DS004_001|P_DS004_004|P_DS004_007|P_DS004_013,1.25,225,1975,1.0,47.0
DS004_20260714_I14,DS004,2026-07-14,14,Morning,18,9,3,2,4,225,1.0,P_DS004_022|P_DS004_025|P_DS004_028,P_DS004_034|P_DS004_001,P_DS004_004|P_DS004_007|P_DS004_013|P_DS004_019,4.5,225,1750,1.0,46.0
DS004_20260714_I15,DS004,2026-07-14,15,Morning,29,9,3,2,4,225,1.0,P_DS004_025|P_DS004_028|P_DS004_034,P_DS004_001|P_DS004_004,P_DS004_007|P_DS004_013|P_DS004_019|P_DS004_022,7.25,225,1525,1.0,45.0
DS004_20260714_I16,DS004,2026-07-14,16,Morning,33,9,3,2,4,225,1.0,P_DS004_028|P_DS004_034|P_DS004_001,P_DS004_004|P_DS004_007,P_DS004_013|P_DS004_019|P_DS004_022|P_DS004_025,8.25,225,1300,1.0,44.0
DS004_20260714_I17,DS004,2026-07-14,17,Morning,41,19,3,2,14,225,1.0,P_DS004_034|P_DS004_035|P_DS004_001,P_DS004_004|P_DS004_005,P_DS004_007|P_DS004_008|P_DS004_011|P_DS004_013|P_DS004_014|P_DS004_017|P_DS004_019|P_DS004_020|P_DS004_022|P_DS004_025|P_DS004_026|P_DS004_028|P_DS004_029|P_DS004_032,2.9285714285714284,225,1075,1.0,43.0
DS004_20260714_I18,DS004,2026-07-14,18,Morning,45,19,3,2,14,225,1.0,P_DS004_035|P_DS004_001|P_DS004_004,P_DS004_005|P_DS004_007,P_DS004_008|P_DS004_011|P_DS004_013|P_DS004_014|P_DS004_017|P_DS004_019|P_DS004_020|P_DS004_022|P_DS004_025|P_DS004_026|P_DS004_028|P_DS004_029|P_DS004_032|P_DS004_034,3.2142857142857144,225,850,1.0,42.0
DS004_20260714_I19,DS004,2026-07-14,19,Morning,49,10,0,2,8,0,1.0,,P_DS004_035|P_DS004_005,P_DS004_008|P_DS004_011|P_DS004_014|P_DS004_017|P_DS004_020|P_DS004_026|P_DS004_029|P_DS004_032,6.125,0,850,1.0,41.0
DS004_20260714_I20,DS004,2026-07-14,20,Morning,45,10,0,2,8,0,1.0,,P_DS004_005|P_DS004_008,P_DS004_011|P_DS004_014|P_DS004_017|P_DS004_020|P_DS004_026|P_DS004_029|P_DS004_032|P_DS004_035,5.625,0,850,1.0,40.0
DS004_20260714_I21,DS004,2026-07-14,21,Morning,39,10,0,2,8,0,1.0,,P_DS004_008|P_DS004_011,P_DS004_014|P_DS004_017|P_DS004_020|P_DS004_026|P_DS004_029|P_DS004_032|P_DS004_035|P_DS004_005,4.875,0,850,1.0,39.0
DS004_20260714_I22,DS004,2026-07-14,22,Morning,34,10,0,2,8,0,1.0,,P_DS004_011|P_DS004_014,P_DS004_017|P_DS004_020|P_DS004_026|P_DS004_029|P_DS004_032|P_DS004_035|P_DS004_005|P_DS004_008,4.25,0,850,1.0,38.0
DS004_20260714_I23,DS004,2026-07-14,23,Lunch,48,10,0,0,10,0,0.0,,,P_DS004_014|P_DS004_017|P_DS004_020|P_DS004_026|P_DS004_029|P_DS004_032|P_DS004_035|P_DS004_005|P_DS004_008|P_DS004_011,4.8,0,850,0.0,38.0
DS004_20260714_I24,DS004,2026-07-14,24,Lunch,50,10,0,0,10,0,0.0,,,P_DS004_017|P_DS004_020|P_DS004_026|P_DS004_029|P_DS004_032|P_DS004_035|P_DS004_005|P_DS004_008|P_DS004_011|P_DS004_014,5.0,0,850,0.0,38.0
DS004_20260714_I25,DS004,2026-07-14,25,Lunch,68,10,0,0,10,0,0.0,,,P_DS004_020|P_DS004_026|P_DS004_029|P_DS004_032|P_DS004_035|P_DS004_005|P_DS004_008|P_DS004_011|P_DS004_014|P_DS004_017,6.8,0,850,0.0,38.0
DS004_20260714_I26,DS004,2026-07-14,26,Lunch,66,10,0,0,10,0,0.0,,,P_DS004_026|P_DS004_029|P_DS004_032|P_DS004_035|P_DS004_005|P_DS004_008|P_DS004_011|P_DS004_014|P_DS004_017|P_DS004_020,6.6,0,850,0.0,38.0
DS004_20260714_I27,DS004,2026-07-14,27,Lunch,66,10,0,0,10,0,0.0,,,P_DS004_029|P_DS004_032|P_DS004_035|P_DS004_005|P_DS004_008|P_DS004_011|P_DS004_014|P_DS004_017|P_DS004_020|P_DS004_026,6.6,0,850,0.0,38.0
DS004_20260714_I28,DS004,2026-07-14,28,Lunch,68,10,0,0,10,0,0.0,,,P_DS004_032|P_DS004_035|P_DS004_005|P_DS004_008|P_DS004_011|P_DS004_014|P_DS004_017|P_DS004_020|P_DS004_026|P_DS004_029,6.8,0,850,0.0,38.0
DS004_20260714_I29,DS004,2026-07-14,29,Lunch,61,10,0,0,10,0,0.0,,,P_DS004_035|P_DS004_005|P_DS004_008|P_DS004_011|P_DS004_014|P_DS004_017|P_DS004_020|P_DS004_026|P_DS004_029|P_DS004_032,6.1,0,850,0.0,38.0
DS004_20260714_I30,DS004,2026-07-14,30,Lunch,41,10,0,0,10,0,0.0,,,P_DS004_005|P_DS004_008|P_DS004_011|P_DS004_014|P_DS004_017|P_DS004_020|P_DS004_026|P_DS004_029|P_DS004_032|P_DS004_035,4.1,0,850,0.0,38.0
DS004_20260714_I31,DS004,2026-07-14,31,Afternoon,42,10,0,2,8,0,1.0,,P_DS004_008|P_DS004_011,P_DS004_014|P_DS004_017|P_DS004_020|P_DS004_026|P_DS004_029|P_DS004_032|P_DS004_035|P_DS004_005,5.25,0,850,1.0,37.0
DS004_20260714_I32,DS004,2026-07-14,32,Afternoon,36,10,0,2,8,0,1.0,,P_DS004_011|P_DS004_014,P_DS004_017|P_DS004_020|P_DS004_026|P_DS004_029|P_DS004_032|P_DS004_035|P_DS004_005|P_DS004_008,4.5,0,850,1.0,36.0
DS004_20260714_I33,DS004,2026-07-14,33,Afternoon,36,17,0,2,15,0,1.0,,P_DS004_035|P_DS004_003,P_DS004_005|P_DS004_006|P_DS004_008|P_DS004_011|P_DS004_012|P_DS004_014|P_DS004_015|P_DS004_017|P_DS004_021|P_DS004_024|P_DS004_026|P_DS004_027|P_DS004_029|P_DS004_032|P_DS004_033,2.4,0,850,1.0,35.0
DS004_20260714_I34,DS004,2026-07-14,34,Afternoon,47,17,0,2,15,0,1.0,,P_DS004_003|P_DS004_005,P_DS004_006|P_DS004_008|P_DS004_011|P_DS004_012|P_DS004_014|P_DS004_015|P_DS004_017|P_DS004_021|P_DS004_024|P_DS004_026|P_DS004_027|P_DS004_029|P_DS004_032|P_DS004_033|P_DS004_035,3.1333333333333333,0,850,1.0,34.0
DS004_20260714_I35,DS004,2026-07-14,35,Afternoon,32,8,0,2,6,0,1.0,,P_DS004_015|P_DS004_021,P_DS004_024|P_DS004_027|P_DS004_033|P_DS004_003|P_DS004_006|P_DS004_012,5.333333333333333,0,850,1.0,33.0
DS004_20260714_I36,DS004,2026-07-14,36,Afternoon,59,8,0,2,6,0,1.0,,P_DS004_021|P_DS004_024,P_DS004_027|P_DS004_033|P_DS004_003|P_DS004_006|P_DS004_012|P_DS004_015,9.833333333333334,0,850,1.0,32.0
DS004_20260714_I37,DS004,2026-07-14,37,Evening,64,8,0,0,8,0,0.0,,,P_DS004_024|P_DS004_027|P_DS004_033|P_DS004_003|P_DS004_006|P_DS004_012|P_DS004_015|P_DS004_021,8.0,0,850,0.0,32.0
DS004_20260714_I38,DS004,2026-07-14,38,Evening,83,8,0,0,8,0,0.0,,,P_DS004_027|P_DS004_033|P_DS004_003|P_DS004_006|P_DS004_012|P_DS004_015|P_DS004_021|P_DS004_024,10.375,0,850,0.0,32.0
DS004_20260714_I39,DS004,2026-07-14,39,Evening,114,8,0,0,8,0,0.0,,,P_DS004_033|P_DS004_003|P_DS004_006|P_DS004_012|P_DS004_015|P_DS004_021|P_DS004_024|P_DS004_027,14.25,0,850,0.0,32.0
DS004_20260714_I40,DS004,2026-07-14,40,Evening,141,8,0,0,8,0,0.0,,,P_DS004_003|P_DS004_006|P_DS004_012|P_DS004_015|P_DS004_021|P_DS004_024|P_DS004_027|P_DS004_033,17.625,0,850,0.0,32.0
DS004_20260714_I41,DS004,2026-07-14,41,Evening,119,8,0,0,8,0,0.0,,,P_DS004_006|P_DS004_012|P_DS004_015|P_DS004_021|P_DS004_024|P_DS004_027|P_DS004_033|P_DS004_003,14.875,0,850,0.0,32.0
DS004_20260714_I42,DS004,2026-07-14,42,Evening,110,8,0,0,8,0,0.0,,,P_DS004_012|P_DS004_015|P_DS004_021|P_DS004_024|P_DS004_027|P_DS004_033|P_DS004_003|P_DS004_006,13.75,0,850,0.0,32.0
DS004_20260714_I43,DS004,2026-07-14,43,Evening,89,8,0,0,8,0,0.0,,,P_DS004_015|P_DS004_021|P_DS004_024|P_DS004_027|P_DS004_033|P_DS004_003|P_DS004_006|P_DS004_012,11.125,0,850,0.0,32.0
DS004_20260714_I44,DS004,2026-07-14,44,Evening,100,8,0,0,8,0,0.0,,,P_DS004_021|P_DS004_024|P_DS004_027|P_DS004_033|P_DS004_003|P_DS004_006|P_DS004_012|P_DS004_015,12.5,0,850,0.0,32.0
DS004_20260714_I45,DS004,2026-07-14,45,Evening,59,8,0,0,8,0,0.0,,,P_DS004_024|P_DS004_027|P_DS004_033|P_DS004_003|P_DS004_006|P_DS004_012|P_DS004_015|P_DS004_021,7.375,0,850,0.0,32.0
DS004_20260714_I46,DS004,2026-07-14,46,Evening,51,8,0,0,8,0,0.0,,,P_DS004_027|P_DS004_033|P_DS004_003|P_DS004_006|P_DS004_012|P_DS004_015|P_DS004_021|P_DS004_024,6.375,0,850,0.0,32.0
DS004_20260714_I47,DS004,2026-07-14,47,Late Night,41,8,0,2,6,0,1.0,,P_DS004_033|P_DS004_003,P_DS004_006|P_DS004_012|P_DS004_015|P_DS004_021|P_DS004_024|P_DS004_027,6.833333333333333,0,850,1.0,31.0
DS004_20260714_I48,DS004,2026-07-14,48,Late Night,27,8,0,2,6,0,1.0,,P_DS004_003|P_DS004_006,P_DS004_012|P_DS004_015|P_DS004_021|P_DS004_024|P_DS004_027|P_DS004_033,4.5,0,850,1.0,30.0
DS005_20260701_I01,DS005,2026-07-01,1,Night,7,9,8,0,1,600,0.0,P_DS005_004|P_DS005_007|P_DS005_013|P_DS005_016|P_DS005_019|P_DS005_022|P_DS005_025|P_DS005_028,,P_DS005_001,7.0,600,9400,0.0,50.0
DS005_20260701_I02,DS005,2026-07-01,2,Night,5,9,8,0,1,600,0.0,P_DS005_007|P_DS005_013|P_DS005_016|P_DS005_019|P_DS005_022|P_DS005_025|P_DS005_028|P_DS005_001,,P_DS005_004,5.0,600,8800,0.0,50.0
DS005_20260701_I03,DS005,2026-07-01,3,Night,6,9,8,0,1,600,0.0,P_DS005_013|P_DS005_016|P_DS005_019|P_DS005_022|P_DS005_025|P_DS005_028|P_DS005_001|P_DS005_004,,P_DS005_007,6.0,600,8200,0.0,50.0
DS005_20260701_I04,DS005,2026-07-01,4,Night,4,9,8,0,1,600,0.0,P_DS005_016|P_DS005_019|P_DS005_022|P_DS005_025|P_DS005_028|P_DS005_001|P_DS005_004|P_DS005_007,,P_DS005_013,4.0,600,7600,0.0,50.0
DS005_20260701_I05,DS005,2026-07-01,5,Night,5,9,8,0,1,600,0.0,P_DS005_019|P_DS005_022|P_DS005_025|P_DS005_028|P_DS005_001|P_DS005_004|P_DS005_007|P_DS005_013,,P_DS005_016,5.0,600,7000,0.0,50.0
DS005_20260701_I06,DS005,2026-07-01,6,Night,8,9,8,0,1,600,0.0,P_DS005_022|P_DS005_025|P_DS005_028|P_DS005_001|P_DS005_004|P_DS005_007|P_DS005_013|P_DS005_016,,P_DS005_019,8.0,600,6400,0.0,50.0
DS005_20260701_I07,DS005,2026-07-01,7,Night,9,9,8,0,1,600,0.0,P_DS005_025|P_DS005_028|P_DS005_001|P_DS005_004|P_DS005_007|P_DS005_013|P_DS005_016|P_DS005_019,,P_DS005_022,9.0,600,5800,0.0,50.0
DS005_20260701_I08,DS005,2026-07-01,8,Night,7,9,8,0,1,600,0.0,P_DS005_028|P_DS005_001|P_DS005_004|P_DS005_007|P_DS005_013|P_DS005_016|P_DS005_019|P_DS005_022,,P_DS005_025,7.0,600,5200,0.0,50.0
DS005_20260701_I09,DS005,2026-07-01,9,Night,9,9,8,0,1,600,0.0,P_DS005_001|P_DS005_004|P_DS005_007|P_DS005_013|P_DS005_016|P_DS005_019|P_DS005_022|P_DS005_025,,P_DS005_028,9.0,600,4600,0.0,50.0
DS005_20260701_I10,DS005,2026-07-01,10,Night,9,9,8,0,1,600,0.0,P_DS005_004|P_DS005_007|P_DS005_013|P_DS005_016|P_DS005_019|P_DS005_022|P_DS005_025|P_DS005_028,,P_DS005_001,9.0,600,4000,0.0,50.0
DS005_20260701_I11,DS005,2026-07-01,11,Night,7,9,8,0,1,600,0.0,P_DS005_007|P_DS005_013|P_DS005_016|P_DS005_019|P_DS005_022|P_DS005_025|P_DS005_028|P_DS005_001,,P_DS005_004,7.0,600,3400,0.0,50.0
DS005_20260701_I12,DS005,2026-07-01,12,Night,6,9,8,0,1,600,0.0,P_DS005_013|P_DS005_016|P_DS005_019|P_DS005_022|P_DS005_025|P_DS005_028|P_DS005_001|P_DS005_004,,P_DS005_007,6.0,600,2800,0.0,50.0
DS005_20260701_I13,DS005,2026-07-01,13,Morning,16,9,3,2,4,225,1.0,P_DS005_016|P_DS005_019|P_DS005_022,P_DS005_025|P_DS005_028,P_DS005_001|P_DS005_004|P_DS005_007|P_DS005_013,4.0,225,2575,1.0,49.0
DS005_20260701_I14,DS005,2026-07-01,14,Morning,20,9,3,2,4,225,1.0,P_DS005_019|P_DS005_022|P_DS005_025,P_DS005_028|P_DS005_001,P_DS005_004|P_DS005_007|P_DS005_013|P_DS005_016,5.0,225,2350,1.0,48.0
DS005_20260701_I15,DS005,2026-07-01,15,Morning,24,9,3,2,4,225,1.0,P_DS005_022|P_DS005_025|P_DS005_028,P_DS005_001|P_DS005_004,P_DS005_007|P_DS005_013|P_DS005_016|P_DS005_019,6.0,225,2125,1.0,47.0
DS005_20260701_I16,DS005,2026-07-01,16,Morning,41,9,3,2,4,225,1.0,P_DS005_025|P_DS005_028|P_DS005_001,P_DS005_004|P_DS005_007,P_DS005_013|P_DS005_016|P_DS005_019|P_DS005_022,10.25,225,1900,1.0,46.0
DS005_20260701_I17,DS005,2026-07-01,17,Morning,41,17,3,2,12,225,1.0,P_DS005_001|P_DS005_002|P_DS005_004,P_DS005_005|P_DS005_007,P_DS005_008|P_DS005_011|P_DS005_013|P_DS005_014|P_DS005_016|P_DS005_019|P_DS005_020|P_DS005_022|P_DS005_025|P_DS005_026|P_DS005_028|P_DS005_029,3.4166666666666665,225,1675,1.0,45.0
DS005_20260701_I18,DS005,2026-07-01,18,Morning,41,17,3,2,12,225,1.0,P_DS005_002|P_DS005_004|P_DS005_005,P_DS005_007|P_DS005_008,P_DS005_011|P_DS005_013|P_DS005_014|P_DS005_016|P_DS005_019|P_DS005_020|P_DS005_022|P_DS005_025|P_DS005_026|P_DS005_028|P_DS005_029|P_DS005_001,3.4166666666666665,225,1450,1.0,44.0
DS005_20260701_I19,DS005,2026-07-01,19,Morning,42,8,0,2,6,0,1.0,,P_DS005_011|P_DS005_014,P_DS005_020|P_DS005_026|P_DS005_029|P_DS005_002|P_DS005_005|P_DS005_008,7.0,0,1450,1.0,43.0
DS005_20260701_I20,DS005,2026-07-01,20,Morning,35,8,0,2,6,0,1.0,,P_DS005_014|P_DS005_020,P_DS005_026|P_DS005_029|P_DS005_002|P_DS005_005|P_DS005_008|P_DS005_011,5.833333333333333,0,1450,1.0,42.0
DS005_20260701_I21,DS005,2026-07-01,21,Morning,36,8,0,2,6,0,1.0,,P_DS005_020|P_DS005_026,P_DS005_029|P_DS005_002|P_DS005_005|P_DS005_008|P_DS005_011|P_DS005_014,6.0,0,1450,1.0,41.0
DS005_20260701_I22,DS005,2026-07-01,22,Morning,24,8,0,2,6,0,1.0,,P_DS005_026|P_DS005_029,P_DS005_002|P_DS005_005|P_DS005_008|P_DS005_011|P_DS005_014|P_DS005_020,4.0,0,1450,1.0,40.0
DS005_20260701_I23,DS005,2026-07-01,23,Lunch,33,8,0,0,8,0,0.0,,,P_DS005_029|P_DS005_002|P_DS005_005|P_DS005_008|P_DS005_011|P_DS005_014|P_DS005_020|P_DS005_026,4.125,0,1450,0.0,40.0
DS005_20260701_I24,DS005,2026-07-01,24,Lunch,35,8,0,0,8,0,0.0,,,P_DS005_002|P_DS005_005|P_DS005_008|P_DS005_011|P_DS005_014|P_DS005_020|P_DS005_026|P_DS005_029,4.375,0,1450,0.0,40.0
DS005_20260701_I25,DS005,2026-07-01,25,Lunch,59,8,0,0,8,0,0.0,,,P_DS005_005|P_DS005_008|P_DS005_011|P_DS005_014|P_DS005_020|P_DS005_026|P_DS005_029|P_DS005_002,7.375,0,1450,0.0,40.0
DS005_20260701_I26,DS005,2026-07-01,26,Lunch,67,8,0,0,8,0,0.0,,,P_DS005_008|P_DS005_011|P_DS005_014|P_DS005_020|P_DS005_026|P_DS005_029|P_DS005_002|P_DS005_005,8.375,0,1450,0.0,40.0
DS005_20260701_I27,DS005,2026-07-01,27,Lunch,63,8,0,0,8,0,0.0,,,P_DS005_011|P_DS005_014|P_DS005_020|P_DS005_026|P_DS005_029|P_DS005_002|P_DS005_005|P_DS005_008,7.875,0,1450,0.0,40.0
DS005_20260701_I28,DS005,2026-07-01,28,Lunch,55,8,0,0,8,0,0.0,,,P_DS005_014|P_DS005_020|P_DS005_026|P_DS005_029|P_DS005_002|P_DS005_005|P_DS005_008|P_DS005_011,6.875,0,1450,0.0,40.0
DS005_20260701_I29,DS005,2026-07-01,29,Lunch,51,8,0,0,8,0,0.0,,,P_DS005_020|P_DS005_026|P_DS005_029|P_DS005_002|P_DS005_005|P_DS005_008|P_DS005_011|P_DS005_014,6.375,0,1450,0.0,40.0
DS005_20260701_I30,DS005,2026-07-01,30,Lunch,35,8,0,0,8,0,0.0,,,P_DS005_026|P_DS005_029|P_DS005_002|P_DS005_005|P_DS005_008|P_DS005_011|P_DS005_014|P_DS005_020,4.375,0,1450,0.0,40.0
DS005_20260701_I31,DS005,2026-07-01,31,Afternoon,31,8,0,2,6,0,1.0,,P_DS005_029|P_DS005_002,P_DS005_005|P_DS005_008|P_DS005_011|P_DS005_014|P_DS005_020|P_DS005_026,5.166666666666667,0,1450,1.0,39.0
DS005_20260701_I32,DS005,2026-07-01,32,Afternoon,18,8,0,2,6,0,1.0,,P_DS005_002|P_DS005_005,P_DS005_008|P_DS005_011|P_DS005_014|P_DS005_020|P_DS005_026|P_DS005_029,3.0,0,1450,1.0,38.0
DS005_20260701_I33,DS005,2026-07-01,33,Afternoon,24,15,0,2,13,0,1.0,,P_DS005_008|P_DS005_009,P_DS005_011|P_DS005_012|P_DS005_014|P_DS005_015|P_DS005_018|P_DS005_020|P_DS005_021|P_DS005_026|P_DS005_027|P_DS005_029|P_DS005_002|P_DS005_005|P_DS005_006,1.8461538461538463,0,1450,1.0,37.0
DS005_20260701_I34,DS005,2026-07-01,34,Afternoon,20,16,0,2,14,0,1.0,,P_DS005_006|P_DS005_008,P_DS005_009|P_DS005_011|P_DS005_012|P_DS005_014|P_DS005_015|P_DS005_018|P_DS005_020|P_DS005_021|P_DS005_026|P_DS005_027|P_DS005_029|P_DS005_030|P_DS005_002|P_DS005_005,1.4285714285714286,0,1450,1.0,36.0
DS005_20260701_I35,DS005,2026-07-01,35,Afternoon,24,8,0,2,6,0,1.0,,P_DS005_015|P_DS005_018,P_DS005_021|P_DS005_027|P_DS005_030|P_DS005_006|P_DS005_009|P_DS005_012,4.0,0,1450,1.0,35.0
DS005_20260701_I36,DS005,2026-07-01,36,Afternoon,44,8,0,2,6,0,1.0,,P_DS005_018|P_DS005_021,P_DS005_027|P_DS005_030|P_DS005_006|P_DS005_009|P_DS005_012|P_DS005_015,7.333333333333333,0,1450,1.0,34.0
DS005_20260701_I37,DS005,2026-07-01,37,Evening,56,8,0,0,8,0,0.0,,,P_DS005_021|P_DS005_027|P_DS005_030|P_DS005_006|P_DS005_009|P_DS005_012|P_DS005_015|P_DS005_018,7.0,0,1450,0.0,34.0
DS005_20260701_I38,DS005,2026-07-01,38,Evening,84,8,0,0,8,0,0.0,,,P_DS005_027|P_DS005_030|P_DS005_006|P_DS005_009|P_DS005_012|P_DS005_015|P_DS005_018|P_DS005_021,10.5,0,1450,0.0,34.0
DS005_20260701_I39,DS005,2026-07-01,39,Evening,105,8,0,0,8,0,0.0,,,P_DS005_030|P_DS005_006|P_DS005_009|P_DS005_012|P_DS005_015|P_DS005_018|P_DS005_021|P_DS005_027,13.125,0,1450,0.0,34.0
DS005_20260701_I40,DS005,2026-07-01,40,Evening,92,8,0,0,8,0,0.0,,,P_DS005_006|P_DS005_009|P_DS005_012|P_DS005_015|P_DS005_018|P_DS005_021|P_DS005_027|P_DS005_030,11.5,0,1450,0.0,34.0
DS005_20260701_I41,DS005,2026-07-01,41,Evening,93,8,0,0,8,0,0.0,,,P_DS005_009|P_DS005_012|P_DS005_015|P_DS005_018|P_DS005_021|P_DS005_027|P_DS005_030|P_DS005_006,11.625,0,1450,0.0,34.0
DS005_20260701_I42,DS005,2026-07-01,42,Evening,111,8,0,0,8,0,0.0,,,P_DS005_012|P_DS005_015|P_DS005_018|P_DS005_021|P_DS005_027|P_DS005_030|P_DS005_006|P_DS005_009,13.875,0,1450,0.0,34.0
DS005_20260701_I43,DS005,2026-07-01,43,Evening,92,8,0,0,8,0,0.0,,,P_DS005_015|P_DS005_018|P_DS005_021|P_DS005_027|P_DS005_030|P_DS005_006|P_DS005_009|P_DS005_012,11.5,0,1450,0.0,34.0
DS005_20260701_I44,DS005,2026-07-01,44,Evening,81,8,0,0,8,0,0.0,,,P_DS005_018|P_DS005_021|P_DS005_027|P_DS005_030|P_DS005_006|P_DS005_009|P_DS005_012|P_DS005_015,10.125,0,1450,0.0,34.0
DS005_20260701_I45,DS005,2026-07-01,45,Evening,68,8,0,0,8,0,0.0,,,P_DS005_021|P_DS005_027|P_DS005_030|P_DS005_006|P_DS005_009|P_DS005_012|P_DS005_015|P_DS005_018,8.5,0,1450,0.0,34.0
DS005_20260701_I46,DS005,2026-07-01,46,Evening,40,8,0,0,8,0,0.0,,,P_DS005_027|P_DS005_030|P_DS005_006|P_DS005_009|P_DS005_012|P_DS005_015|P_DS005_018|P_DS005_021,5.0,0,1450,0.0,34.0
DS005_20260701_I47,DS005,2026-07-01,47,Late Night,29,8,0,2,6,0,1.0,,P_DS005_030|P_DS005_006,P_DS005_009|P_DS005_012|P_DS005_015|P_DS005_018|P_DS005_021|P_DS005_027,4.833333333333333,0,1450,1.0,33.0
DS005_20260701_I48,DS005,2026-07-01,48,Late Night,29,8,0,2,6,0,1.0,,P_DS005_006|P_DS005_009,P_DS005_012|P_DS005_015|P_DS005_018|P_DS005_021|P_DS005_027|P_DS005_030,4.833333333333333,0,1450,1.0,32.0
DS005_20260702_I01,DS005,2026-07-02,1,Night,5,15,12,2,1,900,1.0,P_DS005_009|P_DS005_012|P_DS005_015|P_DS005_018|P_DS005_021|P_DS005_027|P_DS005_030|P_DS005_001|P_DS005_007|P_DS005_013|P_DS005_016|P_DS005_019,P_DS005_022|P_DS005_028,P_DS005_006,5.0,900,9100,1.0,49.0
DS005_20260702_I02,DS005,2026-07-02,2,Night,13,15,12,2,1,900,1.0,P_DS005_012|P_DS005_015|P_DS005_018|P_DS005_021|P_DS005_027|P_DS005_030|P_DS005_001|P_DS005_007|P_DS005_013|P_DS005_016|P_DS005_019|P_DS005_022,P_DS005_028|P_DS005_006,P_DS005_009,13.0,900,8200,1.0,48.0
DS005_20260702_I03,DS005,2026-07-02,3,Night,0,7,6,0,1,450,0.0,P_DS005_016|P_DS005_019|P_DS005_022|P_DS005_028|P_DS005_001|P_DS005_007,,P_DS005_013,0.0,450,7750,0.0,48.0
DS005_20260702_I04,DS005,2026-07-02,4,Night,5,7,6,0,1,450,0.0,P_DS005_019|P_DS005_022|P_DS005_028|P_DS005_001|P_DS005_007|P_DS005_013,,P_DS005_016,5.0,450,7300,0.0,48.0
DS005_20260702_I05,DS005,2026-07-02,5,Night,3,7,6,0,1,450,0.0,P_DS005_022|P_DS005_028|P_DS005_001|P_DS005_007|P_DS005_013|P_DS005_016,,P_DS005_019,3.0,450,6850,0.0,48.0
DS005_20260702_I06,DS005,2026-07-02,6,Night,6,7,6,0,1,450,0.0,P_DS005_028|P_DS005_001|P_DS005_007|P_DS005_013|P_DS005_016|P_DS005_019,,P_DS005_022,6.0,450,6400,0.0,48.0
DS005_20260702_I07,DS005,2026-07-02,7,Night,12,7,6,0,1,450,0.0,P_DS005_001|P_DS005_007|P_DS005_013|P_DS005_016|P_DS005_019|P_DS005_022,,P_DS005_028,12.0,450,5950,0.0,48.0
DS005_20260702_I08,DS005,2026-07-02,8,Night,6,7,6,0,1,450,0.0,P_DS005_007|P_DS005_013|P_DS005_016|P_DS005_019|P_DS005_022|P_DS005_028,,P_DS005_001,6.0,450,5500,0.0,48.0
DS005_20260702_I09,DS005,2026-07-02,9,Night,8,7,6,0,1,450,0.0,P_DS005_013|P_DS005_016|P_DS005_019|P_DS005_022|P_DS005_028|P_DS005_001,,P_DS005_007,8.0,450,5050,0.0,48.0
DS005_20260702_I10,DS005,2026-07-02,10,Night,6,7,6,0,1,450,0.0,P_DS005_016|P_DS005_019|P_DS005_022|P_DS005_028|P_DS005_001|P_DS005_007,,P_DS005_013,6.0,450,4600,0.0,48.0
DS005_20260702_I11,DS005,2026-07-02,11,Night,8,7,6,0,1,450,0.0,P_DS005_019|P_DS005_022|P_DS005_028|P_DS005_001|P_DS005_007|P_DS005_013,,P_DS005_016,8.0,450,4150,0.0,48.0
DS005_20260702_I12,DS005,2026-07-02,12,Night,6,7,6,0,1,450,0.0,P_DS005_022|P_DS005_028|P_DS005_001|P_DS005_007|P_DS005_013|P_DS005_016,,P_DS005_019,6.0,450,3700,0.0,48.0
DS005_20260702_I13,DS005,2026-07-02,13,Morning,2,7,3,2,2,225,1.0,P_DS005_028|P_DS005_001|P_DS005_007,P_DS005_013|P_DS005_016,P_DS005_019|P_DS005_022,1.0,225,3475,1.0,47.0
DS005_20260702_I14,DS005,2026-07-02,14,Morning,12,7,3,2,2,225,1.0,P_DS005_001|P_DS005_007|P_DS005_013,P_DS005_016|P_DS005_019,P_DS005_022|P_DS005_028,6.0,225,3250,1.0,46.0
DS005_20260702_I15,DS005,2026-07-02,15,Morning,35,7,3,2,2,225,1.0,P_DS005_007|P_DS005_013|P_DS005_016,P_DS005_019|P_DS005_022,P_DS005_028|P_DS005_001,17.5,225,3025,1.0,45.0
DS005_20260702_I16,DS005,2026-07-02,16,Morning,21,7,3,2,2,225,1.0,P_DS005_013|P_DS005_016|P_DS005_019,P_DS005_022|P_DS005_028,P_DS005_001|P_DS005_007,10.5,225,2800,1.0,44.0
DS005_20260702_I17,DS005,2026-07-02,17,Morning,35,16,3,2,11,225,1.0,P_DS005_002|P_DS005_005|P_DS005_007,P_DS005_008|P_DS005_013,P_DS005_014|P_DS005_016|P_DS005_017|P_DS005_019|P_DS005_020|P_DS005_022|P_DS005_023|P_DS005_026|P_DS005_028|P_DS005_029|P_DS005_001,3.1818181818181817,225,2575,1.0,43.0
DS005_20260702_I18,DS005,2026-07-02,18,Morning,43,16,3,2,11,225,1.0,P_DS005_005|P_DS005_007|P_DS005_008,P_DS005_013|P_DS005_014,P_DS005_016|P_DS005_017|P_DS005_019|P_DS005_020|P_DS005_022|P_DS005_023|P_DS005_026|P_DS005_028|P_DS005_029|P_DS005_001|P_DS005_002,3.909090909090909,225,2350,1.0,42.0
DS005_20260702_I19,DS005,2026-07-02,19,Morning,38,9,0,2,7,0,1.0,,P_DS005_005|P_DS005_008,P_DS005_014|P_DS005_017|P_DS005_020|P_DS005_023|P_DS005_026|P_DS005_029|P_DS005_002,5.428571428571429,0,2350,1.0,41.0
DS005_20260702_I20,DS005,2026-07-02,20,Morning,31,9,0,2,7,0,1.0,,P_DS005_008|P_DS005_014,P_DS005_017|P_DS005_020|P_DS005_023|P_DS005_026|P_DS005_029|P_DS005_002|P_DS005_005,4.428571428571429,0,2350,1.0,40.0
DS005_20260702_I21,DS005,2026-07-02,21,Morning,26,9,0,2,7,0,1.0,,P_DS005_014|P_DS005_017,P_DS005_020|P_DS005_023|P_DS005_026|P_DS005_029|P_DS005_002|P_DS005_005|P_DS005_008,3.7142857142857144,0,2350,1.0,39.0
DS005_20260702_I22,DS005,2026-07-02,22,Morning,40,9,0,2,7,0,1.0,,P_DS005_017|P_DS005_020,P_DS005_023|P_DS005_026|P_DS005_029|P_DS005_002|P_DS005_005|P_DS005_008|P_DS005_014,5.714285714285714,0,2350,1.0,38.0
DS005_20260702_I23,DS005,2026-07-02,23,Lunch,22,9,0,0,9,0,0.0,,,P_DS005_020|P_DS005_023|P_DS005_026|P_DS005_029|P_DS005_002|P_DS005_005|P_DS005_008|P_DS005_014|P_DS005_017,2.4444444444444446,0,2350,0.0,38.0
DS005_20260702_I24,DS005,2026-07-02,24,Lunch,36,9,0,0,9,0,0.0,,,P_DS005_023|P_DS005_026|P_DS005_029|P_DS005_002|P_DS005_005|P_DS005_008|P_DS005_014|P_DS005_017|P_DS005_020,4.0,0,2350,0.0,38.0
DS005_20260702_I25,DS005,2026-07-02,25,Lunch,54,9,0,0,9,0,0.0,,,P_DS005_026|P_DS005_029|P_DS005_002|P_DS005_005|P_DS005_008|P_DS005_014|P_DS005_017|P_DS005_020|P_DS005_023,6.0,0,2350,0.0,38.0
DS005_20260702_I26,DS005,2026-07-02,26,Lunch,60,9,0,0,9,0,0.0,,,P_DS005_029|P_DS005_002|P_DS005_005|P_DS005_008|P_DS005_014|P_DS005_017|P_DS005_020|P_DS005_023|P_DS005_026,6.666666666666667,0,2350,0.0,38.0
DS005_20260702_I27,DS005,2026-07-02,27,Lunch,50,9,0,0,9,0,0.0,,,P_DS005_002|P_DS005_005|P_DS005_008|P_DS005_014|P_DS005_017|P_DS005_020|P_DS005_023|P_DS005_026|P_DS005_029,5.555555555555555,0,2350,0.0,38.0
DS005_20260702_I28,DS005,2026-07-02,28,Lunch,43,9,0,0,9,0,0.0,,,P_DS005_005|P_DS005_008|P_DS005_014|P_DS005_017|P_DS005_020|P_DS005_023|P_DS005_026|P_DS005_029|P_DS005_002,4.777777777777778,0,2350,0.0,38.0
DS005_20260702_I29,DS005,2026-07-02,29,Lunch,50,9,0,0,9,0,0.0,,,P_DS005_008|P_DS005_014|P_DS005_017|P_DS005_020|P_DS005_023|P_DS005_026|P_DS005_029|P_DS005_002|P_DS005_005,5.555555555555555,0,2350,0.0,38.0
DS005_20260702_I30,DS005,2026-07-02,30,Lunch,31,9,0,0,9,0,0.0,,,P_DS005_014|P_DS005_017|P_DS005_020|P_DS005_023|P_DS005_026|P_DS005_029|P_DS005_002|P_DS005_005|P_DS005_008,3.4444444444444446,0,2350,0.0,38.0
DS005_20260702_I31,DS005,2026-07-02,31,Afternoon,39,9,0,2,7,0,1.0,,P_DS005_017|P_DS005_020,P_DS005_023|P_DS005_026|P_DS005_029|P_DS005_002|P_DS005_005|P_DS005_008|P_DS005_014,5.571428571428571,0,2350,1.0,37.0
DS005_20260702_I32,DS005,2026-07-02,32,Afternoon,24,9,0,2,7,0,1.0,,P_DS005_020|P_DS005_023,P_DS005_026|P_DS005_029|P_DS005_002|P_DS005_005|P_DS005_008|P_DS005_014|P_DS005_017,3.4285714285714284,0,2350,1.0,36.0
DS005_20260702_I33,DS005,2026-07-02,33,Afternoon,17,15,0,2,13,0,1.0,,P_DS005_006|P_DS005_008,P_DS005_009|P_DS005_014|P_DS005_015|P_DS005_017|P_DS005_020|P_DS005_023|P_DS005_024|P_DS005_026|P_DS005_027|P_DS005_029|P_DS005_002|P_DS005_003|P_DS005_005,1.3076923076923077,0,2350,1.0,35.0
DS005_20260702_I34,DS005,2026-07-02,34,Afternoon,21,17,0,2,15,0,1.0,,P_DS005_002|P_DS005_003,P_DS005_005|P_DS005_006|P_DS005_008|P_DS005_009|P_DS005_014|P_DS005_015|P_DS005_017|P_DS005_020|P_DS005_021|P_DS005_023|P_DS005_024|P_DS005_026|P_DS005_027|P_DS005_029|P_DS005_030,1.4,0,2350,1.0,34.0
DS005_20260702_I35,DS005,2026-07-02,35,Afternoon,29,8,0,2,6,0,1.0,,P_DS005_015|P_DS005_021,P_DS005_024|P_DS005_027|P_DS005_030|P_DS005_003|P_DS005_006|P_DS005_009,4.833333333333333,0,2350,1.0,33.0
DS005_20260702_I36,DS005,2026-07-02,36,Afternoon,41,8,0,2,6,0,1.0,,P_DS005_021|P_DS005_024,P_DS005_027|P_DS005_030|P_DS005_003|P_DS005_006|P_DS005_009|P_DS005_015,6.833333333333333,0,2350,1.0,32.0
DS005_20260702_I37,DS005,2026-07-02,37,Evening,63,8,0,0,8,0,0.0,,,P_DS005_024|P_DS005_027|P_DS005_030|P_DS005_003|P_DS005_006|P_DS005_009|P_DS005_015|P_DS005_021,7.875,0,2350,0.0,32.0
DS005_20260702_I38,DS005,2026-07-02,38,Evening,63,8,0,0,8,0,0.0,,,P_DS005_027|P_DS005_030|P_DS005_003|P_DS005_006|P_DS005_009|P_DS005_015|P_DS005_021|P_DS005_024,7.875,0,2350,0.0,32.0
DS005_20260702_I39,DS005,2026-07-02,39,Evening,105,8,0,0,8,0,0.0,,,P_DS005_030|P_DS005_003|P_DS005_006|P_DS005_009|P_DS005_015|P_DS005_021|P_DS005_024|P_DS005_027,13.125,0,2350,0.0,32.0
DS005_20260702_I40,DS005,2026-07-02,40,Evening,92,8,0,0,8,0,0.0,,,P_DS005_003|P_DS005_006|P_DS005_009|P_DS005_015|P_DS005_021|P_DS005_024|P_DS005_027|P_DS005_030,11.5,0,2350,0.0,32.0
DS005_20260702_I41,DS005,2026-07-02,41,Evening,113,8,0,0,8,0,0.0,,,P_DS005_006|P_DS005_009|P_DS005_015|P_DS005_021|P_DS005_024|P_DS005_027|P_DS005_030|P_DS005_003,14.125,0,2350,0.0,32.0
DS005_20260702_I42,DS005,2026-07-02,42,Evening,104,8,0,0,8,0,0.0,,,P_DS005_009|P_DS005_015|P_DS005_021|P_DS005_024|P_DS005_027|P_DS005_030|P_DS005_003|P_DS005_006,13.0,0,2350,0.0,32.0
DS005_20260702_I43,DS005,2026-07-02,43,Evening,98,8,0,0,8,0,0.0,,,P_DS005_015|P_DS005_021|P_DS005_024|P_DS005_027|P_DS005_030|P_DS005_003|P_DS005_006|P_DS005_009,12.25,0,2350,0.0,32.0
DS005_20260702_I44,DS005,2026-07-02,44,Evening,68,8,0,0,8,0,0.0,,,P_DS005_021|P_DS005_024|P_DS005_027|P_DS005_030|P_DS005_003|P_DS005_006|P_DS005_009|P_DS005_015,8.5,0,2350,0.0,32.0
DS005_20260702_I45,DS005,2026-07-02,45,Evening,47,8,0,0,8,0,0.0,,,P_DS005_024|P_DS005_027|P_DS005_030|P_DS005_003|P_DS005_006|P_DS005_009|P_DS005_015|P_DS005_021,5.875,0,2350,0.0,32.0
DS005_20260702_I46,DS005,2026-07-02,46,Evening,36,8,0,0,8,0,0.0,,,P_DS005_027|P_DS005_030|P_DS005_003|P_DS005_006|P_DS005_009|P_DS005_015|P_DS005_021|P_DS005_024,4.5,0,2350,0.0,32.0
DS005_20260702_I47,DS005,2026-07-02,47,Late Night,23,8,0,2,6,0,1.0,,P_DS005_030|P_DS005_003,P_DS005_006|P_DS005_009|P_DS005_015|P_DS005_021|P_DS005_024|P_DS005_027,3.8333333333333335,0,2350,1.0,31.0
DS005_20260702_I48,DS005,2026-07-02,48,Late Night,23,8,0,2,6,0,1.0,,P_DS005_003|P_DS005_006,P_DS005_009|P_DS005_015|P_DS005_021|P_DS005_024|P_DS005_027|P_DS005_030,3.8333333333333335,0,2350,1.0,30.0
DS005_20260703_I01,DS005,2026-07-03,1,Night,9,15,12,2,1,900,1.0,P_DS005_006|P_DS005_009|P_DS005_015|P_DS005_021|P_DS005_024|P_DS005_027|P_DS005_030|P_DS005_001|P_DS005_004|P_DS005_010|P_DS005_013|P_DS005_016,P_DS005_022|P_DS005_028,P_DS005_003,9.0,900,9100,1.0,49.0
DS005_20260703_I02,DS005,2026-07-03,2,Night,5,15,12,2,1,900,1.0,P_DS005_009|P_DS005_015|P_DS005_021|P_DS005_024|P_DS005_030|P_DS005_001|P_DS005_004|P_DS005_010|P_DS005_013|P_DS005_016|P_DS005_022|P_DS005_025,P_DS005_028|P_DS005_003,P_DS005_006,5.0,900,8200,1.0,48.0
DS005_20260703_I03,DS005,2026-07-03,3,Night,8,8,7,0,1,525,0.0,P_DS005_013|P_DS005_016|P_DS005_022|P_DS005_025|P_DS005_028|P_DS005_001|P_DS005_004,,P_DS005_010,8.0,525,7675,0.0,48.0
DS005_20260703_I04,DS005,2026-07-03,4,Night,5,8,7,0,1,525,0.0,P_DS005_016|P_DS005_022|P_DS005_025|P_DS005_028|P_DS005_001|P_DS005_004|P_DS005_010,,P_DS005_013,5.0,525,7150,0.0,48.0
DS005_20260703_I05,DS005,2026-07-03,5,Night,10,8,7,0,1,525,0.0,P_DS005_022|P_DS005_025|P_DS005_028|P_DS005_001|P_DS005_004|P_DS005_010|P_DS005_013,,P_DS005_016,10.0,525,6625,0.0,48.0
DS005_20260703_I06,DS005,2026-07-03,6,Night,6,8,7,0,1,525,0.0,P_DS005_025|P_DS005_028|P_DS005_001|P_DS005_004|P_DS005_010|P_DS005_013|P_DS005_016,,P_DS005_022,6.0,525,6100,0.0,48.0
DS005_20260703_I07,DS005,2026-07-03,7,Night,7,8,7,0,1,525,0.0,P_DS005_028|P_DS005_001|P_DS005_004|P_DS005_010|P_DS005_013|P_DS005_016|P_DS005_022,,P_DS005_025,7.0,525,5575,0.0,48.0
DS005_20260703_I08,DS005,2026-07-03,8,Night,3,8,7,0,1,525,0.0,P_DS005_001|P_DS005_004|P_DS005_010|P_DS005_013|P_DS005_016|P_DS005_022|P_DS005_025,,P_DS005_028,3.0,525,5050,0.0,48.0
DS005_20260703_I09,DS005,2026-07-03,9,Night,9,8,7,0,1,525,0.0,P_DS005_004|P_DS005_010|P_DS005_013|P_DS005_016|P_DS005_022|P_DS005_025|P_DS005_028,,P_DS005_001,9.0,525,4525,0.0,48.0
DS005_20260703_I10,DS005,2026-07-03,10,Night,7,8,7,0,1,525,0.0,P_DS005_010|P_DS005_013|P_DS005_016|P_DS005_022|P_DS005_025|P_DS005_028|P_DS005_001,,P_DS005_004,7.0,525,4000,0.0,48.0
DS005_20260703_I11,DS005,2026-07-03,11,Night,13,8,7,0,1,525,0.0,P_DS005_013|P_DS005_016|P_DS005_022|P_DS005_025|P_DS005_028|P_DS005_001|P_DS005_004,,P_DS005_010,13.0,525,3475,0.0,48.0
DS005_20260703_I12,DS005,2026-07-03,12,Night,10,8,7,0,1,525,0.0,P_DS005_016|P_DS005_022|P_DS005_025|P_DS005_028|P_DS005_001|P_DS005_004|P_DS005_010,,P_DS005_013,10.0,525,2950,0.0,48.0
DS005_20260703_I13,DS005,2026-07-03,13,Morning,16,8,3,2,3,225,1.0,P_DS005_022|P_DS005_025|P_DS005_028,P_DS005_001|P_DS005_004,P_DS005_010|P_DS005_013|P_DS005_016,5.333333333333333,225,2725,1.0,47.0
DS005_20260703_I14,DS005,2026-07-03,14,Morning,19,8,3,2,3,225,1.0,P_DS005_025|P_DS005_028|P_DS005_001,P_DS005_004|P_DS005_010,P_DS005_013|P_DS005_016|P_DS005_022,6.333333333333333,225,2500,1.0,46.0
DS005_20260703_I15,DS005,2026-07-03,15,Morning,33,8,3,2,3,225,1.0,P_DS005_028|P_DS005_001|P_DS005_004,P_DS005_010|P_DS005_013,P_DS005_016|P_DS005_022|P_DS005_025,11.0,225,2275,1.0,45.0
DS005_20260703_I16,DS005,2026-07-03,16,Morning,43,8,3,2,3,225,1.0,P_DS005_001|P_DS005_004|P_DS005_010,P_DS005_013|P_DS005_016,P_DS005_022|P_DS005_025|P_DS005_028,14.333333333333334,225,2050,1.0,44.0
DS005_20260703_I17,DS005,2026-07-03,17,Morning,32,15,3,2,10,225,1.0,P_DS005_004|P_DS005_008|P_DS005_010,P_DS005_011|P_DS005_013,P_DS005_014|P_DS005_016|P_DS005_017|P_DS005_020|P_DS005_022|P_DS005_025|P_DS005_028|P_DS005_029|P_DS005_001|P_DS005_002,3.2,225,1825,1.0,43.0
DS005_20260703_I18,DS005,2026-07-03,18,Morning,55,16,3,2,11,225,1.0,P_DS005_004|P_DS005_008|P_DS005_010,P_DS005_011|P_DS005_013,P_DS005_014|P_DS005_016|P_DS005_017|P_DS005_020|P_DS005_022|P_DS005_023|P_DS005_025|P_DS005_028|P_DS005_029|P_DS005_001|P_DS005_002,5.0,225,1600,1.0,42.0
DS005_20260703_I19,DS005,2026-07-03,19,Morning,46,8,0,2,6,0,1.0,,P_DS005_014|P_DS005_017,P_DS005_020|P_DS005_023|P_DS005_029|P_DS005_002|P_DS005_008|P_DS005_011,7.666666666666667,0,1600,1.0,41.0
DS005_20260703_I20,DS005,2026-07-03,20,Morning,43,8,0,2,6,0,1.0,,P_DS005_017|P_DS005_020,P_DS005_023|P_DS005_029|P_DS005_002|P_DS005_008|P_DS005_011|P_DS005_014,7.166666666666667,0,1600,1.0,40.0
DS005_20260703_I21,DS005,2026-07-03,21,Morning,38,8,0,2,6,0,1.0,,P_DS005_020|P_DS005_023,P_DS005_029|P_DS005_002|P_DS005_008|P_DS005_011|P_DS005_014|P_DS005_017,6.333333333333333,0,1600,1.0,39.0
DS005_20260703_I22,DS005,2026-07-03,22,Morning,35,8,0,2,6,0,1.0,,P_DS005_023|P_DS005_029,P_DS005_002|P_DS005_008|P_DS005_011|P_DS005_014|P_DS005_017|P_DS005_020,5.833333333333333,0,1600,1.0,38.0
DS005_20260703_I23,DS005,2026-07-03,23,Lunch,41,8,0,0,8,0,0.0,,,P_DS005_029|P_DS005_002|P_DS005_008|P_DS005_011|P_DS005_014|P_DS005_017|P_DS005_020|P_DS005_023,5.125,0,1600,0.0,38.0
DS005_20260703_I24,DS005,2026-07-03,24,Lunch,62,8,0,0,8,0,0.0,,,P_DS005_002|P_DS005_008|P_DS005_011|P_DS005_014|P_DS005_017|P_DS005_020|P_DS005_023|P_DS005_029,7.75,0,1600,0.0,38.0
DS005_20260703_I25,DS005,2026-07-03,25,Lunch,74,8,0,0,8,0,0.0,,,P_DS005_008|P_DS005_011|P_DS005_014|P_DS005_017|P_DS005_020|P_DS005_023|P_DS005_029|P_DS005_002,9.25,0,1600,0.0,38.0
DS005_20260703_I26,DS005,2026-07-03,26,Lunch,80,8,0,0,8,0,0.0,,,P_DS005_011|P_DS005_014|P_DS005_017|P_DS005_020|P_DS005_023|P_DS005_029|P_DS005_002|P_DS005_008,10.0,0,1600,0.0,38.0
DS005_20260703_I27,DS005,2026-07-03,27,Lunch,69,8,0,0,8,0,0.0,,,P_DS005_014|P_DS005_017|P_DS005_020|P_DS005_023|P_DS005_029|P_DS005_002|P_DS005_008|P_DS005_011,8.625,0,1600,0.0,38.0
DS005_20260703_I28,DS005,2026-07-03,28,Lunch,83,8,0,0,8,0,0.0,,,P_DS005_017|P_DS005_020|P_DS005_023|P_DS005_029|P_DS005_002|P_DS005_008|P_DS005_011|P_DS005_014,10.375,0,1600,0.0,38.0
DS005_20260703_I29,DS005,2026-07-03,29,Lunch,62,8,0,0,8,0,0.0,,,P_DS005_020|P_DS005_023|P_DS005_029|P_DS005_002|P_DS005_008|P_DS005_011|P_DS005_014|P_DS005_017,7.75,0,1600,0.0,38.0
DS005_20260703_I30,DS005,2026-07-03,30,Lunch,51,8,0,0,8,0,0.0,,,P_DS005_023|P_DS005_029|P_DS005_002|P_DS005_008|P_DS005_011|P_DS005_014|P_DS005_017|P_DS005_020,6.375,0,1600,0.0,38.0
DS005_20260703_I31,DS005,2026-07-03,31,Afternoon,33,8,0,2,6,0,1.0,,P_DS005_029|P_DS005_002,P_DS005_008|P_DS005_011|P_DS005_014|P_DS005_017|P_DS005_020|P_DS005_023,5.5,0,1600,1.0,37.0
DS005_20260703_I32,DS005,2026-07-03,32,Afternoon,31,8,0,2,6,0,1.0,,P_DS005_002|P_DS005_008,P_DS005_011|P_DS005_014|P_DS005_017|P_DS005_020|P_DS005_023|P_DS005_029,5.166666666666667,0,1600,1.0,36.0
DS005_20260703_I33,DS005,2026-07-03,33,Afternoon,21,16,0,2,14,0,1.0,,P_DS005_003|P_DS005_006,P_DS005_008|P_DS005_009|P_DS005_011|P_DS005_014|P_DS005_015|P_DS005_017|P_DS005_018|P_DS005_020|P_DS005_021|P_DS005_023|P_DS005_024|P_DS005_029|P_DS005_030|P_DS005_002,1.5,0,1600,1.0,35.0
DS005_20260703_I34,DS005,2026-07-03,34,Afternoon,27,16,0,2,14,0,1.0,,P_DS005_006|P_DS005_008,P_DS005_009|P_DS005_011|P_DS005_014|P_DS005_015|P_DS005_017|P_DS005_018|P_DS005_020|P_DS005_021|P_DS005_023|P_DS005_024|P_DS005_029|P_DS005_030|P_DS005_002|P_DS005_003,1.9285714285714286,0,1600,1.0,34.0
DS005_20260703_I35,DS005,2026-07-03,35,Afternoon,37,8,0,2,6,0,1.0,,P_DS005_015|P_DS005_018,P_DS005_021|P_DS005_024|P_DS005_030|P_DS005_003|P_DS005_006|P_DS005_009,6.166666666666667,0,1600,1.0,33.0
DS005_20260703_I36,DS005,2026-07-03,36,Afternoon,56,8,0,2,6,0,1.0,,P_DS005_018|P_DS005_021,P_DS005_024|P_DS005_030|P_DS005_003|P_DS005_006|P_DS005_009|P_DS005_015,9.333333333333334,0,1600,1.0,32.0
DS005_20260703_I37,DS005,2026-07-03,37,Evening,67,10,0,0,10,0,0.0,,,P_DS005_030|P_DS005_012|P_DS005_005|P_DS005_003|P_DS005_006|P_DS005_009|P_DS005_015|P_DS005_018|P_DS005_021|P_DS005_024,6.7,0,1600,0.0,32.0
DS005_20260703_I38,DS005,2026-07-03,38,Evening,112,10,0,0,10,0,0.0,,,P_DS005_012|P_DS005_005|P_DS005_003|P_DS005_006|P_DS005_009|P_DS005_015|P_DS005_018|P_DS005_021|P_DS005_024|P_DS005_030,11.2,0,1600,0.0,32.0
DS005_20260703_I39,DS005,2026-07-03,39,Evening,123,10,0,0,10,0,0.0,,,P_DS005_005|P_DS005_003|P_DS005_006|P_DS005_009|P_DS005_015|P_DS005_018|P_DS005_021|P_DS005_024|P_DS005_030|P_DS005_012,12.3,0,1600,0.0,32.0
DS005_20260703_I40,DS005,2026-07-03,40,Evening,127,10,0,0,10,0,0.0,,,P_DS005_003|P_DS005_006|P_DS005_009|P_DS005_015|P_DS005_018|P_DS005_021|P_DS005_024|P_DS005_030|P_DS005_012|P_DS005_005,12.7,0,1600,0.0,32.0
DS005_20260703_I41,DS005,2026-07-03,41,Evening,140,10,0,0,10,0,0.0,,,P_DS005_006|P_DS005_009|P_DS005_015|P_DS005_018|P_DS005_021|P_DS005_024|P_DS005_030|P_DS005_012|P_DS005_005|P_DS005_003,14.0,0,1600,0.0,32.0
DS005_20260703_I42,DS005,2026-07-03,42,Evening,128,10,0,0,10,0,0.0,,,P_DS005_009|P_DS005_015|P_DS005_018|P_DS005_021|P_DS005_024|P_DS005_030|P_DS005_012|P_DS005_005|P_DS005_003|P_DS005_006,12.8,0,1600,0.0,32.0
DS005_20260703_I43,DS005,2026-07-03,43,Evening,112,10,0,0,10,0,0.0,,,P_DS005_015|P_DS005_018|P_DS005_021|P_DS005_024|P_DS005_030|P_DS005_012|P_DS005_005|P_DS005_003|P_DS005_006|P_DS005_009,11.2,0,1600,0.0,32.0
DS005_20260703_I44,DS005,2026-07-03,44,Evening,99,10,0,0,10,0,0.0,,,P_DS005_018|P_DS005_021|P_DS005_024|P_DS005_030|P_DS005_012|P_DS005_005|P_DS005_003|P_DS005_006|P_DS005_009|P_DS005_015,9.9,0,1600,0.0,32.0
DS005_20260703_I45,DS005,2026-07-03,45,Evening,94,8,0,0,8,0,0.0,,,P_DS005_021|P_DS005_024|P_DS005_030|P_DS005_003|P_DS005_006|P_DS005_009|P_DS005_015|P_DS005_018,11.75,0,1600,0.0,32.0
DS005_20260703_I46,DS005,2026-07-03,46,Evening,53,8,0,0,8,0,0.0,,,P_DS005_024|P_DS005_030|P_DS005_003|P_DS005_006|P_DS005_009|P_DS005_015|P_DS005_018|P_DS005_021,6.625,0,1600,0.0,32.0
DS005_20260703_I47,DS005,2026-07-03,47,Late Night,38,8,0,2,6,0,1.0,,P_DS005_030|P_DS005_003,P_DS005_006|P_DS005_009|P_DS005_015|P_DS005_018|P_DS005_021|P_DS005_024,6.333333333333333,0,1600,1.0,31.0
DS005_20260703_I48,DS005,2026-07-03,48,Late Night,28,8,0,2,6,0,1.0,,P_DS005_003|P_DS005_006,P_DS005_009|P_DS005_015|P_DS005_018|P_DS005_021|P_DS005_024|P_DS005_030,4.666666666666667,0,1600,1.0,30.0
DS005_20260704_I01,DS005,2026-07-04,1,Night,5,15,12,2,1,900,1.0,P_DS005_006|P_DS005_009|P_DS005_015|P_DS005_018|P_DS005_021|P_DS005_024|P_DS005_030|P_DS005_007|P_DS005_010|P_DS005_016|P_DS005_019|P_DS005_022,P_DS005_025|P_DS005_028,P_DS005_003,5.0,900,9100,1.0,49.0
DS005_20260704_I02,DS005,2026-07-04,2,Night,5,15,12,2,1,900,1.0,P_DS005_009|P_DS005_015|P_DS005_018|P_DS005_021|P_DS005_024|P_DS005_030|P_DS005_007|P_DS005_010|P_DS005_016|P_DS005_019|P_DS005_022|P_DS005_025,P_DS005_028|P_DS005_003,P_DS005_006,5.0,900,8200,1.0,48.0
DS005_20260704_I03,DS005,2026-07-04,3,Night,5,7,6,0,1,450,0.0,P_DS005_019|P_DS005_022|P_DS005_025|P_DS005_028|P_DS005_007|P_DS005_010,,P_DS005_016,5.0,450,7750,0.0,48.0
DS005_20260704_I04,DS005,2026-07-04,4,Night,8,7,6,0,1,450,0.0,P_DS005_022|P_DS005_025|P_DS005_028|P_DS005_007|P_DS005_010|P_DS005_016,,P_DS005_019,8.0,450,7300,0.0,48.0
DS005_20260704_I05,DS005,2026-07-04,5,Night,9,7,6,0,1,450,0.0,P_DS005_025|P_DS005_028|P_DS005_007|P_DS005_010|P_DS005_016|P_DS005_019,,P_DS005_022,9.0,450,6850,0.0,48.0
DS005_20260704_I06,DS005,2026-07-04,6,Night,4,7,6,0,1,450,0.0,P_DS005_028|P_DS005_007|P_DS005_010|P_DS005_016|P_DS005_019|P_DS005_022,,P_DS005_025,4.0,450,6400,0.0,48.0
DS005_20260704_I07,DS005,2026-07-04,7,Night,6,7,6,0,1,450,0.0,P_DS005_007|P_DS005_010|P_DS005_016|P_DS005_019|P_DS005_022|P_DS005_025,,P_DS005_028,6.0,450,5950,0.0,48.0
DS005_20260704_I08,DS005,2026-07-04,8,Night,10,7,6,0,1,450,0.0,P_DS005_010|P_DS005_016|P_DS005_019|P_DS005_022|P_DS005_025|P_DS005_028,,P_DS005_007,10.0,450,5500,0.0,48.0
DS005_20260704_I09,DS005,2026-07-04,9,Night,6,7,6,0,1,450,0.0,P_DS005_016|P_DS005_019|P_DS005_022|P_DS005_025|P_DS005_028|P_DS005_007,,P_DS005_010,6.0,450,5050,0.0,48.0
DS005_20260704_I10,DS005,2026-07-04,10,Night,8,7,6,0,1,450,0.0,P_DS005_019|P_DS005_022|P_DS005_025|P_DS005_028|P_DS005_007|P_DS005_010,,P_DS005_016,8.0,450,4600,0.0,48.0
DS005_20260704_I11,DS005,2026-07-04,11,Night,2,7,6,0,1,450,0.0,P_DS005_022|P_DS005_025|P_DS005_028|P_DS005_007|P_DS005_010|P_DS005_016,,P_DS005_019,2.0,450,4150,0.0,48.0
DS005_20260704_I12,DS005,2026-07-04,12,Night,10,7,6,0,1,450,0.0,P_DS005_025|P_DS005_028|P_DS005_007|P_DS005_010|P_DS005_016|P_DS005_019,,P_DS005_022,10.0,450,3700,0.0,48.0
DS005_20260704_I13,DS005,2026-07-04,13,Morning,7,7,3,2,2,225,1.0,P_DS005_028|P_DS005_007|P_DS005_010,P_DS005_016|P_DS005_019,P_DS005_022|P_DS005_025,3.5,225,3475,1.0,47.0
DS005_20260704_I14,DS005,2026-07-04,14,Morning,9,7,3,2,2,225,1.0,P_DS005_007|P_DS005_010|P_DS005_016,P_DS005_019|P_DS005_022,P_DS005_025|P_DS005_028,4.5,225,3250,1.0,46.0
DS005_20260704_I15,DS005,2026-07-04,15,Morning,8,7,3,2,2,225,1.0,P_DS005_010|P_DS005_016|P_DS005_019,P_DS005_022|P_DS005_025,P_DS005_028|P_DS005_007,4.0,225,3025,1.0,45.0
DS005_20260704_I16,DS005,2026-07-04,16,Morning,12,7,3,2,2,225,1.0,P_DS005_016|P_DS005_019|P_DS005_022,P_DS005_025|P_DS005_028,P_DS005_007|P_DS005_010,6.0,225,2800,1.0,44.0
DS005_20260704_I17,DS005,2026-07-04,17,Morning,25,14,3,2,9,225,1.0,P_DS005_010|P_DS005_014|P_DS005_016,P_DS005_017|P_DS005_019,P_DS005_022|P_DS005_023|P_DS005_025|P_DS005_026|P_DS005_028|P_DS005_029|P_DS005_002|P_DS005_007|P_DS005_008,2.7777777777777777,225,2575,1.0,43.0
DS005_20260704_I18,DS005,2026-07-04,18,Morning,32,14,3,2,9,225,1.0,P_DS005_011|P_DS005_014|P_DS005_016,P_DS005_017|P_DS005_019,P_DS005_022|P_DS005_023|P_DS005_025|P_DS005_026|P_DS005_029|P_DS005_002|P_DS005_007|P_DS005_008|P_DS005_010,3.5555555555555554,225,2350,1.0,42.0
DS005_20260704_I19,DS005,2026-07-04,19,Morning,36,8,0,2,6,0,1.0,,P_DS005_014|P_DS005_017,P_DS005_023|P_DS005_026|P_DS005_029|P_DS005_002|P_DS005_008|P_DS005_011,6.0,0,2350,1.0,41.0
DS005_20260704_I20,DS005,2026-07-04,20,Morning,48,8,0,2,6,0,1.0,,P_DS005_017|P_DS005_023,P_DS005_026|P_DS005_029|P_DS005_002|P_DS005_008|P_DS005_011|P_DS005_014,8.0,0,2350,1.0,40.0
DS005_20260704_I21,DS005,2026-07-04,21,Morning,63,8,0,2,6,0,1.0,,P_DS005_023|P_DS005_026,P_DS005_029|P_DS005_002|P_DS005_008|P_DS005_011|P_DS005_014|P_DS005_017,10.5,0,2350,1.0,39.0
DS005_20260704_I22,DS005,2026-07-04,22,Morning,68,8,0,2,6,0,1.0,,P_DS005_026|P_DS005_029,P_DS005_002|P_DS005_008|P_DS005_011|P_DS005_014|P_DS005_017|P_DS005_023,11.333333333333334,0,2350,1.0,38.0
DS005_20260704_I23,DS005,2026-07-04,23,Lunch,76,8,0,0,8,0,0.0,,,P_DS005_029|P_DS005_002|P_DS005_008|P_DS005_011|P_DS005_014|P_DS005_017|P_DS005_023|P_DS005_026,9.5,0,2350,0.0,38.0
DS005_20260704_I24,DS005,2026-07-04,24,Lunch,84,8,0,0,8,0,0.0,,,P_DS005_002|P_DS005_008|P_DS005_011|P_DS005_014|P_DS005_017|P_DS005_023|P_DS005_026|P_DS005_029,10.5,0,2350,0.0,38.0
DS005_20260704_I25,DS005,2026-07-04,25,Lunch,77,8,0,0,8,0,0.0,,,P_DS005_008|P_DS005_011|P_DS005_014|P_DS005_017|P_DS005_023|P_DS005_026|P_DS005_029|P_DS005_002,9.625,0,2350,0.0,38.0
DS005_20260704_I26,DS005,2026-07-04,26,Lunch,83,8,0,0,8,0,0.0,,,P_DS005_011|P_DS005_014|P_DS005_017|P_DS005_023|P_DS005_026|P_DS005_029|P_DS005_002|P_DS005_008,10.375,0,2350,0.0,38.0
DS005_20260704_I27,DS005,2026-07-04,27,Lunch,77,8,0,0,8,0,0.0,,,P_DS005_014|P_DS005_017|P_DS005_023|P_DS005_026|P_DS005_029|P_DS005_002|P_DS005_008|P_DS005_011,9.625,0,2350,0.0,38.0
DS005_20260704_I28,DS005,2026-07-04,28,Lunch,87,8,0,0,8,0,0.0,,,P_DS005_017|P_DS005_023|P_DS005_026|P_DS005_029|P_DS005_002|P_DS005_008|P_DS005_011|P_DS005_014,10.875,0,2350,0.0,38.0
DS005_20260704_I29,DS005,2026-07-04,29,Lunch,77,8,0,0,8,0,0.0,,,P_DS005_023|P_DS005_026|P_DS005_029|P_DS005_002|P_DS005_008|P_DS005_011|P_DS005_014|P_DS005_017,9.625,0,2350,0.0,38.0
DS005_20260704_I30,DS005,2026-07-04,30,Lunch,62,8,0,0,8,0,0.0,,,P_DS005_026|P_DS005_029|P_DS005_002|P_DS005_008|P_DS005_011|P_DS005_014|P_DS005_017|P_DS005_023,7.75,0,2350,0.0,38.0
DS005_20260704_I31,DS005,2026-07-04,31,Afternoon,73,8,0,2,6,0,1.0,,P_DS005_029|P_DS005_002,P_DS005_008|P_DS005_011|P_DS005_014|P_DS005_017|P_DS005_023|P_DS005_026,12.166666666666666,0,2350,1.0,37.0
DS005_20260704_I32,DS005,2026-07-04,32,Afternoon,62,8,0,2,6,0,1.0,,P_DS005_002|P_DS005_008,P_DS005_011|P_DS005_014|P_DS005_017|P_DS005_023|P_DS005_026|P_DS005_029,10.333333333333334,0,2350,1.0,36.0
DS005_20260704_I33,DS005,2026-07-04,33,Afternoon,54,15,0,2,13,0,1.0,,P_DS005_011|P_DS005_012,P_DS005_014|P_DS005_015|P_DS005_017|P_DS005_018|P_DS005_021|P_DS005_023|P_DS005_024|P_DS005_026|P_DS005_029|P_DS005_030|P_DS005_002|P_DS005_008|P_DS005_009,4.153846153846154,0,2350,1.0,35.0
DS005_20260704_I34,DS005,2026-07-04,34,Afternoon,55,15,0,2,13,0,1.0,,P_DS005_012|P_DS005_014,P_DS005_015|P_DS005_017|P_DS005_018|P_DS005_021|P_DS005_023|P_DS005_024|P_DS005_026|P_DS005_029|P_DS005_030|P_DS005_002|P_DS005_008|P_DS005_009|P_DS005_011,4.230769230769231,0,2350,1.0,34.0
DS005_20260704_I35,DS005,2026-07-04,35,Afternoon,64,7,0,2,5,0,1.0,,P_DS005_009|P_DS005_012,P_DS005_015|P_DS005_018|P_DS005_021|P_DS005_024|P_DS005_030,12.8,0,2350,1.0,33.0
DS005_20260704_I36,DS005,2026-07-04,36,Afternoon,68,7,0,2,5,0,1.0,,P_DS005_012|P_DS005_015,P_DS005_018|P_DS005_021|P_DS005_024|P_DS005_030|P_DS005_009,13.6,0,2350,1.0,32.0
DS005_20260704_I37,DS005,2026-07-04,37,Evening,89,10,0,0,10,0,0.0,,,P_DS005_006|P_DS005_013|P_DS005_027|P_DS005_009|P_DS005_012|P_DS005_015|P_DS005_018|P_DS005_021|P_DS005_024|P_DS005_030,8.9,0,2350,0.0,32.0
DS005_20260704_I38,DS005,2026-07-04,38,Evening,75,10,0,0,10,0,0.0,,,P_DS005_013|P_DS005_027|P_DS005_009|P_DS005_012|P_DS005_015|P_DS005_018|P_DS005_021|P_DS005_024|P_DS005_030|P_DS005_006,7.5,0,2350,0.0,32.0
DS005_20260704_I39,DS005,2026-07-04,39,Evening,102,10,0,0,10,0,0.0,,,P_DS005_027|P_DS005_009|P_DS005_012|P_DS005_015|P_DS005_018|P_DS005_021|P_DS005_024|P_DS005_030|P_DS005_006|P_DS005_013,10.2,0,2350,0.0,32.0
DS005_20260704_I40,DS005,2026-07-04,40,Evening,118,10,0,0,10,0,0.0,,,P_DS005_009|P_DS005_012|P_DS005_015|P_DS005_018|P_DS005_021|P_DS005_024|P_DS005_030|P_DS005_006|P_DS005_013|P_DS005_027,11.8,0,2350,0.0,32.0
DS005_20260704_I41,DS005,2026-07-04,41,Evening,134,10,0,0,10,0,0.0,,,P_DS005_012|P_DS005_015|P_DS005_018|P_DS005_021|P_DS005_024|P_DS005_030|P_DS005_006|P_DS005_013|P_DS005_027|P_DS005_009,13.4,0,2350,0.0,32.0
DS005_20260704_I42,DS005,2026-07-04,42,Evening,120,10,0,0,10,0,0.0,,,P_DS005_015|P_DS005_018|P_DS005_021|P_DS005_024|P_DS005_030|P_DS005_006|P_DS005_013|P_DS005_027|P_DS005_009|P_DS005_012,12.0,0,2350,0.0,32.0
DS005_20260704_I43,DS005,2026-07-04,43,Evening,117,10,0,0,10,0,0.0,,,P_DS005_018|P_DS005_021|P_DS005_024|P_DS005_030|P_DS005_006|P_DS005_013|P_DS005_027|P_DS005_009|P_DS005_012|P_DS005_015,11.7,0,2350,0.0,32.0
DS005_20260704_I44,DS005,2026-07-04,44,Evening,89,10,0,0,10,0,0.0,,,P_DS005_021|P_DS005_024|P_DS005_030|P_DS005_006|P_DS005_013|P_DS005_027|P_DS005_009|P_DS005_012|P_DS005_015|P_DS005_018,8.9,0,2350,0.0,32.0
DS005_20260704_I45,DS005,2026-07-04,45,Evening,63,7,0,0,7,0,0.0,,,P_DS005_018|P_DS005_021|P_DS005_024|P_DS005_030|P_DS005_009|P_DS005_012|P_DS005_015,9.0,0,2350,0.0,32.0
DS005_20260704_I46,DS005,2026-07-04,46,Evening,60,7,0,0,7,0,0.0,,,P_DS005_021|P_DS005_024|P_DS005_030|P_DS005_009|P_DS005_012|P_DS005_015|P_DS005_018,8.571428571428571,0,2350,0.0,32.0
DS005_20260704_I47,DS005,2026-07-04,47,Late Night,33,7,0,2,5,0,1.0,,P_DS005_024|P_DS005_030,P_DS005_009|P_DS005_012|P_DS005_015|P_DS005_018|P_DS005_021,6.6,0,2350,1.0,31.0
DS005_20260704_I48,DS005,2026-07-04,48,Late Night,31,7,0,2,5,0,1.0,,P_DS005_030|P_DS005_009,P_DS005_012|P_DS005_015|P_DS005_018|P_DS005_021|P_DS005_024,6.2,0,2350,1.0,30.0
DS005_20260705_I01,DS005,2026-07-05,1,Night,8,14,12,1,1,900,0.5,P_DS005_012|P_DS005_015|P_DS005_018|P_DS005_021|P_DS005_024|P_DS005_030|P_DS005_001|P_DS005_010|P_DS005_013|P_DS005_016|P_DS005_019|P_DS005_022,P_DS005_025,P_DS005_009,8.0,900,9100,0.5,49.5
DS005_20260705_I02,DS005,2026-07-05,2,Night,4,15,12,2,1,900,1.0,P_DS005_015|P_DS005_018|P_DS005_021|P_DS005_024|P_DS005_030|P_DS005_001|P_DS005_004|P_DS005_010|P_DS005_013|P_DS005_016|P_DS005_019|P_DS005_022,P_DS005_025|P_DS005_009,P_DS005_012,4.0,900,8200,1.0,48.5
DS005_20260705_I03,DS005,2026-07-05,3,Night,4,8,7,0,1,525,0.0,P_DS005_013|P_DS005_016|P_DS005_019|P_DS005_022|P_DS005_025|P_DS005_001|P_DS005_004,,P_DS005_010,4.0,525,7675,0.0,48.5
DS005_20260705_I04,DS005,2026-07-05,4,Night,4,8,7,0,1,525,0.0,P_DS005_016|P_DS005_019|P_DS005_022|P_DS005_025|P_DS005_001|P_DS005_004|P_DS005_010,,P_DS005_013,4.0,525,7150,0.0,48.5
DS005_20260705_I05,DS005,2026-07-05,5,Night,4,8,7,0,1,525,0.0,P_DS005_019|P_DS005_022|P_DS005_025|P_DS005_001|P_DS005_004|P_DS005_010|P_DS005_013,,P_DS005_016,4.0,525,6625,0.0,48.5
DS005_20260705_I06,DS005,2026-07-05,6,Night,6,8,7,0,1,525,0.0,P_DS005_022|P_DS005_025|P_DS005_001|P_DS005_004|P_DS005_010|P_DS005_013|P_DS005_016,,P_DS005_019,6.0,525,6100,0.0,48.5
DS005_20260705_I07,DS005,2026-07-05,7,Night,7,8,7,0,1,525,0.0,P_DS005_025|P_DS005_001|P_DS005_004|P_DS005_010|P_DS005_013|P_DS005_016|P_DS005_019,,P_DS005_022,7.0,525,5575,0.0,48.5
DS005_20260705_I08,DS005,2026-07-05,8,Night,4,8,7,0,1,525,0.0,P_DS005_001|P_DS005_004|P_DS005_010|P_DS005_013|P_DS005_016|P_DS005_019|P_DS005_022,,P_DS005_025,4.0,525,5050,0.0,48.5
DS005_20260705_I09,DS005,2026-07-05,9,Night,8,8,7,0,1,525,0.0,P_DS005_004|P_DS005_010|P_DS005_013|P_DS005_016|P_DS005_019|P_DS005_022|P_DS005_025,,P_DS005_001,8.0,525,4525,0.0,48.5
DS005_20260705_I10,DS005,2026-07-05,10,Night,5,8,7,0,1,525,0.0,P_DS005_010|P_DS005_013|P_DS005_016|P_DS005_019|P_DS005_022|P_DS005_025|P_DS005_001,,P_DS005_004,5.0,525,4000,0.0,48.5
DS005_20260705_I11,DS005,2026-07-05,11,Night,4,8,7,0,1,525,0.0,P_DS005_013|P_DS005_016|P_DS005_019|P_DS005_022|P_DS005_025|P_DS005_001|P_DS005_004,,P_DS005_010,4.0,525,3475,0.0,48.5
DS005_20260705_I12,DS005,2026-07-05,12,Night,7,8,7,0,1,525,0.0,P_DS005_016|P_DS005_019|P_DS005_022|P_DS005_025|P_DS005_001|P_DS005_004|P_DS005_010,,P_DS005_013,7.0,525,2950,0.0,48.5
DS005_20260705_I13,DS005,2026-07-05,13,Morning,7,8,3,2,3,225,1.0,P_DS005_019|P_DS005_022|P_DS005_025,P_DS005_001|P_DS005_004,P_DS005_010|P_DS005_013|P_DS005_016,2.3333333333333335,225,2725,1.0,47.5
DS005_20260705_I14,DS005,2026-07-05,14,Morning,7,8,3,2,3,225,1.0,P_DS005_022|P_DS005_025|P_DS005_001,P_DS005_004|P_DS005_010,P_DS005_013|P_DS005_016|P_DS005_019,2.3333333333333335,225,2500,1.0,46.5
DS005_20260705_I15,DS005,2026-07-05,15,Morning,7,8,3,2,3,225,1.0,P_DS005_025|P_DS005_001|P_DS005_004,P_DS005_010|P_DS005_013,P_DS005_016|P_DS005_019|P_DS005_022,2.3333333333333335,225,2275,1.0,45.5
DS005_20260705_I16,DS005,2026-07-05,16,Morning,7,8,3,2,3,225,1.0,P_DS005_001|P_DS005_004|P_DS005_010,P_DS005_013|P_DS005_016,P_DS005_019|P_DS005_022|P_DS005_025,2.3333333333333335,225,2050,1.0,44.5
DS005_20260705_I17,DS005,2026-07-05,17,Morning,16,17,3,2,12,225,1.0,P_DS005_001|P_DS005_002|P_DS005_004,P_DS005_005|P_DS005_008,P_DS005_010|P_DS005_011|P_DS005_013|P_DS005_016|P_DS005_017|P_DS005_019|P_DS005_020|P_DS005_022|P_DS005_023|P_DS005_025|P_DS005_026|P_DS005_029,1.3333333333333333,225,1825,1.0,43.5
DS005_20260705_I18,DS005,2026-07-05,18,Morning,24,17,3,2,12,225,1.0,P_DS005_002|P_DS005_004|P_DS005_005,P_DS005_008|P_DS005_010,P_DS005_011|P_DS005_013|P_DS005_016|P_DS005_017|P_DS005_019|P_DS005_020|P_DS005_022|P_DS005_023|P_DS005_025|P_DS005_026|P_DS005_029|P_DS005_001,2.0,225,1600,1.0,42.5
DS005_20260705_I19,DS005,2026-07-05,19,Morning,29,9,0,2,7,0,1.0,,P_DS005_005|P_DS005_008,P_DS005_011|P_DS005_017|P_DS005_020|P_DS005_023|P_DS005_026|P_DS005_029|P_DS005_002,4.142857142857143,0,1600,1.0,41.5
DS005_20260705_I20,DS005,2026-07-05,20,Morning,40,9,0,2,7,0,1.0,,P_DS005_008|P_DS005_011,P_DS005_017|P_DS005_020|P_DS005_023|P_DS005_026|P_DS005_029|P_DS005_002|P_DS005_005,5.714285714285714,0,1600,1.0,40.5
DS005_20260705_I21,DS005,2026-07-05,21,Morning,49,9,0,2,7,0,1.0,,P_DS005_011|P_DS005_017,P_DS005_020|P_DS005_023|P_DS005_026|P_DS005_029|P_DS005_002|P_DS005_005|P_DS005_008,7.0,0,1600,1.0,39.5
DS005_20260705_I22,DS005,2026-07-05,22,Morning,60,9,0,2,7,0,1.0,,P_DS005_017|P_DS005_020,P_DS005_023|P_DS005_026|P_DS005_029|P_DS005_002|P_DS005_005|P_DS005_008|P_DS005_011,8.571428571428571,0,1600,1.0,38.5
DS005_20260705_I23,DS005,2026-07-05,23,Lunch,66,9,0,0,9,0,0.0,,,P_DS005_020|P_DS005_023|P_DS005_026|P_DS005_029|P_DS005_002|P_DS005_005|P_DS005_008|P_DS005_011|P_DS005_017,7.333333333333333,0,1600,0.0,38.5
DS005_20260705_I24,DS005,2026-07-05,24,Lunch,53,9,0,0,9,0,0.0,,,P_DS005_023|P_DS005_026|P_DS005_029|P_DS005_002|P_DS005_005|P_DS005_008|P_DS005_011|P_DS005_017|P_DS005_020,5.888888888888889,0,1600,0.0,38.5
DS005_20260705_I25,DS005,2026-07-05,25,Lunch,63,9,0,0,9,0,0.0,,,P_DS005_026|P_DS005_029|P_DS005_002|P_DS005_005|P_DS005_008|P_DS005_011|P_DS005_017|P_DS005_020|P_DS005_023,7.0,0,1600,0.0,38.5
DS005_20260705_I26,DS005,2026-07-05,26,Lunch,57,9,0,0,9,0,0.0,,,P_DS005_029|P_DS005_002|P_DS005_005|P_DS005_008|P_DS005_011|P_DS005_017|P_DS005_020|P_DS005_023|P_DS005_026,6.333333333333333,0,1600,0.0,38.5
DS005_20260705_I27,DS005,2026-07-05,27,Lunch,67,9,0,0,9,0,0.0,,,P_DS005_002|P_DS005_005|P_DS005_008|P_DS005_011|P_DS005_017|P_DS005_020|P_DS005_023|P_DS005_026|P_DS005_029,7.444444444444445,0,1600,0.0,38.5
DS005_20260705_I28,DS005,2026-07-05,28,Lunch,67,9,0,0,9,0,0.0,,,P_DS005_005|P_DS005_008|P_DS005_011|P_DS005_017|P_DS005_020|P_DS005_023|P_DS005_026|P_DS005_029|P_DS005_002,7.444444444444445,0,1600,0.0,38.5
DS005_20260705_I29,DS005,2026-07-05,29,Lunch,63,9,0,0,9,0,0.0,,,P_DS005_008|P_DS005_011|P_DS005_017|P_DS005_020|P_DS005_023|P_DS005_026|P_DS005_029|P_DS005_002|P_DS005_005,7.0,0,1600,0.0,38.5
DS005_20260705_I30,DS005,2026-07-05,30,Lunch,58,9,0,0,9,0,0.0,,,P_DS005_011|P_DS005_017|P_DS005_020|P_DS005_023|P_DS005_026|P_DS005_029|P_DS005_002|P_DS005_005|P_DS005_008,6.444444444444445,0,1600,0.0,38.5
DS005_20260705_I31,DS005,2026-07-05,31,Afternoon,66,9,0,2,7,0,1.0,,P_DS005_017|P_DS005_020,P_DS005_023|P_DS005_026|P_DS005_029|P_DS005_002|P_DS005_005|P_DS005_008|P_DS005_011,9.428571428571429,0,1600,1.0,37.5
DS005_20260705_I32,DS005,2026-07-05,32,Afternoon,43,9,0,2,7,0,1.0,,P_DS005_020|P_DS005_023,P_DS005_026|P_DS005_029|P_DS005_002|P_DS005_005|P_DS005_008|P_DS005_011|P_DS005_017,6.142857142857143,0,1600,1.0,36.5
DS005_20260705_I33,DS005,2026-07-05,33,Afternoon,51,17,0,2,15,0,1.0,,P_DS005_030|P_DS005_002,P_DS005_003|P_DS005_005|P_DS005_006|P_DS005_008|P_DS005_009|P_DS005_011|P_DS005_012|P_DS005_017|P_DS005_018|P_DS005_020|P_DS005_023|P_DS005_024|P_DS005_026|P_DS005_027|P_DS005_029,3.4,0,1600,1.0,35.5
DS005_20260705_I34,DS005,2026-07-05,34,Afternoon,43,17,0,2,15,0,1.0,,P_DS005_002|P_DS005_003,P_DS005_005|P_DS005_006|P_DS005_008|P_DS005_009|P_DS005_011|P_DS005_012|P_DS005_017|P_DS005_018|P_DS005_020|P_DS005_023|P_DS005_024|P_DS005_026|P_DS005_027|P_DS005_029|P_DS005_030,2.8666666666666667,0,1600,1.0,34.5
DS005_20260705_I35,DS005,2026-07-05,35,Afternoon,38,8,0,2,6,0,1.0,,P_DS005_012|P_DS005_018,P_DS005_024|P_DS005_027|P_DS005_030|P_DS005_003|P_DS005_006|P_DS005_009,6.333333333333333,0,1600,1.0,33.5
DS005_20260705_I36,DS005,2026-07-05,36,Afternoon,44,8,0,2,6,0,1.0,,P_DS005_018|P_DS005_024,P_DS005_027|P_DS005_030|P_DS005_003|P_DS005_006|P_DS005_009|P_DS005_012,7.333333333333333,0,1600,1.0,32.5
DS005_20260705_I37,DS005,2026-07-05,37,Evening,65,11,0,0,11,0,0.0,,,P_DS005_018|P_DS005_024|P_DS005_027|P_DS005_030|P_DS005_021|P_DS005_028|P_DS005_014|P_DS005_003|P_DS005_006|P_DS005_009|P_DS005_012,5.909090909090909,0,1600,0.0,32.5
DS005_20260705_I38,DS005,2026-07-05,38,Evening,94,11,0,0,11,0,0.0,,,P_DS005_024|P_DS005_027|P_DS005_030|P_DS005_021|P_DS005_028|P_DS005_014|P_DS005_003|P_DS005_006|P_DS005_009|P_DS005_012|P_DS005_018,8.545454545454545,0,1600,0.0,32.5
DS005_20260705_I39,DS005,2026-07-05,39,Evening,105,11,0,0,11,0,0.0,,,P_DS005_027|P_DS005_030|P_DS005_021|P_DS005_028|P_DS005_014|P_DS005_003|P_DS005_006|P_DS005_009|P_DS005_012|P_DS005_018|P_DS005_024,9.545454545454545,0,1600,0.0,32.5
DS005_20260705_I40,DS005,2026-07-05,40,Evening,96,11,0,0,11,0,0.0,,,P_DS005_030|P_DS005_021|P_DS005_028|P_DS005_014|P_DS005_003|P_DS005_006|P_DS005_009|P_DS005_012|P_DS005_018|P_DS005_024|P_DS005_027,8.727272727272727,0,1600,0.0,32.5
DS005_20260705_I41,DS005,2026-07-05,41,Evening,115,11,0,0,11,0,0.0,,,P_DS005_021|P_DS005_028|P_DS005_014|P_DS005_003|P_DS005_006|P_DS005_009|P_DS005_012|P_DS005_018|P_DS005_024|P_DS005_027|P_DS005_030,10.454545454545455,0,1600,0.0,32.5
DS005_20260705_I42,DS005,2026-07-05,42,Evening,90,11,0,0,11,0,0.0,,,P_DS005_028|P_DS005_014|P_DS005_003|P_DS005_006|P_DS005_009|P_DS005_012|P_DS005_018|P_DS005_024|P_DS005_027|P_DS005_030|P_DS005_021,8.181818181818182,0,1600,0.0,32.5
DS005_20260705_I43,DS005,2026-07-05,43,Evening,100,11,0,0,11,0,0.0,,,P_DS005_014|P_DS005_003|P_DS005_006|P_DS005_009|P_DS005_012|P_DS005_018|P_DS005_024|P_DS005_027|P_DS005_030|P_DS005_021|P_DS005_028,9.090909090909092,0,1600,0.0,32.5
DS005_20260705_I44,DS005,2026-07-05,44,Evening,91,11,0,0,11,0,0.0,,,P_DS005_003|P_DS005_006|P_DS005_009|P_DS005_012|P_DS005_018|P_DS005_024|P_DS005_027|P_DS005_030|P_DS005_021|P_DS005_028|P_DS005_014,8.272727272727273,0,1600,0.0,32.5
DS005_20260705_I45,DS005,2026-07-05,45,Evening,55,8,0,0,8,0,0.0,,,P_DS005_024|P_DS005_027|P_DS005_030|P_DS005_003|P_DS005_006|P_DS005_009|P_DS005_012|P_DS005_018,6.875,0,1600,0.0,32.5
DS005_20260705_I46,DS005,2026-07-05,46,Evening,46,8,0,0,8,0,0.0,,,P_DS005_027|P_DS005_030|P_DS005_003|P_DS005_006|P_DS005_009|P_DS005_012|P_DS005_018|P_DS005_024,5.75,0,1600,0.0,32.5
DS005_20260705_I47,DS005,2026-07-05,47,Late Night,36,8,0,2,6,0,1.0,,P_DS005_030|P_DS005_003,P_DS005_006|P_DS005_009|P_DS005_012|P_DS005_018|P_DS005_024|P_DS005_027,6.0,0,1600,1.0,31.5
DS005_20260705_I48,DS005,2026-07-05,48,Late Night,20,8,0,2,6,0,1.0,,P_DS005_003|P_DS005_006,P_DS005_009|P_DS005_012|P_DS005_018|P_DS005_024|P_DS005_027|P_DS005_030,3.3333333333333335,0,1600,1.0,30.5
DS005_20260706_I01,DS005,2026-07-06,1,Night,3,16,12,2,2,900,1.0,P_DS005_006|P_DS005_009|P_DS005_012|P_DS005_018|P_DS005_024|P_DS005_027|P_DS005_030|P_DS005_004|P_DS005_007|P_DS005_010|P_DS005_013|P_DS005_016,P_DS005_019|P_DS005_025,P_DS005_028|P_DS005_003,1.5,900,9100,1.0,49.0
DS005_20260706_I02,DS005,2026-07-06,2,Night,6,15,12,2,1,900,1.0,P_DS005_009|P_DS005_018|P_DS005_024|P_DS005_027|P_DS005_030|P_DS005_004|P_DS005_007|P_DS005_010|P_DS005_013|P_DS005_016|P_DS005_019|P_DS005_025,P_DS005_028|P_DS005_003,P_DS005_006,6.0,900,8200,1.0,48.0
DS005_20260706_I03,DS005,2026-07-06,3,Night,9,8,7,0,1,525,0.0,P_DS005_013|P_DS005_016|P_DS005_019|P_DS005_025|P_DS005_028|P_DS005_004|P_DS005_007,,P_DS005_010,9.0,525,7675,0.0,48.0
DS005_20260706_I04,DS005,2026-07-06,4,Night,3,8,7,0,1,525,0.0,P_DS005_016|P_DS005_019|P_DS005_025|P_DS005_028|P_DS005_004|P_DS005_007|P_DS005_010,,P_DS005_013,3.0,525,7150,0.0,48.0
DS005_20260706_I05,DS005,2026-07-06,5,Night,8,8,7,0,1,525,0.0,P_DS005_019|P_DS005_025|P_DS005_028|P_DS005_004|P_DS005_007|P_DS005_010|P_DS005_013,,P_DS005_016,8.0,525,6625,0.0,48.0
DS005_20260706_I06,DS005,2026-07-06,6,Night,7,8,7,0,1,525,0.0,P_DS005_025|P_DS005_028|P_DS005_004|P_DS005_007|P_DS005_010|P_DS005_013|P_DS005_016,,P_DS005_019,7.0,525,6100,0.0,48.0
DS005_20260706_I07,DS005,2026-07-06,7,Night,6,8,7,0,1,525,0.0,P_DS005_028|P_DS005_004|P_DS005_007|P_DS005_010|P_DS005_013|P_DS005_016|P_DS005_019,,P_DS005_025,6.0,525,5575,0.0,48.0
DS005_20260706_I08,DS005,2026-07-06,8,Night,3,8,7,0,1,525,0.0,P_DS005_004|P_DS005_007|P_DS005_010|P_DS005_013|P_DS005_016|P_DS005_019|P_DS005_025,,P_DS005_028,3.0,525,5050,0.0,48.0
DS005_20260706_I09,DS005,2026-07-06,9,Night,9,8,7,0,1,525,0.0,P_DS005_007|P_DS005_010|P_DS005_013|P_DS005_016|P_DS005_019|P_DS005_025|P_DS005_028,,P_DS005_004,9.0,525,4525,0.0,48.0
DS005_20260706_I10,DS005,2026-07-06,10,Night,3,8,7,0,1,525,0.0,P_DS005_010|P_DS005_013|P_DS005_016|P_DS005_019|P_DS005_025|P_DS005_028|P_DS005_004,,P_DS005_007,3.0,525,4000,0.0,48.0
DS005_20260706_I11,DS005,2026-07-06,11,Night,7,8,7,0,1,525,0.0,P_DS005_013|P_DS005_016|P_DS005_019|P_DS005_025|P_DS005_028|P_DS005_004|P_DS005_007,,P_DS005_010,7.0,525,3475,0.0,48.0
DS005_20260706_I12,DS005,2026-07-06,12,Night,6,8,7,0,1,525,0.0,P_DS005_016|P_DS005_019|P_DS005_025|P_DS005_028|P_DS005_004|P_DS005_007|P_DS005_010,,P_DS005_013,6.0,525,2950,0.0,48.0
DS005_20260706_I13,DS005,2026-07-06,13,Morning,10,8,3,2,3,225,1.0,P_DS005_019|P_DS005_025|P_DS005_028,P_DS005_004|P_DS005_007,P_DS005_010|P_DS005_013|P_DS005_016,3.3333333333333335,225,2725,1.0,47.0
DS005_20260706_I14,DS005,2026-07-06,14,Morning,9,8,3,2,3,225,1.0,P_DS005_025|P_DS005_028|P_DS005_004,P_DS005_007|P_DS005_010,P_DS005_013|P_DS005_016|P_DS005_019,3.0,225,2500,1.0,46.0
DS005_20260706_I15,DS005,2026-07-06,15,Morning,24,8,3,2,3,225,1.0,P_DS005_028|P_DS005_004|P_DS005_007,P_DS005_010|P_DS005_013,P_DS005_016|P_DS005_019|P_DS005_025,8.0,225,2275,1.0,45.0
DS005_20260706_I16,DS005,2026-07-06,16,Morning,31,8,3,2,3,225,1.0,P_DS005_004|P_DS005_007|P_DS005_010,P_DS005_013|P_DS005_016,P_DS005_019|P_DS005_025|P_DS005_028,10.333333333333334,225,2050,1.0,44.0
DS005_20260706_I17,DS005,2026-07-06,17,Morning,34,16,3,2,11,225,1.0,P_DS005_004|P_DS005_005|P_DS005_007,P_DS005_010|P_DS005_011,P_DS005_013|P_DS005_014|P_DS005_016|P_DS005_017|P_DS005_019|P_DS005_020|P_DS005_023|P_DS005_025|P_DS005_026|P_DS005_028|P_DS005_002,3.090909090909091,225,1825,1.0,43.0
DS005_20260706_I18,DS005,2026-07-06,18,Morning,41,15,3,2,10,225,1.0,P_DS005_007|P_DS005_010|P_DS005_011,P_DS005_013|P_DS005_014,P_DS005_016|P_DS005_017|P_DS005_020|P_DS005_023|P_DS005_025|P_DS005_026|P_DS005_028|P_DS005_002|P_DS005_004|P_DS005_005,4.1,225,1600,1.0,42.0
DS005_20260706_I19,DS005,2026-07-06,19,Morning,36,8,0,2,6,0,1.0,,P_DS005_014|P_DS005_017,P_DS005_020|P_DS005_023|P_DS005_026|P_DS005_002|P_DS005_005|P_DS005_011,6.0,0,1600,1.0,41.0
DS005_20260706_I20,DS005,2026-07-06,20,Morning,36,8,0,2,6,0,1.0,,P_DS005_017|P_DS005_020,P_DS005_023|P_DS005_026|P_DS005_002|P_DS005_005|P_DS005_011|P_DS005_014,6.0,0,1600,1.0,40.0
DS005_20260706_I21,DS005,2026-07-06,21,Morning,32,8,0,2,6,0,1.0,,P_DS005_020|P_DS005_023,P_DS005_026|P_DS005_002|P_DS005_005|P_DS005_011|P_DS005_014|P_DS005_017,5.333333333333333,0,1600,1.0,39.0
DS005_20260706_I22,DS005,2026-07-06,22,Morning,42,8,0,2,6,0,1.0,,P_DS005_023|P_DS005_026,P_DS005_002|P_DS005_005|P_DS005_011|P_DS005_014|P_DS005_017|P_DS005_020,7.0,0,1600,1.0,38.0
DS005_20260706_I23,DS005,2026-07-06,23,Lunch,35,8,0,0,8,0,0.0,,,P_DS005_026|P_DS005_002|P_DS005_005|P_DS005_011|P_DS005_014|P_DS005_017|P_DS005_020|P_DS005_023,4.375,0,1600,0.0,38.0
DS005_20260706_I24,DS005,2026-07-06,24,Lunch,55,8,0,0,8,0,0.0,,,P_DS005_002|P_DS005_005|P_DS005_011|P_DS005_014|P_DS005_017|P_DS005_020|P_DS005_023|P_DS005_026,6.875,0,1600,0.0,38.0
DS005_20260706_I25,DS005,2026-07-06,25,Lunch,57,8,0,0,8,0,0.0,,,P_DS005_005|P_DS005_011|P_DS005_014|P_DS005_017|P_DS005_020|P_DS005_023|P_DS005_026|P_DS005_002,7.125,0,1600,0.0,38.0
DS005_20260706_I26,DS005,2026-07-06,26,Lunch,67,8,0,0,8,0,0.0,,,P_DS005_011|P_DS005_014|P_DS005_017|P_DS005_020|P_DS005_023|P_DS005_026|P_DS005_002|P_DS005_005,8.375,0,1600,0.0,38.0
DS005_20260706_I27,DS005,2026-07-06,27,Lunch,64,8,0,0,8,0,0.0,,,P_DS005_014|P_DS005_017|P_DS005_020|P_DS005_023|P_DS005_026|P_DS005_002|P_DS005_005|P_DS005_011,8.0,0,1600,0.0,38.0
DS005_20260706_I28,DS005,2026-07-06,28,Lunch,55,8,0,0,8,0,0.0,,,P_DS005_017|P_DS005_020|P_DS005_023|P_DS005_026|P_DS005_002|P_DS005_005|P_DS005_011|P_DS005_014,6.875,0,1600,0.0,38.0
DS005_20260706_I29,DS005,2026-07-06,29,Lunch,59,8,0,0,8,0,0.0,,,P_DS005_020|P_DS005_023|P_DS005_026|P_DS005_002|P_DS005_005|P_DS005_011|P_DS005_014|P_DS005_017,7.375,0,1600,0.0,38.0
DS005_20260706_I30,DS005,2026-07-06,30,Lunch,47,8,0,0,8,0,0.0,,,P_DS005_023|P_DS005_026|P_DS005_002|P_DS005_005|P_DS005_011|P_DS005_014|P_DS005_017|P_DS005_020,5.875,0,1600,0.0,38.0
DS005_20260706_I31,DS005,2026-07-06,31,Afternoon,38,8,0,2,6,0,1.0,,P_DS005_026|P_DS005_002,P_DS005_005|P_DS005_011|P_DS005_014|P_DS005_017|P_DS005_020|P_DS005_023,6.333333333333333,0,1600,1.0,37.0
DS005_20260706_I32,DS005,2026-07-06,32,Afternoon,29,8,0,2,6,0,1.0,,P_DS005_002|P_DS005_005,P_DS005_011|P_DS005_014|P_DS005_017|P_DS005_020|P_DS005_023|P_DS005_026,4.833333333333333,0,1600,1.0,36.0
DS005_20260706_I33,DS005,2026-07-06,33,Afternoon,20,17,0,2,15,0,1.0,,P_DS005_030|P_DS005_002,P_DS005_003|P_DS005_005|P_DS005_006|P_DS005_009|P_DS005_011|P_DS005_012|P_DS005_014|P_DS005_017|P_DS005_018|P_DS005_020|P_DS005_021|P_DS005_023|P_DS005_024|P_DS005_026|P_DS005_027,1.3333333333333333,0,1600,1.0,35.0
DS005_20260706_I34,DS005,2026-07-06,34,Afternoon,25,16,0,2,14,0,1.0,,P_DS005_006|P_DS005_009,P_DS005_011|P_DS005_012|P_DS005_014|P_DS005_017|P_DS005_018|P_DS005_020|P_DS005_021|P_DS005_023|P_DS005_024|P_DS005_026|P_DS005_027|P_DS005_030|P_DS005_002|P_DS005_003,1.7857142857142858,0,1600,1.0,34.0
DS005_20260706_I35,DS005,2026-07-06,35,Afternoon,33,9,0,2,7,0,1.0,,P_DS005_030|P_DS005_003,P_DS005_006|P_DS005_009|P_DS005_012|P_DS005_018|P_DS005_021|P_DS005_024|P_DS005_027,4.714285714285714,0,1600,1.0,33.0
DS005_20260706_I36,DS005,2026-07-06,36,Afternoon,44,9,0,2,7,0,1.0,,P_DS005_003|P_DS005_006,P_DS005_009|P_DS005_012|P_DS005_018|P_DS005_021|P_DS005_024|P_DS005_027|P_DS005_030,6.285714285714286,0,1600,1.0,32.0
DS005_20260706_I37,DS005,2026-07-06,37,Evening,61,11,0,0,11,0,0.0,,,P_DS005_018|P_DS005_021|P_DS005_024|P_DS005_027|P_DS005_030|P_DS005_022|P_DS005_029|P_DS005_003|P_DS005_006|P_DS005_009|P_DS005_012,5.545454545454546,0,1600,0.0,32.0
DS005_20260706_I38,DS005,2026-07-06,38,Evening,62,11,0,0,11,0,0.0,,,P_DS005_021|P_DS005_024|P_DS005_027|P_DS005_030|P_DS005_022|P_DS005_029|P_DS005_003|P_DS005_006|P_DS005_009|P_DS005_012|P_DS005_018,5.636363636363637,0,1600,0.0,32.0
DS005_20260706_I39,DS005,2026-07-06,39,Evening,76,11,0,0,11,0,0.0,,,P_DS005_024|P_DS005_027|P_DS005_030|P_DS005_022|P_DS005_029|P_DS005_003|P_DS005_006|P_DS005_009|P_DS005_012|P_DS005_018|P_DS005_021,6.909090909090909,0,1600,0.0,32.0
DS005_20260706_I40,DS005,2026-07-06,40,Evening,124,11,0,0,11,0,0.0,,,P_DS005_027|P_DS005_030|P_DS005_022|P_DS005_029|P_DS005_003|P_DS005_006|P_DS005_009|P_DS005_012|P_DS005_018|P_DS005_021|P_DS005_024,11.272727272727273,0,1600,0.0,32.0
DS005_20260706_I41,DS005,2026-07-06,41,Evening,117,11,0,0,11,0,0.0,,,P_DS005_030|P_DS005_022|P_DS005_029|P_DS005_003|P_DS005_006|P_DS005_009|P_DS005_012|P_DS005_018|P_DS005_021|P_DS005_024|P_DS005_027,10.636363636363637,0,1600,0.0,32.0
DS005_20260706_I42,DS005,2026-07-06,42,Evening,117,11,0,0,11,0,0.0,,,P_DS005_022|P_DS005_029|P_DS005_003|P_DS005_006|P_DS005_009|P_DS005_012|P_DS005_018|P_DS005_021|P_DS005_024|P_DS005_027|P_DS005_030,10.636363636363637,0,1600,0.0,32.0
DS005_20260706_I43,DS005,2026-07-06,43,Evening,121,11,0,0,11,0,0.0,,,P_DS005_029|P_DS005_003|P_DS005_006|P_DS005_009|P_DS005_012|P_DS005_018|P_DS005_021|P_DS005_024|P_DS005_027|P_DS005_030|P_DS005_022,11.0,0,1600,0.0,32.0
DS005_20260706_I44,DS005,2026-07-06,44,Evening,87,11,0,0,11,0,0.0,,,P_DS005_003|P_DS005_006|P_DS005_009|P_DS005_012|P_DS005_018|P_DS005_021|P_DS005_024|P_DS005_027|P_DS005_030|P_DS005_022|P_DS005_029,7.909090909090909,0,1600,0.0,32.0
DS005_20260706_I45,DS005,2026-07-06,45,Evening,72,9,0,0,9,0,0.0,,,P_DS005_003|P_DS005_006|P_DS005_009|P_DS005_012|P_DS005_018|P_DS005_021|P_DS005_024|P_DS005_027|P_DS005_030,8.0,0,1600,0.0,32.0
DS005_20260706_I46,DS005,2026-07-06,46,Evening,57,9,0,0,9,0,0.0,,,P_DS005_006|P_DS005_009|P_DS005_012|P_DS005_018|P_DS005_021|P_DS005_024|P_DS005_027|P_DS005_030|P_DS005_003,6.333333333333333,0,1600,0.0,32.0
DS005_20260706_I47,DS005,2026-07-06,47,Late Night,30,9,0,2,7,0,1.0,,P_DS005_009|P_DS005_012,P_DS005_018|P_DS005_021|P_DS005_024|P_DS005_027|P_DS005_030|P_DS005_003|P_DS005_006,4.285714285714286,0,1600,1.0,31.0
DS005_20260706_I48,DS005,2026-07-06,48,Late Night,30,9,0,2,7,0,1.0,,P_DS005_012|P_DS005_018,P_DS005_021|P_DS005_024|P_DS005_027|P_DS005_030|P_DS005_003|P_DS005_006|P_DS005_009,4.285714285714286,0,1600,1.0,30.0
DS005_20260707_I01,DS005,2026-07-07,1,Night,5,17,12,2,3,900,1.0,P_DS005_006|P_DS005_009|P_DS005_012|P_DS005_018|P_DS005_021|P_DS005_024|P_DS005_027|P_DS005_030|P_DS005_001|P_DS005_004|P_DS005_007|P_DS005_010,P_DS005_013|P_DS005_019,P_DS005_022|P_DS005_025|P_DS005_003,1.6666666666666667,900,9100,1.0,49.0
DS005_20260707_I02,DS005,2026-07-07,2,Night,9,18,12,2,4,900,1.0,P_DS005_009|P_DS005_012|P_DS005_018|P_DS005_021|P_DS005_024|P_DS005_027|P_DS005_030|P_DS005_001|P_DS005_004|P_DS005_007|P_DS005_010|P_DS005_013,P_DS005_019|P_DS005_022,P_DS005_025|P_DS005_028|P_DS005_003|P_DS005_006,2.25,900,8200,1.0,48.0
DS005_20260707_I03,DS005,2026-07-07,3,Night,8,9,8,0,1,600,0.0,P_DS005_010|P_DS005_013|P_DS005_019|P_DS005_022|P_DS005_025|P_DS005_028|P_DS005_001|P_DS005_004,,P_DS005_007,8.0,600,7600,0.0,48.0
DS005_20260707_I04,DS005,2026-07-07,4,Night,12,9,8,0,1,600,0.0,P_DS005_013|P_DS005_019|P_DS005_022|P_DS005_025|P_DS005_028|P_DS005_001|P_DS005_004|P_DS005_007,,P_DS005_010,12.0,600,7000,0.0,48.0
DS005_20260707_I05,DS005,2026-07-07,5,Night,3,9,8,0,1,600,0.0,P_DS005_019|P_DS005_022|P_DS005_025|P_DS005_028|P_DS005_001|P_DS005_004|P_DS005_007|P_DS005_010,,P_DS005_013,3.0,600,6400,0.0,48.0
DS005_20260707_I06,DS005,2026-07-07,6,Night,8,9,8,0,1,600,0.0,P_DS005_022|P_DS005_025|P_DS005_028|P_DS005_001|P_DS005_004|P_DS005_007|P_DS005_010|P_DS005_013,,P_DS005_019,8.0,600,5800,0.0,48.0
DS005_20260707_I07,DS005,2026-07-07,7,Night,9,9,8,0,1,600,0.0,P_DS005_025|P_DS005_028|P_DS005_001|P_DS005_004|P_DS005_007|P_DS005_010|P_DS005_013|P_DS005_019,,P_DS005_022,9.0,600,5200,0.0,48.0
DS005_20260707_I08,DS005,2026-07-07,8,Night,6,9,8,0,1,600,0.0,P_DS005_028|P_DS005_001|P_DS005_004|P_DS005_007|P_DS005_010|P_DS005_013|P_DS005_019|P_DS005_022,,P_DS005_025,6.0,600,4600,0.0,48.0
DS005_20260707_I09,DS005,2026-07-07,9,Night,9,9,8,0,1,600,0.0,P_DS005_001|P_DS005_004|P_DS005_007|P_DS005_010|P_DS005_013|P_DS005_019|P_DS005_022|P_DS005_025,,P_DS005_028,9.0,600,4000,0.0,48.0
DS005_20260707_I10,DS005,2026-07-07,10,Night,6,9,8,0,1,600,0.0,P_DS005_004|P_DS005_007|P_DS005_010|P_DS005_013|P_DS005_019|P_DS005_022|P_DS005_025|P_DS005_028,,P_DS005_001,6.0,600,3400,0.0,48.0
DS005_20260707_I11,DS005,2026-07-07,11,Night,10,9,8,0,1,600,0.0,P_DS005_007|P_DS005_010|P_DS005_013|P_DS005_019|P_DS005_022|P_DS005_025|P_DS005_028|P_DS005_001,,P_DS005_004,10.0,600,2800,0.0,48.0
DS005_20260707_I12,DS005,2026-07-07,12,Night,13,9,8,0,1,600,0.0,P_DS005_010|P_DS005_013|P_DS005_019|P_DS005_022|P_DS005_025|P_DS005_028|P_DS005_001|P_DS005_004,,P_DS005_007,13.0,600,2200,0.0,48.0
DS005_20260707_I13,DS005,2026-07-07,13,Morning,9,9,3,2,4,225,1.0,P_DS005_013|P_DS005_019|P_DS005_022,P_DS005_025|P_DS005_028,P_DS005_001|P_DS005_004|P_DS005_007|P_DS005_010,2.25,225,1975,1.0,47.0
DS005_20260707_I14,DS005,2026-07-07,14,Morning,11,9,3,2,4,225,1.0,P_DS005_019|P_DS005_022|P_DS005_025,P_DS005_028|P_DS005_001,P_DS005_004|P_DS005_007|P_DS005_010|P_DS005_013,2.75,225,1750,1.0,46.0
DS005_20260707_I15,DS005,2026-07-07,15,Morning,27,9,3,2,4,225,1.0,P_DS005_022|P_DS005_025|P_DS005_028,P_DS005_001|P_DS005_004,P_DS005_007|P_DS005_010|P_DS005_013|P_DS005_019,6.75,225,1525,1.0,45.0
DS005_20260707_I16,DS005,2026-07-07,16,Morning,25,9,3,2,4,225,1.0,P_DS005_025|P_DS005_028|P_DS005_001,P_DS005_004|P_DS005_007,P_DS005_010|P_DS005_013|P_DS005_019|P_DS005_022,6.25,225,1300,1.0,44.0
DS005_20260707_I17,DS005,2026-07-07,17,Morning,35,16,3,2,11,225,1.0,P_DS005_004|P_DS005_005|P_DS005_007,P_DS005_008|P_DS005_010,P_DS005_011|P_DS005_013|P_DS005_014|P_DS005_017|P_DS005_019|P_DS005_022|P_DS005_025|P_DS005_026|P_DS005_028|P_DS005_029|P_DS005_001,3.1818181818181817,225,1075,1.0,43.0
DS005_20260707_I18,DS005,2026-07-07,18,Morning,48,17,3,2,12,225,1.0,P_DS005_004|P_DS005_005|P_DS005_007,P_DS005_008|P_DS005_010,P_DS005_011|P_DS005_013|P_DS005_014|P_DS005_017|P_DS005_019|P_DS005_020|P_DS005_022|P_DS005_025|P_DS005_026|P_DS005_028|P_DS005_029|P_DS005_001,4.0,225,850,1.0,42.0
DS005_20260707_I19,DS005,2026-07-07,19,Morning,44,8,0,2,6,0,1.0,,P_DS005_014|P_DS005_017,P_DS005_020|P_DS005_026|P_DS005_029|P_DS005_005|P_DS005_008|P_DS005_011,7.333333333333333,0,850,1.0,41.0
DS005_20260707_I20,DS005,2026-07-07,20,Morning,44,8,0,2,6,0,1.0,,P_DS005_017|P_DS005_020,P_DS005_026|P_DS005_029|P_DS005_005|P_DS005_008|P_DS005_011|P_DS005_014,7.333333333333333,0,850,1.0,40.0
DS005_20260707_I21,DS005,2026-07-07,21,Morning,32,8,0,2,6,0,1.0,,P_DS005_020|P_DS005_026,P_DS005_029|P_DS005_005|P_DS005_008|P_DS005_011|P_DS005_014|P_DS005_017,5.333333333333333,0,850,1.0,39.0
DS005_20260707_I22,DS005,2026-07-07,22,Morning,37,8,0,2,6,0,1.0,,P_DS005_026|P_DS005_029,P_DS005_005|P_DS005_008|P_DS005_011|P_DS005_014|P_DS005_017|P_DS005_020,6.166666666666667,0,850,1.0,38.0
DS005_20260707_I23,DS005,2026-07-07,23,Lunch,27,8,0,0,8,0,0.0,,,P_DS005_029|P_DS005_005|P_DS005_008|P_DS005_011|P_DS005_014|P_DS005_017|P_DS005_020|P_DS005_026,3.375,0,850,0.0,38.0
DS005_20260707_I24,DS005,2026-07-07,24,Lunch,42,8,0,0,8,0,0.0,,,P_DS005_005|P_DS005_008|P_DS005_011|P_DS005_014|P_DS005_017|P_DS005_020|P_DS005_026|P_DS005_029,5.25,0,850,0.0,38.0
DS005_20260707_I25,DS005,2026-07-07,25,Lunch,55,8,0,0,8,0,0.0,,,P_DS005_008|P_DS005_011|P_DS005_014|P_DS005_017|P_DS005_020|P_DS005_026|P_DS005_029|P_DS005_005,6.875,0,850,0.0,38.0
DS005_20260707_I26,DS005,2026-07-07,26,Lunch,65,8,0,0,8,0,0.0,,,P_DS005_011|P_DS005_014|P_DS005_017|P_DS005_020|P_DS005_026|P_DS005_029|P_DS005_005|P_DS005_008,8.125,0,850,0.0,38.0
DS005_20260707_I27,DS005,2026-07-07,27,Lunch,70,8,0,0,8,0,0.0,,,P_DS005_014|P_DS005_017|P_DS005_020|P_DS005_026|P_DS005_029|P_DS005_005|P_DS005_008|P_DS005_011,8.75,0,850,0.0,38.0
DS005_20260707_I28,DS005,2026-07-07,28,Lunch,55,8,0,0,8,0,0.0,,,P_DS005_017|P_DS005_020|P_DS005_026|P_DS005_029|P_DS005_005|P_DS005_008|P_DS005_011|P_DS005_014,6.875,0,850,0.0,38.0
DS005_20260707_I29,DS005,2026-07-07,29,Lunch,48,8,0,0,8,0,0.0,,,P_DS005_020|P_DS005_026|P_DS005_029|P_DS005_005|P_DS005_008|P_DS005_011|P_DS005_014|P_DS005_017,6.0,0,850,0.0,38.0
DS005_20260707_I30,DS005,2026-07-07,30,Lunch,51,8,0,0,8,0,0.0,,,P_DS005_026|P_DS005_029|P_DS005_005|P_DS005_008|P_DS005_011|P_DS005_014|P_DS005_017|P_DS005_020,6.375,0,850,0.0,38.0
DS005_20260707_I31,DS005,2026-07-07,31,Afternoon,21,8,0,2,6,0,1.0,,P_DS005_029|P_DS005_005,P_DS005_008|P_DS005_011|P_DS005_014|P_DS005_017|P_DS005_020|P_DS005_026,3.5,0,850,1.0,37.0
DS005_20260707_I32,DS005,2026-07-07,32,Afternoon,19,8,0,2,6,0,1.0,,P_DS005_005|P_DS005_008,P_DS005_011|P_DS005_014|P_DS005_017|P_DS005_020|P_DS005_026|P_DS005_029,3.1666666666666665,0,850,1.0,36.0
DS005_20260707_I33,DS005,2026-07-07,33,Afternoon,25,14,0,2,12,0,1.0,,P_DS005_012|P_DS005_014,P_DS005_015|P_DS005_017|P_DS005_018|P_DS005_020|P_DS005_026|P_DS005_027|P_DS005_029|P_DS005_003|P_DS005_005|P_DS005_006|P_DS005_008|P_DS005_011,2.0833333333333335,0,850,1.0,35.0
DS005_20260707_I34,DS005,2026-07-07,34,Afternoon,26,15,0,2,13,0,1.0,,P_DS005_011|P_DS005_012,P_DS005_014|P_DS005_015|P_DS005_017|P_DS005_018|P_DS005_020|P_DS005_021|P_DS005_026|P_DS005_027|P_DS005_029|P_DS005_003|P_DS005_005|P_DS005_006|P_DS005_008,2.0,0,850,1.0,34.0
DS005_20260707_I35,DS005,2026-07-07,35,Afternoon,24,7,0,2,5,0,1.0,,P_DS005_003|P_DS005_006,P_DS005_012|P_DS005_015|P_DS005_018|P_DS005_021|P_DS005_027,4.8,0,850,1.0,33.0
DS005_20260707_I36,DS005,2026-07-07,36,Afternoon,45,7,0,2,5,0,1.0,,P_DS005_006|P_DS005_012,P_DS005_015|P_DS005_018|P_DS005_021|P_DS005_027|P_DS005_003,9.0,0,850,1.0,32.0
DS005_20260707_I37,DS005,2026-07-07,37,Evening,62,10,0,0,10,0,0.0,,,P_DS005_002|P_DS005_023|P_DS005_016|P_DS005_003|P_DS005_006|P_DS005_012|P_DS005_015|P_DS005_018|P_DS005_021|P_DS005_027,6.2,0,850,0.0,32.0
DS005_20260707_I38,DS005,2026-07-07,38,Evening,90,10,0,0,10,0,0.0,,,P_DS005_023|P_DS005_016|P_DS005_003|P_DS005_006|P_DS005_012|P_DS005_015|P_DS005_018|P_DS005_021|P_DS005_027|P_DS005_002,9.0,0,850,0.0,32.0
DS005_20260707_I39,DS005,2026-07-07,39,Evening,118,10,0,0,10,0,0.0,,,P_DS005_016|P_DS005_003|P_DS005_006|P_DS005_012|P_DS005_015|P_DS005_018|P_DS005_021|P_DS005_027|P_DS005_002|P_DS005_023,11.8,0,850,0.0,32.0
DS005_20260707_I40,DS005,2026-07-07,40,Evening,116,10,0,0,10,0,0.0,,,P_DS005_003|P_DS005_006|P_DS005_012|P_DS005_015|P_DS005_018|P_DS005_021|P_DS005_027|P_DS005_002|P_DS005_023|P_DS005_016,11.6,0,850,0.0,32.0
DS005_20260707_I41,DS005,2026-07-07,41,Evening,122,10,0,0,10,0,0.0,,,P_DS005_006|P_DS005_012|P_DS005_015|P_DS005_018|P_DS005_021|P_DS005_027|P_DS005_002|P_DS005_023|P_DS005_016|P_DS005_003,12.2,0,850,0.0,32.0
DS005_20260707_I42,DS005,2026-07-07,42,Evening,127,10,0,0,10,0,0.0,,,P_DS005_012|P_DS005_015|P_DS005_018|P_DS005_021|P_DS005_027|P_DS005_002|P_DS005_023|P_DS005_016|P_DS005_003|P_DS005_006,12.7,0,850,0.0,32.0
DS005_20260707_I43,DS005,2026-07-07,43,Evening,101,10,0,0,10,0,0.0,,,P_DS005_015|P_DS005_018|P_DS005_021|P_DS005_027|P_DS005_002|P_DS005_023|P_DS005_016|P_DS005_003|P_DS005_006|P_DS005_012,10.1,0,850,0.0,32.0
DS005_20260707_I44,DS005,2026-07-07,44,Evening,101,10,0,0,10,0,0.0,,,P_DS005_018|P_DS005_021|P_DS005_027|P_DS005_002|P_DS005_023|P_DS005_016|P_DS005_003|P_DS005_006|P_DS005_012|P_DS005_015,10.1,0,850,0.0,32.0
DS005_20260707_I45,DS005,2026-07-07,45,Evening,65,7,0,0,7,0,0.0,,,P_DS005_015|P_DS005_018|P_DS005_021|P_DS005_027|P_DS005_003|P_DS005_006|P_DS005_012,9.285714285714286,0,850,0.0,32.0
DS005_20260707_I46,DS005,2026-07-07,46,Evening,54,7,0,0,7,0,0.0,,,P_DS005_018|P_DS005_021|P_DS005_027|P_DS005_003|P_DS005_006|P_DS005_012|P_DS005_015,7.714285714285714,0,850,0.0,32.0
DS005_20260707_I47,DS005,2026-07-07,47,Late Night,43,7,0,2,5,0,1.0,,P_DS005_021|P_DS005_027,P_DS005_003|P_DS005_006|P_DS005_012|P_DS005_015|P_DS005_018,8.6,0,850,1.0,31.0
DS005_20260707_I48,DS005,2026-07-07,48,Late Night,20,7,0,2,5,0,1.0,,P_DS005_027|P_DS005_003,P_DS005_006|P_DS005_012|P_DS005_015|P_DS005_018|P_DS005_021,4.0,0,850,1.0,30.0
DS005_20260708_I01,DS005,2026-07-08,1,Night,6,16,12,2,2,900,1.0,P_DS005_006|P_DS005_012|P_DS005_015|P_DS005_018|P_DS005_021|P_DS005_027|P_DS005_001|P_DS005_004|P_DS005_007|P_DS005_013|P_DS005_016|P_DS005_019,P_DS005_022|P_DS005_025,P_DS005_028|P_DS005_003,3.0,900,9100,1.0,49.0
DS005_20260708_I02,DS005,2026-07-08,2,Night,7,15,12,2,1,900,1.0,P_DS005_015|P_DS005_018|P_DS005_021|P_DS005_027|P_DS005_001|P_DS005_004|P_DS005_007|P_DS005_013|P_DS005_016|P_DS005_019|P_DS005_022|P_DS005_025,P_DS005_028|P_DS005_006,P_DS005_012,7.0,900,8200,1.0,48.0
DS005_20260708_I03,DS005,2026-07-08,3,Night,6,9,8,0,1,600,0.0,P_DS005_013|P_DS005_016|P_DS005_019|P_DS005_022|P_DS005_025|P_DS005_028|P_DS005_001|P_DS005_004,,P_DS005_007,6.0,600,7600,0.0,48.0
DS005_20260708_I04,DS005,2026-07-08,4,Night,4,9,8,0,1,600,0.0,P_DS005_016|P_DS005_019|P_DS005_022|P_DS005_025|P_DS005_028|P_DS005_001|P_DS005_004|P_DS005_007,,P_DS005_013,4.0,600,7000,0.0,48.0
DS005_20260708_I05,DS005,2026-07-08,5,Night,2,9,8,0,1,600,0.0,P_DS005_019|P_DS005_022|P_DS005_025|P_DS005_028|P_DS005_001|P_DS005_004|P_DS005_007|P_DS005_013,,P_DS005_016,2.0,600,6400,0.0,48.0
DS005_20260708_I06,DS005,2026-07-08,6,Night,3,9,8,0,1,600,0.0,P_DS005_022|P_DS005_025|P_DS005_028|P_DS005_001|P_DS005_004|P_DS005_007|P_DS005_013|P_DS005_016,,P_DS005_019,3.0,600,5800,0.0,48.0
DS005_20260708_I07,DS005,2026-07-08,7,Night,3,9,8,0,1,600,0.0,P_DS005_025|P_DS005_028|P_DS005_001|P_DS005_004|P_DS005_007|P_DS005_013|P_DS005_016|P_DS005_019,,P_DS005_022,3.0,600,5200,0.0,48.0
DS005_20260708_I08,DS005,2026-07-08,8,Night,3,9,8,0,1,600,0.0,P_DS005_028|P_DS005_001|P_DS005_004|P_DS005_007|P_DS005_013|P_DS005_016|P_DS005_019|P_DS005_022,,P_DS005_025,3.0,600,4600,0.0,48.0
DS005_20260708_I09,DS005,2026-07-08,9,Night,5,9,8,0,1,600,0.0,P_DS005_001|P_DS005_004|P_DS005_007|P_DS005_013|P_DS005_016|P_DS005_019|P_DS005_022|P_DS005_025,,P_DS005_028,5.0,600,4000,0.0,48.0
DS005_20260708_I10,DS005,2026-07-08,10,Night,5,9,8,0,1,600,0.0,P_DS005_004|P_DS005_007|P_DS005_013|P_DS005_016|P_DS005_019|P_DS005_022|P_DS005_025|P_DS005_028,,P_DS005_001,5.0,600,3400,0.0,48.0
DS005_20260708_I11,DS005,2026-07-08,11,Night,6,9,8,0,1,600,0.0,P_DS005_007|P_DS005_013|P_DS005_016|P_DS005_019|P_DS005_022|P_DS005_025|P_DS005_028|P_DS005_001,,P_DS005_004,6.0,600,2800,0.0,48.0
DS005_20260708_I12,DS005,2026-07-08,12,Night,7,9,8,0,1,600,0.0,P_DS005_013|P_DS005_016|P_DS005_019|P_DS005_022|P_DS005_025|P_DS005_028|P_DS005_001|P_DS005_004,,P_DS005_007,7.0,600,2200,0.0,48.0
DS005_20260708_I13,DS005,2026-07-08,13,Morning,7,9,3,2,4,225,1.0,P_DS005_016|P_DS005_019|P_DS005_022,P_DS005_025|P_DS005_028,P_DS005_001|P_DS005_004|P_DS005_007|P_DS005_013,1.75,225,1975,1.0,47.0
DS005_20260708_I14,DS005,2026-07-08,14,Morning,15,9,3,2,4,225,1.0,P_DS005_019|P_DS005_022|P_DS005_025,P_DS005_028|P_DS005_001,P_DS005_004|P_DS005_007|P_DS005_013|P_DS005_016,3.75,225,1750,1.0,46.0
DS005_20260708_I15,DS005,2026-07-08,15,Morning,22,9,3,2,4,225,1.0,P_DS005_022|P_DS005_025|P_DS005_028,P_DS005_001|P_DS005_004,P_DS005_007|P_DS005_013|P_DS005_016|P_DS005_019,5.5,225,1525,1.0,45.0
DS005_20260708_I16,DS005,2026-07-08,16,Morning,35,9,3,2,4,225,1.0,P_DS005_025|P_DS005_028|P_DS005_001,P_DS005_004|P_DS005_007,P_DS005_013|P_DS005_016|P_DS005_019|P_DS005_022,8.75,225,1300,1.0,44.0
DS005_20260708_I17,DS005,2026-07-08,17,Morning,31,17,3,2,12,225,1.0,P_DS005_001|P_DS005_002|P_DS005_004,P_DS005_005|P_DS005_007,P_DS005_008|P_DS005_011|P_DS005_013|P_DS005_014|P_DS005_016|P_DS005_019|P_DS005_020|P_DS005_022|P_DS005_025|P_DS005_026|P_DS005_028|P_DS005_029,2.5833333333333335,225,1075,1.0,43.0
DS005_20260708_I18,DS005,2026-07-08,18,Morning,43,17,3,2,12,225,1.0,P_DS005_002|P_DS005_004|P_DS005_005,P_DS005_007|P_DS005_008,P_DS005_011|P_DS005_013|P_DS005_014|P_DS005_016|P_DS005_020|P_DS005_022|P_DS005_023|P_DS005_025|P_DS005_026|P_DS005_028|P_DS005_029|P_DS005_001,3.5833333333333335,225,850,1.0,42.0
DS005_20260708_I19,DS005,2026-07-08,19,Morning,36,9,0,2,7,0,1.0,,P_DS005_005|P_DS005_008,P_DS005_011|P_DS005_014|P_DS005_020|P_DS005_023|P_DS005_026|P_DS005_029|P_DS005_002,5.142857142857143,0,850,1.0,41.0
DS005_20260708_I20,DS005,2026-07-08,20,Morning,27,9,0,2,7,0,1.0,,P_DS005_008|P_DS005_011,P_DS005_014|P_DS005_020|P_DS005_023|P_DS005_026|P_DS005_029|P_DS005_002|P_DS005_005,3.857142857142857,0,850,1.0,40.0
DS005_20260708_I21,DS005,2026-07-08,21,Morning,34,9,0,2,7,0,1.0,,P_DS005_011|P_DS005_014,P_DS005_020|P_DS005_023|P_DS005_026|P_DS005_029|P_DS005_002|P_DS005_005|P_DS005_008,4.857142857142857,0,850,1.0,39.0
DS005_20260708_I22,DS005,2026-07-08,22,Morning,22,9,0,2,7,0,1.0,,P_DS005_014|P_DS005_020,P_DS005_023|P_DS005_026|P_DS005_029|P_DS005_002|P_DS005_005|P_DS005_008|P_DS005_011,3.142857142857143,0,850,1.0,38.0
DS005_20260708_I23,DS005,2026-07-08,23,Lunch,33,9,0,0,9,0,0.0,,,P_DS005_020|P_DS005_023|P_DS005_026|P_DS005_029|P_DS005_002|P_DS005_005|P_DS005_008|P_DS005_011|P_DS005_014,3.6666666666666665,0,850,0.0,38.0
DS005_20260708_I24,DS005,2026-07-08,24,Lunch,40,9,0,0,9,0,0.0,,,P_DS005_023|P_DS005_026|P_DS005_029|P_DS005_002|P_DS005_005|P_DS005_008|P_DS005_011|P_DS005_014|P_DS005_020,4.444444444444445,0,850,0.0,38.0
DS005_20260708_I25,DS005,2026-07-08,25,Lunch,47,9,0,0,9,0,0.0,,,P_DS005_026|P_DS005_029|P_DS005_002|P_DS005_005|P_DS005_008|P_DS005_011|P_DS005_014|P_DS005_020|P_DS005_023,5.222222222222222,0,850,0.0,38.0
DS005_20260708_I26,DS005,2026-07-08,26,Lunch,43,9,0,0,9,0,0.0,,,P_DS005_029|P_DS005_002|P_DS005_005|P_DS005_008|P_DS005_011|P_DS005_014|P_DS005_020|P_DS005_023|P_DS005_026,4.777777777777778,0,850,0.0,38.0
DS005_20260708_I27,DS005,2026-07-08,27,Lunch,38,9,0,0,9,0,0.0,,,P_DS005_002|P_DS005_005|P_DS005_008|P_DS005_011|P_DS005_014|P_DS005_020|P_DS005_023|P_DS005_026|P_DS005_029,4.222222222222222,0,850,0.0,38.0
DS005_20260708_I28,DS005,2026-07-08,28,Lunch,62,9,0,0,9,0,0.0,,,P_DS005_005|P_DS005_008|P_DS005_011|P_DS005_014|P_DS005_020|P_DS005_023|P_DS005_026|P_DS005_029|P_DS005_002,6.888888888888889,0,850,0.0,38.0
DS005_20260708_I29,DS005,2026-07-08,29,Lunch,47,9,0,0,9,0,0.0,,,P_DS005_008|P_DS005_011|P_DS005_014|P_DS005_020|P_DS005_023|P_DS005_026|P_DS005_029|P_DS005_002|P_DS005_005,5.222222222222222,0,850,0.0,38.0
DS005_20260708_I30,DS005,2026-07-08,30,Lunch,36,9,0,0,9,0,0.0,,,P_DS005_011|P_DS005_014|P_DS005_020|P_DS005_023|P_DS005_026|P_DS005_029|P_DS005_002|P_DS005_005|P_DS005_008,4.0,0,850,0.0,38.0
DS005_20260708_I31,DS005,2026-07-08,31,Afternoon,25,9,0,2,7,0,1.0,,P_DS005_014|P_DS005_020,P_DS005_023|P_DS005_026|P_DS005_029|P_DS005_002|P_DS005_005|P_DS005_008|P_DS005_011,3.5714285714285716,0,850,1.0,37.0
DS005_20260708_I32,DS005,2026-07-08,32,Afternoon,18,9,0,2,7,0,1.0,,P_DS005_020|P_DS005_023,P_DS005_026|P_DS005_029|P_DS005_002|P_DS005_005|P_DS005_008|P_DS005_011|P_DS005_014,2.5714285714285716,0,850,1.0,36.0
DS005_20260708_I33,DS005,2026-07-08,33,Afternoon,20,17,0,2,15,0,1.0,,P_DS005_030|P_DS005_002,P_DS005_005|P_DS005_006|P_DS005_008|P_DS005_009|P_DS005_011|P_DS005_012|P_DS005_014|P_DS005_015|P_DS005_018|P_DS005_020|P_DS005_021|P_DS005_023|P_DS005_026|P_DS005_027|P_DS005_029,1.3333333333333333,0,850,1.0,35.0
DS005_20260708_I34,DS005,2026-07-08,34,Afternoon,20,17,0,2,15,0,1.0,,P_DS005_002|P_DS005_005,P_DS005_006|P_DS005_008|P_DS005_009|P_DS005_011|P_DS005_012|P_DS005_014|P_DS005_015|P_DS005_018|P_DS005_020|P_DS005_021|P_DS005_023|P_DS005_026|P_DS005_027|P_DS005_029|P_DS005_030,1.3333333333333333,0,850,1.0,34.0
DS005_20260708_I35,DS005,2026-07-08,35,Afternoon,24,8,0,2,6,0,1.0,,P_DS005_015|P_DS005_018,P_DS005_021|P_DS005_027|P_DS005_030|P_DS005_006|P_DS005_009|P_DS005_012,4.0,0,850,1.0,33.0
DS005_20260708_I36,DS005,2026-07-08,36,Afternoon,41,8,0,2,6,0,1.0,,P_DS005_018|P_DS005_021,P_DS005_027|P_DS005_030|P_DS005_006|P_DS005_009|P_DS005_012|P_DS005_015,6.833333333333333,0,850,1.0,32.0
DS005_20260708_I37,DS005,2026-07-08,37,Evening,57,8,0,0,8,0,0.0,,,P_DS005_021|P_DS005_027|P_DS005_030|P_DS005_006|P_DS005_009|P_DS005_012|P_DS005_015|P_DS005_018,7.125,0,850,0.0,32.0
DS005_20260708_I38,DS005,2026-07-08,38,Evening,67,8,0,0,8,0,0.0,,,P_DS005_027|P_DS005_030|P_DS005_006|P_DS005_009|P_DS005_012|P_DS005_015|P_DS005_018|P_DS005_021,8.375,0,850,0.0,32.0
DS005_20260708_I39,DS005,2026-07-08,39,Evening,73,8,0,0,8,0,0.0,,,P_DS005_030|P_DS005_006|P_DS005_009|P_DS005_012|P_DS005_015|P_DS005_018|P_DS005_021|P_DS005_027,9.125,0,850,0.0,32.0
DS005_20260708_I40,DS005,2026-07-08,40,Evening,103,8,0,0,8,0,0.0,,,P_DS005_006|P_DS005_009|P_DS005_012|P_DS005_015|P_DS005_018|P_DS005_021|P_DS005_027|P_DS005_030,12.875,0,850,0.0,32.0
DS005_20260708_I41,DS005,2026-07-08,41,Evening,105,8,0,0,8,0,0.0,,,P_DS005_009|P_DS005_012|P_DS005_015|P_DS005_018|P_DS005_021|P_DS005_027|P_DS005_030|P_DS005_006,13.125,0,850,0.0,32.0
DS005_20260708_I42,DS005,2026-07-08,42,Evening,110,8,0,0,8,0,0.0,,,P_DS005_012|P_DS005_015|P_DS005_018|P_DS005_021|P_DS005_027|P_DS005_030|P_DS005_006|P_DS005_009,13.75,0,850,0.0,32.0
DS005_20260708_I43,DS005,2026-07-08,43,Evening,87,8,0,0,8,0,0.0,,,P_DS005_015|P_DS005_018|P_DS005_021|P_DS005_027|P_DS005_030|P_DS005_006|P_DS005_009|P_DS005_012,10.875,0,850,0.0,32.0
DS005_20260708_I44,DS005,2026-07-08,44,Evening,74,8,0,0,8,0,0.0,,,P_DS005_018|P_DS005_021|P_DS005_027|P_DS005_030|P_DS005_006|P_DS005_009|P_DS005_012|P_DS005_015,9.25,0,850,0.0,32.0
DS005_20260708_I45,DS005,2026-07-08,45,Evening,58,8,0,0,8,0,0.0,,,P_DS005_021|P_DS005_027|P_DS005_030|P_DS005_006|P_DS005_009|P_DS005_012|P_DS005_015|P_DS005_018,7.25,0,850,0.0,32.0
DS005_20260708_I46,DS005,2026-07-08,46,Evening,48,8,0,0,8,0,0.0,,,P_DS005_027|P_DS005_030|P_DS005_006|P_DS005_009|P_DS005_012|P_DS005_015|P_DS005_018|P_DS005_021,6.0,0,850,0.0,32.0
DS005_20260708_I47,DS005,2026-07-08,47,Late Night,29,8,0,2,6,0,1.0,,P_DS005_030|P_DS005_006,P_DS005_009|P_DS005_012|P_DS005_015|P_DS005_018|P_DS005_021|P_DS005_027,4.833333333333333,0,850,1.0,31.0
DS005_20260708_I48,DS005,2026-07-08,48,Late Night,19,8,0,2,6,0,1.0,,P_DS005_006|P_DS005_009,P_DS005_012|P_DS005_015|P_DS005_018|P_DS005_021|P_DS005_027|P_DS005_030,3.1666666666666665,0,850,1.0,30.0
DS005_20260709_I01,DS005,2026-07-09,1,Night,5,16,12,2,2,900,1.0,P_DS005_009|P_DS005_012|P_DS005_015|P_DS005_018|P_DS005_021|P_DS005_027|P_DS005_030|P_DS005_001|P_DS005_007|P_DS005_010|P_DS005_013|P_DS005_016,P_DS005_019|P_DS005_022,P_DS005_028|P_DS005_006,2.5,900,9100,1.0,49.0
DS005_20260709_I02,DS005,2026-07-09,2,Night,2,16,12,2,2,900,1.0,P_DS005_012|P_DS005_015|P_DS005_018|P_DS005_021|P_DS005_027|P_DS005_030|P_DS005_001|P_DS005_007|P_DS005_010|P_DS005_013|P_DS005_016|P_DS005_019,P_DS005_022|P_DS005_028,P_DS005_006|P_DS005_009,1.0,900,8200,1.0,48.0
DS005_20260709_I03,DS005,2026-07-09,3,Night,5,8,7,0,1,525,0.0,P_DS005_013|P_DS005_016|P_DS005_019|P_DS005_022|P_DS005_028|P_DS005_001|P_DS005_007,,P_DS005_010,5.0,525,7675,0.0,48.0
DS005_20260709_I04,DS005,2026-07-09,4,Night,8,8,7,0,1,525,0.0,P_DS005_016|P_DS005_019|P_DS005_022|P_DS005_028|P_DS005_001|P_DS005_007|P_DS005_010,,P_DS005_013,8.0,525,7150,0.0,48.0
DS005_20260709_I05,DS005,2026-07-09,5,Night,6,8,7,0,1,525,0.0,P_DS005_019|P_DS005_022|P_DS005_028|P_DS005_001|P_DS005_007|P_DS005_010|P_DS005_013,,P_DS005_016,6.0,525,6625,0.0,48.0
DS005_20260709_I06,DS005,2026-07-09,6,Night,5,8,7,0,1,525,0.0,P_DS005_022|P_DS005_028|P_DS005_001|P_DS005_007|P_DS005_010|P_DS005_013|P_DS005_016,,P_DS005_019,5.0,525,6100,0.0,48.0
DS005_20260709_I07,DS005,2026-07-09,7,Night,2,8,7,0,1,525,0.0,P_DS005_028|P_DS005_001|P_DS005_007|P_DS005_010|P_DS005_013|P_DS005_016|P_DS005_019,,P_DS005_022,2.0,525,5575,0.0,48.0
DS005_20260709_I08,DS005,2026-07-09,8,Night,6,8,7,0,1,525,0.0,P_DS005_001|P_DS005_007|P_DS005_010|P_DS005_013|P_DS005_016|P_DS005_019|P_DS005_022,,P_DS005_028,6.0,525,5050,0.0,48.0
DS005_20260709_I09,DS005,2026-07-09,9,Night,9,8,7,0,1,525,0.0,P_DS005_007|P_DS005_010|P_DS005_013|P_DS005_016|P_DS005_019|P_DS005_022|P_DS005_028,,P_DS005_001,9.0,525,4525,0.0,48.0
DS005_20260709_I10,DS005,2026-07-09,10,Night,5,8,7,0,1,525,0.0,P_DS005_010|P_DS005_013|P_DS005_016|P_DS005_019|P_DS005_022|P_DS005_028|P_DS005_001,,P_DS005_007,5.0,525,4000,0.0,48.0
DS005_20260709_I11,DS005,2026-07-09,11,Night,6,8,7,0,1,525,0.0,P_DS005_013|P_DS005_016|P_DS005_019|P_DS005_022|P_DS005_028|P_DS005_001|P_DS005_007,,P_DS005_010,6.0,525,3475,0.0,48.0
DS005_20260709_I12,DS005,2026-07-09,12,Night,6,8,7,0,1,525,0.0,P_DS005_016|P_DS005_019|P_DS005_022|P_DS005_028|P_DS005_001|P_DS005_007|P_DS005_010,,P_DS005_013,6.0,525,2950,0.0,48.0
DS005_20260709_I13,DS005,2026-07-09,13,Morning,14,8,3,2,3,225,1.0,P_DS005_019|P_DS005_022|P_DS005_028,P_DS005_001|P_DS005_007,P_DS005_010|P_DS005_013|P_DS005_016,4.666666666666667,225,2725,1.0,47.0
DS005_20260709_I14,DS005,2026-07-09,14,Morning,9,8,3,2,3,225,1.0,P_DS005_022|P_DS005_028|P_DS005_001,P_DS005_007|P_DS005_010,P_DS005_013|P_DS005_016|P_DS005_019,3.0,225,2500,1.0,46.0
DS005_20260709_I15,DS005,2026-07-09,15,Morning,10,8,3,2,3,225,1.0,P_DS005_028|P_DS005_001|P_DS005_007,P_DS005_010|P_DS005_013,P_DS005_016|P_DS005_019|P_DS005_022,3.3333333333333335,225,2275,1.0,45.0
DS005_20260709_I16,DS005,2026-07-09,16,Morning,35,8,3,2,3,225,1.0,P_DS005_001|P_DS005_007|P_DS005_010,P_DS005_013|P_DS005_016,P_DS005_019|P_DS005_022|P_DS005_028,11.666666666666666,225,2050,1.0,44.0
DS005_20260709_I17,DS005,2026-07-09,17,Morning,30,17,3,2,12,225,1.0,P_DS005_001|P_DS005_002|P_DS005_005,P_DS005_007|P_DS005_008,P_DS005_010|P_DS005_013|P_DS005_014|P_DS005_016|P_DS005_017|P_DS005_019|P_DS005_020|P_DS005_022|P_DS005_023|P_DS005_026|P_DS005_028|P_DS005_029,2.5,225,1825,1.0,43.0
DS005_20260709_I18,DS005,2026-07-09,18,Morning,35,17,3,2,12,225,1.0,P_DS005_002|P_DS005_005|P_DS005_007,P_DS005_008|P_DS005_010,P_DS005_013|P_DS005_014|P_DS005_016|P_DS005_017|P_DS005_019|P_DS005_020|P_DS005_022|P_DS005_023|P_DS005_026|P_DS005_028|P_DS005_029|P_DS005_001,2.9166666666666665,225,1600,1.0,42.0
DS005_20260709_I19,DS005,2026-07-09,19,Morning,34,9,0,2,7,0,1.0,,P_DS005_005|P_DS005_008,P_DS005_014|P_DS005_017|P_DS005_020|P_DS005_023|P_DS005_026|P_DS005_029|P_DS005_002,4.857142857142857,0,1600,1.0,41.0
DS005_20260709_I20,DS005,2026-07-09,20,Morning,26,9,0,2,7,0,1.0,,P_DS005_008|P_DS005_014,P_DS005_017|P_DS005_020|P_DS005_023|P_DS005_026|P_DS005_029|P_DS005_002|P_DS005_005,3.7142857142857144,0,1600,1.0,40.0
DS005_20260709_I21,DS005,2026-07-09,21,Morning,19,9,0,2,7,0,1.0,,P_DS005_014|P_DS005_017,P_DS005_020|P_DS005_023|P_DS005_026|P_DS005_029|P_DS005_002|P_DS005_005|P_DS005_008,2.7142857142857144,0,1600,1.0,39.0
DS005_20260709_I22,DS005,2026-07-09,22,Morning,29,9,0,2,7,0,1.0,,P_DS005_017|P_DS005_020,P_DS005_023|P_DS005_026|P_DS005_029|P_DS005_002|P_DS005_005|P_DS005_008|P_DS005_014,4.142857142857143,0,1600,1.0,38.0
DS005_20260709_I23,DS005,2026-07-09,23,Lunch,25,9,0,0,9,0,0.0,,,P_DS005_020|P_DS005_023|P_DS005_026|P_DS005_029|P_DS005_002|P_DS005_005|P_DS005_008|P_DS005_014|P_DS005_017,2.7777777777777777,0,1600,0.0,38.0
DS005_20260709_I24,DS005,2026-07-09,24,Lunch,34,9,0,0,9,0,0.0,,,P_DS005_023|P_DS005_026|P_DS005_029|P_DS005_002|P_DS005_005|P_DS005_008|P_DS005_014|P_DS005_017|P_DS005_020,3.7777777777777777,0,1600,0.0,38.0
DS005_20260709_I25,DS005,2026-07-09,25,Lunch,32,9,0,0,9,0,0.0,,,P_DS005_026|P_DS005_029|P_DS005_002|P_DS005_005|P_DS005_008|P_DS005_014|P_DS005_017|P_DS005_020|P_DS005_023,3.5555555555555554,0,1600,0.0,38.0
DS005_20260709_I26,DS005,2026-07-09,26,Lunch,53,9,0,0,9,0,0.0,,,P_DS005_029|P_DS005_002|P_DS005_005|P_DS005_008|P_DS005_014|P_DS005_017|P_DS005_020|P_DS005_023|P_DS005_026,5.888888888888889,0,1600,0.0,38.0
DS005_20260709_I27,DS005,2026-07-09,27,Lunch,52,9,0,0,9,0,0.0,,,P_DS005_002|P_DS005_005|P_DS005_008|P_DS005_014|P_DS005_017|P_DS005_020|P_DS005_023|P_DS005_026|P_DS005_029,5.777777777777778,0,1600,0.0,38.0
DS005_20260709_I28,DS005,2026-07-09,28,Lunch,61,9,0,0,9,0,0.0,,,P_DS005_005|P_DS005_008|P_DS005_014|P_DS005_017|P_DS005_020|P_DS005_023|P_DS005_026|P_DS005_029|P_DS005_002,6.777777777777778,0,1600,0.0,38.0
DS005_20260709_I29,DS005,2026-07-09,29,Lunch,43,9,0,0,9,0,0.0,,,P_DS005_008|P_DS005_014|P_DS005_017|P_DS005_020|P_DS005_023|P_DS005_026|P_DS005_029|P_DS005_002|P_DS005_005,4.777777777777778,0,1600,0.0,38.0
DS005_20260709_I30,DS005,2026-07-09,30,Lunch,35,9,0,0,9,0,0.0,,,P_DS005_014|P_DS005_017|P_DS005_020|P_DS005_023|P_DS005_026|P_DS005_029|P_DS005_002|P_DS005_005|P_DS005_008,3.888888888888889,0,1600,0.0,38.0
DS005_20260709_I31,DS005,2026-07-09,31,Afternoon,25,9,0,2,7,0,1.0,,P_DS005_017|P_DS005_020,P_DS005_023|P_DS005_026|P_DS005_029|P_DS005_002|P_DS005_005|P_DS005_008|P_DS005_014,3.5714285714285716,0,1600,1.0,37.0
DS005_20260709_I32,DS005,2026-07-09,32,Afternoon,21,9,0,2,7,0,1.0,,P_DS005_020|P_DS005_023,P_DS005_026|P_DS005_029|P_DS005_002|P_DS005_005|P_DS005_008|P_DS005_014|P_DS005_017,3.0,0,1600,1.0,36.0
DS005_20260709_I33,DS005,2026-07-09,33,Afternoon,14,18,0,2,16,0,1.0,,P_DS005_027|P_DS005_029,P_DS005_030|P_DS005_002|P_DS005_003|P_DS005_005|P_DS005_006|P_DS005_008|P_DS005_009|P_DS005_012|P_DS005_014|P_DS005_015|P_DS005_017|P_DS005_020|P_DS005_021|P_DS005_023|P_DS005_024|P_DS005_026,0.875,0,1600,1.0,35.0
DS005_20260709_I34,DS005,2026-07-09,34,Afternoon,21,18,0,2,16,0,1.0,,P_DS005_029|P_DS005_030,P_DS005_002|P_DS005_003|P_DS005_005|P_DS005_006|P_DS005_008|P_DS005_009|P_DS005_012|P_DS005_014|P_DS005_015|P_DS005_017|P_DS005_020|P_DS005_021|P_DS005_023|P_DS005_024|P_DS005_026|P_DS005_027,1.3125,0,1600,1.0,34.0
DS005_20260709_I35,DS005,2026-07-09,35,Afternoon,27,9,0,2,7,0,1.0,,P_DS005_030|P_DS005_003,P_DS005_006|P_DS005_009|P_DS005_012|P_DS005_015|P_DS005_021|P_DS005_024|P_DS005_027,3.857142857142857,0,1600,1.0,33.0
DS005_20260709_I36,DS005,2026-07-09,36,Afternoon,36,9,0,2,7,0,1.0,,P_DS005_003|P_DS005_006,P_DS005_009|P_DS005_012|P_DS005_015|P_DS005_021|P_DS005_024|P_DS005_027|P_DS005_030,5.142857142857143,0,1600,1.0,32.0
DS005_20260709_I37,DS005,2026-07-09,37,Evening,50,9,0,0,9,0,0.0,,,P_DS005_006|P_DS005_009|P_DS005_012|P_DS005_015|P_DS005_021|P_DS005_024|P_DS005_027|P_DS005_030|P_DS005_003,5.555555555555555,0,1600,0.0,32.0
DS005_20260709_I38,DS005,2026-07-09,38,Evening,73,9,0,0,9,0,0.0,,,P_DS005_009|P_DS005_012|P_DS005_015|P_DS005_021|P_DS005_024|P_DS005_027|P_DS005_030|P_DS005_003|P_DS005_006,8.11111111111111,0,1600,0.0,32.0
DS005_20260709_I39,DS005,2026-07-09,39,Evening,83,9,0,0,9,0,0.0,,,P_DS005_012|P_DS005_015|P_DS005_021|P_DS005_024|P_DS005_027|P_DS005_030|P_DS005_003|P_DS005_006|P_DS005_009,9.222222222222221,0,1600,0.0,32.0
DS005_20260709_I40,DS005,2026-07-09,40,Evening,81,9,0,0,9,0,0.0,,,P_DS005_015|P_DS005_021|P_DS005_024|P_DS005_027|P_DS005_030|P_DS005_003|P_DS005_006|P_DS005_009|P_DS005_012,9.0,0,1600,0.0,32.0
DS005_20260709_I41,DS005,2026-07-09,41,Evening,99,9,0,0,9,0,0.0,,,P_DS005_021|P_DS005_024|P_DS005_027|P_DS005_030|P_DS005_003|P_DS005_006|P_DS005_009|P_DS005_012|P_DS005_015,11.0,0,1600,0.0,32.0
DS005_20260709_I42,DS005,2026-07-09,42,Evening,91,9,0,0,9,0,0.0,,,P_DS005_024|P_DS005_027|P_DS005_030|P_DS005_003|P_DS005_006|P_DS005_009|P_DS005_012|P_DS005_015|P_DS005_021,10.11111111111111,0,1600,0.0,32.0
DS005_20260709_I43,DS005,2026-07-09,43,Evening,90,9,0,0,9,0,0.0,,,P_DS005_027|P_DS005_030|P_DS005_003|P_DS005_006|P_DS005_009|P_DS005_012|P_DS005_015|P_DS005_021|P_DS005_024,10.0,0,1600,0.0,32.0
DS005_20260709_I44,DS005,2026-07-09,44,Evening,56,9,0,0,9,0,0.0,,,P_DS005_030|P_DS005_003|P_DS005_006|P_DS005_009|P_DS005_012|P_DS005_015|P_DS005_021|P_DS005_024|P_DS005_027,6.222222222222222,0,1600,0.0,32.0
DS005_20260709_I45,DS005,2026-07-09,45,Evening,54,9,0,0,9,0,0.0,,,P_DS005_003|P_DS005_006|P_DS005_009|P_DS005_012|P_DS005_015|P_DS005_021|P_DS005_024|P_DS005_027|P_DS005_030,6.0,0,1600,0.0,32.0
DS005_20260709_I46,DS005,2026-07-09,46,Evening,34,9,0,0,9,0,0.0,,,P_DS005_006|P_DS005_009|P_DS005_012|P_DS005_015|P_DS005_021|P_DS005_024|P_DS005_027|P_DS005_030|P_DS005_003,3.7777777777777777,0,1600,0.0,32.0
DS005_20260709_I47,DS005,2026-07-09,47,Late Night,20,9,0,2,7,0,1.0,,P_DS005_009|P_DS005_012,P_DS005_015|P_DS005_021|P_DS005_024|P_DS005_027|P_DS005_030|P_DS005_003|P_DS005_006,2.857142857142857,0,1600,1.0,31.0
DS005_20260709_I48,DS005,2026-07-09,48,Late Night,20,9,0,2,7,0,1.0,,P_DS005_012|P_DS005_015,P_DS005_021|P_DS005_024|P_DS005_027|P_DS005_030|P_DS005_003|P_DS005_006|P_DS005_009,2.857142857142857,0,1600,1.0,30.0
DS005_20260710_I01,DS005,2026-07-10,1,Night,5,17,12,2,3,900,1.0,P_DS005_006|P_DS005_009|P_DS005_012|P_DS005_015|P_DS005_021|P_DS005_024|P_DS005_027|P_DS005_030|P_DS005_001|P_DS005_004|P_DS005_007|P_DS005_010,P_DS005_016|P_DS005_022,P_DS005_025|P_DS005_028|P_DS005_003,1.6666666666666667,900,9100,1.0,49.0
DS005_20260710_I02,DS005,2026-07-10,2,Night,7,17,12,2,3,900,1.0,P_DS005_009|P_DS005_012|P_DS005_015|P_DS005_021|P_DS005_024|P_DS005_027|P_DS005_030|P_DS005_001|P_DS005_004|P_DS005_007|P_DS005_010|P_DS005_016,P_DS005_022|P_DS005_025,P_DS005_028|P_DS005_003|P_DS005_006,2.3333333333333335,900,8200,1.0,48.0
DS005_20260710_I03,DS005,2026-07-10,3,Night,4,8,7,0,1,525,0.0,P_DS005_010|P_DS005_016|P_DS005_022|P_DS005_025|P_DS005_028|P_DS005_001|P_DS005_004,,P_DS005_007,4.0,525,7675,0.0,48.0
DS005_20260710_I04,DS005,2026-07-10,4,Night,5,8,7,0,1,525,0.0,P_DS005_016|P_DS005_022|P_DS005_025|P_DS005_028|P_DS005_001|P_DS005_004|P_DS005_007,,P_DS005_010,5.0,525,7150,0.0,48.0
DS005_20260710_I05,DS005,2026-07-10,5,Night,5,8,7,0,1,525,0.0,P_DS005_022|P_DS005_025|P_DS005_028|P_DS005_001|P_DS005_004|P_DS005_007|P_DS005_010,,P_DS005_016,5.0,525,6625,0.0,48.0
DS005_20260710_I06,DS005,2026-07-10,6,Night,15,8,7,0,1,525,0.0,P_DS005_025|P_DS005_028|P_DS005_001|P_DS005_004|P_DS005_007|P_DS005_010|P_DS005_016,,P_DS005_022,15.0,525,6100,0.0,48.0
DS005_20260710_I07,DS005,2026-07-10,7,Night,4,8,7,0,1,525,0.0,P_DS005_028|P_DS005_001|P_DS005_004|P_DS005_007|P_DS005_010|P_DS005_016|P_DS005_022,,P_DS005_025,4.0,525,5575,0.0,48.0
DS005_20260710_I08,DS005,2026-07-10,8,Night,11,8,7,0,1,525,0.0,P_DS005_001|P_DS005_004|P_DS005_007|P_DS005_010|P_DS005_016|P_DS005_022|P_DS005_025,,P_DS005_028,11.0,525,5050,0.0,48.0
DS005_20260710_I09,DS005,2026-07-10,9,Night,4,8,7,0,1,525,0.0,P_DS005_004|P_DS005_007|P_DS005_010|P_DS005_016|P_DS005_022|P_DS005_025|P_DS005_028,,P_DS005_001,4.0,525,4525,0.0,48.0
DS005_20260710_I10,DS005,2026-07-10,10,Night,8,8,7,0,1,525,0.0,P_DS005_007|P_DS005_010|P_DS005_016|P_DS005_022|P_DS005_025|P_DS005_028|P_DS005_001,,P_DS005_004,8.0,525,4000,0.0,48.0
DS005_20260710_I11,DS005,2026-07-10,11,Night,9,8,7,0,1,525,0.0,P_DS005_010|P_DS005_016|P_DS005_022|P_DS005_025|P_DS005_028|P_DS005_001|P_DS005_004,,P_DS005_007,9.0,525,3475,0.0,48.0
DS005_20260710_I12,DS005,2026-07-10,12,Night,9,8,7,0,1,525,0.0,P_DS005_016|P_DS005_022|P_DS005_025|P_DS005_028|P_DS005_001|P_DS005_004|P_DS005_007,,P_DS005_010,9.0,525,2950,0.0,48.0
DS005_20260710_I13,DS005,2026-07-10,13,Morning,7,8,3,2,3,225,1.0,P_DS005_022|P_DS005_025|P_DS005_028,P_DS005_001|P_DS005_004,P_DS005_007|P_DS005_010|P_DS005_016,2.3333333333333335,225,2725,1.0,47.0
DS005_20260710_I14,DS005,2026-07-10,14,Morning,18,8,3,2,3,225,1.0,P_DS005_025|P_DS005_028|P_DS005_001,P_DS005_004|P_DS005_007,P_DS005_010|P_DS005_016|P_DS005_022,6.0,225,2500,1.0,46.0
DS005_20260710_I15,DS005,2026-07-10,15,Morning,18,8,3,2,3,225,1.0,P_DS005_028|P_DS005_001|P_DS005_004,P_DS005_007|P_DS005_010,P_DS005_016|P_DS005_022|P_DS005_025,6.0,225,2275,1.0,45.0
DS005_20260710_I16,DS005,2026-07-10,16,Morning,46,8,3,2,3,225,1.0,P_DS005_001|P_DS005_004|P_DS005_007,P_DS005_010|P_DS005_016,P_DS005_022|P_DS005_025|P_DS005_028,15.333333333333334,225,2050,1.0,44.0
DS005_20260710_I17,DS005,2026-07-10,17,Morning,31,16,3,2,11,225,1.0,P_DS005_002|P_DS005_004|P_DS005_007,P_DS005_008|P_DS005_010,P_DS005_011|P_DS005_014|P_DS005_016|P_DS005_017|P_DS005_020|P_DS005_022|P_DS005_023|P_DS005_025|P_DS005_028|P_DS005_029|P_DS005_001,2.8181818181818183,225,1825,1.0,43.0
DS005_20260710_I18,DS005,2026-07-10,18,Morning,39,16,3,2,11,225,1.0,P_DS005_004|P_DS005_007|P_DS005_008,P_DS005_010|P_DS005_011,P_DS005_014|P_DS005_016|P_DS005_017|P_DS005_020|P_DS005_022|P_DS005_023|P_DS005_025|P_DS005_028|P_DS005_029|P_DS005_001|P_DS005_002,3.5454545454545454,225,1600,1.0,42.0
DS005_20260710_I19,DS005,2026-07-10,19,Morning,34,8,0,2,6,0,1.0,,P_DS005_014|P_DS005_017,P_DS005_020|P_DS005_023|P_DS005_029|P_DS005_002|P_DS005_008|P_DS005_011,5.666666666666667,0,1600,1.0,41.0
DS005_20260710_I20,DS005,2026-07-10,20,Morning,36,8,0,2,6,0,1.0,,P_DS005_017|P_DS005_020,P_DS005_023|P_DS005_029|P_DS005_002|P_DS005_008|P_DS005_011|P_DS005_014,6.0,0,1600,1.0,40.0
DS005_20260710_I21,DS005,2026-07-10,21,Morning,29,8,0,2,6,0,1.0,,P_DS005_020|P_DS005_023,P_DS005_029|P_DS005_002|P_DS005_008|P_DS005_011|P_DS005_014|P_DS005_017,4.833333333333333,0,1600,1.0,39.0
DS005_20260710_I22,DS005,2026-07-10,22,Morning,28,8,0,2,6,0,1.0,,P_DS005_023|P_DS005_029,P_DS005_002|P_DS005_008|P_DS005_011|P_DS005_014|P_DS005_017|P_DS005_020,4.666666666666667,0,1600,1.0,38.0
DS005_20260710_I23,DS005,2026-07-10,23,Lunch,18,8,0,0,8,0,0.0,,,P_DS005_029|P_DS005_002|P_DS005_008|P_DS005_011|P_DS005_014|P_DS005_017|P_DS005_020|P_DS005_023,2.25,0,1600,0.0,38.0
DS005_20260710_I24,DS005,2026-07-10,24,Lunch,28,8,0,0,8,0,0.0,,,P_DS005_002|P_DS005_008|P_DS005_011|P_DS005_014|P_DS005_017|P_DS005_020|P_DS005_023|P_DS005_029,3.5,0,1600,0.0,38.0
DS005_20260710_I25,DS005,2026-07-10,25,Lunch,49,8,0,0,8,0,0.0,,,P_DS005_008|P_DS005_011|P_DS005_014|P_DS005_017|P_DS005_020|P_DS005_023|P_DS005_029|P_DS005_002,6.125,0,1600,0.0,38.0
DS005_20260710_I26,DS005,2026-07-10,26,Lunch,49,8,0,0,8,0,0.0,,,P_DS005_011|P_DS005_014|P_DS005_017|P_DS005_020|P_DS005_023|P_DS005_029|P_DS005_002|P_DS005_008,6.125,0,1600,0.0,38.0
DS005_20260710_I27,DS005,2026-07-10,27,Lunch,59,8,0,0,8,0,0.0,,,P_DS005_014|P_DS005_017|P_DS005_020|P_DS005_023|P_DS005_029|P_DS005_002|P_DS005_008|P_DS005_011,7.375,0,1600,0.0,38.0
DS005_20260710_I28,DS005,2026-07-10,28,Lunch,62,8,0,0,8,0,0.0,,,P_DS005_017|P_DS005_020|P_DS005_023|P_DS005_029|P_DS005_002|P_DS005_008|P_DS005_011|P_DS005_014,7.75,0,1600,0.0,38.0
DS005_20260710_I29,DS005,2026-07-10,29,Lunch,51,8,0,0,8,0,0.0,,,P_DS005_020|P_DS005_023|P_DS005_029|P_DS005_002|P_DS005_008|P_DS005_011|P_DS005_014|P_DS005_017,6.375,0,1600,0.0,38.0
DS005_20260710_I30,DS005,2026-07-10,30,Lunch,51,8,0,0,8,0,0.0,,,P_DS005_023|P_DS005_029|P_DS005_002|P_DS005_008|P_DS005_011|P_DS005_014|P_DS005_017|P_DS005_020,6.375,0,1600,0.0,38.0
DS005_20260710_I31,DS005,2026-07-10,31,Afternoon,25,8,0,2,6,0,1.0,,P_DS005_029|P_DS005_002,P_DS005_008|P_DS005_011|P_DS005_014|P_DS005_017|P_DS005_020|P_DS005_023,4.166666666666667,0,1600,1.0,37.0
DS005_20260710_I32,DS005,2026-07-10,32,Afternoon,20,8,0,2,6,0,1.0,,P_DS005_002|P_DS005_008,P_DS005_011|P_DS005_014|P_DS005_017|P_DS005_020|P_DS005_023|P_DS005_029,3.3333333333333335,0,1600,1.0,36.0
DS005_20260710_I33,DS005,2026-07-10,33,Afternoon,14,16,0,2,14,0,1.0,,P_DS005_003|P_DS005_006,P_DS005_008|P_DS005_009|P_DS005_011|P_DS005_014|P_DS005_015|P_DS005_017|P_DS005_018|P_DS005_020|P_DS005_023|P_DS005_024|P_DS005_027|P_DS005_029|P_DS005_030|P_DS005_002,1.0,0,1600,1.0,35.0
DS005_20260710_I34,DS005,2026-07-10,34,Afternoon,18,16,0,2,14,0,1.0,,P_DS005_006|P_DS005_008,P_DS005_009|P_DS005_011|P_DS005_014|P_DS005_015|P_DS005_017|P_DS005_018|P_DS005_020|P_DS005_023|P_DS005_024|P_DS005_027|P_DS005_029|P_DS005_030|P_DS005_002|P_DS005_003,1.2857142857142858,0,1600,1.0,34.0
DS005_20260710_I35,DS005,2026-07-10,35,Afternoon,35,8,0,2,6,0,1.0,,P_DS005_015|P_DS005_018,P_DS005_024|P_DS005_027|P_DS005_030|P_DS005_003|P_DS005_006|P_DS005_009,5.833333333333333,0,1600,1.0,33.0
DS005_20260710_I36,DS005,2026-07-10,36,Afternoon,39,8,0,2,6,0,1.0,,P_DS005_018|P_DS005_024,P_DS005_027|P_DS005_030|P_DS005_003|P_DS005_006|P_DS005_009|P_DS005_015,6.5,0,1600,1.0,32.0
DS005_20260710_I37,DS005,2026-07-10,37,Evening,54,8,0,0,8,0,0.0,,,P_DS005_024|P_DS005_027|P_DS005_030|P_DS005_003|P_DS005_006|P_DS005_009|P_DS005_015|P_DS005_018,6.75,0,1600,0.0,32.0
DS005_20260710_I38,DS005,2026-07-10,38,Evening,86,8,0,0,8,0,0.0,,,P_DS005_027|P_DS005_030|P_DS005_003|P_DS005_006|P_DS005_009|P_DS005_015|P_DS005_018|P_DS005_024,10.75,0,1600,0.0,32.0
DS005_20260710_I39,DS005,2026-07-10,39,Evening,97,8,0,0,8,0,0.0,,,P_DS005_030|P_DS005_003|P_DS005_006|P_DS005_009|P_DS005_015|P_DS005_018|P_DS005_024|P_DS005_027,12.125,0,1600,0.0,32.0
DS005_20260710_I40,DS005,2026-07-10,40,Evening,108,8,0,0,8,0,0.0,,,P_DS005_003|P_DS005_006|P_DS005_009|P_DS005_015|P_DS005_018|P_DS005_024|P_DS005_027|P_DS005_030,13.5,0,1600,0.0,32.0
DS005_20260710_I41,DS005,2026-07-10,41,Evening,122,8,0,0,8,0,0.0,,,P_DS005_006|P_DS005_009|P_DS005_015|P_DS005_018|P_DS005_024|P_DS005_027|P_DS005_030|P_DS005_003,15.25,0,1600,0.0,32.0
DS005_20260710_I42,DS005,2026-07-10,42,Evening,85,8,0,0,8,0,0.0,,,P_DS005_009|P_DS005_015|P_DS005_018|P_DS005_024|P_DS005_027|P_DS005_030|P_DS005_003|P_DS005_006,10.625,0,1600,0.0,32.0
DS005_20260710_I43,DS005,2026-07-10,43,Evening,103,8,0,0,8,0,0.0,,,P_DS005_015|P_DS005_018|P_DS005_024|P_DS005_027|P_DS005_030|P_DS005_003|P_DS005_006|P_DS005_009,12.875,0,1600,0.0,32.0
DS005_20260710_I44,DS005,2026-07-10,44,Evening,100,8,0,0,8,0,0.0,,,P_DS005_018|P_DS005_024|P_DS005_027|P_DS005_030|P_DS005_003|P_DS005_006|P_DS005_009|P_DS005_015,12.5,0,1600,0.0,32.0
DS005_20260710_I45,DS005,2026-07-10,45,Evening,56,8,0,0,8,0,0.0,,,P_DS005_024|P_DS005_027|P_DS005_030|P_DS005_003|P_DS005_006|P_DS005_009|P_DS005_015|P_DS005_018,7.0,0,1600,0.0,32.0
DS005_20260710_I46,DS005,2026-07-10,46,Evening,50,8,0,0,8,0,0.0,,,P_DS005_027|P_DS005_030|P_DS005_003|P_DS005_006|P_DS005_009|P_DS005_015|P_DS005_018|P_DS005_024,6.25,0,1600,0.0,32.0
DS005_20260710_I47,DS005,2026-07-10,47,Late Night,33,8,0,2,6,0,1.0,,P_DS005_030|P_DS005_003,P_DS005_006|P_DS005_009|P_DS005_015|P_DS005_018|P_DS005_024|P_DS005_027,5.5,0,1600,1.0,31.0
DS005_20260710_I48,DS005,2026-07-10,48,Late Night,18,8,0,2,6,0,1.0,,P_DS005_003|P_DS005_006,P_DS005_009|P_DS005_015|P_DS005_018|P_DS005_024|P_DS005_027|P_DS005_030,3.0,0,1600,1.0,30.0
DS005_20260711_I01,DS005,2026-07-11,1,Night,6,17,12,2,3,900,1.0,P_DS005_006|P_DS005_009|P_DS005_015|P_DS005_018|P_DS005_024|P_DS005_027|P_DS005_030|P_DS005_001|P_DS005_004|P_DS005_007|P_DS005_010|P_DS005_016,P_DS005_019|P_DS005_022,P_DS005_025|P_DS005_028|P_DS005_003,2.0,900,9100,1.0,49.0
DS005_20260711_I02,DS005,2026-07-11,2,Night,3,17,12,2,3,900,1.0,P_DS005_009|P_DS005_015|P_DS005_018|P_DS005_024|P_DS005_027|P_DS005_030|P_DS005_001|P_DS005_004|P_DS005_007|P_DS005_010|P_DS005_016|P_DS005_019,P_DS005_022|P_DS005_025,P_DS005_028|P_DS005_003|P_DS005_006,1.0,900,8200,1.0,48.0
DS005_20260711_I03,DS005,2026-07-11,3,Night,5,9,8,0,1,600,0.0,P_DS005_010|P_DS005_016|P_DS005_019|P_DS005_022|P_DS005_025|P_DS005_028|P_DS005_001|P_DS005_004,,P_DS005_007,5.0,600,7600,0.0,48.0
DS005_20260711_I04,DS005,2026-07-11,4,Night,10,9,8,0,1,600,0.0,P_DS005_016|P_DS005_019|P_DS005_022|P_DS005_025|P_DS005_028|P_DS005_001|P_DS005_004|P_DS005_007,,P_DS005_010,10.0,600,7000,0.0,48.0
DS005_20260711_I05,DS005,2026-07-11,5,Night,6,9,8,0,1,600,0.0,P_DS005_019|P_DS005_022|P_DS005_025|P_DS005_028|P_DS005_001|P_DS005_004|P_DS005_007|P_DS005_010,,P_DS005_016,6.0,600,6400,0.0,48.0
DS005_20260711_I06,DS005,2026-07-11,6,Night,2,9,8,0,1,600,0.0,P_DS005_022|P_DS005_025|P_DS005_028|P_DS005_001|P_DS005_004|P_DS005_007|P_DS005_010|P_DS005_016,,P_DS005_019,2.0,600,5800,0.0,48.0
DS005_20260711_I07,DS005,2026-07-11,7,Night,3,9,8,0,1,600,0.0,P_DS005_025|P_DS005_028|P_DS005_001|P_DS005_004|P_DS005_007|P_DS005_010|P_DS005_016|P_DS005_019,,P_DS005_022,3.0,600,5200,0.0,48.0
DS005_20260711_I08,DS005,2026-07-11,8,Night,5,9,8,0,1,600,0.0,P_DS005_028|P_DS005_001|P_DS005_004|P_DS005_007|P_DS005_010|P_DS005_016|P_DS005_019|P_DS005_022,,P_DS005_025,5.0,600,4600,0.0,48.0
DS005_20260711_I09,DS005,2026-07-11,9,Night,3,9,8,0,1,600,0.0,P_DS005_001|P_DS005_004|P_DS005_007|P_DS005_010|P_DS005_016|P_DS005_019|P_DS005_022|P_DS005_025,,P_DS005_028,3.0,600,4000,0.0,48.0
DS005_20260711_I10,DS005,2026-07-11,10,Night,3,9,8,0,1,600,0.0,P_DS005_004|P_DS005_007|P_DS005_010|P_DS005_016|P_DS005_019|P_DS005_022|P_DS005_025|P_DS005_028,,P_DS005_001,3.0,600,3400,0.0,48.0
DS005_20260711_I11,DS005,2026-07-11,11,Night,6,9,8,0,1,600,0.0,P_DS005_007|P_DS005_010|P_DS005_016|P_DS005_019|P_DS005_022|P_DS005_025|P_DS005_028|P_DS005_001,,P_DS005_004,6.0,600,2800,0.0,48.0
DS005_20260711_I12,DS005,2026-07-11,12,Night,2,9,8,0,1,600,0.0,P_DS005_010|P_DS005_016|P_DS005_019|P_DS005_022|P_DS005_025|P_DS005_028|P_DS005_001|P_DS005_004,,P_DS005_007,2.0,600,2200,0.0,48.0
DS005_20260711_I13,DS005,2026-07-11,13,Morning,5,9,3,2,4,225,1.0,P_DS005_016|P_DS005_019|P_DS005_022,P_DS005_025|P_DS005_028,P_DS005_001|P_DS005_004|P_DS005_007|P_DS005_010,1.25,225,1975,1.0,47.0
DS005_20260711_I14,DS005,2026-07-11,14,Morning,2,9,3,2,4,225,1.0,P_DS005_019|P_DS005_022|P_DS005_025,P_DS005_028|P_DS005_001,P_DS005_004|P_DS005_007|P_DS005_010|P_DS005_016,0.5,225,1750,1.0,46.0
DS005_20260711_I15,DS005,2026-07-11,15,Morning,7,9,3,2,4,225,1.0,P_DS005_022|P_DS005_025|P_DS005_028,P_DS005_001|P_DS005_004,P_DS005_007|P_DS005_010|P_DS005_016|P_DS005_019,1.75,225,1525,1.0,45.0
DS005_20260711_I16,DS005,2026-07-11,16,Morning,12,9,3,2,4,225,1.0,P_DS005_025|P_DS005_028|P_DS005_001,P_DS005_004|P_DS005_007,P_DS005_010|P_DS005_016|P_DS005_019|P_DS005_022,3.0,225,1300,1.0,44.0
DS005_20260711_I17,DS005,2026-07-11,17,Morning,23,16,3,2,11,225,1.0,P_DS005_002|P_DS005_004|P_DS005_005,P_DS005_007|P_DS005_008,P_DS005_010|P_DS005_014|P_DS005_016|P_DS005_019|P_DS005_022|P_DS005_023|P_DS005_025|P_DS005_026|P_DS005_028|P_DS005_029|P_DS005_001,2.090909090909091,225,1075,1.0,43.0
DS005_20260711_I18,DS005,2026-07-11,18,Morning,21,17,3,2,12,225,1.0,P_DS005_002|P_DS005_004|P_DS005_005,P_DS005_007|P_DS005_008,P_DS005_010|P_DS005_014|P_DS005_016|P_DS005_017|P_DS005_019|P_DS005_022|P_DS005_023|P_DS005_025|P_DS005_026|P_DS005_028|P_DS005_029|P_DS005_001,1.75,225,850,1.0,42.0
DS005_20260711_I19,DS005,2026-07-11,19,Morning,40,8,0,2,6,0,1.0,,P_DS005_014|P_DS005_017,P_DS005_023|P_DS005_026|P_DS005_029|P_DS005_002|P_DS005_005|P_DS005_008,6.666666666666667,0,850,1.0,41.0
DS005_20260711_I20,DS005,2026-07-11,20,Morning,41,8,0,2,6,0,1.0,,P_DS005_017|P_DS005_023,P_DS005_026|P_DS005_029|P_DS005_002|P_DS005_005|P_DS005_008|P_DS005_014,6.833333333333333,0,850,1.0,40.0
DS005_20260711_I21,DS005,2026-07-11,21,Morning,41,8,0,2,6,0,1.0,,P_DS005_023|P_DS005_026,P_DS005_029|P_DS005_002|P_DS005_005|P_DS005_008|P_DS005_014|P_DS005_017,6.833333333333333,0,850,1.0,39.0
DS005_20260711_I22,DS005,2026-07-11,22,Morning,50,8,0,2,6,0,1.0,,P_DS005_026|P_DS005_029,P_DS005_002|P_DS005_005|P_DS005_008|P_DS005_014|P_DS005_017|P_DS005_023,8.333333333333334,0,850,1.0,38.0
DS005_20260711_I23,DS005,2026-07-11,23,Lunch,62,8,0,0,8,0,0.0,,,P_DS005_029|P_DS005_002|P_DS005_005|P_DS005_008|P_DS005_014|P_DS005_017|P_DS005_023|P_DS005_026,7.75,0,850,0.0,38.0
DS005_20260711_I24,DS005,2026-07-11,24,Lunch,69,8,0,0,8,0,0.0,,,P_DS005_002|P_DS005_005|P_DS005_008|P_DS005_014|P_DS005_017|P_DS005_023|P_DS005_026|P_DS005_029,8.625,0,850,0.0,38.0
DS005_20260711_I25,DS005,2026-07-11,25,Lunch,69,8,0,0,8,0,0.0,,,P_DS005_005|P_DS005_008|P_DS005_014|P_DS005_017|P_DS005_023|P_DS005_026|P_DS005_029|P_DS005_002,8.625,0,850,0.0,38.0
DS005_20260711_I26,DS005,2026-07-11,26,Lunch,64,8,0,0,8,0,0.0,,,P_DS005_008|P_DS005_014|P_DS005_017|P_DS005_023|P_DS005_026|P_DS005_029|P_DS005_002|P_DS005_005,8.0,0,850,0.0,38.0
DS005_20260711_I27,DS005,2026-07-11,27,Lunch,59,8,0,0,8,0,0.0,,,P_DS005_014|P_DS005_017|P_DS005_023|P_DS005_026|P_DS005_029|P_DS005_002|P_DS005_005|P_DS005_008,7.375,0,850,0.0,38.0
DS005_20260711_I28,DS005,2026-07-11,28,Lunch,66,8,0,0,8,0,0.0,,,P_DS005_017|P_DS005_023|P_DS005_026|P_DS005_029|P_DS005_002|P_DS005_005|P_DS005_008|P_DS005_014,8.25,0,850,0.0,38.0
DS005_20260711_I29,DS005,2026-07-11,29,Lunch,68,8,0,0,8,0,0.0,,,P_DS005_023|P_DS005_026|P_DS005_029|P_DS005_002|P_DS005_005|P_DS005_008|P_DS005_014|P_DS005_017,8.5,0,850,0.0,38.0
DS005_20260711_I30,DS005,2026-07-11,30,Lunch,75,8,0,0,8,0,0.0,,,P_DS005_026|P_DS005_029|P_DS005_002|P_DS005_005|P_DS005_008|P_DS005_014|P_DS005_017|P_DS005_023,9.375,0,850,0.0,38.0
DS005_20260711_I31,DS005,2026-07-11,31,Afternoon,54,8,0,2,6,0,1.0,,P_DS005_029|P_DS005_002,P_DS005_005|P_DS005_008|P_DS005_014|P_DS005_017|P_DS005_023|P_DS005_026,9.0,0,850,1.0,37.0
DS005_20260711_I32,DS005,2026-07-11,32,Afternoon,51,8,0,2,6,0,1.0,,P_DS005_002|P_DS005_005,P_DS005_008|P_DS005_014|P_DS005_017|P_DS005_023|P_DS005_026|P_DS005_029,8.5,0,850,1.0,36.0
DS005_20260711_I33,DS005,2026-07-11,33,Afternoon,42,16,0,2,14,0,1.0,,P_DS005_003|P_DS005_005,P_DS005_008|P_DS005_009|P_DS005_012|P_DS005_014|P_DS005_015|P_DS005_017|P_DS005_018|P_DS005_021|P_DS005_023|P_DS005_024|P_DS005_026|P_DS005_029|P_DS005_030|P_DS005_002,3.0,0,850,1.0,35.0
DS005_20260711_I34,DS005,2026-07-11,34,Afternoon,43,16,0,2,14,0,1.0,,P_DS005_005|P_DS005_008,P_DS005_009|P_DS005_012|P_DS005_014|P_DS005_015|P_DS005_017|P_DS005_018|P_DS005_021|P_DS005_023|P_DS005_024|P_DS005_026|P_DS005_029|P_DS005_030|P_DS005_002|P_DS005_003,3.0714285714285716,0,850,1.0,34.0
DS005_20260711_I35,DS005,2026-07-11,35,Afternoon,50,8,0,2,6,0,1.0,,P_DS005_015|P_DS005_018,P_DS005_021|P_DS005_024|P_DS005_030|P_DS005_003|P_DS005_009|P_DS005_012,8.333333333333334,0,850,1.0,33.0
DS005_20260711_I36,DS005,2026-07-11,36,Afternoon,52,8,0,2,6,0,1.0,,P_DS005_018|P_DS005_021,P_DS005_024|P_DS005_030|P_DS005_003|P_DS005_009|P_DS005_012|P_DS005_015,8.666666666666666,0,850,1.0,32.0
DS005_20260711_I37,DS005,2026-07-11,37,Evening,50,11,0,0,11,0,0.0,,,P_DS005_018|P_DS005_021|P_DS005_024|P_DS005_030|P_DS005_027|P_DS005_006|P_DS005_013|P_DS005_003|P_DS005_009|P_DS005_012|P_DS005_015,4.545454545454546,0,850,0.0,32.0
DS005_20260711_I38,DS005,2026-07-11,38,Evening,72,11,0,0,11,0,0.0,,,P_DS005_021|P_DS005_024|P_DS005_030|P_DS005_027|P_DS005_006|P_DS005_013|P_DS005_003|P_DS005_009|P_DS005_012|P_DS005_015|P_DS005_018,6.545454545454546,0,850,0.0,32.0
DS005_20260711_I39,DS005,2026-07-11,39,Evening,90,11,0,0,11,0,0.0,,,P_DS005_024|P_DS005_030|P_DS005_027|P_DS005_006|P_DS005_013|P_DS005_003|P_DS005_009|P_DS005_012|P_DS005_015|P_DS005_018|P_DS005_021,8.181818181818182,0,850,0.0,32.0
DS005_20260711_I40,DS005,2026-07-11,40,Evening,77,11,0,0,11,0,0.0,,,P_DS005_030|P_DS005_027|P_DS005_006|P_DS005_013|P_DS005_003|P_DS005_009|P_DS005_012|P_DS005_015|P_DS005_018|P_DS005_021|P_DS005_024,7.0,0,850,0.0,32.0
DS005_20260711_I41,DS005,2026-07-11,41,Evening,85,11,0,0,11,0,0.0,,,P_DS005_027|P_DS005_006|P_DS005_013|P_DS005_003|P_DS005_009|P_DS005_012|P_DS005_015|P_DS005_018|P_DS005_021|P_DS005_024|P_DS005_030,7.7272727272727275,0,850,0.0,32.0
DS005_20260711_I42,DS005,2026-07-11,42,Evening,102,11,0,0,11,0,0.0,,,P_DS005_006|P_DS005_013|P_DS005_003|P_DS005_009|P_DS005_012|P_DS005_015|P_DS005_018|P_DS005_021|P_DS005_024|P_DS005_030|P_DS005_027,9.272727272727273,0,850,0.0,32.0
DS005_20260711_I43,DS005,2026-07-11,43,Evening,93,11,0,0,11,0,0.0,,,P_DS005_013|P_DS005_003|P_DS005_009|P_DS005_012|P_DS005_015|P_DS005_018|P_DS005_021|P_DS005_024|P_DS005_030|P_DS005_027|P_DS005_006,8.454545454545455,0,850,0.0,32.0
DS005_20260711_I44,DS005,2026-07-11,44,Evening,87,11,0,0,11,0,0.0,,,P_DS005_003|P_DS005_009|P_DS005_012|P_DS005_015|P_DS005_018|P_DS005_021|P_DS005_024|P_DS005_030|P_DS005_027|P_DS005_006|P_DS005_013,7.909090909090909,0,850,0.0,32.0
DS005_20260711_I45,DS005,2026-07-11,45,Evening,68,8,0,0,8,0,0.0,,,P_DS005_021|P_DS005_024|P_DS005_030|P_DS005_003|P_DS005_009|P_DS005_012|P_DS005_015|P_DS005_018,8.5,0,850,0.0,32.0
DS005_20260711_I46,DS005,2026-07-11,46,Evening,63,8,0,0,8,0,0.0,,,P_DS005_024|P_DS005_030|P_DS005_003|P_DS005_009|P_DS005_012|P_DS005_015|P_DS005_018|P_DS005_021,7.875,0,850,0.0,32.0
DS005_20260711_I47,DS005,2026-07-11,47,Late Night,36,8,0,2,6,0,1.0,,P_DS005_030|P_DS005_003,P_DS005_009|P_DS005_012|P_DS005_015|P_DS005_018|P_DS005_021|P_DS005_024,6.0,0,850,1.0,31.0
DS005_20260711_I48,DS005,2026-07-11,48,Late Night,28,8,0,2,6,0,1.0,,P_DS005_003|P_DS005_009,P_DS005_012|P_DS005_015|P_DS005_018|P_DS005_021|P_DS005_024|P_DS005_030,4.666666666666667,0,850,1.0,30.0
DS005_20260712_I01,DS005,2026-07-12,1,Night,7,15,12,2,1,900,1.0,P_DS005_009|P_DS005_012|P_DS005_015|P_DS005_018|P_DS005_021|P_DS005_024|P_DS005_030|P_DS005_001|P_DS005_004|P_DS005_010|P_DS005_013|P_DS005_019,P_DS005_022|P_DS005_025,P_DS005_003,7.0,900,9100,1.0,49.0
DS005_20260712_I02,DS005,2026-07-12,2,Night,9,16,12,2,2,900,1.0,P_DS005_012|P_DS005_015|P_DS005_018|P_DS005_021|P_DS005_024|P_DS005_030|P_DS005_001|P_DS005_004|P_DS005_010|P_DS005_013|P_DS005_016|P_DS005_019,P_DS005_022|P_DS005_025,P_DS005_003|P_DS005_009,4.5,900,8200,1.0,48.0
DS005_20260712_I03,DS005,2026-07-12,3,Night,7,8,7,0,1,525,0.0,P_DS005_013|P_DS005_016|P_DS005_019|P_DS005_022|P_DS005_025|P_DS005_001|P_DS005_004,,P_DS005_010,7.0,525,7675,0.0,48.0
DS005_20260712_I04,DS005,2026-07-12,4,Night,8,8,7,0,1,525,0.0,P_DS005_016|P_DS005_019|P_DS005_022|P_DS005_025|P_DS005_001|P_DS005_004|P_DS005_010,,P_DS005_013,8.0,525,7150,0.0,48.0
DS005_20260712_I05,DS005,2026-07-12,5,Night,4,8,7,0,1,525,0.0,P_DS005_019|P_DS005_022|P_DS005_025|P_DS005_001|P_DS005_004|P_DS005_010|P_DS005_013,,P_DS005_016,4.0,525,6625,0.0,48.0
DS005_20260712_I06,DS005,2026-07-12,6,Night,7,8,7,0,1,525,0.0,P_DS005_022|P_DS005_025|P_DS005_001|P_DS005_004|P_DS005_010|P_DS005_013|P_DS005_016,,P_DS005_019,7.0,525,6100,0.0,48.0
DS005_20260712_I07,DS005,2026-07-12,7,Night,7,8,7,0,1,525,0.0,P_DS005_025|P_DS005_001|P_DS005_004|P_DS005_010|P_DS005_013|P_DS005_016|P_DS005_019,,P_DS005_022,7.0,525,5575,0.0,48.0
DS005_20260712_I08,DS005,2026-07-12,8,Night,6,8,7,0,1,525,0.0,P_DS005_001|P_DS005_004|P_DS005_010|P_DS005_013|P_DS005_016|P_DS005_019|P_DS005_022,,P_DS005_025,6.0,525,5050,0.0,48.0
DS005_20260712_I09,DS005,2026-07-12,9,Night,6,8,7,0,1,525,0.0,P_DS005_004|P_DS005_010|P_DS005_013|P_DS005_016|P_DS005_019|P_DS005_022|P_DS005_025,,P_DS005_001,6.0,525,4525,0.0,48.0
DS005_20260712_I10,DS005,2026-07-12,10,Night,6,8,7,0,1,525,0.0,P_DS005_010|P_DS005_013|P_DS005_016|P_DS005_019|P_DS005_022|P_DS005_025|P_DS005_001,,P_DS005_004,6.0,525,4000,0.0,48.0
DS005_20260712_I11,DS005,2026-07-12,11,Night,8,8,7,0,1,525,0.0,P_DS005_013|P_DS005_016|P_DS005_019|P_DS005_022|P_DS005_025|P_DS005_001|P_DS005_004,,P_DS005_010,8.0,525,3475,0.0,48.0
DS005_20260712_I12,DS005,2026-07-12,12,Night,7,8,7,0,1,525,0.0,P_DS005_016|P_DS005_019|P_DS005_022|P_DS005_025|P_DS005_001|P_DS005_004|P_DS005_010,,P_DS005_013,7.0,525,2950,0.0,48.0
DS005_20260712_I13,DS005,2026-07-12,13,Morning,7,8,3,2,3,225,1.0,P_DS005_019|P_DS005_022|P_DS005_025,P_DS005_001|P_DS005_004,P_DS005_010|P_DS005_013|P_DS005_016,2.3333333333333335,225,2725,1.0,47.0
DS005_20260712_I14,DS005,2026-07-12,14,Morning,12,8,3,2,3,225,1.0,P_DS005_022|P_DS005_025|P_DS005_001,P_DS005_004|P_DS005_010,P_DS005_013|P_DS005_016|P_DS005_019,4.0,225,2500,1.0,46.0
DS005_20260712_I15,DS005,2026-07-12,15,Morning,8,8,3,2,3,225,1.0,P_DS005_025|P_DS005_001|P_DS005_004,P_DS005_010|P_DS005_013,P_DS005_016|P_DS005_019|P_DS005_022,2.6666666666666665,225,2275,1.0,45.0
DS005_20260712_I16,DS005,2026-07-12,16,Morning,18,8,3,2,3,225,1.0,P_DS005_001|P_DS005_004|P_DS005_010,P_DS005_013|P_DS005_016,P_DS005_019|P_DS005_022|P_DS005_025,6.0,225,2050,1.0,44.0
DS005_20260712_I17,DS005,2026-07-12,17,Morning,24,17,3,2,12,225,1.0,P_DS005_001|P_DS005_002|P_DS005_004,P_DS005_005|P_DS005_008,P_DS005_010|P_DS005_011|P_DS005_013|P_DS005_016|P_DS005_017|P_DS005_019|P_DS005_020|P_DS005_022|P_DS005_023|P_DS005_025|P_DS005_026|P_DS005_029,2.0,225,1825,1.0,43.0
DS005_20260712_I18,DS005,2026-07-12,18,Morning,26,17,3,2,12,225,1.0,P_DS005_002|P_DS005_004|P_DS005_005,P_DS005_008|P_DS005_010,P_DS005_011|P_DS005_013|P_DS005_016|P_DS005_017|P_DS005_019|P_DS005_020|P_DS005_022|P_DS005_023|P_DS005_025|P_DS005_026|P_DS005_029|P_DS005_001,2.1666666666666665,225,1600,1.0,42.0
DS005_20260712_I19,DS005,2026-07-12,19,Morning,45,9,0,2,7,0,1.0,,P_DS005_005|P_DS005_008,P_DS005_011|P_DS005_017|P_DS005_020|P_DS005_023|P_DS005_026|P_DS005_029|P_DS005_002,6.428571428571429,0,1600,1.0,41.0
DS005_20260712_I20,DS005,2026-07-12,20,Morning,48,9,0,2,7,0,1.0,,P_DS005_008|P_DS005_011,P_DS005_017|P_DS005_020|P_DS005_023|P_DS005_026|P_DS005_029|P_DS005_002|P_DS005_005,6.857142857142857,0,1600,1.0,40.0
DS005_20260712_I21,DS005,2026-07-12,21,Morning,53,9,0,2,7,0,1.0,,P_DS005_011|P_DS005_017,P_DS005_020|P_DS005_023|P_DS005_026|P_DS005_029|P_DS005_002|P_DS005_005|P_DS005_008,7.571428571428571,0,1600,1.0,39.0
DS005_20260712_I22,DS005,2026-07-12,22,Morning,72,9,0,2,7,0,1.0,,P_DS005_017|P_DS005_020,P_DS005_023|P_DS005_026|P_DS005_029|P_DS005_002|P_DS005_005|P_DS005_008|P_DS005_011,10.285714285714286,0,1600,1.0,38.0
DS005_20260712_I23,DS005,2026-07-12,23,Lunch,63,9,0,0,9,0,0.0,,,P_DS005_020|P_DS005_023|P_DS005_026|P_DS005_029|P_DS005_002|P_DS005_005|P_DS005_008|P_DS005_011|P_DS005_017,7.0,0,1600,0.0,38.0
DS005_20260712_I24,DS005,2026-07-12,24,Lunch,61,9,0,0,9,0,0.0,,,P_DS005_023|P_DS005_026|P_DS005_029|P_DS005_002|P_DS005_005|P_DS005_008|P_DS005_011|P_DS005_017|P_DS005_020,6.777777777777778,0,1600,0.0,38.0
DS005_20260712_I25,DS005,2026-07-12,25,Lunch,86,9,0,0,9,0,0.0,,,P_DS005_026|P_DS005_029|P_DS005_002|P_DS005_005|P_DS005_008|P_DS005_011|P_DS005_017|P_DS005_020|P_DS005_023,9.555555555555555,0,1600,0.0,38.0
DS005_20260712_I26,DS005,2026-07-12,26,Lunch,72,9,0,0,9,0,0.0,,,P_DS005_029|P_DS005_002|P_DS005_005|P_DS005_008|P_DS005_011|P_DS005_017|P_DS005_020|P_DS005_023|P_DS005_026,8.0,0,1600,0.0,38.0
DS005_20260712_I27,DS005,2026-07-12,27,Lunch,92,9,0,0,9,0,0.0,,,P_DS005_002|P_DS005_005|P_DS005_008|P_DS005_011|P_DS005_017|P_DS005_020|P_DS005_023|P_DS005_026|P_DS005_029,10.222222222222221,0,1600,0.0,38.0
DS005_20260712_I28,DS005,2026-07-12,28,Lunch,67,9,0,0,9,0,0.0,,,P_DS005_005|P_DS005_008|P_DS005_011|P_DS005_017|P_DS005_020|P_DS005_023|P_DS005_026|P_DS005_029|P_DS005_002,7.444444444444445,0,1600,0.0,38.0
DS005_20260712_I29,DS005,2026-07-12,29,Lunch,91,9,0,0,9,0,0.0,,,P_DS005_008|P_DS005_011|P_DS005_017|P_DS005_020|P_DS005_023|P_DS005_026|P_DS005_029|P_DS005_002|P_DS005_005,10.11111111111111,0,1600,0.0,38.0
DS005_20260712_I30,DS005,2026-07-12,30,Lunch,72,9,0,0,9,0,0.0,,,P_DS005_011|P_DS005_017|P_DS005_020|P_DS005_023|P_DS005_026|P_DS005_029|P_DS005_002|P_DS005_005|P_DS005_008,8.0,0,1600,0.0,38.0
DS005_20260712_I31,DS005,2026-07-12,31,Afternoon,64,9,0,2,7,0,1.0,,P_DS005_017|P_DS005_020,P_DS005_023|P_DS005_026|P_DS005_029|P_DS005_002|P_DS005_005|P_DS005_008|P_DS005_011,9.142857142857142,0,1600,1.0,37.0
DS005_20260712_I32,DS005,2026-07-12,32,Afternoon,57,9,0,2,7,0,1.0,,P_DS005_020|P_DS005_023,P_DS005_026|P_DS005_029|P_DS005_002|P_DS005_005|P_DS005_008|P_DS005_011|P_DS005_017,8.142857142857142,0,1600,1.0,36.0
DS005_20260712_I33,DS005,2026-07-12,33,Afternoon,43,16,0,2,14,0,1.0,,P_DS005_005|P_DS005_006,P_DS005_008|P_DS005_009|P_DS005_011|P_DS005_012|P_DS005_015|P_DS005_017|P_DS005_018|P_DS005_020|P_DS005_023|P_DS005_024|P_DS005_026|P_DS005_027|P_DS005_029|P_DS005_002,3.0714285714285716,0,1600,1.0,35.0
DS005_20260712_I34,DS005,2026-07-12,34,Afternoon,48,17,0,2,15,0,1.0,,P_DS005_002|P_DS005_003,P_DS005_005|P_DS005_006|P_DS005_008|P_DS005_009|P_DS005_011|P_DS005_012|P_DS005_015|P_DS005_017|P_DS005_018|P_DS005_020|P_DS005_023|P_DS005_024|P_DS005_026|P_DS005_027|P_DS005_029,3.2,0,1600,1.0,34.0
DS005_20260712_I35,DS005,2026-07-12,35,Afternoon,46,8,0,2,6,0,1.0,,P_DS005_012|P_DS005_015,P_DS005_018|P_DS005_024|P_DS005_027|P_DS005_003|P_DS005_006|P_DS005_009,7.666666666666667,0,1600,1.0,33.0
DS005_20260712_I36,DS005,2026-07-12,36,Afternoon,58,8,0,2,6,0,1.0,,P_DS005_015|P_DS005_018,P_DS005_024|P_DS005_027|P_DS005_003|P_DS005_006|P_DS005_009|P_DS005_012,9.666666666666666,0,1600,1.0,32.0
DS005_20260712_I37,DS005,2026-07-12,37,Evening,86,11,0,0,11,0,0.0,,,P_DS005_015|P_DS005_018|P_DS005_024|P_DS005_027|P_DS005_021|P_DS005_007|P_DS005_028|P_DS005_003|P_DS005_006|P_DS005_009|P_DS005_012,7.818181818181818,0,1600,0.0,32.0
DS005_20260712_I38,DS005,2026-07-12,38,Evening,88,11,0,0,11,0,0.0,,,P_DS005_018|P_DS005_024|P_DS005_027|P_DS005_021|P_DS005_007|P_DS005_028|P_DS005_003|P_DS005_006|P_DS005_009|P_DS005_012|P_DS005_015,8.0,0,1600,0.0,32.0
DS005_20260712_I39,DS005,2026-07-12,39,Evening,104,11,0,0,11,0,0.0,,,P_DS005_024|P_DS005_027|P_DS005_021|P_DS005_007|P_DS005_028|P_DS005_003|P_DS005_006|P_DS005_009|P_DS005_012|P_DS005_015|P_DS005_018,9.454545454545455,0,1600,0.0,32.0
DS005_20260712_I40,DS005,2026-07-12,40,Evening,129,11,0,0,11,0,0.0,,,P_DS005_027|P_DS005_021|P_DS005_007|P_DS005_028|P_DS005_003|P_DS005_006|P_DS005_009|P_DS005_012|P_DS005_015|P_DS005_018|P_DS005_024,11.727272727272727,0,1600,0.0,32.0
DS005_20260712_I41,DS005,2026-07-12,41,Evening,105,11,0,0,11,0,0.0,,,P_DS005_021|P_DS005_007|P_DS005_028|P_DS005_003|P_DS005_006|P_DS005_009|P_DS005_012|P_DS005_015|P_DS005_018|P_DS005_024|P_DS005_027,9.545454545454545,0,1600,0.0,32.0
DS005_20260712_I42,DS005,2026-07-12,42,Evening,126,11,0,0,11,0,0.0,,,P_DS005_007|P_DS005_028|P_DS005_003|P_DS005_006|P_DS005_009|P_DS005_012|P_DS005_015|P_DS005_018|P_DS005_024|P_DS005_027|P_DS005_021,11.454545454545455,0,1600,0.0,32.0
DS005_20260712_I43,DS005,2026-07-12,43,Evening,106,11,0,0,11,0,0.0,,,P_DS005_028|P_DS005_003|P_DS005_006|P_DS005_009|P_DS005_012|P_DS005_015|P_DS005_018|P_DS005_024|P_DS005_027|P_DS005_021|P_DS005_007,9.636363636363637,0,1600,0.0,32.0
DS005_20260712_I44,DS005,2026-07-12,44,Evening,79,11,0,0,11,0,0.0,,,P_DS005_003|P_DS005_006|P_DS005_009|P_DS005_012|P_DS005_015|P_DS005_018|P_DS005_024|P_DS005_027|P_DS005_021|P_DS005_007|P_DS005_028,7.181818181818182,0,1600,0.0,32.0
DS005_20260712_I45,DS005,2026-07-12,45,Evening,69,8,0,0,8,0,0.0,,,P_DS005_018|P_DS005_024|P_DS005_027|P_DS005_003|P_DS005_006|P_DS005_009|P_DS005_012|P_DS005_015,8.625,0,1600,0.0,32.0
DS005_20260712_I46,DS005,2026-07-12,46,Evening,46,8,0,0,8,0,0.0,,,P_DS005_024|P_DS005_027|P_DS005_003|P_DS005_006|P_DS005_009|P_DS005_012|P_DS005_015|P_DS005_018,5.75,0,1600,0.0,32.0
DS005_20260712_I47,DS005,2026-07-12,47,Late Night,41,8,0,2,6,0,1.0,,P_DS005_027|P_DS005_003,P_DS005_006|P_DS005_009|P_DS005_012|P_DS005_015|P_DS005_018|P_DS005_024,6.833333333333333,0,1600,1.0,31.0
DS005_20260712_I48,DS005,2026-07-12,48,Late Night,35,8,0,2,6,0,1.0,,P_DS005_003|P_DS005_006,P_DS005_009|P_DS005_012|P_DS005_015|P_DS005_018|P_DS005_024|P_DS005_027,5.833333333333333,0,1600,1.0,30.0
DS005_20260713_I01,DS005,2026-07-13,1,Night,6,14,12,1,1,900,0.5,P_DS005_006|P_DS005_009|P_DS005_012|P_DS005_015|P_DS005_018|P_DS005_024|P_DS005_027|P_DS005_007|P_DS005_010|P_DS005_016|P_DS005_019|P_DS005_025,P_DS005_028,P_DS005_003,6.0,900,9100,0.5,49.5
DS005_20260713_I02,DS005,2026-07-13,2,Night,6,15,12,2,1,900,1.0,P_DS005_009|P_DS005_012|P_DS005_015|P_DS005_018|P_DS005_024|P_DS005_027|P_DS005_007|P_DS005_010|P_DS005_013|P_DS005_016|P_DS005_019|P_DS005_025,P_DS005_028|P_DS005_003,P_DS005_006,6.0,900,8200,1.0,48.5
DS005_20260713_I03,DS005,2026-07-13,3,Night,4,7,6,0,1,450,0.0,P_DS005_016|P_DS005_019|P_DS005_025|P_DS005_028|P_DS005_007|P_DS005_010,,P_DS005_013,4.0,450,7750,0.0,48.5
DS005_20260713_I04,DS005,2026-07-13,4,Night,7,7,6,0,1,450,0.0,P_DS005_019|P_DS005_025|P_DS005_028|P_DS005_007|P_DS005_010|P_DS005_013,,P_DS005_016,7.0,450,7300,0.0,48.5
DS005_20260713_I05,DS005,2026-07-13,5,Night,4,7,6,0,1,450,0.0,P_DS005_025|P_DS005_028|P_DS005_007|P_DS005_010|P_DS005_013|P_DS005_016,,P_DS005_019,4.0,450,6850,0.0,48.5
DS005_20260713_I06,DS005,2026-07-13,6,Night,3,7,6,0,1,450,0.0,P_DS005_028|P_DS005_007|P_DS005_010|P_DS005_013|P_DS005_016|P_DS005_019,,P_DS005_025,3.0,450,6400,0.0,48.5
DS005_20260713_I07,DS005,2026-07-13,7,Night,6,7,6,0,1,450,0.0,P_DS005_007|P_DS005_010|P_DS005_013|P_DS005_016|P_DS005_019|P_DS005_025,,P_DS005_028,6.0,450,5950,0.0,48.5
DS005_20260713_I08,DS005,2026-07-13,8,Night,4,7,6,0,1,450,0.0,P_DS005_010|P_DS005_013|P_DS005_016|P_DS005_019|P_DS005_025|P_DS005_028,,P_DS005_007,4.0,450,5500,0.0,48.5
DS005_20260713_I09,DS005,2026-07-13,9,Night,4,7,6,0,1,450,0.0,P_DS005_013|P_DS005_016|P_DS005_019|P_DS005_025|P_DS005_028|P_DS005_007,,P_DS005_010,4.0,450,5050,0.0,48.5
DS005_20260713_I10,DS005,2026-07-13,10,Night,3,7,6,0,1,450,0.0,P_DS005_016|P_DS005_019|P_DS005_025|P_DS005_028|P_DS005_007|P_DS005_010,,P_DS005_013,3.0,450,4600,0.0,48.5
DS005_20260713_I11,DS005,2026-07-13,11,Night,12,7,6,0,1,450,0.0,P_DS005_019|P_DS005_025|P_DS005_028|P_DS005_007|P_DS005_010|P_DS005_013,,P_DS005_016,12.0,450,4150,0.0,48.5
DS005_20260713_I12,DS005,2026-07-13,12,Night,9,7,6,0,1,450,0.0,P_DS005_025|P_DS005_028|P_DS005_007|P_DS005_010|P_DS005_013|P_DS005_016,,P_DS005_019,9.0,450,3700,0.0,48.5
DS005_20260713_I13,DS005,2026-07-13,13,Morning,9,7,3,2,2,225,1.0,P_DS005_028|P_DS005_007|P_DS005_010,P_DS005_013|P_DS005_016,P_DS005_019|P_DS005_025,4.5,225,3475,1.0,47.5
DS005_20260713_I14,DS005,2026-07-13,14,Morning,11,7,3,2,2,225,1.0,P_DS005_007|P_DS005_010|P_DS005_013,P_DS005_016|P_DS005_019,P_DS005_025|P_DS005_028,5.5,225,3250,1.0,46.5
DS005_20260713_I15,DS005,2026-07-13,15,Morning,22,7,3,2,2,225,1.0,P_DS005_010|P_DS005_013|P_DS005_016,P_DS005_019|P_DS005_025,P_DS005_028|P_DS005_007,11.0,225,3025,1.0,45.5
DS005_20260713_I16,DS005,2026-07-13,16,Morning,26,7,3,2,2,225,1.0,P_DS005_013|P_DS005_016|P_DS005_019,P_DS005_025|P_DS005_028,P_DS005_007|P_DS005_010,13.0,225,2800,1.0,44.5
DS005_20260713_I17,DS005,2026-07-13,17,Morning,46,14,3,2,9,225,1.0,P_DS005_010|P_DS005_011|P_DS005_013,P_DS005_014|P_DS005_016,P_DS005_019|P_DS005_020|P_DS005_023|P_DS005_025|P_DS005_026|P_DS005_028|P_DS005_002|P_DS005_005|P_DS005_007,5.111111111111111,225,2575,1.0,43.5
DS005_20260713_I18,DS005,2026-07-13,18,Morning,43,14,3,2,9,225,1.0,P_DS005_011|P_DS005_013|P_DS005_014,P_DS005_016|P_DS005_019,P_DS005_020|P_DS005_023|P_DS005_025|P_DS005_026|P_DS005_028|P_DS005_002|P_DS005_005|P_DS005_007|P_DS005_010,4.777777777777778,225,2350,1.0,42.5
DS005_20260713_I19,DS005,2026-07-13,19,Morning,35,7,0,2,5,0,1.0,,P_DS005_023|P_DS005_026,P_DS005_002|P_DS005_005|P_DS005_011|P_DS005_014|P_DS005_020,7.0,0,2350,1.0,41.5
DS005_20260713_I20,DS005,2026-07-13,20,Morning,32,7,0,2,5,0,1.0,,P_DS005_026|P_DS005_002,P_DS005_005|P_DS005_011|P_DS005_014|P_DS005_020|P_DS005_023,6.4,0,2350,1.0,40.5
DS005_20260713_I21,DS005,2026-07-13,21,Morning,29,7,0,2,5,0,1.0,,P_DS005_002|P_DS005_005,P_DS005_011|P_DS005_014|P_DS005_020|P_DS005_023|P_DS005_026,5.8,0,2350,1.0,39.5
DS005_20260713_I22,DS005,2026-07-13,22,Morning,26,7,0,2,5,0,1.0,,P_DS005_005|P_DS005_011,P_DS005_014|P_DS005_020|P_DS005_023|P_DS005_026|P_DS005_002,5.2,0,2350,1.0,38.5
DS005_20260713_I23,DS005,2026-07-13,23,Lunch,42,7,0,0,7,0,0.0,,,P_DS005_011|P_DS005_014|P_DS005_020|P_DS005_023|P_DS005_026|P_DS005_002|P_DS005_005,6.0,0,2350,0.0,38.5
DS005_20260713_I24,DS005,2026-07-13,24,Lunch,35,7,0,0,7,0,0.0,,,P_DS005_014|P_DS005_020|P_DS005_023|P_DS005_026|P_DS005_002|P_DS005_005|P_DS005_011,5.0,0,2350,0.0,38.5
DS005_20260713_I25,DS005,2026-07-13,25,Lunch,55,7,0,0,7,0,0.0,,,P_DS005_020|P_DS005_023|P_DS005_026|P_DS005_002|P_DS005_005|P_DS005_011|P_DS005_014,7.857142857142857,0,2350,0.0,38.5
DS005_20260713_I26,DS005,2026-07-13,26,Lunch,70,7,0,0,7,0,0.0,,,P_DS005_023|P_DS005_026|P_DS005_002|P_DS005_005|P_DS005_011|P_DS005_014|P_DS005_020,10.0,0,2350,0.0,38.5
DS005_20260713_I27,DS005,2026-07-13,27,Lunch,65,7,0,0,7,0,0.0,,,P_DS005_026|P_DS005_002|P_DS005_005|P_DS005_011|P_DS005_014|P_DS005_020|P_DS005_023,9.285714285714286,0,2350,0.0,38.5
DS005_20260713_I28,DS005,2026-07-13,28,Lunch,50,7,0,0,7,0,0.0,,,P_DS005_002|P_DS005_005|P_DS005_011|P_DS005_014|P_DS005_020|P_DS005_023|P_DS005_026,7.142857142857143,0,2350,0.0,38.5
DS005_20260713_I29,DS005,2026-07-13,29,Lunch,41,7,0,0,7,0,0.0,,,P_DS005_005|P_DS005_011|P_DS005_014|P_DS005_020|P_DS005_023|P_DS005_026|P_DS005_002,5.857142857142857,0,2350,0.0,38.5
DS005_20260713_I30,DS005,2026-07-13,30,Lunch,31,7,0,0,7,0,0.0,,,P_DS005_011|P_DS005_014|P_DS005_020|P_DS005_023|P_DS005_026|P_DS005_002|P_DS005_005,4.428571428571429,0,2350,0.0,38.5
DS005_20260713_I31,DS005,2026-07-13,31,Afternoon,29,7,0,2,5,0,1.0,,P_DS005_014|P_DS005_020,P_DS005_023|P_DS005_026|P_DS005_002|P_DS005_005|P_DS005_011,5.8,0,2350,1.0,37.5
DS005_20260713_I32,DS005,2026-07-13,32,Afternoon,20,7,0,2,5,0,1.0,,P_DS005_020|P_DS005_023,P_DS005_026|P_DS005_002|P_DS005_005|P_DS005_011|P_DS005_014,4.0,0,2350,1.0,36.5
DS005_20260713_I33,DS005,2026-07-13,33,Afternoon,21,15,0,2,13,0,1.0,,P_DS005_006|P_DS005_009,P_DS005_011|P_DS005_012|P_DS005_014|P_DS005_018|P_DS005_020|P_DS005_021|P_DS005_023|P_DS005_024|P_DS005_026|P_DS005_027|P_DS005_002|P_DS005_003|P_DS005_005,1.6153846153846154,0,2350,1.0,35.5
DS005_20260713_I34,DS005,2026-07-13,34,Afternoon,19,15,0,2,13,0,1.0,,P_DS005_009|P_DS005_011,P_DS005_012|P_DS005_014|P_DS005_018|P_DS005_020|P_DS005_021|P_DS005_023|P_DS005_024|P_DS005_026|P_DS005_027|P_DS005_002|P_DS005_003|P_DS005_005|P_DS005_006,1.4615384615384615,0,2350,1.0,34.5
DS005_20260713_I35,DS005,2026-07-13,35,Afternoon,24,8,0,2,6,0,1.0,,P_DS005_012|P_DS005_018,P_DS005_021|P_DS005_024|P_DS005_027|P_DS005_003|P_DS005_006|P_DS005_009,4.0,0,2350,1.0,33.5
DS005_20260713_I36,DS005,2026-07-13,36,Afternoon,46,8,0,2,6,0,1.0,,P_DS005_018|P_DS005_021,P_DS005_024|P_DS005_027|P_DS005_003|P_DS005_006|P_DS005_009|P_DS005_012,7.666666666666667,0,2350,1.0,32.5
DS005_20260713_I37,DS005,2026-07-13,37,Evening,57,8,0,0,8,0,0.0,,,P_DS005_021|P_DS005_024|P_DS005_027|P_DS005_003|P_DS005_006|P_DS005_009|P_DS005_012|P_DS005_018,7.125,0,2350,0.0,32.5
DS005_20260713_I38,DS005,2026-07-13,38,Evening,75,8,0,0,8,0,0.0,,,P_DS005_024|P_DS005_027|P_DS005_003|P_DS005_006|P_DS005_009|P_DS005_012|P_DS005_018|P_DS005_021,9.375,0,2350,0.0,32.5
DS005_20260713_I39,DS005,2026-07-13,39,Evening,92,8,0,0,8,0,0.0,,,P_DS005_027|P_DS005_003|P_DS005_006|P_DS005_009|P_DS005_012|P_DS005_018|P_DS005_021|P_DS005_024,11.5,0,2350,0.0,32.5
DS005_20260713_I40,DS005,2026-07-13,40,Evening,100,8,0,0,8,0,0.0,,,P_DS005_003|P_DS005_006|P_DS005_009|P_DS005_012|P_DS005_018|P_DS005_021|P_DS005_024|P_DS005_027,12.5,0,2350,0.0,32.5
DS005_20260713_I41,DS005,2026-07-13,41,Evening,97,8,0,0,8,0,0.0,,,P_DS005_006|P_DS005_009|P_DS005_012|P_DS005_018|P_DS005_021|P_DS005_024|P_DS005_027|P_DS005_003,12.125,0,2350,0.0,32.5
DS005_20260713_I42,DS005,2026-07-13,42,Evening,97,8,0,0,8,0,0.0,,,P_DS005_009|P_DS005_012|P_DS005_018|P_DS005_021|P_DS005_024|P_DS005_027|P_DS005_003|P_DS005_006,12.125,0,2350,0.0,32.5
DS005_20260713_I43,DS005,2026-07-13,43,Evening,92,8,0,0,8,0,0.0,,,P_DS005_012|P_DS005_018|P_DS005_021|P_DS005_024|P_DS005_027|P_DS005_003|P_DS005_006|P_DS005_009,11.5,0,2350,0.0,32.5
DS005_20260713_I44,DS005,2026-07-13,44,Evening,64,8,0,0,8,0,0.0,,,P_DS005_018|P_DS005_021|P_DS005_024|P_DS005_027|P_DS005_003|P_DS005_006|P_DS005_009|P_DS005_012,8.0,0,2350,0.0,32.5
DS005_20260713_I45,DS005,2026-07-13,45,Evening,55,8,0,0,8,0,0.0,,,P_DS005_021|P_DS005_024|P_DS005_027|P_DS005_003|P_DS005_006|P_DS005_009|P_DS005_012|P_DS005_018,6.875,0,2350,0.0,32.5
DS005_20260713_I46,DS005,2026-07-13,46,Evening,37,8,0,0,8,0,0.0,,,P_DS005_024|P_DS005_027|P_DS005_003|P_DS005_006|P_DS005_009|P_DS005_012|P_DS005_018|P_DS005_021,4.625,0,2350,0.0,32.5
DS005_20260713_I47,DS005,2026-07-13,47,Late Night,30,8,0,2,6,0,1.0,,P_DS005_027|P_DS005_003,P_DS005_006|P_DS005_009|P_DS005_012|P_DS005_018|P_DS005_021|P_DS005_024,5.0,0,2350,1.0,31.5
DS005_20260713_I48,DS005,2026-07-13,48,Late Night,12,8,0,2,6,0,1.0,,P_DS005_003|P_DS005_006,P_DS005_009|P_DS005_012|P_DS005_018|P_DS005_021|P_DS005_024|P_DS005_027,2.0,0,2350,1.0,30.5
DS005_20260714_I01,DS005,2026-07-14,1,Night,9,17,12,2,3,900,1.0,P_DS005_006|P_DS005_009|P_DS005_012|P_DS005_018|P_DS005_021|P_DS005_024|P_DS005_027|P_DS005_001|P_DS005_004|P_DS005_007|P_DS005_010|P_DS005_013,P_DS005_019|P_DS005_022,P_DS005_025|P_DS005_028|P_DS005_003,3.0,900,9100,1.0,49.0
DS005_20260714_I02,DS005,2026-07-14,2,Night,6,17,12,2,3,900,1.0,P_DS005_009|P_DS005_012|P_DS005_018|P_DS005_021|P_DS005_024|P_DS005_027|P_DS005_001|P_DS005_004|P_DS005_007|P_DS005_010|P_DS005_013|P_DS005_019,P_DS005_022|P_DS005_025,P_DS005_028|P_DS005_003|P_DS005_006,2.0,900,8200,1.0,48.0
DS005_20260714_I03,DS005,2026-07-14,3,Night,13,9,8,0,1,600,0.0,P_DS005_010|P_DS005_013|P_DS005_019|P_DS005_022|P_DS005_025|P_DS005_028|P_DS005_001|P_DS005_004,,P_DS005_007,13.0,600,7600,0.0,48.0
DS005_20260714_I04,DS005,2026-07-14,4,Night,10,9,8,0,1,600,0.0,P_DS005_013|P_DS005_019|P_DS005_022|P_DS005_025|P_DS005_028|P_DS005_001|P_DS005_004|P_DS005_007,,P_DS005_010,10.0,600,7000,0.0,48.0
DS005_20260714_I05,DS005,2026-07-14,5,Night,7,9,8,0,1,600,0.0,P_DS005_019|P_DS005_022|P_DS005_025|P_DS005_028|P_DS005_001|P_DS005_004|P_DS005_007|P_DS005_010,,P_DS005_013,7.0,600,6400,0.0,48.0
DS005_20260714_I06,DS005,2026-07-14,6,Night,4,9,8,0,1,600,0.0,P_DS005_022|P_DS005_025|P_DS005_028|P_DS005_001|P_DS005_004|P_DS005_007|P_DS005_010|P_DS005_013,,P_DS005_019,4.0,600,5800,0.0,48.0
DS005_20260714_I07,DS005,2026-07-14,7,Night,8,9,8,0,1,600,0.0,P_DS005_025|P_DS005_028|P_DS005_001|P_DS005_004|P_DS005_007|P_DS005_010|P_DS005_013|P_DS005_019,,P_DS005_022,8.0,600,5200,0.0,48.0
DS005_20260714_I08,DS005,2026-07-14,8,Night,4,9,8,0,1,600,0.0,P_DS005_028|P_DS005_001|P_DS005_004|P_DS005_007|P_DS005_010|P_DS005_013|P_DS005_019|P_DS005_022,,P_DS005_025,4.0,600,4600,0.0,48.0
DS005_20260714_I09,DS005,2026-07-14,9,Night,4,9,8,0,1,600,0.0,P_DS005_001|P_DS005_004|P_DS005_007|P_DS005_010|P_DS005_013|P_DS005_019|P_DS005_022|P_DS005_025,,P_DS005_028,4.0,600,4000,0.0,48.0
DS005_20260714_I10,DS005,2026-07-14,10,Night,5,9,8,0,1,600,0.0,P_DS005_004|P_DS005_007|P_DS005_010|P_DS005_013|P_DS005_019|P_DS005_022|P_DS005_025|P_DS005_028,,P_DS005_001,5.0,600,3400,0.0,48.0
DS005_20260714_I11,DS005,2026-07-14,11,Night,6,9,8,0,1,600,0.0,P_DS005_007|P_DS005_010|P_DS005_013|P_DS005_019|P_DS005_022|P_DS005_025|P_DS005_028|P_DS005_001,,P_DS005_004,6.0,600,2800,0.0,48.0
DS005_20260714_I12,DS005,2026-07-14,12,Night,4,9,8,0,1,600,0.0,P_DS005_010|P_DS005_013|P_DS005_019|P_DS005_022|P_DS005_025|P_DS005_028|P_DS005_001|P_DS005_004,,P_DS005_007,4.0,600,2200,0.0,48.0
DS005_20260714_I13,DS005,2026-07-14,13,Morning,12,9,3,2,4,225,1.0,P_DS005_013|P_DS005_019|P_DS005_022,P_DS005_025|P_DS005_028,P_DS005_001|P_DS005_004|P_DS005_007|P_DS005_010,3.0,225,1975,1.0,47.0
DS005_20260714_I14,DS005,2026-07-14,14,Morning,23,9,3,2,4,225,1.0,P_DS005_019|P_DS005_022|P_DS005_025,P_DS005_028|P_DS005_001,P_DS005_004|P_DS005_007|P_DS005_010|P_DS005_013,5.75,225,1750,1.0,46.0
DS005_20260714_I15,DS005,2026-07-14,15,Morning,21,9,3,2,4,225,1.0,P_DS005_022|P_DS005_025|P_DS005_028,P_DS005_001|P_DS005_004,P_DS005_007|P_DS005_010|P_DS005_013|P_DS005_019,5.25,225,1525,1.0,45.0
DS005_20260714_I16,DS005,2026-07-14,16,Morning,19,9,3,2,4,225,1.0,P_DS005_025|P_DS005_028|P_DS005_001,P_DS005_004|P_DS005_007,P_DS005_010|P_DS005_013|P_DS005_019|P_DS005_022,4.75,225,1300,1.0,44.0
DS005_20260714_I17,DS005,2026-07-14,17,Morning,39,14,3,2,9,225,1.0,P_DS005_007|P_DS005_008|P_DS005_010,P_DS005_013|P_DS005_014,P_DS005_019|P_DS005_020|P_DS005_022|P_DS005_025|P_DS005_028|P_DS005_029|P_DS005_001|P_DS005_004|P_DS005_005,4.333333333333333,225,1075,1.0,43.0
DS005_20260714_I18,DS005,2026-07-14,18,Morning,38,14,3,2,9,225,1.0,P_DS005_008|P_DS005_010|P_DS005_013,P_DS005_014|P_DS005_019,P_DS005_020|P_DS005_022|P_DS005_025|P_DS005_028|P_DS005_029|P_DS005_001|P_DS005_004|P_DS005_005|P_DS005_007,4.222222222222222,225,850,1.0,42.0
DS005_20260714_I19,DS005,2026-07-14,19,Morning,28,5,0,2,3,0,1.0,,P_DS005_029|P_DS005_005,P_DS005_008|P_DS005_014|P_DS005_020,9.333333333333334,0,850,1.0,41.0
DS005_20260714_I20,DS005,2026-07-14,20,Morning,23,5,0,2,3,0,1.0,,P_DS005_005|P_DS005_008,P_DS005_014|P_DS005_020|P_DS005_029,7.666666666666667,0,850,1.0,40.0
DS005_20260714_I21,DS005,2026-07-14,21,Morning,31,5,0,2,3,0,1.0,,P_DS005_008|P_DS005_014,P_DS005_020|P_DS005_029|P_DS005_005,10.333333333333334,0,850,1.0,39.0
DS005_20260714_I22,DS005,2026-07-14,22,Morning,29,5,0,2,3,0,1.0,,P_DS005_014|P_DS005_020,P_DS005_029|P_DS005_005|P_DS005_008,9.666666666666666,0,850,1.0,38.0
DS005_20260714_I23,DS005,2026-07-14,23,Lunch,28,5,0,0,5,0,0.0,,,P_DS005_020|P_DS005_029|P_DS005_005|P_DS005_008|P_DS005_014,5.6,0,850,0.0,38.0
DS005_20260714_I24,DS005,2026-07-14,24,Lunch,35,5,0,0,5,0,0.0,,,P_DS005_029|P_DS005_005|P_DS005_008|P_DS005_014|P_DS005_020,7.0,0,850,0.0,38.0
DS005_20260714_I25,DS005,2026-07-14,25,Lunch,32,5,0,0,5,0,0.0,,,P_DS005_005|P_DS005_008|P_DS005_014|P_DS005_020|P_DS005_029,6.4,0,850,0.0,38.0
DS005_20260714_I26,DS005,2026-07-14,26,Lunch,42,5,0,0,5,0,0.0,,,P_DS005_008|P_DS005_014|P_DS005_020|P_DS005_029|P_DS005_005,8.4,0,850,0.0,38.0
DS005_20260714_I27,DS005,2026-07-14,27,Lunch,40,5,0,0,5,0,0.0,,,P_DS005_014|P_DS005_020|P_DS005_029|P_DS005_005|P_DS005_008,8.0,0,850,0.0,38.0
DS005_20260714_I28,DS005,2026-07-14,28,Lunch,59,5,0,0,5,0,0.0,,,P_DS005_020|P_DS005_029|P_DS005_005|P_DS005_008|P_DS005_014,11.8,0,850,0.0,38.0
DS005_20260714_I29,DS005,2026-07-14,29,Lunch,37,5,0,0,5,0,0.0,,,P_DS005_029|P_DS005_005|P_DS005_008|P_DS005_014|P_DS005_020,7.4,0,850,0.0,38.0
DS005_20260714_I30,DS005,2026-07-14,30,Lunch,35,5,0,0,5,0,0.0,,,P_DS005_005|P_DS005_008|P_DS005_014|P_DS005_020|P_DS005_029,7.0,0,850,0.0,38.0
DS005_20260714_I31,DS005,2026-07-14,31,Afternoon,34,5,0,2,3,0,1.0,,P_DS005_008|P_DS005_014,P_DS005_020|P_DS005_029|P_DS005_005,11.333333333333334,0,850,1.0,37.0
DS005_20260714_I32,DS005,2026-07-14,32,Afternoon,15,5,0,2,3,0,1.0,,P_DS005_014|P_DS005_020,P_DS005_029|P_DS005_005|P_DS005_008,5.0,0,850,1.0,36.0
DS005_20260714_I33,DS005,2026-07-14,33,Afternoon,15,11,0,2,9,0,1.0,,P_DS005_003|P_DS005_005,P_DS005_006|P_DS005_008|P_DS005_012|P_DS005_014|P_DS005_015|P_DS005_018|P_DS005_020|P_DS005_027|P_DS005_029,1.6666666666666667,0,850,1.0,35.0
DS005_20260714_I34,DS005,2026-07-14,34,Afternoon,22,12,0,2,10,0,1.0,,P_DS005_027|P_DS005_029,P_DS005_003|P_DS005_005|P_DS005_006|P_DS005_008|P_DS005_012|P_DS005_014|P_DS005_015|P_DS005_018|P_DS005_020|P_DS005_024,2.2,0,850,1.0,34.0
DS005_20260714_I35,DS005,2026-07-14,35,Afternoon,26,7,0,2,5,0,1.0,,P_DS005_003|P_DS005_006,P_DS005_012|P_DS005_015|P_DS005_018|P_DS005_024|P_DS005_027,5.2,0,850,1.0,33.0
DS005_20260714_I36,DS005,2026-07-14,36,Afternoon,41,7,0,2,5,0,1.0,,P_DS005_006|P_DS005_012,P_DS005_015|P_DS005_018|P_DS005_024|P_DS005_027|P_DS005_003,8.2,0,850,1.0,32.0
DS005_20260714_I37,DS005,2026-07-14,37,Evening,47,7,0,0,7,0,0.0,,,P_DS005_012|P_DS005_015|P_DS005_018|P_DS005_024|P_DS005_027|P_DS005_003|P_DS005_006,6.714285714285714,0,850,0.0,32.0
DS005_20260714_I38,DS005,2026-07-14,38,Evening,60,7,0,0,7,0,0.0,,,P_DS005_015|P_DS005_018|P_DS005_024|P_DS005_027|P_DS005_003|P_DS005_006|P_DS005_012,8.571428571428571,0,850,0.0,32.0
DS005_20260714_I39,DS005,2026-07-14,39,Evening,62,7,0,0,7,0,0.0,,,P_DS005_018|P_DS005_024|P_DS005_027|P_DS005_003|P_DS005_006|P_DS005_012|P_DS005_015,8.857142857142858,0,850,0.0,32.0
DS005_20260714_I40,DS005,2026-07-14,40,Evening,88,7,0,0,7,0,0.0,,,P_DS005_024|P_DS005_027|P_DS005_003|P_DS005_006|P_DS005_012|P_DS005_015|P_DS005_018,12.571428571428571,0,850,0.0,32.0
DS005_20260714_I41,DS005,2026-07-14,41,Evening,97,7,0,0,7,0,0.0,,,P_DS005_027|P_DS005_003|P_DS005_006|P_DS005_012|P_DS005_015|P_DS005_018|P_DS005_024,13.857142857142858,0,850,0.0,32.0
DS005_20260714_I42,DS005,2026-07-14,42,Evening,87,7,0,0,7,0,0.0,,,P_DS005_003|P_DS005_006|P_DS005_012|P_DS005_015|P_DS005_018|P_DS005_024|P_DS005_027,12.428571428571429,0,850,0.0,32.0
DS005_20260714_I43,DS005,2026-07-14,43,Evening,84,7,0,0,7,0,0.0,,,P_DS005_006|P_DS005_012|P_DS005_015|P_DS005_018|P_DS005_024|P_DS005_027|P_DS005_003,12.0,0,850,0.0,32.0
DS005_20260714_I44,DS005,2026-07-14,44,Evening,57,7,0,0,7,0,0.0,,,P_DS005_012|P_DS005_015|P_DS005_018|P_DS005_024|P_DS005_027|P_DS005_003|P_DS005_006,8.142857142857142,0,850,0.0,32.0
DS005_20260714_I45,DS005,2026-07-14,45,Evening,59,7,0,0,7,0,0.0,,,P_DS005_015|P_DS005_018|P_DS005_024|P_DS005_027|P_DS005_003|P_DS005_006|P_DS005_012,8.428571428571429,0,850,0.0,32.0
DS005_20260714_I46,DS005,2026-07-14,46,Evening,42,7,0,0,7,0,0.0,,,P_DS005_018|P_DS005_024|P_DS005_027|P_DS005_003|P_DS005_006|P_DS005_012|P_DS005_015,6.0,0,850,0.0,32.0
DS005_20260714_I47,DS005,2026-07-14,47,Late Night,24,7,0,2,5,0,1.0,,P_DS005_024|P_DS005_027,P_DS005_003|P_DS005_006|P_DS005_012|P_DS005_015|P_DS005_018,4.8,0,850,1.0,31.0
DS005_20260714_I48,DS005,2026-07-14,48,Late Night,10,7,0,2,5,0,1.0,,P_DS005_027|P_DS005_003,P_DS005_006|P_DS005_012|P_DS005_015|P_DS005_018|P_DS005_024,2.0,0,850,1.0,30.0
