Issue_ID,Order_ID,Order_Item_ID,Store_ID,Product_ID,Issue_Type,Financial_Impact_INR,Probable_Process_Stage,Probable_Worker_ID,Root_Cause_Status,Resolution_Type
QI00000001,ORD000000040,ITEM0000000138,DS001,SKU0062,Missing Item,668.4,Inventory Accuracy / Putaway,P_DS001_019,Unconfirmed,Refund
QI00000002,ORD000000042,ITEM0000000145,DS001,SKU0124,Missing Item,230.69,Inventory Accuracy / Putaway,P_DS001_019,Unconfirmed,Refund
QI00000003,ORD000000091,ITEM0000000321,DS001,SKU0114,Missing Item,116.74,Inventory Accuracy / Putaway,P_DS001_013,Unconfirmed,Refund
QI00000004,ORD000000115,ITEM0000000410,DS001,SKU0114,Missing Item,116.74,Inventory Accuracy / Putaway,P_DS001_007,Unconfirmed,Refund
QI00000005,ORD000000144,ITEM0000000517,DS001,SKU0278,Missing Item,224.88,Inventory Accuracy / Putaway,P_DS001_019,Unconfirmed,Refund
QI00000006,ORD000000146,ITEM0000000528,DS001,SKU0261,Missing Item,625.36,Inventory Accuracy / Putaway,P_DS001_019,Unconfirmed,Replacement
QI00000007,ORD000000189,ITEM0000000719,DS001,SKU0093,Missing Item,344.3,Inventory Accuracy / Putaway,P_DS001_022,Unconfirmed,Refund
QI00000008,ORD000000192,ITEM0000000729,DS001,SKU0019,Missing Item,277.78,Inventory Accuracy / Putaway,P_DS001_019,Unconfirmed,Refund
QI00000009,ORD000000198,ITEM0000000752,DS001,SKU0201,Missing Item,81.18,Inventory Accuracy / Putaway,P_DS001_022,Unconfirmed,Refund
QI00000010,ORD000000204,ITEM0000000778,DS001,SKU0219,Missing Item,344.59,Inventory Accuracy / Putaway,P_DS001_005,Unconfirmed,Replacement
QI00000011,ORD000000213,ITEM0000000817,DS001,SKU0203,Wrong Item,130.42,Picking,P_DS001_005,Unconfirmed,Replacement
QI00000012,ORD000000309,ITEM0000001158,DS001,SKU0166,Missing Item,987.88,Inventory Accuracy / Putaway,P_DS001_023,Unconfirmed,Refund
QI00000013,ORD000000337,ITEM0000001257,DS001,SKU0143,Damaged Item,201.68,Putaway / Picking Handling,,Unconfirmed,Refund
QI00000014,ORD000000347,ITEM0000001297,DS001,SKU0114,Wrong Item,116.74,Picking,P_DS001_020,Unconfirmed,Refund
QI00000015,ORD000000375,ITEM0000001407,DS001,SKU0222,Missing Item,117.02,Inventory Accuracy / Putaway,P_DS001_002,Unconfirmed,Refund
QI00000016,ORD000000400,ITEM0000001507,DS001,SKU0019,Wrong Item,277.78,Picking,P_DS001_011,Unconfirmed,Replacement
QI00000017,ORD000000414,ITEM0000001559,DS001,SKU0273,Wrong Item,303.86,Picking,P_DS001_008,Unconfirmed,Replacement
QI00000018,ORD000000476,ITEM0000001799,DS001,SKU0198,Wrong Item,707.66,Shelf Placement / Picking Verification,P_DS001_032,Unconfirmed,Refund
QI00000019,ORD000000486,ITEM0000001833,DS001,SKU0013,Wrong Item,573.06,Shelf Placement / Picking Verification,P_DS001_014,Unconfirmed,Replacement
QI00000020,ORD000000504,ITEM0000001908,DS001,SKU0214,Missing Item,137.01,Inventory Accuracy / Putaway,P_DS001_026,Unconfirmed,Refund
QI00000021,ORD000000618,ITEM0000002338,DS001,SKU0162,Wrong Item,127.02,Picking,P_DS001_014,Unconfirmed,Refund
QI00000022,ORD000000644,ITEM0000002444,DS001,SKU0279,Missing Item,109.67,Inventory Accuracy / Putaway,P_DS001_035,Unconfirmed,Refund
QI00000023,ORD000000664,ITEM0000002507,DS001,SKU0199,Missing Item,138.52,Inventory Accuracy / Putaway,P_DS001_011,Unconfirmed,Refund
QI00000024,ORD000000667,ITEM0000002517,DS001,SKU0149,Missing Item,91.54,Inventory Accuracy / Putaway,P_DS001_029,Unconfirmed,Refund
QI00000025,ORD000000737,ITEM0000002778,DS001,SKU0291,Missing Item,294.78,Inventory Accuracy / Putaway,P_DS001_014,Unconfirmed,Replacement
QI00000026,ORD000000747,ITEM0000002818,DS001,SKU0127,Wrong Item,229.21,Shelf Placement / Picking Verification,P_DS001_020,Unconfirmed,Refund
QI00000027,ORD000000830,ITEM0000003131,DS001,SKU0166,Wrong Item,493.94,Shelf Placement / Picking Verification,P_DS001_026,Unconfirmed,Replacement
QI00000028,ORD000000837,ITEM0000003158,DS001,SKU0022,Wrong Item,446.03,Picking,P_DS001_011,Unconfirmed,Refund
QI00000029,ORD000000897,ITEM0000003399,DS001,SKU0173,Missing Item,451.68,Inventory Accuracy / Putaway,P_DS001_035,Unconfirmed,Refund
QI00000030,ORD000000923,ITEM0000003503,DS001,SKU0144,Missing Item,82.27,Inventory Accuracy / Putaway,P_DS001_008,Unconfirmed,Refund
QI00000031,ORD000000936,ITEM0000003555,DS001,SKU0010,Missing Item,309.18,Inventory Accuracy / Putaway,P_DS001_023,Unconfirmed,Replacement
QI00000032,ORD000000961,ITEM0000003642,DS001,SKU0275,Missing Item,44.18,Inventory Accuracy / Putaway,P_DS001_029,Unconfirmed,Replacement
QI00000033,ORD000001036,ITEM0000003941,DS001,SKU0013,Wrong Item,286.53,Shelf Placement / Picking Verification,P_DS001_005,Unconfirmed,Refund
QI00000034,ORD000001083,ITEM0000004118,DS001,SKU0037,Damaged Item,227.85,Putaway / Picking Handling,,Unconfirmed,Refund
QI00000035,ORD000001118,ITEM0000004238,DS001,SKU0209,Missing Item,205.42,Inventory Accuracy / Putaway,P_DS001_008,Unconfirmed,Refund
QI00000036,ORD000001177,ITEM0000004456,DS001,SKU0221,Missing Item,557.08,Inventory Accuracy / Putaway,P_DS001_008,Unconfirmed,Refund
QI00000037,ORD000001204,ITEM0000004558,DS001,SKU0276,Missing Item,111.19,Inventory Accuracy / Putaway,P_DS001_011,Unconfirmed,Refund
QI00000038,ORD000001209,ITEM0000004570,DS001,SKU0018,Damaged Item,292.04,Putaway / Picking Handling,,Unconfirmed,Refund
QI00000039,ORD000001237,ITEM0000004675,DS001,SKU0002,Missing Item,261.16,Inventory Accuracy / Putaway,P_DS001_005,Unconfirmed,Refund
QI00000040,ORD000001267,ITEM0000004780,DS001,SKU0261,Missing Item,312.68,Inventory Accuracy / Putaway,P_DS001_021,Unconfirmed,Refund
QI00000041,ORD000001289,ITEM0000004871,DS001,SKU0253,Missing Item,126.6,Inventory Accuracy / Putaway,P_DS001_021,Unconfirmed,Refund
QI00000042,ORD000001321,ITEM0000004991,DS001,SKU0013,Wrong Item,859.59,Shelf Placement / Picking Verification,P_DS001_030,Unconfirmed,Replacement
QI00000043,ORD000001330,ITEM0000005029,DS001,SKU0085,Missing Item,469.4,Inventory Accuracy / Putaway,P_DS001_021,Unconfirmed,Refund
QI00000044,ORD000001371,ITEM0000005164,DS001,SKU0240,Wrong Item,142.08,Shelf Placement / Picking Verification,P_DS001_027,Unconfirmed,Refund
QI00000045,ORD000001405,ITEM0000005292,DS001,SKU0058,Missing Item,264.03,Inventory Accuracy / Putaway,P_DS001_033,Unconfirmed,Replacement
QI00000046,ORD000001444,ITEM0000005438,DS001,SKU0129,Missing Item,21.75,Inventory Accuracy / Putaway,P_DS001_033,Unconfirmed,Replacement
QI00000047,ORD000001465,ITEM0000005520,DS001,SKU0249,Missing Item,489.26,Inventory Accuracy / Putaway,P_DS001_015,Unconfirmed,Refund
QI00000048,ORD000001473,ITEM0000005549,DS001,SKU0147,Missing Item,317.96,Inventory Accuracy / Putaway,P_DS001_033,Unconfirmed,Replacement
QI00000049,ORD000001473,ITEM0000005550,DS001,SKU0057,Missing Item,229.0,Inventory Accuracy / Putaway,P_DS001_033,Unconfirmed,Refund
QI00000050,ORD000001522,ITEM0000005749,DS001,SKU0128,Missing Item,157.1,Inventory Accuracy / Putaway,P_DS001_018,Unconfirmed,Refund
QI00000051,ORD000001533,ITEM0000005787,DS001,SKU0209,Damaged Item,102.71,Putaway / Picking Handling,,Unconfirmed,Refund
QI00000052,ORD000001633,ITEM0000006136,DS001,SKU0166,Wrong Item,493.94,Shelf Placement / Picking Verification,P_DS001_021,Unconfirmed,Refund
QI00000053,ORD000001641,ITEM0000006167,DS001,SKU0281,Missing Item,264.39,Inventory Accuracy / Putaway,P_DS001_009,Unconfirmed,Refund
QI00000054,ORD000001659,ITEM0000006233,DS001,SKU0138,Missing Item,409.79,Inventory Accuracy / Putaway,P_DS001_030,Unconfirmed,Refund
QI00000055,ORD000001667,ITEM0000006265,DS001,SKU0158,Missing Item,145.24,Inventory Accuracy / Putaway,P_DS001_012,Unconfirmed,Replacement
QI00000056,ORD000001761,ITEM0000006604,DS001,SKU0087,Damaged Item,203.0,Putaway / Picking Handling,,Unconfirmed,Replacement
QI00000057,ORD000001765,ITEM0000006621,DS001,SKU0252,Missing Item,337.37,Inventory Accuracy / Putaway,P_DS001_018,Unconfirmed,Refund
QI00000058,ORD000001809,ITEM0000006796,DS001,SKU0034,Missing Item,503.2,Inventory Accuracy / Putaway,P_DS001_018,Unconfirmed,Refund
QI00000059,ORD000001817,ITEM0000006829,DS001,SKU0021,Missing Item,387.42,Inventory Accuracy / Putaway,P_DS001_015,Unconfirmed,Refund
QI00000060,ORD000001822,ITEM0000006851,DS001,SKU0139,Wrong Item,439.94,Picking,P_DS001_009,Unconfirmed,Refund
QI00000061,ORD000001840,ITEM0000006911,DS001,SKU0264,Damaged Item,26.89,Putaway / Picking Handling,,Unconfirmed,Refund
QI00000062,ORD000001863,ITEM0000007017,DS001,SKU0035,Wrong Item,623.3,Picking,P_DS001_009,Unconfirmed,Replacement
QI00000063,ORD000001933,ITEM0000007287,DS001,SKU0127,Wrong Item,229.21,Shelf Placement / Picking Verification,P_DS001_018,Unconfirmed,Refund
QI00000064,ORD000001948,ITEM0000007344,DS001,SKU0290,Missing Item,416.48,Inventory Accuracy / Putaway,P_DS001_021,Unconfirmed,Refund
QI00000065,ORD000001950,ITEM0000007360,DS001,SKU0283,Missing Item,174.74,Inventory Accuracy / Putaway,P_DS001_033,Unconfirmed,Refund
QI00000066,ORD000002037,ITEM0000007677,DS001,SKU0023,Missing Item,333.86,Inventory Accuracy / Putaway,P_DS001_033,Unconfirmed,Refund
QI00000067,ORD000002058,ITEM0000007748,DS001,SKU0121,Missing Item,422.82,Inventory Accuracy / Putaway,P_DS001_030,Unconfirmed,Refund
QI00000068,ORD000002081,ITEM0000007838,DS001,SKU0027,Missing Item,261.37,Inventory Accuracy / Putaway,P_DS001_027,Unconfirmed,Refund
QI00000069,ORD000002084,ITEM0000007854,DS001,SKU0093,Missing Item,172.15,Inventory Accuracy / Putaway,P_DS001_027,Unconfirmed,Refund
QI00000070,ORD000002132,ITEM0000008031,DS001,SKU0202,Damaged Item,388.42,Putaway / Picking Handling,,Unconfirmed,Replacement
QI00000071,ORD000002168,ITEM0000008154,DS001,SKU0084,Missing Item,222.04,Inventory Accuracy / Putaway,P_DS001_021,Unconfirmed,Refund
QI00000072,ORD000002184,ITEM0000008214,DS001,SKU0084,Wrong Item,222.04,Shelf Placement / Picking Verification,P_DS001_027,Unconfirmed,Refund
QI00000073,ORD000002185,ITEM0000008218,DS001,SKU0211,Wrong Item,152.51,Picking,P_DS001_027,Unconfirmed,Refund
QI00000074,ORD000002224,ITEM0000008345,DS001,SKU0037,Missing Item,75.95,Inventory Accuracy / Putaway,P_DS001_006,Unconfirmed,Replacement
QI00000075,ORD000002230,ITEM0000008362,DS001,SKU0090,Wrong Item,521.0,Picking,P_DS001_012,Unconfirmed,Replacement
QI00000076,ORD000002237,ITEM0000008395,DS001,SKU0276,Wrong Item,222.38,Picking,P_DS001_030,Unconfirmed,Replacement
QI00000077,ORD000002290,ITEM0000008588,DS001,SKU0131,Missing Item,255.32,Inventory Accuracy / Putaway,P_DS001_027,Unconfirmed,Refund
QI00000078,ORD000002305,ITEM0000008650,DS001,SKU0010,Missing Item,309.18,Inventory Accuracy / Putaway,P_DS001_012,Unconfirmed,Refund
QI00000079,ORD000002366,ITEM0000008876,DS001,SKU0195,Missing Item,613.68,Inventory Accuracy / Putaway,P_DS001_027,Unconfirmed,Replacement
QI00000080,ORD000002376,ITEM0000008920,DS001,SKU0013,Wrong Item,286.53,Shelf Placement / Picking Verification,P_DS001_015,Unconfirmed,Refund
QI00000081,ORD000002381,ITEM0000008930,DS001,SKU0269,Missing Item,798.48,Inventory Accuracy / Putaway,P_DS001_030,Unconfirmed,Refund
QI00000082,ORD000002394,ITEM0000008988,DS001,SKU0019,Missing Item,277.78,Inventory Accuracy / Putaway,P_DS001_033,Unconfirmed,Replacement
QI00000083,ORD000002422,ITEM0000009102,DS001,SKU0185,Missing Item,196.9,Inventory Accuracy / Putaway,P_DS001_021,Unconfirmed,Refund
QI00000084,ORD000002436,ITEM0000009151,DS001,SKU0209,Damaged Item,205.42,Putaway / Picking Handling,,Unconfirmed,Replacement
QI00000085,ORD000002437,ITEM0000009152,DS001,SKU0097,Missing Item,366.04,Inventory Accuracy / Putaway,P_DS001_021,Unconfirmed,Refund
QI00000086,ORD000002446,ITEM0000009186,DS001,SKU0140,Missing Item,236.01,Inventory Accuracy / Putaway,P_DS001_012,Unconfirmed,Refund
QI00000087,ORD000002458,ITEM0000009233,DS001,SKU0029,Missing Item,98.74,Inventory Accuracy / Putaway,P_DS001_015,Unconfirmed,Replacement
QI00000088,ORD000002523,ITEM0000009478,DS001,SKU0151,Damaged Item,103.12,Putaway / Picking Handling,,Unconfirmed,Refund
QI00000089,ORD000002589,ITEM0000009723,DS001,SKU0206,Missing Item,332.76,Inventory Accuracy / Putaway,P_DS001_022,Unconfirmed,Refund
QI00000090,ORD000002593,ITEM0000009735,DS001,SKU0286,Missing Item,143.99,Inventory Accuracy / Putaway,P_DS001_022,Unconfirmed,Refund
QI00000091,ORD000002595,ITEM0000009748,DS001,SKU0209,Missing Item,102.71,Inventory Accuracy / Putaway,P_DS001_022,Unconfirmed,Replacement
QI00000092,ORD000002632,ITEM0000009889,DS001,SKU0122,Damaged Item,520.1,Putaway / Picking Handling,,Unconfirmed,Refund
QI00000093,ORD000002640,ITEM0000009922,DS001,SKU0061,Missing Item,189.31,Inventory Accuracy / Putaway,P_DS001_010,Unconfirmed,Refund
QI00000094,ORD000002667,ITEM0000010020,DS001,SKU0143,Wrong Item,403.36,Shelf Placement / Picking Verification,P_DS001_013,Unconfirmed,Replacement
QI00000095,ORD000002682,ITEM0000010078,DS001,SKU0145,Missing Item,274.34,Inventory Accuracy / Putaway,P_DS001_013,Unconfirmed,Refund
QI00000096,ORD000002723,ITEM0000010232,DS001,SKU0176,Damaged Item,413.3,Putaway / Picking Handling,,Unconfirmed,Replacement
QI00000097,ORD000002756,ITEM0000010365,DS001,SKU0079,Missing Item,226.06,Inventory Accuracy / Putaway,P_DS001_019,Unconfirmed,Refund
QI00000098,ORD000002767,ITEM0000010406,DS001,SKU0042,Missing Item,606.5,Inventory Accuracy / Putaway,P_DS001_028,Unconfirmed,Refund
QI00000099,ORD000002845,ITEM0000010691,DS001,SKU0061,Wrong Item,189.31,Picking,P_DS001_031,Unconfirmed,Refund
QI00000100,ORD000002845,ITEM0000010692,DS001,SKU0280,Missing Item,233.69,Inventory Accuracy / Putaway,P_DS001_031,Unconfirmed,Refund
QI00000101,ORD000002850,ITEM0000010711,DS001,SKU0071,Missing Item,120.79,Inventory Accuracy / Putaway,P_DS001_035,Unconfirmed,Refund
QI00000102,ORD000002957,ITEM0000011110,DS001,SKU0013,Missing Item,286.53,Inventory Accuracy / Putaway,P_DS001_029,Unconfirmed,Replacement
QI00000103,ORD000002988,ITEM0000011226,DS001,SKU0195,Wrong Item,613.68,Picking,P_DS001_014,Unconfirmed,Refund
QI00000104,ORD000002997,ITEM0000011259,DS001,SKU0128,Missing Item,78.55,Inventory Accuracy / Putaway,P_DS001_023,Unconfirmed,Refund
QI00000105,ORD000003021,ITEM0000011341,DS001,SKU0081,Damaged Item,87.92,Putaway / Picking Handling,,Unconfirmed,Replacement
QI00000106,ORD000003065,ITEM0000011500,DS001,SKU0090,Wrong Item,260.5,Picking,P_DS001_005,Unconfirmed,Refund
QI00000107,ORD000003096,ITEM0000011631,DS001,SKU0295,Wrong Item,228.23,Picking,P_DS001_014,Unconfirmed,Refund
QI00000108,ORD000003160,ITEM0000011856,DS001,SKU0085,Missing Item,938.8,Inventory Accuracy / Putaway,P_DS001_023,Unconfirmed,Refund
QI00000109,ORD000003199,ITEM0000012009,DS001,SKU0013,Missing Item,573.06,Inventory Accuracy / Putaway,P_DS001_014,Unconfirmed,Refund
QI00000110,ORD000003214,ITEM0000012066,DS001,SKU0142,Missing Item,162.69,Inventory Accuracy / Putaway,P_DS001_005,Unconfirmed,Refund
QI00000111,ORD000003226,ITEM0000012124,DS001,SKU0170,Missing Item,570.49,Inventory Accuracy / Putaway,P_DS001_020,Unconfirmed,Refund
QI00000112,ORD000003285,ITEM0000012335,DS001,SKU0281,Missing Item,793.17,Inventory Accuracy / Putaway,P_DS001_035,Unconfirmed,Replacement
QI00000113,ORD000003317,ITEM0000012447,DS001,SKU0152,Damaged Item,1212.82,Putaway / Picking Handling,,Unconfirmed,Refund
QI00000114,ORD000003335,ITEM0000012510,DS001,SKU0091,Wrong Item,307.74,Picking,P_DS001_014,Unconfirmed,Refund
QI00000115,ORD000003403,ITEM0000012773,DS001,SKU0021,Wrong Item,387.42,Picking,P_DS001_029,Unconfirmed,Replacement
QI00000116,ORD000003481,ITEM0000013060,DS001,SKU0007,Missing Item,249.24,Inventory Accuracy / Putaway,P_DS001_035,Unconfirmed,Refund
QI00000117,ORD000003510,ITEM0000013163,DS001,SKU0044,Wrong Item,196.42,Picking,P_DS001_017,Unconfirmed,Refund
QI00000118,ORD000003538,ITEM0000013270,DS001,SKU0018,Missing Item,292.04,Inventory Accuracy / Putaway,P_DS001_020,Unconfirmed,Replacement
QI00000119,ORD000003657,ITEM0000013734,DS001,SKU0253,Missing Item,253.2,Inventory Accuracy / Putaway,P_DS001_005,Unconfirmed,Refund
QI00000120,ORD000003711,ITEM0000013951,DS001,SKU0013,Missing Item,286.53,Inventory Accuracy / Putaway,P_DS001_014,Unconfirmed,Replacement
QI00000121,ORD000003716,ITEM0000013965,DS001,SKU0192,Damaged Item,219.06,Putaway / Picking Handling,,Unconfirmed,Refund
QI00000122,ORD000003835,ITEM0000014425,DS001,SKU0022,Missing Item,1338.09,Inventory Accuracy / Putaway,P_DS001_035,Unconfirmed,Replacement
QI00000123,ORD000003857,ITEM0000014497,DS001,SKU0152,Missing Item,606.41,Inventory Accuracy / Putaway,P_DS001_015,Unconfirmed,Replacement
QI00000124,ORD000003928,ITEM0000014757,DS001,SKU0264,Missing Item,53.78,Inventory Accuracy / Putaway,P_DS001_033,Unconfirmed,Refund
QI00000125,ORD000003940,ITEM0000014804,DS001,SKU0022,Damaged Item,446.03,Putaway / Picking Handling,,Unconfirmed,Refund
QI00000126,ORD000004017,ITEM0000015100,DS001,SKU0191,Damaged Item,659.63,Putaway / Picking Handling,,Unconfirmed,Refund
QI00000127,ORD000004132,ITEM0000015546,DS001,SKU0129,Missing Item,21.75,Inventory Accuracy / Putaway,P_DS001_024,Unconfirmed,Refund
QI00000128,ORD000004154,ITEM0000015628,DS001,SKU0219,Missing Item,689.18,Inventory Accuracy / Putaway,P_DS001_015,Unconfirmed,Refund
QI00000129,ORD000004218,ITEM0000015878,DS001,SKU0277,Missing Item,372.81,Inventory Accuracy / Putaway,P_DS001_012,Unconfirmed,Replacement
QI00000130,ORD000004261,ITEM0000016029,DS001,SKU0102,Missing Item,107.01,Inventory Accuracy / Putaway,P_DS001_006,Unconfirmed,Refund
QI00000131,ORD000004270,ITEM0000016068,DS001,SKU0198,Wrong Item,707.66,Shelf Placement / Picking Verification,P_DS001_015,Unconfirmed,Refund
QI00000132,ORD000004283,ITEM0000016118,DS001,SKU0166,Wrong Item,493.94,Shelf Placement / Picking Verification,P_DS001_033,Unconfirmed,Replacement
QI00000133,ORD000004294,ITEM0000016163,DS001,SKU0281,Missing Item,528.78,Inventory Accuracy / Putaway,P_DS001_012,Unconfirmed,Refund
QI00000134,ORD000004301,ITEM0000016184,DS001,SKU0263,Damaged Item,234.1,Putaway / Picking Handling,,Unconfirmed,Refund
QI00000135,ORD000004378,ITEM0000016471,DS001,SKU0277,Missing Item,372.81,Inventory Accuracy / Putaway,P_DS001_012,Unconfirmed,Refund
QI00000136,ORD000004392,ITEM0000016527,DS001,SKU0203,Missing Item,130.42,Inventory Accuracy / Putaway,P_DS001_009,Unconfirmed,Refund
QI00000137,ORD000004394,ITEM0000016531,DS001,SKU0185,Missing Item,196.9,Inventory Accuracy / Putaway,P_DS001_036,Unconfirmed,Refund
QI00000138,ORD000004526,ITEM0000017031,DS001,SKU0013,Missing Item,573.06,Inventory Accuracy / Putaway,P_DS001_024,Unconfirmed,Replacement
QI00000139,ORD000004577,ITEM0000017223,DS001,SKU0130,Missing Item,44.48,Inventory Accuracy / Putaway,P_DS001_015,Unconfirmed,Refund
QI00000140,ORD000004610,ITEM0000017335,DS001,SKU0012,Missing Item,460.3,Inventory Accuracy / Putaway,P_DS001_025,Unconfirmed,Refund
QI00000141,ORD000004628,ITEM0000017403,DS001,SKU0016,Wrong Item,413.32,Picking,P_DS001_015,Unconfirmed,Refund
QI00000142,ORD000004690,ITEM0000017658,DS001,SKU0249,Missing Item,489.26,Inventory Accuracy / Putaway,P_DS001_030,Unconfirmed,Replacement
QI00000143,ORD000004731,ITEM0000017780,DS001,SKU0141,Missing Item,106.65,Inventory Accuracy / Putaway,P_DS001_024,Unconfirmed,Refund
QI00000144,ORD000004803,ITEM0000018051,DS001,SKU0022,Missing Item,892.06,Inventory Accuracy / Putaway,P_DS001_021,Unconfirmed,Refund
QI00000145,ORD000004840,ITEM0000018195,DS001,SKU0244,Missing Item,134.3,Inventory Accuracy / Putaway,P_DS001_006,Unconfirmed,Refund
QI00000146,ORD000004855,ITEM0000018240,DS001,SKU0236,Missing Item,554.88,Inventory Accuracy / Putaway,P_DS001_036,Unconfirmed,Refund
QI00000147,ORD000004908,ITEM0000018427,DS001,SKU0013,Wrong Item,573.06,Shelf Placement / Picking Verification,P_DS001_015,Unconfirmed,Replacement
QI00000148,ORD000004923,ITEM0000018479,DS001,SKU0197,Missing Item,260.58,Inventory Accuracy / Putaway,P_DS001_012,Unconfirmed,Refund
QI00000149,ORD000004931,ITEM0000018510,DS001,SKU0150,Missing Item,178.21,Inventory Accuracy / Putaway,P_DS001_006,Unconfirmed,Replacement
QI00000150,ORD000004932,ITEM0000018515,DS001,SKU0085,Missing Item,469.4,Inventory Accuracy / Putaway,P_DS001_030,Unconfirmed,Refund
QI00000151,ORD000004949,ITEM0000018567,DS001,SKU0222,Missing Item,117.02,Inventory Accuracy / Putaway,P_DS001_030,Unconfirmed,Refund
QI00000152,ORD000004987,ITEM0000018690,DS001,SKU0076,Missing Item,267.05,Inventory Accuracy / Putaway,P_DS001_009,Unconfirmed,Refund
QI00000153,ORD000005004,ITEM0000018740,DS001,SKU0131,Wrong Item,255.32,Picking,P_DS001_036,Unconfirmed,Replacement
QI00000154,ORD000005128,ITEM0000019167,DS001,SKU0273,Missing Item,303.86,Inventory Accuracy / Putaway,P_DS001_022,Unconfirmed,Replacement
QI00000155,ORD000005144,ITEM0000019232,DS001,SKU0018,Damaged Item,292.04,Rider Handling / Last Mile,,Unconfirmed,Replacement
QI00000156,ORD000005192,ITEM0000019427,DS001,SKU0015,Missing Item,318.96,Inventory Accuracy / Putaway,P_DS001_028,Unconfirmed,Refund
QI00000157,ORD000005210,ITEM0000019497,DS001,SKU0241,Damaged Item,463.33,Putaway / Picking Handling,,Unconfirmed,Refund
QI00000158,ORD000005213,ITEM0000019506,DS001,SKU0051,Damaged Item,25.15,Putaway / Picking Handling,,Unconfirmed,Refund
QI00000159,ORD000005234,ITEM0000019587,DS001,SKU0062,Wrong Item,668.4,Shelf Placement / Picking Verification,P_DS001_007,Unconfirmed,Refund
QI00000160,ORD000005242,ITEM0000019614,DS001,SKU0187,Damaged Item,289.61,Putaway / Picking Handling,,Unconfirmed,Replacement
QI00000161,ORD000005326,ITEM0000019941,DS001,SKU0080,Wrong Item,77.19,Picking,P_DS001_007,Unconfirmed,Refund
QI00000162,ORD000005339,ITEM0000019997,DS001,SKU0119,Damaged Item,182.02,Putaway / Picking Handling,,Unconfirmed,Refund
QI00000163,ORD000005345,ITEM0000020019,DS001,SKU0158,Damaged Item,145.24,Putaway / Picking Handling,,Unconfirmed,Refund
QI00000164,ORD000005348,ITEM0000020032,DS001,SKU0127,Missing Item,229.21,Inventory Accuracy / Putaway,P_DS001_007,Unconfirmed,Refund
QI00000165,ORD000005366,ITEM0000020100,DS001,SKU0080,Missing Item,154.38,Inventory Accuracy / Putaway,P_DS001_017,Unconfirmed,Replacement
QI00000166,ORD000005429,ITEM0000020329,DS001,SKU0131,Missing Item,255.32,Inventory Accuracy / Putaway,P_DS001_032,Unconfirmed,Refund
QI00000167,ORD000005446,ITEM0000020396,DS001,SKU0064,Damaged Item,344.62,Putaway / Picking Handling,,Unconfirmed,Refund
QI00000168,ORD000005475,ITEM0000020498,DS001,SKU0084,Damaged Item,111.02,Putaway / Picking Handling,,Unconfirmed,Replacement
QI00000169,ORD000005475,ITEM0000020500,DS001,SKU0131,Missing Item,510.64,Inventory Accuracy / Putaway,P_DS001_029,Unconfirmed,Refund
QI00000170,ORD000005506,ITEM0000020607,DS001,SKU0278,Damaged Item,449.76,Putaway / Picking Handling,,Unconfirmed,Replacement
QI00000171,ORD000005584,ITEM0000020897,DS001,SKU0199,Missing Item,138.52,Inventory Accuracy / Putaway,P_DS001_035,Unconfirmed,Refund
QI00000172,ORD000005618,ITEM0000021041,DS001,SKU0099,Damaged Item,325.38,Putaway / Picking Handling,,Unconfirmed,Refund
QI00000173,ORD000005633,ITEM0000021084,DS001,SKU0021,Missing Item,387.42,Inventory Accuracy / Putaway,P_DS001_017,Unconfirmed,Refund
QI00000174,ORD000005634,ITEM0000021087,DS001,SKU0084,Wrong Item,111.02,Shelf Placement / Picking Verification,P_DS001_002,Unconfirmed,Refund
QI00000175,ORD000005668,ITEM0000021214,DS001,SKU0137,Missing Item,262.56,Inventory Accuracy / Putaway,P_DS001_002,Unconfirmed,Refund
QI00000176,ORD000005708,ITEM0000021372,DS001,SKU0007,Missing Item,83.08,Inventory Accuracy / Putaway,P_DS001_020,Unconfirmed,Refund
QI00000177,ORD000005728,ITEM0000021440,DS001,SKU0034,Wrong Item,251.6,Picking,P_DS001_014,Unconfirmed,Refund
QI00000178,ORD000005742,ITEM0000021497,DS001,SKU0119,Missing Item,182.02,Inventory Accuracy / Putaway,P_DS001_017,Unconfirmed,Replacement
QI00000179,ORD000005756,ITEM0000021537,DS001,SKU0267,Missing Item,400.53,Inventory Accuracy / Putaway,P_DS001_029,Unconfirmed,Refund
QI00000180,ORD000005771,ITEM0000021590,DS001,SKU0198,Missing Item,353.83,Inventory Accuracy / Putaway,P_DS001_002,Unconfirmed,Refund
QI00000181,ORD000005772,ITEM0000021595,DS001,SKU0037,Missing Item,75.95,Inventory Accuracy / Putaway,P_DS001_002,Unconfirmed,Replacement
QI00000182,ORD000005779,ITEM0000021616,DS001,SKU0073,Missing Item,304.74,Inventory Accuracy / Putaway,P_DS001_032,Unconfirmed,Refund
QI00000183,ORD000005837,ITEM0000021837,DS001,SKU0134,Missing Item,135.87,Inventory Accuracy / Putaway,P_DS001_002,Unconfirmed,Replacement
QI00000184,ORD000005843,ITEM0000021858,DS001,SKU0152,Missing Item,1212.82,Inventory Accuracy / Putaway,P_DS001_017,Unconfirmed,Replacement
QI00000185,ORD000005857,ITEM0000021913,DS001,SKU0104,Missing Item,544.35,Inventory Accuracy / Putaway,P_DS001_011,Unconfirmed,Replacement
QI00000186,ORD000005872,ITEM0000021964,DS001,SKU0264,Damaged Item,26.89,Putaway / Picking Handling,,Unconfirmed,Replacement
QI00000187,ORD000005872,ITEM0000021967,DS001,SKU0071,Damaged Item,241.58,Putaway / Picking Handling,,Unconfirmed,Refund
QI00000188,ORD000005885,ITEM0000022017,DS001,SKU0019,Missing Item,277.78,Inventory Accuracy / Putaway,P_DS001_032,Unconfirmed,Replacement
QI00000189,ORD000005898,ITEM0000022077,DS001,SKU0193,Missing Item,647.18,Inventory Accuracy / Putaway,P_DS001_020,Unconfirmed,Refund
QI00000190,ORD000005918,ITEM0000022150,DS001,SKU0125,Damaged Item,109.95,Putaway / Picking Handling,,Unconfirmed,Refund
QI00000191,ORD000005929,ITEM0000022199,DS001,SKU0280,Damaged Item,233.69,Putaway / Picking Handling,,Unconfirmed,Refund
QI00000192,ORD000005976,ITEM0000022366,DS001,SKU0262,Missing Item,157.52,Inventory Accuracy / Putaway,P_DS001_020,Unconfirmed,Refund
QI00000193,ORD000006049,ITEM0000022640,DS001,SKU0255,Missing Item,65.38,Inventory Accuracy / Putaway,P_DS001_011,Unconfirmed,Refund
QI00000194,ORD000006072,ITEM0000022722,DS001,SKU0226,Missing Item,45.28,Inventory Accuracy / Putaway,P_DS001_011,Unconfirmed,Replacement
QI00000195,ORD000006075,ITEM0000022732,DS001,SKU0291,Damaged Item,294.78,Putaway / Picking Handling,,Unconfirmed,Refund
QI00000196,ORD000006078,ITEM0000022739,DS001,SKU0204,Damaged Item,337.41,Putaway / Picking Handling,,Unconfirmed,Refund
QI00000197,ORD000006102,ITEM0000022816,DS001,SKU0158,Missing Item,145.24,Inventory Accuracy / Putaway,P_DS001_035,Unconfirmed,Replacement
QI00000198,ORD000006114,ITEM0000022866,DS001,SKU0167,Missing Item,417.96,Inventory Accuracy / Putaway,P_DS001_023,Unconfirmed,Replacement
QI00000199,ORD000006154,ITEM0000023007,DS001,SKU0223,Missing Item,30.46,Inventory Accuracy / Putaway,P_DS001_032,Unconfirmed,Refund
QI00000200,ORD000006214,ITEM0000023238,DS001,SKU0019,Damaged Item,277.78,Putaway / Picking Handling,,Unconfirmed,Replacement
QI00000201,ORD000006269,ITEM0000023436,DS001,SKU0007,Missing Item,166.16,Inventory Accuracy / Putaway,P_DS001_014,Unconfirmed,Refund
QI00000202,ORD000006282,ITEM0000023486,DS001,SKU0081,Missing Item,87.92,Inventory Accuracy / Putaway,P_DS001_011,Unconfirmed,Refund
QI00000203,ORD000006295,ITEM0000023543,DS001,SKU0198,Wrong Item,353.83,Shelf Placement / Picking Verification,P_DS001_032,Unconfirmed,Replacement
QI00000204,ORD000006301,ITEM0000023574,DS001,SKU0027,Wrong Item,261.37,Picking,P_DS001_002,Unconfirmed,Replacement
QI00000205,ORD000006305,ITEM0000023587,DS001,SKU0037,Missing Item,75.95,Inventory Accuracy / Putaway,P_DS001_020,Unconfirmed,Refund
QI00000206,ORD000006420,ITEM0000024010,DS001,SKU0189,Missing Item,458.54,Inventory Accuracy / Putaway,P_DS001_011,Unconfirmed,Refund
QI00000207,ORD000006432,ITEM0000024053,DS001,SKU0197,Missing Item,521.16,Inventory Accuracy / Putaway,P_DS001_014,Unconfirmed,Refund
QI00000208,ORD000006449,ITEM0000024122,DS001,SKU0025,Missing Item,811.98,Inventory Accuracy / Putaway,P_DS001_035,Unconfirmed,Refund
QI00000209,ORD000006456,ITEM0000024150,DS001,SKU0081,Missing Item,87.92,Inventory Accuracy / Putaway,P_DS001_017,Unconfirmed,Replacement
QI00000210,ORD000006487,ITEM0000024265,DS001,SKU0192,Missing Item,109.53,Inventory Accuracy / Putaway,P_DS001_029,Unconfirmed,Refund
QI00000211,ORD000006513,ITEM0000024368,DS001,SKU0058,Missing Item,264.03,Inventory Accuracy / Putaway,P_DS001_023,Unconfirmed,Refund
QI00000212,ORD000006514,ITEM0000024372,DS001,SKU0249,Wrong Item,978.52,Picking,P_DS001_029,Unconfirmed,Refund
QI00000213,ORD000006551,ITEM0000024504,DS001,SKU0208,Damaged Item,81.82,Putaway / Picking Handling,,Unconfirmed,Refund
QI00000214,ORD000006590,ITEM0000024646,DS001,SKU0295,Missing Item,456.46,Inventory Accuracy / Putaway,P_DS001_017,Unconfirmed,Replacement
QI00000215,ORD000006597,ITEM0000024665,DS001,SKU0070,Missing Item,78.06,Inventory Accuracy / Putaway,P_DS001_011,Unconfirmed,Refund
QI00000216,ORD000006606,ITEM0000024687,DS001,SKU0045,Damaged Item,182.12,Putaway / Picking Handling,,Unconfirmed,Refund
QI00000217,ORD000006649,ITEM0000024830,DS001,SKU0293,Missing Item,234.38,Inventory Accuracy / Putaway,P_DS001_015,Unconfirmed,Refund
QI00000218,ORD000006692,ITEM0000024983,DS001,SKU0084,Missing Item,111.02,Inventory Accuracy / Putaway,P_DS001_009,Unconfirmed,Replacement
QI00000219,ORD000006760,ITEM0000025216,DS001,SKU0119,Missing Item,364.04,Inventory Accuracy / Putaway,P_DS001_006,Unconfirmed,Replacement
QI00000220,ORD000006833,ITEM0000025491,DS001,SKU0247,Missing Item,187.96,Inventory Accuracy / Putaway,P_DS001_036,Unconfirmed,Refund
QI00000221,ORD000006869,ITEM0000025614,DS001,SKU0185,Missing Item,98.45,Inventory Accuracy / Putaway,P_DS001_036,Unconfirmed,Refund
QI00000222,ORD000006877,ITEM0000025646,DS001,SKU0270,Damaged Item,511.98,Putaway / Picking Handling,,Unconfirmed,Refund
QI00000223,ORD000006889,ITEM0000025700,DS001,SKU0046,Wrong Item,736.54,Picking,P_DS001_021,Unconfirmed,Replacement
QI00000224,ORD000006894,ITEM0000025722,DS001,SKU0244,Damaged Item,67.15,Putaway / Picking Handling,,Unconfirmed,Refund
QI00000225,ORD000006905,ITEM0000025771,DS001,SKU0063,Missing Item,189.87,Inventory Accuracy / Putaway,P_DS001_003,Unconfirmed,Refund
QI00000226,ORD000006909,ITEM0000025782,DS001,SKU0013,Wrong Item,286.53,Shelf Placement / Picking Verification,P_DS001_019,Unconfirmed,Refund
QI00000227,ORD000006966,ITEM0000025984,DS001,SKU0062,Wrong Item,1002.6,Shelf Placement / Picking Verification,P_DS001_024,Unconfirmed,Refund
QI00000228,ORD000006975,ITEM0000026021,DS001,SKU0201,Missing Item,162.36,Inventory Accuracy / Putaway,P_DS001_019,Unconfirmed,Refund
QI00000229,ORD000006980,ITEM0000026037,DS001,SKU0287,Damaged Item,193.29,Putaway / Picking Handling,,Unconfirmed,Refund
QI00000230,ORD000007001,ITEM0000026129,DS001,SKU0191,Missing Item,1319.26,Inventory Accuracy / Putaway,P_DS001_024,Unconfirmed,Refund
QI00000231,ORD000007091,ITEM0000026464,DS001,SKU0038,Damaged Item,420.41,Putaway / Picking Handling,,Unconfirmed,Replacement
QI00000232,ORD000007113,ITEM0000026551,DS001,SKU0163,Missing Item,262.05,Inventory Accuracy / Putaway,P_DS001_024,Unconfirmed,Refund
QI00000233,ORD000007119,ITEM0000026569,DS001,SKU0160,Wrong Item,431.6,Shelf Placement / Picking Verification,P_DS001_003,Unconfirmed,Refund
QI00000234,ORD000007161,ITEM0000026721,DS001,SKU0013,Damaged Item,573.06,Putaway / Picking Handling,,Unconfirmed,Replacement
QI00000235,ORD000007166,ITEM0000026738,DS001,SKU0185,Wrong Item,98.45,Shelf Placement / Picking Verification,P_DS001_021,Unconfirmed,Refund
QI00000236,ORD000007199,ITEM0000026870,DS001,SKU0166,Wrong Item,493.94,Shelf Placement / Picking Verification,P_DS001_027,Unconfirmed,Replacement
QI00000237,ORD000007270,ITEM0000027146,DS001,SKU0182,Missing Item,285.66,Inventory Accuracy / Putaway,P_DS001_003,Unconfirmed,Replacement
QI00000238,ORD000007298,ITEM0000027249,DS001,SKU0114,Missing Item,116.74,Inventory Accuracy / Putaway,P_DS001_026,Unconfirmed,Refund
QI00000239,ORD000007360,ITEM0000027477,DS001,SKU0131,Missing Item,255.32,Inventory Accuracy / Putaway,P_DS001_019,Unconfirmed,Refund
QI00000240,ORD000007379,ITEM0000027562,DS001,SKU0016,Damaged Item,206.66,Putaway / Picking Handling,,Unconfirmed,Refund
QI00000241,ORD000007387,ITEM0000027590,DS001,SKU0089,Missing Item,224.61,Inventory Accuracy / Putaway,P_DS001_015,Unconfirmed,Replacement
QI00000242,ORD000007390,ITEM0000027603,DS001,SKU0257,Missing Item,576.68,Inventory Accuracy / Putaway,P_DS001_033,Unconfirmed,Refund
QI00000243,ORD000007398,ITEM0000027638,DS001,SKU0085,Missing Item,938.8,Inventory Accuracy / Putaway,P_DS001_018,Unconfirmed,Replacement
QI00000244,ORD000007412,ITEM0000027697,DS001,SKU0021,Missing Item,387.42,Inventory Accuracy / Putaway,P_DS001_027,Unconfirmed,Refund
QI00000245,ORD000007457,ITEM0000027870,DS001,SKU0198,Missing Item,353.83,Inventory Accuracy / Putaway,P_DS001_015,Unconfirmed,Refund
QI00000246,ORD000007472,ITEM0000027922,DS001,SKU0265,Damaged Item,192.92,Putaway / Picking Handling,,Unconfirmed,Replacement
QI00000247,ORD000007491,ITEM0000027994,DS001,SKU0194,Missing Item,234.44,Inventory Accuracy / Putaway,P_DS001_033,Unconfirmed,Refund
QI00000248,ORD000007515,ITEM0000028092,DS001,SKU0057,Missing Item,229.0,Inventory Accuracy / Putaway,P_DS001_018,Unconfirmed,Refund
QI00000249,ORD000007564,ITEM0000028279,DS001,SKU0021,Missing Item,387.42,Inventory Accuracy / Putaway,P_DS001_015,Unconfirmed,Refund
QI00000250,ORD000007569,ITEM0000028300,DS001,SKU0143,Damaged Item,201.68,Rider Handling / Last Mile,,Unconfirmed,Refund
QI00000251,ORD000007621,ITEM0000028499,DS001,SKU0076,Damaged Item,534.1,Putaway / Picking Handling,,Unconfirmed,Refund
QI00000252,ORD000007634,ITEM0000028543,DS001,SKU0063,Missing Item,189.87,Inventory Accuracy / Putaway,P_DS001_003,Unconfirmed,Replacement
QI00000253,ORD000007639,ITEM0000028560,DS001,SKU0290,Wrong Item,416.48,Picking,P_DS001_024,Unconfirmed,Refund
QI00000254,ORD000007648,ITEM0000028593,DS001,SKU0176,Damaged Item,206.65,Rider Handling / Last Mile,,Unconfirmed,Refund
QI00000255,ORD000007684,ITEM0000028733,DS001,SKU0186,Missing Item,52.03,Inventory Accuracy / Putaway,P_DS001_009,Unconfirmed,Refund
QI00000256,ORD000007741,ITEM0000028930,DS001,SKU0018,Damaged Item,584.08,Putaway / Picking Handling,,Unconfirmed,Replacement
QI00000257,ORD000007768,ITEM0000029025,DS001,SKU0181,Missing Item,412.97,Inventory Accuracy / Putaway,P_DS001_024,Unconfirmed,Replacement
QI00000258,ORD000007808,ITEM0000029177,DS001,SKU0022,Missing Item,446.03,Inventory Accuracy / Putaway,P_DS001_018,Unconfirmed,Refund
QI00000259,ORD000007852,ITEM0000029354,DS001,SKU0041,Wrong Item,95.3,Picking,P_DS001_027,Unconfirmed,Refund
QI00000260,ORD000007856,ITEM0000029371,DS001,SKU0173,Missing Item,451.68,Inventory Accuracy / Putaway,P_DS001_030,Unconfirmed,Refund
QI00000261,ORD000007892,ITEM0000029487,DS001,SKU0266,Wrong Item,218.79,Shelf Placement / Picking Verification,P_DS001_036,Unconfirmed,Refund
QI00000262,ORD000007917,ITEM0000029562,DS001,SKU0074,Missing Item,233.54,Inventory Accuracy / Putaway,P_DS001_003,Unconfirmed,Refund
QI00000263,ORD000007954,ITEM0000029715,DS001,SKU0245,Missing Item,280.87,Inventory Accuracy / Putaway,P_DS001_036,Unconfirmed,Replacement
QI00000264,ORD000007957,ITEM0000029727,DS001,SKU0016,Damaged Item,206.66,Putaway / Picking Handling,,Unconfirmed,Refund
QI00000265,ORD000007963,ITEM0000029744,DS001,SKU0136,Missing Item,188.27,Inventory Accuracy / Putaway,P_DS001_006,Unconfirmed,Refund
QI00000266,ORD000007985,ITEM0000029826,DS001,SKU0057,Wrong Item,229.0,Picking,P_DS001_009,Unconfirmed,Refund
QI00000267,ORD000008004,ITEM0000029888,DS001,SKU0022,Missing Item,446.03,Inventory Accuracy / Putaway,P_DS001_015,Unconfirmed,Refund
QI00000268,ORD000008007,ITEM0000029899,DS001,SKU0133,Missing Item,664.79,Inventory Accuracy / Putaway,P_DS001_018,Unconfirmed,Refund
QI00000269,ORD000008015,ITEM0000029928,DS001,SKU0119,Missing Item,364.04,Inventory Accuracy / Putaway,P_DS001_028,Unconfirmed,Refund
QI00000270,ORD000008034,ITEM0000029983,DS001,SKU0105,Wrong Item,272.14,Shelf Placement / Picking Verification,P_DS001_007,Unconfirmed,Refund
QI00000271,ORD000008069,ITEM0000030120,DS001,SKU0144,Missing Item,82.27,Inventory Accuracy / Putaway,P_DS001_019,Unconfirmed,Refund
QI00000272,ORD000008071,ITEM0000030128,DS001,SKU0070,Damaged Item,78.06,Putaway / Picking Handling,,Unconfirmed,Replacement
QI00000273,ORD000008094,ITEM0000030226,DS001,SKU0081,Damaged Item,87.92,Putaway / Picking Handling,,Unconfirmed,Replacement
QI00000274,ORD000008116,ITEM0000030316,DS001,SKU0152,Wrong Item,606.41,Picking,P_DS001_001,Unconfirmed,Refund
QI00000275,ORD000008144,ITEM0000030411,DS001,SKU0242,Missing Item,217.44,Inventory Accuracy / Putaway,P_DS001_007,Unconfirmed,Replacement
QI00000276,ORD000008156,ITEM0000030457,DS001,SKU0150,Missing Item,356.42,Inventory Accuracy / Putaway,P_DS001_007,Unconfirmed,Refund
QI00000277,ORD000008226,ITEM0000030744,DS001,SKU0148,Missing Item,347.32,Inventory Accuracy / Putaway,P_DS001_005,Unconfirmed,Refund
QI00000278,ORD000008230,ITEM0000030754,DS001,SKU0119,Damaged Item,182.02,Putaway / Picking Handling,,Unconfirmed,Refund
QI00000279,ORD000008238,ITEM0000030789,DS001,SKU0152,Missing Item,1212.82,Inventory Accuracy / Putaway,P_DS001_023,Unconfirmed,Replacement
QI00000280,ORD000008242,ITEM0000030807,DS001,SKU0064,Wrong Item,344.62,Picking,P_DS001_028,Unconfirmed,Refund
QI00000281,ORD000008245,ITEM0000030821,DS001,SKU0051,Missing Item,25.15,Inventory Accuracy / Putaway,P_DS001_011,Unconfirmed,Replacement
QI00000282,ORD000008261,ITEM0000030879,DS001,SKU0007,Missing Item,166.16,Inventory Accuracy / Putaway,P_DS001_011,Unconfirmed,Refund
QI00000283,ORD000008311,ITEM0000031072,DS001,SKU0174,Missing Item,225.38,Inventory Accuracy / Putaway,P_DS001_005,Unconfirmed,Refund
QI00000284,ORD000008319,ITEM0000031108,DS001,SKU0119,Damaged Item,364.04,Putaway / Picking Handling,,Unconfirmed,Replacement
QI00000285,ORD000008320,ITEM0000031110,DS001,SKU0273,Missing Item,303.86,Inventory Accuracy / Putaway,P_DS001_035,Unconfirmed,Refund
QI00000286,ORD000008324,ITEM0000031130,DS001,SKU0197,Missing Item,260.58,Inventory Accuracy / Putaway,P_DS001_026,Unconfirmed,Refund
QI00000287,ORD000008408,ITEM0000031436,DS001,SKU0193,Wrong Item,323.59,Picking,P_DS001_017,Unconfirmed,Refund
QI00000288,ORD000008434,ITEM0000031543,DS001,SKU0156,Missing Item,61.95,Inventory Accuracy / Putaway,P_DS001_017,Unconfirmed,Refund
QI00000289,ORD000008449,ITEM0000031607,DS001,SKU0160,Wrong Item,215.8,Shelf Placement / Picking Verification,P_DS001_008,Unconfirmed,Refund
QI00000290,ORD000008477,ITEM0000031703,DS001,SKU0021,Wrong Item,387.42,Picking,P_DS001_032,Unconfirmed,Refund
QI00000291,ORD000008538,ITEM0000031937,DS001,SKU0120,Wrong Item,29.79,Picking,P_DS001_014,Unconfirmed,Refund
QI00000292,ORD000008553,ITEM0000031985,DS001,SKU0022,Damaged Item,446.03,Putaway / Picking Handling,,Unconfirmed,Refund
QI00000293,ORD000008560,ITEM0000032011,DS001,SKU0085,Damaged Item,469.4,Putaway / Picking Handling,,Unconfirmed,Refund
QI00000294,ORD000008586,ITEM0000032123,DS001,SKU0266,Missing Item,218.79,Inventory Accuracy / Putaway,P_DS001_011,Unconfirmed,Replacement
QI00000295,ORD000008589,ITEM0000032137,DS001,SKU0031,Missing Item,397.46,Inventory Accuracy / Putaway,P_DS001_026,Unconfirmed,Refund
QI00000296,ORD000008665,ITEM0000032393,DS001,SKU0272,Wrong Item,54.7,Picking,P_DS001_002,Unconfirmed,Refund
QI00000297,ORD000008701,ITEM0000032522,DS001,SKU0275,Damaged Item,88.36,Putaway / Picking Handling,,Unconfirmed,Refund
QI00000298,ORD000008782,ITEM0000032794,DS001,SKU0253,Missing Item,253.2,Inventory Accuracy / Putaway,P_DS001_023,Unconfirmed,Refund
QI00000299,ORD000008831,ITEM0000032964,DS001,SKU0208,Missing Item,40.91,Inventory Accuracy / Putaway,P_DS001_005,Unconfirmed,Refund
QI00000300,ORD000008949,ITEM0000033406,DS001,SKU0141,Missing Item,106.65,Inventory Accuracy / Putaway,P_DS001_011,Unconfirmed,Replacement
QI00000301,ORD000009038,ITEM0000033720,DS001,SKU0131,Missing Item,255.32,Inventory Accuracy / Putaway,P_DS001_011,Unconfirmed,Refund
QI00000302,ORD000009076,ITEM0000033859,DS001,SKU0075,Wrong Item,287.26,Shelf Placement / Picking Verification,P_DS001_014,Unconfirmed,Refund
QI00000303,ORD000009088,ITEM0000033905,DS001,SKU0081,Missing Item,87.92,Inventory Accuracy / Putaway,P_DS001_017,Unconfirmed,Refund
QI00000304,ORD000009156,ITEM0000034163,DS001,SKU0274,Wrong Item,382.26,Shelf Placement / Picking Verification,P_DS001_011,Unconfirmed,Refund
QI00000305,ORD000009164,ITEM0000034198,DS001,SKU0209,Damaged Item,102.71,Putaway / Picking Handling,,Unconfirmed,Refund
QI00000306,ORD000009174,ITEM0000034238,DS001,SKU0022,Missing Item,446.03,Inventory Accuracy / Putaway,P_DS001_014,Unconfirmed,Refund
QI00000307,ORD000009217,ITEM0000034388,DS001,SKU0197,Wrong Item,521.16,Picking,P_DS001_032,Unconfirmed,Refund
QI00000308,ORD000009229,ITEM0000034433,DS001,SKU0044,Missing Item,392.84,Inventory Accuracy / Putaway,P_DS001_017,Unconfirmed,Refund
QI00000309,ORD000009244,ITEM0000034485,DS001,SKU0198,Missing Item,353.83,Inventory Accuracy / Putaway,P_DS001_029,Unconfirmed,Refund
QI00000310,ORD000009347,ITEM0000034881,DS001,SKU0141,Wrong Item,213.3,Picking,P_DS001_023,Unconfirmed,Refund
QI00000311,ORD000009368,ITEM0000034967,DS001,SKU0141,Damaged Item,106.65,Putaway / Picking Handling,,Unconfirmed,Replacement
QI00000312,ORD000009371,ITEM0000034977,DS001,SKU0185,Wrong Item,98.45,Shelf Placement / Picking Verification,P_DS001_029,Unconfirmed,Refund
QI00000313,ORD000009387,ITEM0000035037,DS001,SKU0095,Missing Item,225.12,Inventory Accuracy / Putaway,P_DS001_002,Unconfirmed,Refund
QI00000314,ORD000009387,ITEM0000035038,DS001,SKU0152,Missing Item,606.41,Inventory Accuracy / Putaway,P_DS001_002,Unconfirmed,Refund
QI00000315,ORD000009412,ITEM0000035126,DS001,SKU0180,Missing Item,74.68,Inventory Accuracy / Putaway,P_DS001_026,Unconfirmed,Refund
QI00000316,ORD000009479,ITEM0000035379,DS001,SKU0150,Missing Item,178.21,Inventory Accuracy / Putaway,P_DS001_008,Unconfirmed,Refund
QI00000317,ORD000009537,ITEM0000035579,DS001,SKU0021,Missing Item,387.42,Inventory Accuracy / Putaway,P_DS001_029,Unconfirmed,Replacement
QI00000318,ORD000009585,ITEM0000035765,DS001,SKU0074,Missing Item,233.54,Inventory Accuracy / Putaway,P_DS001_017,Unconfirmed,Replacement
QI00000319,ORD000009619,ITEM0000035898,DS001,SKU0130,Missing Item,44.48,Inventory Accuracy / Putaway,P_DS001_026,Unconfirmed,Replacement
QI00000320,ORD000009634,ITEM0000035960,DS001,SKU0298,Missing Item,158.44,Inventory Accuracy / Putaway,P_DS001_005,Unconfirmed,Refund
QI00000321,ORD000009638,ITEM0000035972,DS001,SKU0204,Wrong Item,674.82,Picking,P_DS001_008,Unconfirmed,Replacement
QI00000322,ORD000009651,ITEM0000036024,DS001,SKU0007,Missing Item,83.08,Inventory Accuracy / Putaway,P_DS001_005,Unconfirmed,Replacement
QI00000323,ORD000009652,ITEM0000036029,DS001,SKU0193,Missing Item,323.59,Inventory Accuracy / Putaway,P_DS001_017,Unconfirmed,Refund
QI00000324,ORD000009686,ITEM0000036134,DS001,SKU0028,Damaged Item,414.17,Putaway / Picking Handling,,Unconfirmed,Refund
QI00000325,ORD000009694,ITEM0000036168,DS001,SKU0183,Missing Item,284.0,Inventory Accuracy / Putaway,P_DS001_011,Unconfirmed,Replacement
QI00000326,ORD000009698,ITEM0000036187,DS001,SKU0141,Missing Item,106.65,Inventory Accuracy / Putaway,P_DS001_014,Unconfirmed,Replacement
QI00000327,ORD000009721,ITEM0000036278,DS001,SKU0249,Missing Item,978.52,Inventory Accuracy / Putaway,P_DS001_009,Unconfirmed,Refund
QI00000328,ORD000009731,ITEM0000036311,DS001,SKU0176,Damaged Item,206.65,Putaway / Picking Handling,,Unconfirmed,Replacement
QI00000329,ORD000009758,ITEM0000036425,DS001,SKU0160,Missing Item,215.8,Inventory Accuracy / Putaway,P_DS001_009,Unconfirmed,Refund
QI00000330,ORD000009802,ITEM0000036594,DS001,SKU0022,Missing Item,446.03,Inventory Accuracy / Putaway,P_DS001_009,Unconfirmed,Replacement
QI00000331,ORD000009830,ITEM0000036693,DS001,SKU0251,Missing Item,177.56,Inventory Accuracy / Putaway,P_DS001_015,Unconfirmed,Replacement
QI00000332,ORD000009830,ITEM0000036694,DS001,SKU0249,Missing Item,489.26,Inventory Accuracy / Putaway,P_DS001_015,Unconfirmed,Refund
QI00000333,ORD000009849,ITEM0000036759,DS001,SKU0119,Missing Item,182.02,Inventory Accuracy / Putaway,P_DS001_033,Unconfirmed,Refund
QI00000334,ORD000010018,ITEM0000037378,DS001,SKU0146,Missing Item,37.7,Inventory Accuracy / Putaway,P_DS001_012,Unconfirmed,Refund
QI00000335,ORD000010029,ITEM0000037420,DS001,SKU0023,Damaged Item,166.93,Putaway / Picking Handling,,Unconfirmed,Refund
QI00000336,ORD000010195,ITEM0000038036,DS001,SKU0006,Wrong Item,320.8,Shelf Placement / Picking Verification,P_DS001_033,Unconfirmed,Refund
QI00000337,ORD000010196,ITEM0000038040,DS001,SKU0023,Missing Item,166.93,Inventory Accuracy / Putaway,P_DS001_027,Unconfirmed,Refund
QI00000338,ORD000010211,ITEM0000038095,DS001,SKU0237,Missing Item,154.96,Inventory Accuracy / Putaway,P_DS001_020,Unconfirmed,Replacement
QI00000339,ORD000010272,ITEM0000038302,DS001,SKU0052,Missing Item,172.63,Inventory Accuracy / Putaway,P_DS001_012,Unconfirmed,Replacement
QI00000340,ORD000010287,ITEM0000038364,DS001,SKU0173,Missing Item,451.68,Inventory Accuracy / Putaway,P_DS001_013,Unconfirmed,Refund
QI00000341,ORD000010386,ITEM0000038732,DS001,SKU0012,Missing Item,230.15,Inventory Accuracy / Putaway,P_DS001_033,Unconfirmed,Refund
QI00000342,ORD000010423,ITEM0000038871,DS001,SKU0197,Missing Item,260.58,Inventory Accuracy / Putaway,P_DS001_030,Unconfirmed,Refund
QI00000343,ORD000010427,ITEM0000038889,DS001,SKU0071,Damaged Item,120.79,Putaway / Picking Handling,,Unconfirmed,Replacement
QI00000344,ORD000010452,ITEM0000038979,DS001,SKU0080,Wrong Item,77.19,Picking,P_DS001_009,Unconfirmed,Replacement
QI00000345,ORD000010469,ITEM0000039033,DS001,SKU0018,Damaged Item,292.04,Putaway / Picking Handling,,Unconfirmed,Replacement
QI00000346,ORD000010498,ITEM0000039153,DS001,SKU0260,Missing Item,568.34,Inventory Accuracy / Putaway,P_DS001_027,Unconfirmed,Refund
QI00000347,ORD000010578,ITEM0000039458,DS001,SKU0070,Missing Item,156.12,Inventory Accuracy / Putaway,P_DS001_015,Unconfirmed,Replacement
QI00000348,ORD000010589,ITEM0000039500,DS001,SKU0286,Wrong Item,143.99,Shelf Placement / Picking Verification,P_DS001_030,Unconfirmed,Refund
QI00000349,ORD000010633,ITEM0000039675,DS001,SKU0007,Missing Item,83.08,Inventory Accuracy / Putaway,P_DS001_020,Unconfirmed,Refund
QI00000350,ORD000010701,ITEM0000039926,DS001,SKU0141,Missing Item,213.3,Inventory Accuracy / Putaway,P_DS001_018,Unconfirmed,Refund
QI00000351,ORD000010744,ITEM0000040097,DS001,SKU0085,Wrong Item,938.8,Picking,P_DS001_027,Unconfirmed,Refund
QI00000352,ORD000010762,ITEM0000040172,DS001,SKU0203,Missing Item,260.84,Inventory Accuracy / Putaway,P_DS001_036,Unconfirmed,Refund
QI00000353,ORD000010770,ITEM0000040197,DS001,SKU0104,Wrong Item,181.45,Picking,P_DS001_020,Unconfirmed,Refund
QI00000354,ORD000010805,ITEM0000040317,DS001,SKU0113,Damaged Item,129.44,Putaway / Picking Handling,,Unconfirmed,Refund
QI00000355,ORD000010807,ITEM0000040329,DS001,SKU0081,Damaged Item,43.96,Putaway / Picking Handling,,Unconfirmed,Refund
QI00000356,ORD000010832,ITEM0000040430,DS001,SKU0253,Wrong Item,126.6,Picking,P_DS001_030,Unconfirmed,Refund
QI00000357,ORD000010838,ITEM0000040451,DS001,SKU0120,Missing Item,59.58,Inventory Accuracy / Putaway,P_DS001_012,Unconfirmed,Refund
QI00000358,ORD000010913,ITEM0000040712,DS001,SKU0236,Damaged Item,554.88,Putaway / Picking Handling,,Unconfirmed,Refund
QI00000359,ORD000010926,ITEM0000040767,DS001,SKU0190,Missing Item,229.14,Inventory Accuracy / Putaway,P_DS001_020,Unconfirmed,Refund
QI00000360,ORD000010940,ITEM0000040819,DS001,SKU0141,Missing Item,106.65,Inventory Accuracy / Putaway,P_DS001_021,Unconfirmed,Replacement
QI00000361,ORD000010946,ITEM0000040835,DS001,SKU0128,Wrong Item,157.1,Picking,P_DS001_027,Unconfirmed,Refund
QI00000362,ORD000010972,ITEM0000040930,DS001,SKU0243,Damaged Item,191.05,Putaway / Picking Handling,,Unconfirmed,Replacement
QI00000363,ORD000010984,ITEM0000040980,DS001,SKU0169,Missing Item,128.02,Inventory Accuracy / Putaway,P_DS001_018,Unconfirmed,Refund
QI00000364,ORD000011051,ITEM0000041211,DS001,SKU0146,Missing Item,18.85,Inventory Accuracy / Putaway,P_DS001_009,Unconfirmed,Refund
QI00000365,ORD000011084,ITEM0000041335,DS001,SKU0093,Missing Item,172.15,Inventory Accuracy / Putaway,P_DS001_012,Unconfirmed,Replacement
QI00000366,ORD000011085,ITEM0000041340,DS001,SKU0275,Wrong Item,44.18,Picking,P_DS001_021,Unconfirmed,Replacement
QI00000367,ORD000011124,ITEM0000041475,DS001,SKU0291,Damaged Item,294.78,Putaway / Picking Handling,,Unconfirmed,Refund
QI00000368,ORD000011131,ITEM0000041510,DS001,SKU0054,Wrong Item,266.46,Shelf Placement / Picking Verification,P_DS001_009,Unconfirmed,Refund
QI00000369,ORD000011140,ITEM0000041539,DS001,SKU0051,Missing Item,25.15,Inventory Accuracy / Putaway,P_DS001_033,Unconfirmed,Replacement
QI00000370,ORD000011149,ITEM0000041575,DS001,SKU0070,Missing Item,78.06,Inventory Accuracy / Putaway,P_DS001_036,Unconfirmed,Replacement
QI00000371,ORD000011211,ITEM0000041798,DS001,SKU0246,Missing Item,192.63,Inventory Accuracy / Putaway,P_DS001_018,Unconfirmed,Refund
QI00000372,ORD000011266,ITEM0000041983,DS001,SKU0253,Missing Item,253.2,Inventory Accuracy / Putaway,P_DS001_009,Unconfirmed,Refund
QI00000373,ORD000011270,ITEM0000041996,DS001,SKU0271,Wrong Item,197.96,Shelf Placement / Picking Verification,P_DS001_012,Unconfirmed,Refund
QI00000374,ORD000011302,ITEM0000042104,DS001,SKU0266,Missing Item,218.79,Inventory Accuracy / Putaway,P_DS001_019,Unconfirmed,Replacement
QI00000375,ORD000011399,ITEM0000042452,DS001,SKU0018,Missing Item,584.08,Inventory Accuracy / Putaway,P_DS001_031,Unconfirmed,Refund
QI00000376,ORD000011419,ITEM0000042525,DS001,SKU0171,Missing Item,138.36,Inventory Accuracy / Putaway,P_DS001_001,Unconfirmed,Refund
QI00000377,ORD000011430,ITEM0000042563,DS001,SKU0040,Missing Item,82.14,Inventory Accuracy / Putaway,P_DS001_023,Unconfirmed,Refund
QI00000378,ORD000011508,ITEM0000042848,DS001,SKU0198,Damaged Item,353.83,Putaway / Picking Handling,,Unconfirmed,Replacement
QI00000379,ORD000011510,ITEM0000042857,DS001,SKU0113,Missing Item,64.72,Inventory Accuracy / Putaway,P_DS001_017,Unconfirmed,Refund
QI00000380,ORD000011523,ITEM0000042906,DS001,SKU0257,Missing Item,288.34,Inventory Accuracy / Putaway,P_DS001_005,Unconfirmed,Replacement
QI00000381,ORD000011600,ITEM0000043169,DS001,SKU0208,Missing Item,40.91,Inventory Accuracy / Putaway,P_DS001_017,Unconfirmed,Refund
QI00000382,ORD000011611,ITEM0000043209,DS001,SKU0021,Missing Item,387.42,Inventory Accuracy / Putaway,P_DS001_026,Unconfirmed,Replacement
QI00000383,ORD000011634,ITEM0000043285,DS001,SKU0156,Missing Item,61.95,Inventory Accuracy / Putaway,P_DS001_026,Unconfirmed,Refund
QI00000384,ORD000011780,ITEM0000043824,DS001,SKU0097,Missing Item,183.02,Inventory Accuracy / Putaway,P_DS001_029,Unconfirmed,Refund
QI00000385,ORD000011809,ITEM0000043945,DS001,SKU0212,Missing Item,64.87,Inventory Accuracy / Putaway,P_DS001_005,Unconfirmed,Refund
QI00000386,ORD000011855,ITEM0000044131,DS001,SKU0076,Missing Item,534.1,Inventory Accuracy / Putaway,P_DS001_032,Unconfirmed,Refund
QI00000387,ORD000011879,ITEM0000044211,DS001,SKU0148,Missing Item,347.32,Inventory Accuracy / Putaway,P_DS001_008,Unconfirmed,Replacement
QI00000388,ORD000011923,ITEM0000044377,DS001,SKU0015,Missing Item,318.96,Inventory Accuracy / Putaway,P_DS001_029,Unconfirmed,Refund
QI00000389,ORD000011942,ITEM0000044452,DS001,SKU0226,Missing Item,90.56,Inventory Accuracy / Putaway,P_DS001_026,Unconfirmed,Refund
QI00000390,ORD000011980,ITEM0000044597,DS001,SKU0273,Missing Item,607.72,Inventory Accuracy / Putaway,P_DS001_002,Unconfirmed,Replacement
QI00000391,ORD000011988,ITEM0000044623,DS001,SKU0184,Wrong Item,106.02,Picking,P_DS001_011,Unconfirmed,Refund
QI00000392,ORD000012004,ITEM0000044689,DS001,SKU0029,Missing Item,98.74,Inventory Accuracy / Putaway,P_DS001_002,Unconfirmed,Refund
QI00000393,ORD000012015,ITEM0000044737,DS001,SKU0213,Wrong Item,203.78,Shelf Placement / Picking Verification,P_DS001_008,Unconfirmed,Refund
QI00000394,ORD000012021,ITEM0000044765,DS001,SKU0236,Damaged Item,277.44,Putaway / Picking Handling,,Unconfirmed,Refund
QI00000395,ORD000012025,ITEM0000044780,DS001,SKU0029,Missing Item,49.37,Inventory Accuracy / Putaway,P_DS001_017,Unconfirmed,Refund
QI00000396,ORD000012047,ITEM0000044863,DS001,SKU0253,Wrong Item,126.6,Picking,P_DS001_011,Unconfirmed,Refund
QI00000397,ORD000012058,ITEM0000044900,DS001,SKU0197,Missing Item,260.58,Inventory Accuracy / Putaway,P_DS001_008,Unconfirmed,Replacement
QI00000398,ORD000012088,ITEM0000045016,DS001,SKU0183,Missing Item,426.0,Inventory Accuracy / Putaway,P_DS001_029,Unconfirmed,Refund
QI00000399,ORD000012097,ITEM0000045054,DS001,SKU0151,Missing Item,103.12,Inventory Accuracy / Putaway,P_DS001_020,Unconfirmed,Replacement
QI00000400,ORD000012146,ITEM0000045247,DS001,SKU0104,Wrong Item,181.45,Picking,P_DS001_002,Unconfirmed,Refund
QI00000401,ORD000012150,ITEM0000045267,DS001,SKU0127,Missing Item,687.63,Inventory Accuracy / Putaway,P_DS001_032,Unconfirmed,Refund
QI00000402,ORD000012173,ITEM0000045351,DS001,SKU0193,Missing Item,323.59,Inventory Accuracy / Putaway,P_DS001_026,Unconfirmed,Refund
QI00000403,ORD000012237,ITEM0000045586,DS001,SKU0131,Missing Item,255.32,Inventory Accuracy / Putaway,P_DS001_032,Unconfirmed,Refund
QI00000404,ORD000012291,ITEM0000045800,DS001,SKU0015,Missing Item,318.96,Inventory Accuracy / Putaway,P_DS001_029,Unconfirmed,Refund
QI00000405,ORD000012398,ITEM0000046181,DS001,SKU0025,Wrong Item,541.32,Shelf Placement / Picking Verification,P_DS001_017,Unconfirmed,Refund
QI00000406,ORD000012460,ITEM0000046405,DS001,SKU0282,Missing Item,241.36,Inventory Accuracy / Putaway,P_DS001_020,Unconfirmed,Replacement
QI00000407,ORD000012482,ITEM0000046484,DS001,SKU0225,Missing Item,138.75,Inventory Accuracy / Putaway,P_DS001_011,Unconfirmed,Refund
QI00000408,ORD000012510,ITEM0000046582,DS001,SKU0062,Wrong Item,334.2,Shelf Placement / Picking Verification,P_DS001_029,Unconfirmed,Replacement
QI00000409,ORD000012524,ITEM0000046626,DS001,SKU0113,Missing Item,129.44,Inventory Accuracy / Putaway,P_DS001_032,Unconfirmed,Refund
QI00000410,ORD000012527,ITEM0000046638,DS001,SKU0188,Missing Item,93.27,Inventory Accuracy / Putaway,P_DS001_017,Unconfirmed,Replacement
QI00000411,ORD000012620,ITEM0000046982,DS001,SKU0197,Missing Item,260.58,Inventory Accuracy / Putaway,P_DS001_002,Unconfirmed,Replacement
QI00000412,ORD000012652,ITEM0000047111,DS001,SKU0152,Missing Item,1212.82,Inventory Accuracy / Putaway,P_DS001_020,Unconfirmed,Refund
QI00000413,ORD000012674,ITEM0000047193,DS001,SKU0005,Wrong Item,321.98,Picking,P_DS001_002,Unconfirmed,Refund
QI00000414,ORD000012765,ITEM0000047520,DS001,SKU0081,Damaged Item,43.96,Putaway / Picking Handling,,Unconfirmed,Refund
QI00000415,ORD000012773,ITEM0000047553,DS001,SKU0131,Missing Item,255.32,Inventory Accuracy / Putaway,P_DS001_018,Unconfirmed,Refund
QI00000416,ORD000012774,ITEM0000047557,DS001,SKU0227,Missing Item,496.1,Inventory Accuracy / Putaway,P_DS001_015,Unconfirmed,Refund
QI00000417,ORD000012787,ITEM0000047603,DS001,SKU0290,Missing Item,832.96,Inventory Accuracy / Putaway,P_DS001_018,Unconfirmed,Refund
QI00000418,ORD000012825,ITEM0000047740,DS001,SKU0063,Wrong Item,379.74,Shelf Placement / Picking Verification,P_DS001_015,Unconfirmed,Refund
QI00000419,ORD000012853,ITEM0000047850,DS001,SKU0129,Missing Item,21.75,Inventory Accuracy / Putaway,P_DS001_024,Unconfirmed,Replacement
QI00000420,ORD000012863,ITEM0000047898,DS001,SKU0006,Wrong Item,160.4,Shelf Placement / Picking Verification,P_DS001_015,Unconfirmed,Refund
QI00000421,ORD000012911,ITEM0000048067,DS001,SKU0290,Missing Item,416.48,Inventory Accuracy / Putaway,P_DS001_035,Unconfirmed,Replacement
QI00000422,ORD000012945,ITEM0000048204,DS001,SKU0298,Wrong Item,79.22,Shelf Placement / Picking Verification,P_DS001_015,Unconfirmed,Replacement
QI00000423,ORD000012946,ITEM0000048207,DS001,SKU0209,Damaged Item,102.71,Putaway / Picking Handling,,Unconfirmed,Refund
QI00000424,ORD000013036,ITEM0000048547,DS001,SKU0209,Damaged Item,308.13,Putaway / Picking Handling,,Unconfirmed,Refund
QI00000425,ORD000013145,ITEM0000048947,DS001,SKU0141,Missing Item,213.3,Inventory Accuracy / Putaway,P_DS001_033,Unconfirmed,Replacement
QI00000426,ORD000013148,ITEM0000048958,DS001,SKU0100,Damaged Item,191.45,Putaway / Picking Handling,,Unconfirmed,Refund
QI00000427,ORD000013151,ITEM0000048973,DS001,SKU0127,Missing Item,458.42,Inventory Accuracy / Putaway,P_DS001_009,Unconfirmed,Refund
QI00000428,ORD000013171,ITEM0000049054,DS001,SKU0071,Damaged Item,120.79,Putaway / Picking Handling,,Unconfirmed,Refund
QI00000429,ORD000013336,ITEM0000049681,DS001,SKU0185,Wrong Item,98.45,Shelf Placement / Picking Verification,P_DS001_033,Unconfirmed,Refund
QI00000430,ORD000013340,ITEM0000049697,DS001,SKU0022,Wrong Item,892.06,Picking,P_DS001_007,Unconfirmed,Replacement
QI00000431,ORD000013346,ITEM0000049721,DS001,SKU0102,Missing Item,107.01,Inventory Accuracy / Putaway,P_DS001_024,Unconfirmed,Refund
QI00000432,ORD000013357,ITEM0000049765,DS001,SKU0290,Missing Item,416.48,Inventory Accuracy / Putaway,P_DS001_015,Unconfirmed,Replacement
QI00000433,ORD000013357,ITEM0000049767,DS001,SKU0281,Missing Item,528.78,Inventory Accuracy / Putaway,P_DS001_015,Unconfirmed,Replacement
QI00000434,ORD000013385,ITEM0000049869,DS001,SKU0057,Missing Item,458.0,Inventory Accuracy / Putaway,P_DS001_007,Unconfirmed,Refund
QI00000435,ORD000013393,ITEM0000049901,DS001,SKU0180,Missing Item,37.34,Inventory Accuracy / Putaway,P_DS001_033,Unconfirmed,Replacement
QI00000436,ORD000013403,ITEM0000049936,DS001,SKU0235,Missing Item,653.54,Inventory Accuracy / Putaway,P_DS001_035,Unconfirmed,Replacement
QI00000437,ORD000013418,ITEM0000049987,DS001,SKU0150,Missing Item,178.21,Inventory Accuracy / Putaway,P_DS001_036,Unconfirmed,Refund
QI00000438,ORD000013477,ITEM0000050225,DS001,SKU0018,Missing Item,292.04,Inventory Accuracy / Putaway,P_DS001_027,Unconfirmed,Refund
QI00000439,ORD000013508,ITEM0000050344,DS001,SKU0266,Missing Item,437.58,Inventory Accuracy / Putaway,P_DS001_036,Unconfirmed,Refund
QI00000440,ORD000013518,ITEM0000050378,DS001,SKU0068,Wrong Item,366.82,Picking,P_DS001_003,Unconfirmed,Refund
QI00000441,ORD000013641,ITEM0000050850,DS001,SKU0064,Missing Item,344.62,Inventory Accuracy / Putaway,P_DS001_007,Unconfirmed,Refund
QI00000442,ORD000013669,ITEM0000050947,DS001,SKU0150,Missing Item,178.21,Inventory Accuracy / Putaway,P_DS001_015,Unconfirmed,Refund
QI00000443,ORD000013675,ITEM0000050975,DS001,SKU0251,Missing Item,177.56,Inventory Accuracy / Putaway,P_DS001_009,Unconfirmed,Refund
QI00000444,ORD000013698,ITEM0000051069,DS001,SKU0124,Missing Item,461.38,Inventory Accuracy / Putaway,P_DS001_018,Unconfirmed,Refund
QI00000445,ORD000013714,ITEM0000051132,DS001,SKU0118,Damaged Item,46.16,Putaway / Picking Handling,,Unconfirmed,Refund
QI00000446,ORD000013718,ITEM0000051149,DS001,SKU0057,Wrong Item,229.0,Picking,P_DS001_015,Unconfirmed,Refund
QI00000447,ORD000013814,ITEM0000051509,DS001,SKU0166,Wrong Item,493.94,Shelf Placement / Picking Verification,P_DS001_012,Unconfirmed,Replacement
QI00000448,ORD000013912,ITEM0000051887,DS001,SKU0166,Wrong Item,987.88,Shelf Placement / Picking Verification,P_DS001_009,Unconfirmed,Refund
QI00000449,ORD000013937,ITEM0000051970,DS001,SKU0070,Damaged Item,78.06,Putaway / Picking Handling,,Unconfirmed,Refund
QI00000450,ORD000013963,ITEM0000052076,DS001,SKU0130,Missing Item,88.96,Inventory Accuracy / Putaway,P_DS001_012,Unconfirmed,Refund
QI00000451,ORD000014000,ITEM0000052224,DS001,SKU0251,Missing Item,177.56,Inventory Accuracy / Putaway,P_DS001_003,Unconfirmed,Replacement
QI00000452,ORD000014017,ITEM0000052292,DS001,SKU0127,Wrong Item,229.21,Shelf Placement / Picking Verification,P_DS001_018,Unconfirmed,Refund
QI00000453,ORD000014031,ITEM0000052346,DS001,SKU0111,Missing Item,431.16,Inventory Accuracy / Putaway,P_DS001_028,Unconfirmed,Refund
QI00000454,ORD000014053,ITEM0000052434,DS001,SKU0226,Missing Item,45.28,Inventory Accuracy / Putaway,P_DS001_010,Unconfirmed,Refund
QI00000455,ORD000014075,ITEM0000052519,DS001,SKU0280,Missing Item,467.38,Inventory Accuracy / Putaway,P_DS001_019,Unconfirmed,Refund
QI00000456,ORD000014098,ITEM0000052609,DS001,SKU0021,Missing Item,387.42,Inventory Accuracy / Putaway,P_DS001_028,Unconfirmed,Refund
QI00000457,ORD000014099,ITEM0000052613,DS001,SKU0173,Wrong Item,451.68,Picking,P_DS001_031,Unconfirmed,Refund
QI00000458,ORD000014103,ITEM0000052628,DS001,SKU0272,Missing Item,54.7,Inventory Accuracy / Putaway,P_DS001_004,Unconfirmed,Replacement
QI00000459,ORD000014108,ITEM0000052646,DS001,SKU0018,Damaged Item,292.04,Putaway / Picking Handling,,Unconfirmed,Refund
QI00000460,ORD000014111,ITEM0000052655,DS001,SKU0166,Wrong Item,493.94,Shelf Placement / Picking Verification,P_DS001_004,Unconfirmed,Refund
QI00000461,ORD000014136,ITEM0000052771,DS001,SKU0114,Missing Item,116.74,Inventory Accuracy / Putaway,P_DS001_013,Unconfirmed,Refund
QI00000462,ORD000014148,ITEM0000052823,DS001,SKU0287,Damaged Item,193.29,Putaway / Picking Handling,,Unconfirmed,Refund
QI00000463,ORD000014194,ITEM0000052975,DS001,SKU0212,Damaged Item,129.74,Putaway / Picking Handling,,Unconfirmed,Refund
QI00000464,ORD000014214,ITEM0000053043,DS001,SKU0021,Missing Item,774.84,Inventory Accuracy / Putaway,P_DS001_019,Unconfirmed,Refund
QI00000465,ORD000014321,ITEM0000053428,DS001,SKU0162,Wrong Item,63.51,Picking,P_DS001_014,Unconfirmed,Refund
QI00000466,ORD000014358,ITEM0000053561,DS001,SKU0063,Damaged Item,189.87,Putaway / Picking Handling,,Unconfirmed,Refund
QI00000467,ORD000014375,ITEM0000053629,DS001,SKU0113,Missing Item,64.72,Inventory Accuracy / Putaway,P_DS001_032,Unconfirmed,Refund
QI00000468,ORD000014411,ITEM0000053764,DS001,SKU0080,Missing Item,77.19,Inventory Accuracy / Putaway,P_DS001_026,Unconfirmed,Refund
QI00000469,ORD000014420,ITEM0000053797,DS001,SKU0003,Missing Item,399.91,Inventory Accuracy / Putaway,P_DS001_014,Unconfirmed,Refund
QI00000470,ORD000014509,ITEM0000054172,DS001,SKU0300,Missing Item,1102.5,Inventory Accuracy / Putaway,P_DS001_023,Unconfirmed,Refund
QI00000471,ORD000014522,ITEM0000054218,DS001,SKU0114,Missing Item,233.48,Inventory Accuracy / Putaway,P_DS001_023,Unconfirmed,Refund
QI00000472,ORD000014556,ITEM0000054338,DS001,SKU0162,Wrong Item,63.51,Picking,P_DS001_017,Unconfirmed,Refund
QI00000473,ORD000014560,ITEM0000054352,DS001,SKU0158,Wrong Item,145.24,Picking,P_DS001_005,Unconfirmed,Refund
QI00000474,ORD000014719,ITEM0000054954,DS001,SKU0270,Damaged Item,511.98,Putaway / Picking Handling,,Unconfirmed,Replacement
QI00000475,ORD000014744,ITEM0000055059,DS001,SKU0223,Damaged Item,15.23,Putaway / Picking Handling,,Unconfirmed,Replacement
QI00000476,ORD000014771,ITEM0000055157,DS001,SKU0036,Missing Item,250.7,Inventory Accuracy / Putaway,P_DS001_032,Unconfirmed,Refund
QI00000477,ORD000014830,ITEM0000055373,DS001,SKU0043,Wrong Item,221.22,Picking,P_DS001_011,Unconfirmed,Replacement
QI00000478,ORD000014888,ITEM0000055588,DS001,SKU0063,Missing Item,379.74,Inventory Accuracy / Putaway,P_DS001_011,Unconfirmed,Refund
QI00000479,ORD000014909,ITEM0000055672,DS001,SKU0101,Missing Item,520.22,Inventory Accuracy / Putaway,P_DS001_011,Unconfirmed,Replacement
QI00000480,ORD000014925,ITEM0000055739,DS001,SKU0226,Damaged Item,90.56,Putaway / Picking Handling,,Unconfirmed,Replacement
QI00000481,ORD000014936,ITEM0000055789,DS001,SKU0281,Missing Item,528.78,Inventory Accuracy / Putaway,P_DS001_005,Unconfirmed,Refund
QI00000482,ORD000014948,ITEM0000055832,DS001,SKU0212,Missing Item,64.87,Inventory Accuracy / Putaway,P_DS001_014,Unconfirmed,Refund
QI00000483,ORD000014969,ITEM0000055898,DS001,SKU0244,Damaged Item,134.3,Rider Handling / Last Mile,,Unconfirmed,Refund
QI00000484,ORD000015025,ITEM0000056101,DS001,SKU0278,Wrong Item,224.88,Picking,P_DS001_032,Unconfirmed,Refund
QI00000485,ORD000015044,ITEM0000056180,DS001,SKU0109,Damaged Item,576.34,Rider Handling / Last Mile,,Unconfirmed,Refund
QI00000486,ORD000015053,ITEM0000056221,DS001,SKU0106,Missing Item,232.87,Inventory Accuracy / Putaway,P_DS001_020,Unconfirmed,Replacement
QI00000487,ORD000015078,ITEM0000056322,DS001,SKU0133,Damaged Item,664.79,Putaway / Picking Handling,,Unconfirmed,Refund
QI00000488,ORD000015099,ITEM0000056403,DS001,SKU0290,Missing Item,416.48,Inventory Accuracy / Putaway,P_DS001_005,Unconfirmed,Refund
QI00000489,ORD000015178,ITEM0000056704,DS001,SKU0290,Missing Item,416.48,Inventory Accuracy / Putaway,P_DS001_035,Unconfirmed,Refund
QI00000490,ORD000015185,ITEM0000056726,DS001,SKU0158,Missing Item,290.48,Inventory Accuracy / Putaway,P_DS001_026,Unconfirmed,Refund
QI00000491,ORD000015210,ITEM0000056812,DS001,SKU0128,Missing Item,78.55,Inventory Accuracy / Putaway,P_DS001_032,Unconfirmed,Replacement
QI00000492,ORD000015219,ITEM0000056848,DS001,SKU0212,Missing Item,129.74,Inventory Accuracy / Putaway,P_DS001_011,Unconfirmed,Refund
QI00000493,ORD000015220,ITEM0000056851,DS001,SKU0158,Damaged Item,290.48,Putaway / Picking Handling,,Unconfirmed,Refund
QI00000494,ORD000015225,ITEM0000056872,DS001,SKU0021,Wrong Item,387.42,Picking,P_DS001_011,Unconfirmed,Refund
QI00000495,ORD000015227,ITEM0000056880,DS001,SKU0068,Damaged Item,183.41,Putaway / Picking Handling,,Unconfirmed,Replacement
QI00000496,ORD000015265,ITEM0000057038,DS001,SKU0131,Missing Item,255.32,Inventory Accuracy / Putaway,P_DS001_032,Unconfirmed,Refund
QI00000497,ORD000015314,ITEM0000057222,DS001,SKU0021,Damaged Item,774.84,Putaway / Picking Handling,,Unconfirmed,Refund
QI00000498,ORD000015396,ITEM0000057514,DS001,SKU0018,Missing Item,292.04,Inventory Accuracy / Putaway,P_DS001_035,Unconfirmed,Replacement
QI00000499,ORD000015398,ITEM0000057520,DS001,SKU0190,Missing Item,229.14,Inventory Accuracy / Putaway,P_DS001_014,Unconfirmed,Replacement
QI00000500,ORD000015419,ITEM0000057604,DS001,SKU0023,Missing Item,166.93,Inventory Accuracy / Putaway,P_DS001_024,Unconfirmed,Refund
QI00000501,ORD000015455,ITEM0000057734,DS001,SKU0154,Damaged Item,456.23,Putaway / Picking Handling,,Unconfirmed,Replacement
QI00000502,ORD000015511,ITEM0000057947,DS001,SKU0084,Damaged Item,111.02,Putaway / Picking Handling,,Unconfirmed,Replacement
QI00000503,ORD000015526,ITEM0000058012,DS001,SKU0133,Damaged Item,664.79,Putaway / Picking Handling,,Unconfirmed,Refund
QI00000504,ORD000015547,ITEM0000058085,DS001,SKU0104,Damaged Item,181.45,Putaway / Picking Handling,,Unconfirmed,Refund
QI00000505,ORD000015561,ITEM0000058136,DS001,SKU0074,Wrong Item,467.08,Picking,P_DS001_021,Unconfirmed,Refund
QI00000506,ORD000015624,ITEM0000058369,DS001,SKU0253,Missing Item,126.6,Inventory Accuracy / Putaway,P_DS001_012,Unconfirmed,Replacement
QI00000507,ORD000015633,ITEM0000058399,DS001,SKU0176,Damaged Item,206.65,Putaway / Picking Handling,,Unconfirmed,Replacement
QI00000508,ORD000015644,ITEM0000058433,DS001,SKU0024,Damaged Item,370.06,Rider Handling / Last Mile,,Unconfirmed,Replacement
QI00000509,ORD000015665,ITEM0000058513,DS001,SKU0034,Missing Item,251.6,Inventory Accuracy / Putaway,P_DS001_024,Unconfirmed,Refund
QI00000510,ORD000015667,ITEM0000058524,DS001,SKU0184,Missing Item,106.02,Inventory Accuracy / Putaway,P_DS001_008,Unconfirmed,Replacement
QI00000511,ORD000015768,ITEM0000058893,DS001,SKU0275,Missing Item,44.18,Inventory Accuracy / Putaway,P_DS001_008,Unconfirmed,Refund
QI00000512,ORD000015780,ITEM0000058950,DS001,SKU0066,Damaged Item,870.8,Putaway / Picking Handling,,Unconfirmed,Replacement
QI00000513,ORD000015796,ITEM0000059003,DS001,SKU0249,Damaged Item,978.52,Putaway / Picking Handling,,Unconfirmed,Refund
QI00000514,ORD000015799,ITEM0000059013,DS001,SKU0109,Damaged Item,576.34,Putaway / Picking Handling,,Unconfirmed,Refund
QI00000515,ORD000015827,ITEM0000059111,DS001,SKU0217,Missing Item,503.57,Inventory Accuracy / Putaway,P_DS001_021,Unconfirmed,Refund
QI00000516,ORD000015833,ITEM0000059130,DS001,SKU0123,Damaged Item,160.32,Putaway / Picking Handling,,Unconfirmed,Refund
QI00000517,ORD000015838,ITEM0000059147,DS001,SKU0066,Missing Item,870.8,Inventory Accuracy / Putaway,P_DS001_024,Unconfirmed,Refund
QI00000518,ORD000015844,ITEM0000059170,DS001,SKU0166,Damaged Item,493.94,Putaway / Picking Handling,,Unconfirmed,Replacement
QI00000519,ORD000015845,ITEM0000059173,DS001,SKU0010,Missing Item,309.18,Inventory Accuracy / Putaway,P_DS001_008,Unconfirmed,Replacement
QI00000520,ORD000015927,ITEM0000059494,DS001,SKU0265,Missing Item,385.84,Inventory Accuracy / Putaway,P_DS001_024,Unconfirmed,Refund
QI00000521,ORD000015933,ITEM0000059514,DS001,SKU0090,Missing Item,260.5,Inventory Accuracy / Putaway,P_DS001_008,Unconfirmed,Refund
QI00000522,ORD000015941,ITEM0000059543,DS001,SKU0071,Wrong Item,120.79,Shelf Placement / Picking Verification,P_DS001_024,Unconfirmed,Refund
QI00000523,ORD000015967,ITEM0000059645,DS001,SKU0125,Damaged Item,109.95,Putaway / Picking Handling,,Unconfirmed,Refund
QI00000524,ORD000015969,ITEM0000059651,DS001,SKU0185,Missing Item,98.45,Inventory Accuracy / Putaway,P_DS001_008,Unconfirmed,Refund
QI00000525,ORD000016000,ITEM0000059769,DS001,SKU0287,Missing Item,193.29,Inventory Accuracy / Putaway,P_DS001_009,Unconfirmed,Refund
QI00000526,ORD000016011,ITEM0000059803,DS001,SKU0011,Damaged Item,171.4,Putaway / Picking Handling,,Unconfirmed,Refund
QI00000527,ORD000016037,ITEM0000059900,DS001,SKU0001,Missing Item,647.06,Inventory Accuracy / Putaway,P_DS001_024,Unconfirmed,Replacement
QI00000528,ORD000016040,ITEM0000059909,DS001,SKU0158,Missing Item,290.48,Inventory Accuracy / Putaway,P_DS001_018,Unconfirmed,Refund
QI00000529,ORD000016102,ITEM0000060158,DS001,SKU0124,Wrong Item,461.38,Picking,P_DS001_021,Unconfirmed,Refund
QI00000530,ORD000016121,ITEM0000060235,DS001,SKU0141,Missing Item,106.65,Inventory Accuracy / Putaway,P_DS001_009,Unconfirmed,Replacement
QI00000531,ORD000016138,ITEM0000060302,DS001,SKU0277,Missing Item,372.81,Inventory Accuracy / Putaway,P_DS001_018,Unconfirmed,Refund
QI00000532,ORD000016143,ITEM0000060319,DS001,SKU0011,Damaged Item,85.7,Putaway / Picking Handling,,Unconfirmed,Refund
QI00000533,ORD000016160,ITEM0000060384,DS001,SKU0226,Missing Item,45.28,Inventory Accuracy / Putaway,P_DS001_018,Unconfirmed,Replacement
QI00000534,ORD000016208,ITEM0000060548,DS001,SKU0296,Missing Item,292.68,Inventory Accuracy / Putaway,P_DS001_012,Unconfirmed,Refund
QI00000535,ORD000016249,ITEM0000060701,DS001,SKU0068,Missing Item,183.41,Inventory Accuracy / Putaway,P_DS001_033,Unconfirmed,Replacement
QI00000536,ORD000016260,ITEM0000060739,DS001,SKU0022,Damaged Item,446.03,Putaway / Picking Handling,,Unconfirmed,Replacement
QI00000537,ORD000016264,ITEM0000060752,DS001,SKU0195,Damaged Item,613.68,Putaway / Picking Handling,,Unconfirmed,Refund
QI00000538,ORD000016284,ITEM0000060825,DS001,SKU0145,Wrong Item,137.17,Shelf Placement / Picking Verification,P_DS001_018,Unconfirmed,Replacement
QI00000539,ORD000016309,ITEM0000060926,DS001,SKU0021,Wrong Item,774.84,Picking,P_DS001_021,Unconfirmed,Replacement
QI00000540,ORD000016341,ITEM0000061046,DS001,SKU0251,Missing Item,355.12,Inventory Accuracy / Putaway,P_DS001_008,Unconfirmed,Replacement
QI00000541,ORD000016364,ITEM0000061138,DS001,SKU0194,Missing Item,234.44,Inventory Accuracy / Putaway,P_DS001_009,Unconfirmed,Replacement
QI00000542,ORD000016390,ITEM0000061220,DS001,SKU0167,Missing Item,417.96,Inventory Accuracy / Putaway,P_DS001_008,Unconfirmed,Refund
QI00000543,ORD000016393,ITEM0000061231,DS001,SKU0162,Missing Item,63.51,Inventory Accuracy / Putaway,P_DS001_015,Unconfirmed,Refund
QI00000544,ORD000016449,ITEM0000061446,DS001,SKU0113,Missing Item,129.44,Inventory Accuracy / Putaway,P_DS001_008,Unconfirmed,Refund
QI00000545,ORD000016459,ITEM0000061487,DS001,SKU0087,Missing Item,101.5,Inventory Accuracy / Putaway,P_DS001_018,Unconfirmed,Refund
QI00000546,ORD000016512,ITEM0000061694,DS001,SKU0072,Damaged Item,75.88,Putaway / Picking Handling,,Unconfirmed,Refund
QI00000547,ORD000016536,ITEM0000061771,DS001,SKU0286,Wrong Item,431.97,Shelf Placement / Picking Verification,P_DS001_012,Unconfirmed,Replacement
QI00000548,ORD000016562,ITEM0000061857,DS001,SKU0063,Wrong Item,189.87,Shelf Placement / Picking Verification,P_DS001_021,Unconfirmed,Refund
QI00000549,ORD000016637,ITEM0000062135,DS001,SKU0013,Damaged Item,573.06,Putaway / Picking Handling,,Unconfirmed,Refund
QI00000550,ORD000016649,ITEM0000062176,DS001,SKU0191,Damaged Item,659.63,Putaway / Picking Handling,,Unconfirmed,Replacement
QI00000551,ORD000016663,ITEM0000062239,DS001,SKU0006,Wrong Item,160.4,Shelf Placement / Picking Verification,P_DS001_024,Unconfirmed,Refund
QI00000552,ORD000016726,ITEM0000062458,DS001,SKU0249,Missing Item,489.26,Inventory Accuracy / Putaway,P_DS001_033,Unconfirmed,Refund
QI00000553,ORD000016727,ITEM0000062465,DS001,SKU0101,Missing Item,520.22,Inventory Accuracy / Putaway,P_DS001_012,Unconfirmed,Refund
QI00000554,ORD000016745,ITEM0000062532,DS001,SKU0240,Wrong Item,71.04,Shelf Placement / Picking Verification,P_DS001_022,Unconfirmed,Refund
QI00000555,ORD000016769,ITEM0000062613,DS001,SKU0277,Missing Item,372.81,Inventory Accuracy / Putaway,P_DS001_010,Unconfirmed,Refund
QI00000556,ORD000016770,ITEM0000062617,DS001,SKU0018,Missing Item,876.12,Inventory Accuracy / Putaway,P_DS001_010,Unconfirmed,Refund
QI00000557,ORD000016773,ITEM0000062631,DS001,SKU0266,Wrong Item,218.79,Shelf Placement / Picking Verification,P_DS001_013,Unconfirmed,Refund
QI00000558,ORD000016783,ITEM0000062662,DS001,SKU0166,Missing Item,987.88,Inventory Accuracy / Putaway,P_DS001_019,Unconfirmed,Replacement
QI00000559,ORD000016784,ITEM0000062667,DS001,SKU0086,Missing Item,186.67,Inventory Accuracy / Putaway,P_DS001_019,Unconfirmed,Replacement
QI00000560,ORD000016790,ITEM0000062686,DS001,SKU0085,Damaged Item,938.8,Putaway / Picking Handling,,Unconfirmed,Replacement
QI00000561,ORD000016800,ITEM0000062724,DS001,SKU0183,Missing Item,284.0,Inventory Accuracy / Putaway,P_DS001_028,Unconfirmed,Refund
QI00000562,ORD000016823,ITEM0000062829,DS001,SKU0013,Wrong Item,1146.12,Shelf Placement / Picking Verification,P_DS001_034,Unconfirmed,Refund
QI00000563,ORD000016826,ITEM0000062839,DS001,SKU0263,Damaged Item,234.1,Putaway / Picking Handling,,Unconfirmed,Refund
QI00000564,ORD000016851,ITEM0000062927,DS001,SKU0287,Missing Item,386.58,Inventory Accuracy / Putaway,P_DS001_034,Unconfirmed,Replacement
QI00000565,ORD000016868,ITEM0000062993,DS001,SKU0233,Missing Item,318.74,Inventory Accuracy / Putaway,P_DS001_031,Unconfirmed,Replacement
QI00000566,ORD000016876,ITEM0000063026,DS001,SKU0012,Damaged Item,230.15,Putaway / Picking Handling,,Unconfirmed,Replacement
QI00000567,ORD000016892,ITEM0000063086,DS001,SKU0022,Missing Item,446.03,Inventory Accuracy / Putaway,P_DS001_031,Unconfirmed,Refund
QI00000568,ORD000016954,ITEM0000063318,DS001,SKU0129,Missing Item,65.25,Inventory Accuracy / Putaway,P_DS001_013,Unconfirmed,Refund
QI00000569,ORD000017030,ITEM0000063583,DS001,SKU0188,Missing Item,186.54,Inventory Accuracy / Putaway,P_DS001_028,Unconfirmed,Refund
QI00000570,ORD000017064,ITEM0000063693,DS001,SKU0234,Missing Item,113.91,Inventory Accuracy / Putaway,P_DS001_005,Unconfirmed,Refund
QI00000571,ORD000017146,ITEM0000064012,DS001,SKU0143,Missing Item,403.36,Inventory Accuracy / Putaway,P_DS001_014,Unconfirmed,Refund
QI00000572,ORD000017168,ITEM0000064102,DS001,SKU0160,Wrong Item,431.6,Shelf Placement / Picking Verification,P_DS001_014,Unconfirmed,Refund
QI00000573,ORD000017246,ITEM0000064394,DS001,SKU0080,Wrong Item,77.19,Picking,P_DS001_017,Unconfirmed,Refund
QI00000574,ORD000017301,ITEM0000064593,DS001,SKU0193,Missing Item,647.18,Inventory Accuracy / Putaway,P_DS001_032,Unconfirmed,Replacement
QI00000575,ORD000017334,ITEM0000064715,DS001,SKU0084,Damaged Item,333.06,Putaway / Picking Handling,,Unconfirmed,Refund
QI00000576,ORD000017357,ITEM0000064800,DS001,SKU0160,Wrong Item,431.6,Shelf Placement / Picking Verification,P_DS001_020,Unconfirmed,Refund
QI00000577,ORD000017402,ITEM0000064977,DS001,SKU0245,Missing Item,280.87,Inventory Accuracy / Putaway,P_DS001_020,Unconfirmed,Refund
QI00000578,ORD000017417,ITEM0000065035,DS001,SKU0073,Damaged Item,152.37,Putaway / Picking Handling,,Unconfirmed,Replacement
QI00000579,ORD000017442,ITEM0000065152,DS001,SKU0118,Missing Item,46.16,Inventory Accuracy / Putaway,P_DS001_011,Unconfirmed,Refund
QI00000580,ORD000017461,ITEM0000065218,DS001,SKU0119,Missing Item,182.02,Inventory Accuracy / Putaway,P_DS001_032,Unconfirmed,Refund
QI00000581,ORD000017473,ITEM0000065264,DS001,SKU0291,Missing Item,589.56,Inventory Accuracy / Putaway,P_DS001_011,Unconfirmed,Refund
QI00000582,ORD000017537,ITEM0000065513,DS001,SKU0012,Missing Item,230.15,Inventory Accuracy / Putaway,P_DS001_032,Unconfirmed,Replacement
QI00000583,ORD000017540,ITEM0000065521,DS001,SKU0274,Wrong Item,382.26,Shelf Placement / Picking Verification,P_DS001_017,Unconfirmed,Refund
QI00000584,ORD000017617,ITEM0000065804,DS001,SKU0273,Missing Item,607.72,Inventory Accuracy / Putaway,P_DS001_017,Unconfirmed,Replacement
QI00000585,ORD000017709,ITEM0000066172,DS001,SKU0127,Wrong Item,229.21,Shelf Placement / Picking Verification,P_DS001_032,Unconfirmed,Refund
QI00000586,ORD000017746,ITEM0000066302,DS001,SKU0014,Wrong Item,198.84,Picking,P_DS001_017,Unconfirmed,Refund
QI00000587,ORD000017814,ITEM0000066565,DS001,SKU0282,Damaged Item,724.08,Putaway / Picking Handling,,Unconfirmed,Refund
QI00000588,ORD000017857,ITEM0000066727,DS001,SKU0132,Wrong Item,896.48,Picking,P_DS001_005,Unconfirmed,Refund
QI00000589,ORD000017879,ITEM0000066802,DS001,SKU0088,Missing Item,608.42,Inventory Accuracy / Putaway,P_DS001_005,Unconfirmed,Refund
QI00000590,ORD000017921,ITEM0000066959,DS001,SKU0087,Missing Item,101.5,Inventory Accuracy / Putaway,P_DS001_014,Unconfirmed,Refund
QI00000591,ORD000017924,ITEM0000066976,DS001,SKU0104,Missing Item,181.45,Inventory Accuracy / Putaway,P_DS001_017,Unconfirmed,Refund
QI00000592,ORD000017928,ITEM0000066987,DS001,SKU0132,Damaged Item,896.48,Putaway / Picking Handling,,Unconfirmed,Replacement
QI00000593,ORD000017934,ITEM0000067004,DS001,SKU0070,Missing Item,156.12,Inventory Accuracy / Putaway,P_DS001_017,Unconfirmed,Refund
QI00000594,ORD000017990,ITEM0000067223,DS001,SKU0166,Wrong Item,987.88,Shelf Placement / Picking Verification,P_DS001_027,Unconfirmed,Refund
QI00000595,ORD000018021,ITEM0000067346,DS001,SKU0007,Wrong Item,166.16,Picking,P_DS001_027,Unconfirmed,Refund
QI00000596,ORD000018075,ITEM0000067539,DS001,SKU0022,Damaged Item,446.03,Putaway / Picking Handling,,Unconfirmed,Replacement
QI00000597,ORD000018150,ITEM0000067824,DS001,SKU0056,Missing Item,234.62,Inventory Accuracy / Putaway,P_DS001_012,Unconfirmed,Refund
QI00000598,ORD000018162,ITEM0000067874,DS001,SKU0026,Wrong Item,264.54,Picking,P_DS001_036,Unconfirmed,Replacement
QI00000599,ORD000018192,ITEM0000067988,DS001,SKU0076,Missing Item,267.05,Inventory Accuracy / Putaway,P_DS001_006,Unconfirmed,Refund
QI00000600,ORD000018210,ITEM0000068054,DS001,SKU0142,Wrong Item,108.46,Picking,P_DS001_027,Unconfirmed,Replacement
QI00000601,ORD000018307,ITEM0000068391,DS001,SKU0141,Missing Item,106.65,Inventory Accuracy / Putaway,P_DS001_015,Unconfirmed,Refund
QI00000602,ORD000018312,ITEM0000068410,DS001,SKU0257,Damaged Item,288.34,Putaway / Picking Handling,,Unconfirmed,Refund
QI00000603,ORD000018322,ITEM0000068451,DS001,SKU0081,Damaged Item,43.96,Putaway / Picking Handling,,Unconfirmed,Refund
QI00000604,ORD000018329,ITEM0000068479,DS001,SKU0190,Missing Item,458.28,Inventory Accuracy / Putaway,P_DS001_027,Unconfirmed,Refund
QI00000605,ORD000018345,ITEM0000068531,DS001,SKU0018,Missing Item,584.08,Inventory Accuracy / Putaway,P_DS001_021,Unconfirmed,Refund
QI00000606,ORD000018373,ITEM0000068632,DS001,SKU0109,Damaged Item,1729.02,Putaway / Picking Handling,,Unconfirmed,Refund
QI00000607,ORD000018385,ITEM0000068680,DS001,SKU0176,Missing Item,413.3,Inventory Accuracy / Putaway,P_DS001_015,Unconfirmed,Refund
QI00000608,ORD000018415,ITEM0000068792,DS001,SKU0119,Missing Item,182.02,Inventory Accuracy / Putaway,P_DS001_021,Unconfirmed,Refund
QI00000609,ORD000018422,ITEM0000068823,DS001,SKU0076,Missing Item,534.1,Inventory Accuracy / Putaway,P_DS001_012,Unconfirmed,Refund
QI00000610,ORD000018476,ITEM0000069010,DS001,SKU0056,Missing Item,469.24,Inventory Accuracy / Putaway,P_DS001_024,Unconfirmed,Refund
QI00000611,ORD000018491,ITEM0000069069,DS001,SKU0093,Missing Item,344.3,Inventory Accuracy / Putaway,P_DS001_006,Unconfirmed,Refund
QI00000612,ORD000018527,ITEM0000069207,DS001,SKU0263,Missing Item,234.1,Inventory Accuracy / Putaway,P_DS001_024,Unconfirmed,Replacement
QI00000613,ORD000018577,ITEM0000069374,DS001,SKU0141,Missing Item,106.65,Inventory Accuracy / Putaway,P_DS001_003,Unconfirmed,Refund
QI00000614,ORD000018683,ITEM0000069737,DS001,SKU0065,Wrong Item,21.72,Picking,P_DS001_012,Unconfirmed,Replacement
QI00000615,ORD000018749,ITEM0000069987,DS001,SKU0281,Wrong Item,264.39,Shelf Placement / Picking Verification,P_DS001_027,Unconfirmed,Replacement
QI00000616,ORD000018753,ITEM0000070005,DS001,SKU0082,Missing Item,434.28,Inventory Accuracy / Putaway,P_DS001_003,Unconfirmed,Refund
QI00000617,ORD000018755,ITEM0000070014,DS001,SKU0101,Missing Item,1040.44,Inventory Accuracy / Putaway,P_DS001_018,Unconfirmed,Refund
QI00000618,ORD000018803,ITEM0000070200,DS001,SKU0271,Wrong Item,98.98,Shelf Placement / Picking Verification,P_DS001_015,Unconfirmed,Replacement
QI00000619,ORD000018820,ITEM0000070257,DS001,SKU0070,Missing Item,78.06,Inventory Accuracy / Putaway,P_DS001_021,Unconfirmed,Replacement
QI00000620,ORD000018831,ITEM0000070301,DS001,SKU0281,Missing Item,264.39,Inventory Accuracy / Putaway,P_DS001_018,Unconfirmed,Replacement
QI00000621,ORD000018932,ITEM0000070672,DS001,SKU0018,Damaged Item,292.04,Putaway / Picking Handling,,Unconfirmed,Replacement
QI00000622,ORD000018992,ITEM0000070895,DS001,SKU0141,Damaged Item,213.3,Putaway / Picking Handling,,Unconfirmed,Replacement
QI00000623,ORD000019018,ITEM0000070980,DS001,SKU0201,Missing Item,81.18,Inventory Accuracy / Putaway,P_DS001_003,Unconfirmed,Replacement
QI00000624,ORD000019090,ITEM0000071250,DS001,SKU0166,Wrong Item,987.88,Shelf Placement / Picking Verification,P_DS001_024,Unconfirmed,Refund
QI00000625,ORD000019097,ITEM0000071268,DS001,SKU0029,Missing Item,98.74,Inventory Accuracy / Putaway,P_DS001_036,Unconfirmed,Refund
QI00000626,ORD000019136,ITEM0000071413,DS001,SKU0286,Wrong Item,143.99,Shelf Placement / Picking Verification,P_DS001_015,Unconfirmed,Refund
QI00000627,ORD000019206,ITEM0000071682,DS001,SKU0286,Wrong Item,143.99,Shelf Placement / Picking Verification,P_DS001_013,Unconfirmed,Replacement
QI00000628,ORD000019206,ITEM0000071685,DS001,SKU0170,Missing Item,570.49,Inventory Accuracy / Putaway,P_DS001_013,Unconfirmed,Refund
QI00000629,ORD000019206,ITEM0000071686,DS001,SKU0076,Missing Item,534.1,Inventory Accuracy / Putaway,P_DS001_013,Unconfirmed,Refund
QI00000630,ORD000019214,ITEM0000071713,DS001,SKU0113,Missing Item,64.72,Inventory Accuracy / Putaway,P_DS001_016,Unconfirmed,Replacement
QI00000631,ORD000019219,ITEM0000071735,DS001,SKU0072,Missing Item,75.88,Inventory Accuracy / Putaway,P_DS001_019,Unconfirmed,Replacement
QI00000632,ORD000019247,ITEM0000071842,DS001,SKU0097,Missing Item,183.02,Inventory Accuracy / Putaway,P_DS001_025,Unconfirmed,Replacement
QI00000633,ORD000019249,ITEM0000071849,DS001,SKU0166,Missing Item,987.88,Inventory Accuracy / Putaway,P_DS001_028,Unconfirmed,Refund
QI00000634,ORD000019251,ITEM0000071856,DS001,SKU0221,Missing Item,557.08,Inventory Accuracy / Putaway,P_DS001_028,Unconfirmed,Refund
QI00000635,ORD000019264,ITEM0000071886,DS001,SKU0071,Missing Item,120.79,Inventory Accuracy / Putaway,P_DS001_034,Unconfirmed,Refund
QI00000636,ORD000019289,ITEM0000071990,DS001,SKU0253,Missing Item,126.6,Inventory Accuracy / Putaway,P_DS001_007,Unconfirmed,Refund
QI00000637,ORD000019305,ITEM0000072046,DS001,SKU0231,Missing Item,69.12,Inventory Accuracy / Putaway,P_DS001_001,Unconfirmed,Refund
QI00000638,ORD000019369,ITEM0000072287,DS001,SKU0295,Missing Item,228.23,Inventory Accuracy / Putaway,P_DS001_004,Unconfirmed,Refund
QI00000639,ORD000019378,ITEM0000072315,DS001,SKU0209,Damaged Item,102.71,Putaway / Picking Handling,,Unconfirmed,Refund
QI00000640,ORD000019392,ITEM0000072362,DS001,SKU0088,Missing Item,608.42,Inventory Accuracy / Putaway,P_DS001_020,Unconfirmed,Refund
QI00000641,ORD000019415,ITEM0000072448,DS001,SKU0209,Missing Item,205.42,Inventory Accuracy / Putaway,P_DS001_016,Unconfirmed,Refund
QI00000642,ORD000019485,ITEM0000072697,DS001,SKU0022,Missing Item,446.03,Inventory Accuracy / Putaway,P_DS001_008,Unconfirmed,Replacement
QI00000643,ORD000019543,ITEM0000072922,DS001,SKU0074,Missing Item,467.08,Inventory Accuracy / Putaway,P_DS001_026,Unconfirmed,Refund
QI00000644,ORD000019544,ITEM0000072924,DS001,SKU0097,Missing Item,183.02,Inventory Accuracy / Putaway,P_DS001_029,Unconfirmed,Refund
QI00000645,ORD000019599,ITEM0000073136,DS001,SKU0256,Damaged Item,417.08,Putaway / Picking Handling,,Unconfirmed,Refund
QI00000646,ORD000019601,ITEM0000073142,DS001,SKU0109,Damaged Item,576.34,Putaway / Picking Handling,,Unconfirmed,Replacement
QI00000647,ORD000019646,ITEM0000073333,DS001,SKU0152,Missing Item,1212.82,Inventory Accuracy / Putaway,P_DS001_020,Unconfirmed,Refund
QI00000648,ORD000019648,ITEM0000073341,DS001,SKU0131,Missing Item,255.32,Inventory Accuracy / Putaway,P_DS001_002,Unconfirmed,Replacement
QI00000649,ORD000019668,ITEM0000073411,DS001,SKU0265,Missing Item,192.92,Inventory Accuracy / Putaway,P_DS001_035,Unconfirmed,Refund
QI00000650,ORD000019687,ITEM0000073484,DS001,SKU0010,Missing Item,309.18,Inventory Accuracy / Putaway,P_DS001_035,Unconfirmed,Replacement
QI00000651,ORD000019774,ITEM0000073813,DS001,SKU0019,Missing Item,277.78,Inventory Accuracy / Putaway,P_DS001_011,Unconfirmed,Refund
QI00000652,ORD000019818,ITEM0000073960,DS001,SKU0149,Missing Item,91.54,Inventory Accuracy / Putaway,P_DS001_002,Unconfirmed,Refund
QI00000653,ORD000019824,ITEM0000073987,DS001,SKU0129,Missing Item,43.5,Inventory Accuracy / Putaway,P_DS001_032,Unconfirmed,Refund
QI00000654,ORD000019842,ITEM0000074061,DS001,SKU0214,Missing Item,137.01,Inventory Accuracy / Putaway,P_DS001_014,Unconfirmed,Replacement
QI00000655,ORD000019851,ITEM0000074098,DS001,SKU0228,Missing Item,705.6,Inventory Accuracy / Putaway,P_DS001_014,Unconfirmed,Refund
QI00000656,ORD000019870,ITEM0000074170,DS001,SKU0249,Missing Item,489.26,Inventory Accuracy / Putaway,P_DS001_026,Unconfirmed,Replacement
QI00000657,ORD000019891,ITEM0000074250,DS001,SKU0141,Missing Item,106.65,Inventory Accuracy / Putaway,P_DS001_011,Unconfirmed,Refund
QI00000658,ORD000019920,ITEM0000074355,DS001,SKU0149,Wrong Item,91.54,Picking,P_DS001_014,Unconfirmed,Replacement
QI00000659,ORD000019941,ITEM0000074432,DS001,SKU0120,Missing Item,29.79,Inventory Accuracy / Putaway,P_DS001_023,Unconfirmed,Refund
QI00000660,ORD000019948,ITEM0000074463,DS001,SKU0234,Missing Item,113.91,Inventory Accuracy / Putaway,P_DS001_029,Unconfirmed,Replacement
QI00000661,ORD000019954,ITEM0000074486,DS001,SKU0166,Wrong Item,493.94,Shelf Placement / Picking Verification,P_DS001_035,Unconfirmed,Refund
QI00000662,ORD000019981,ITEM0000074581,DS001,SKU0037,Missing Item,151.9,Inventory Accuracy / Putaway,P_DS001_020,Unconfirmed,Replacement
QI00000663,ORD000019994,ITEM0000074625,DS001,SKU0097,Missing Item,366.04,Inventory Accuracy / Putaway,P_DS001_035,Unconfirmed,Replacement
QI00000664,ORD000020065,ITEM0000074908,DS001,SKU0081,Damaged Item,87.92,Putaway / Picking Handling,,Unconfirmed,Refund
QI00000665,ORD000020129,ITEM0000075147,DS001,SKU0084,Missing Item,111.02,Inventory Accuracy / Putaway,P_DS001_002,Unconfirmed,Refund
QI00000666,ORD000020180,ITEM0000075335,DS001,SKU0064,Missing Item,1033.86,Inventory Accuracy / Putaway,P_DS001_029,Unconfirmed,Refund
QI00000667,ORD000020210,ITEM0000075452,DS001,SKU0141,Missing Item,106.65,Inventory Accuracy / Putaway,P_DS001_023,Unconfirmed,Refund
QI00000668,ORD000020217,ITEM0000075482,DS001,SKU0109,Damaged Item,576.34,Putaway / Picking Handling,,Unconfirmed,Refund
QI00000669,ORD000020315,ITEM0000075827,DS001,SKU0140,Missing Item,236.01,Inventory Accuracy / Putaway,P_DS001_023,Unconfirmed,Refund
QI00000670,ORD000020352,ITEM0000075962,DS001,SKU0057,Missing Item,229.0,Inventory Accuracy / Putaway,P_DS001_026,Unconfirmed,Refund
QI00000671,ORD000020367,ITEM0000076017,DS001,SKU0151,Missing Item,103.12,Inventory Accuracy / Putaway,P_DS001_014,Unconfirmed,Refund
QI00000672,ORD000020405,ITEM0000076163,DS001,SKU0089,Wrong Item,449.22,Picking,P_DS001_020,Unconfirmed,Refund
QI00000673,ORD000020414,ITEM0000076195,DS001,SKU0298,Wrong Item,79.22,Shelf Placement / Picking Verification,P_DS001_002,Unconfirmed,Refund
QI00000674,ORD000020434,ITEM0000076268,DS001,SKU0141,Missing Item,106.65,Inventory Accuracy / Putaway,P_DS001_011,Unconfirmed,Refund
QI00000675,ORD000020437,ITEM0000076277,DS001,SKU0296,Wrong Item,195.12,Picking,P_DS001_012,Unconfirmed,Replacement
QI00000676,ORD000020467,ITEM0000076407,DS001,SKU0141,Missing Item,213.3,Inventory Accuracy / Putaway,P_DS001_033,Unconfirmed,Replacement
QI00000677,ORD000020516,ITEM0000076577,DS001,SKU0274,Missing Item,764.52,Inventory Accuracy / Putaway,P_DS001_009,Unconfirmed,Refund
QI00000678,ORD000020538,ITEM0000076653,DS001,SKU0280,Damaged Item,233.69,Putaway / Picking Handling,,Unconfirmed,Refund
QI00000679,ORD000020544,ITEM0000076673,DS001,SKU0127,Missing Item,229.21,Inventory Accuracy / Putaway,P_DS001_027,Unconfirmed,Refund
QI00000680,ORD000020616,ITEM0000076934,DS001,SKU0257,Damaged Item,288.34,Putaway / Picking Handling,,Unconfirmed,Refund
QI00000681,ORD000020634,ITEM0000076995,DS001,SKU0226,Missing Item,45.28,Inventory Accuracy / Putaway,P_DS001_021,Unconfirmed,Refund
QI00000682,ORD000020660,ITEM0000077087,DS001,SKU0257,Missing Item,288.34,Inventory Accuracy / Putaway,P_DS001_006,Unconfirmed,Refund
QI00000683,ORD000020670,ITEM0000077118,DS001,SKU0295,Missing Item,684.69,Inventory Accuracy / Putaway,P_DS001_009,Unconfirmed,Refund
QI00000684,ORD000020732,ITEM0000077362,DS001,SKU0036,Missing Item,501.4,Inventory Accuracy / Putaway,P_DS001_033,Unconfirmed,Refund
QI00000685,ORD000020845,ITEM0000077789,DS001,SKU0189,Wrong Item,229.27,Picking,P_DS001_027,Unconfirmed,Refund
QI00000686,ORD000020870,ITEM0000077876,DS001,SKU0274,Missing Item,382.26,Inventory Accuracy / Putaway,P_DS001_015,Unconfirmed,Refund
QI00000687,ORD000020880,ITEM0000077909,DS001,SKU0118,Damaged Item,46.16,Putaway / Picking Handling,,Unconfirmed,Replacement
QI00000688,ORD000020895,ITEM0000077963,DS001,SKU0143,Wrong Item,201.68,Shelf Placement / Picking Verification,P_DS001_027,Unconfirmed,Refund
QI00000689,ORD000020948,ITEM0000078171,DS001,SKU0251,Missing Item,177.56,Inventory Accuracy / Putaway,P_DS001_006,Unconfirmed,Refund
QI00000690,ORD000020956,ITEM0000078202,DS001,SKU0076,Missing Item,534.1,Inventory Accuracy / Putaway,P_DS001_030,Unconfirmed,Refund
QI00000691,ORD000020957,ITEM0000078208,DS001,SKU0021,Damaged Item,387.42,Putaway / Picking Handling,,Unconfirmed,Refund
QI00000692,ORD000020958,ITEM0000078212,DS001,SKU0080,Missing Item,154.38,Inventory Accuracy / Putaway,P_DS001_018,Unconfirmed,Refund
QI00000693,ORD000020995,ITEM0000078347,DS001,SKU0286,Wrong Item,287.98,Shelf Placement / Picking Verification,P_DS001_012,Unconfirmed,Replacement
QI00000694,ORD000021016,ITEM0000078417,DS001,SKU0229,Missing Item,235.69,Inventory Accuracy / Putaway,P_DS001_015,Unconfirmed,Refund
QI00000695,ORD000021086,ITEM0000078689,DS001,SKU0300,Damaged Item,1102.5,Putaway / Picking Handling,,Unconfirmed,Refund
QI00000696,ORD000021100,ITEM0000078734,DS001,SKU0153,Missing Item,134.94,Inventory Accuracy / Putaway,P_DS001_009,Unconfirmed,Refund
QI00000697,ORD000021110,ITEM0000078775,DS001,SKU0209,Damaged Item,102.71,Putaway / Picking Handling,,Unconfirmed,Replacement
QI00000698,ORD000021174,ITEM0000079024,DS001,SKU0124,Missing Item,230.69,Inventory Accuracy / Putaway,P_DS001_027,Unconfirmed,Refund
QI00000699,ORD000021181,ITEM0000079051,DS001,SKU0065,Damaged Item,21.72,Putaway / Picking Handling,,Unconfirmed,Refund
QI00000700,ORD000021197,ITEM0000079112,DS001,SKU0126,Missing Item,976.54,Inventory Accuracy / Putaway,P_DS001_021,Unconfirmed,Refund
QI00000701,ORD000021240,ITEM0000079256,DS001,SKU0149,Wrong Item,91.54,Picking,P_DS001_027,Unconfirmed,Replacement
QI00000702,ORD000021266,ITEM0000079355,DS001,SKU0176,Damaged Item,413.3,Putaway / Picking Handling,,Unconfirmed,Refund
QI00000703,ORD000021276,ITEM0000079384,DS001,SKU0027,Missing Item,261.37,Inventory Accuracy / Putaway,P_DS001_009,Unconfirmed,Refund
QI00000704,ORD000021300,ITEM0000079475,DS001,SKU0281,Wrong Item,264.39,Shelf Placement / Picking Verification,P_DS001_027,Unconfirmed,Refund
QI00000705,ORD000021365,ITEM0000079715,DS001,SKU0257,Damaged Item,576.68,Putaway / Picking Handling,,Unconfirmed,Refund
QI00000706,ORD000021404,ITEM0000079854,DS001,SKU0022,Missing Item,446.03,Inventory Accuracy / Putaway,P_DS001_006,Unconfirmed,Refund
QI00000707,ORD000021529,ITEM0000080333,DS001,SKU0126,Missing Item,488.27,Inventory Accuracy / Putaway,P_DS001_021,Unconfirmed,Refund
QI00000708,ORD000021606,ITEM0000080614,DS001,SKU0152,Missing Item,606.41,Inventory Accuracy / Putaway,P_DS001_021,Unconfirmed,Replacement
QI00000709,ORD000021619,ITEM0000080658,DS001,SKU0173,Missing Item,451.68,Inventory Accuracy / Putaway,P_DS001_030,Unconfirmed,Refund
QI00000710,ORD000021651,ITEM0000080782,DS001,SKU0204,Missing Item,337.41,Inventory Accuracy / Putaway,P_DS001_031,Unconfirmed,Refund
QI00000711,ORD000021652,ITEM0000080787,DS001,SKU0173,Missing Item,677.52,Inventory Accuracy / Putaway,P_DS001_034,Unconfirmed,Refund
QI00000712,ORD000021654,ITEM0000080797,DS001,SKU0151,Missing Item,103.12,Inventory Accuracy / Putaway,P_DS001_028,Unconfirmed,Refund
QI00000713,ORD000021654,ITEM0000080799,DS001,SKU0193,Missing Item,323.59,Inventory Accuracy / Putaway,P_DS001_028,Unconfirmed,Refund
QI00000714,ORD000021681,ITEM0000080899,DS001,SKU0060,Wrong Item,245.87,Picking,P_DS001_013,Unconfirmed,Refund
QI00000715,ORD000021700,ITEM0000080965,DS001,SKU0231,Missing Item,34.56,Inventory Accuracy / Putaway,P_DS001_019,Unconfirmed,Replacement
QI00000716,ORD000021714,ITEM0000081016,DS001,SKU0152,Missing Item,606.41,Inventory Accuracy / Putaway,P_DS001_022,Unconfirmed,Refund
QI00000717,ORD000021723,ITEM0000081048,DS001,SKU0021,Missing Item,387.42,Inventory Accuracy / Putaway,P_DS001_031,Unconfirmed,Replacement
QI00000718,ORD000021749,ITEM0000081152,DS001,SKU0064,Wrong Item,689.24,Picking,P_DS001_001,Unconfirmed,Replacement
QI00000719,ORD000021770,ITEM0000081232,DS001,SKU0236,Missing Item,277.44,Inventory Accuracy / Putaway,P_DS001_007,Unconfirmed,Refund
QI00000720,ORD000021899,ITEM0000081691,DS001,SKU0280,Missing Item,233.69,Inventory Accuracy / Putaway,P_DS001_013,Unconfirmed,Refund
QI00000721,ORD000021930,ITEM0000081819,DS001,SKU0183,Wrong Item,142.0,Picking,P_DS001_007,Unconfirmed,Refund
QI00000722,ORD000021968,ITEM0000081955,DS001,SKU0102,Missing Item,107.01,Inventory Accuracy / Putaway,P_DS001_020,Unconfirmed,Refund
QI00000723,ORD000021974,ITEM0000081979,DS001,SKU0018,Wrong Item,292.04,Picking,P_DS001_010,Unconfirmed,Replacement
QI00000724,ORD000022021,ITEM0000082163,DS001,SKU0041,Wrong Item,95.3,Picking,P_DS001_029,Unconfirmed,Refund
QI00000725,ORD000022109,ITEM0000082470,DS001,SKU0034,Missing Item,251.6,Inventory Accuracy / Putaway,P_DS001_008,Unconfirmed,Refund
QI00000726,ORD000022133,ITEM0000082559,DS001,SKU0253,Missing Item,253.2,Inventory Accuracy / Putaway,P_DS001_029,Unconfirmed,Replacement
QI00000727,ORD000022194,ITEM0000082793,DS001,SKU0020,Missing Item,234.68,Inventory Accuracy / Putaway,P_DS001_002,Unconfirmed,Replacement
QI00000728,ORD000022252,ITEM0000082998,DS001,SKU0119,Missing Item,182.02,Inventory Accuracy / Putaway,P_DS001_002,Unconfirmed,Replacement
QI00000729,ORD000022275,ITEM0000083074,DS001,SKU0201,Damaged Item,162.36,Putaway / Picking Handling,,Unconfirmed,Refund
QI00000730,ORD000022279,ITEM0000083087,DS001,SKU0300,Missing Item,551.25,Inventory Accuracy / Putaway,P_DS001_035,Unconfirmed,Refund
QI00000731,ORD000022287,ITEM0000083120,DS001,SKU0198,Wrong Item,707.66,Shelf Placement / Picking Verification,P_DS001_029,Unconfirmed,Replacement
QI00000732,ORD000022303,ITEM0000083191,DS001,SKU0275,Wrong Item,44.18,Picking,P_DS001_023,Unconfirmed,Refund
QI00000733,ORD000022336,ITEM0000083313,DS001,SKU0278,Missing Item,449.76,Inventory Accuracy / Putaway,P_DS001_005,Unconfirmed,Refund
QI00000734,ORD000022355,ITEM0000083378,DS001,SKU0141,Missing Item,106.65,Inventory Accuracy / Putaway,P_DS001_014,Unconfirmed,Refund
QI00000735,ORD000022408,ITEM0000083587,DS001,SKU0212,Wrong Item,64.87,Picking,P_DS001_002,Unconfirmed,Replacement
QI00000736,ORD000022432,ITEM0000083688,DS001,SKU0114,Missing Item,116.74,Inventory Accuracy / Putaway,P_DS001_014,Unconfirmed,Refund
QI00000737,ORD000022464,ITEM0000083804,DS001,SKU0249,Missing Item,489.26,Inventory Accuracy / Putaway,P_DS001_008,Unconfirmed,Refund
QI00000738,ORD000022505,ITEM0000083958,DS001,SKU0244,Damaged Item,67.15,Putaway / Picking Handling,,Unconfirmed,Refund
QI00000739,ORD000022550,ITEM0000084120,DS001,SKU0057,Missing Item,229.0,Inventory Accuracy / Putaway,P_DS001_023,Unconfirmed,Refund
QI00000740,ORD000022562,ITEM0000084171,DS001,SKU0158,Missing Item,145.24,Inventory Accuracy / Putaway,P_DS001_017,Unconfirmed,Refund
QI00000741,ORD000022567,ITEM0000084193,DS001,SKU0279,Missing Item,109.67,Inventory Accuracy / Putaway,P_DS001_026,Unconfirmed,Refund
QI00000742,ORD000022613,ITEM0000084363,DS001,SKU0231,Missing Item,34.56,Inventory Accuracy / Putaway,P_DS001_002,Unconfirmed,Refund
QI00000743,ORD000022695,ITEM0000084681,DS001,SKU0129,Wrong Item,43.5,Picking,P_DS001_014,Unconfirmed,Refund
QI00000744,ORD000022913,ITEM0000085498,DS001,SKU0027,Missing Item,261.37,Inventory Accuracy / Putaway,P_DS001_035,Unconfirmed,Refund
QI00000745,ORD000022936,ITEM0000085582,DS001,SKU0053,Missing Item,171.77,Inventory Accuracy / Putaway,P_DS001_035,Unconfirmed,Refund
QI00000746,ORD000022967,ITEM0000085707,DS001,SKU0084,Missing Item,111.02,Inventory Accuracy / Putaway,P_DS001_014,Unconfirmed,Refund
QI00000747,ORD000022991,ITEM0000085794,DS001,SKU0150,Missing Item,178.21,Inventory Accuracy / Putaway,P_DS001_023,Unconfirmed,Refund
QI00000748,ORD000022992,ITEM0000085801,DS001,SKU0261,Missing Item,312.68,Inventory Accuracy / Putaway,P_DS001_035,Unconfirmed,Refund
QI00000749,ORD000023019,ITEM0000085911,DS001,SKU0143,Missing Item,201.68,Inventory Accuracy / Putaway,P_DS001_017,Unconfirmed,Replacement
QI00000750,ORD000023077,ITEM0000086124,DS001,SKU0209,Wrong Item,102.71,Picking,P_DS001_005,Unconfirmed,Replacement
QI00000751,ORD000023095,ITEM0000086203,DS001,SKU0253,Missing Item,126.6,Inventory Accuracy / Putaway,P_DS001_035,Unconfirmed,Replacement
QI00000752,ORD000023098,ITEM0000086216,DS001,SKU0278,Missing Item,224.88,Inventory Accuracy / Putaway,P_DS001_009,Unconfirmed,Replacement
QI00000753,ORD000023122,ITEM0000086316,DS001,SKU0166,Missing Item,987.88,Inventory Accuracy / Putaway,P_DS001_002,Unconfirmed,Replacement
QI00000754,ORD000023142,ITEM0000086390,DS001,SKU0018,Damaged Item,292.04,Putaway / Picking Handling,,Unconfirmed,Replacement
QI00000755,ORD000023208,ITEM0000086637,DS001,SKU0276,Missing Item,111.19,Inventory Accuracy / Putaway,P_DS001_033,Unconfirmed,Refund
QI00000756,ORD000023210,ITEM0000086650,DS001,SKU0286,Missing Item,143.99,Inventory Accuracy / Putaway,P_DS001_003,Unconfirmed,Refund
QI00000757,ORD000023230,ITEM0000086718,DS001,SKU0198,Missing Item,353.83,Inventory Accuracy / Putaway,P_DS001_003,Unconfirmed,Replacement
QI00000758,ORD000023262,ITEM0000086847,DS001,SKU0152,Missing Item,606.41,Inventory Accuracy / Putaway,P_DS001_009,Unconfirmed,Refund
QI00000759,ORD000023278,ITEM0000086897,DS001,SKU0265,Missing Item,385.84,Inventory Accuracy / Putaway,P_DS001_036,Unconfirmed,Refund
QI00000760,ORD000023344,ITEM0000087135,DS001,SKU0119,Missing Item,546.06,Inventory Accuracy / Putaway,P_DS001_032,Unconfirmed,Refund
QI00000761,ORD000023357,ITEM0000087183,DS001,SKU0091,Missing Item,307.74,Inventory Accuracy / Putaway,P_DS001_032,Unconfirmed,Refund
QI00000762,ORD000023360,ITEM0000087200,DS001,SKU0292,Missing Item,501.99,Inventory Accuracy / Putaway,P_DS001_003,Unconfirmed,Refund
QI00000763,ORD000023372,ITEM0000087236,DS001,SKU0020,Damaged Item,234.68,Putaway / Picking Handling,,Unconfirmed,Refund
QI00000764,ORD000023374,ITEM0000087242,DS001,SKU0006,Wrong Item,320.8,Shelf Placement / Picking Verification,P_DS001_009,Unconfirmed,Refund
QI00000765,ORD000023410,ITEM0000087378,DS001,SKU0292,Missing Item,501.99,Inventory Accuracy / Putaway,P_DS001_006,Unconfirmed,Replacement
QI00000766,ORD000023476,ITEM0000087648,DS001,SKU0176,Missing Item,206.65,Inventory Accuracy / Putaway,P_DS001_012,Unconfirmed,Refund
QI00000767,ORD000023490,ITEM0000087697,DS001,SKU0125,Missing Item,219.9,Inventory Accuracy / Putaway,P_DS001_003,Unconfirmed,Refund
QI00000768,ORD000023491,ITEM0000087703,DS001,SKU0051,Wrong Item,25.15,Picking,P_DS001_012,Unconfirmed,Replacement
QI00000769,ORD000023521,ITEM0000087831,DS001,SKU0115,Missing Item,141.88,Inventory Accuracy / Putaway,P_DS001_006,Unconfirmed,Refund
QI00000770,ORD000023552,ITEM0000087951,DS001,SKU0027,Missing Item,261.37,Inventory Accuracy / Putaway,P_DS001_036,Unconfirmed,Refund
QI00000771,ORD000023577,ITEM0000088053,DS001,SKU0193,Damaged Item,323.59,Putaway / Picking Handling,,Unconfirmed,Replacement
QI00000772,ORD000023587,ITEM0000088094,DS001,SKU0158,Missing Item,290.48,Inventory Accuracy / Putaway,P_DS001_033,Unconfirmed,Refund
QI00000773,ORD000023710,ITEM0000088558,DS001,SKU0266,Damaged Item,218.79,Putaway / Picking Handling,,Unconfirmed,Replacement
QI00000774,ORD000023736,ITEM0000088645,DS001,SKU0166,Wrong Item,493.94,Shelf Placement / Picking Verification,P_DS001_009,Unconfirmed,Refund
QI00000775,ORD000023737,ITEM0000088647,DS001,SKU0066,Missing Item,435.4,Inventory Accuracy / Putaway,P_DS001_033,Unconfirmed,Replacement
QI00000776,ORD000023847,ITEM0000089072,DS001,SKU0018,Missing Item,292.04,Inventory Accuracy / Putaway,P_DS001_006,Unconfirmed,Refund
QI00000777,ORD000023849,ITEM0000089088,DS001,SKU0160,Missing Item,215.8,Inventory Accuracy / Putaway,P_DS001_024,Unconfirmed,Replacement
QI00000778,ORD000023857,ITEM0000089125,DS001,SKU0199,Damaged Item,138.52,Putaway / Picking Handling,,Unconfirmed,Refund
QI00000779,ORD000023883,ITEM0000089210,DS001,SKU0090,Wrong Item,260.5,Picking,P_DS001_015,Unconfirmed,Refund
QI00000780,ORD000023906,ITEM0000089285,DS001,SKU0193,Missing Item,323.59,Inventory Accuracy / Putaway,P_DS001_032,Unconfirmed,Replacement
QI00000781,ORD000023927,ITEM0000089360,DS001,SKU0143,Wrong Item,201.68,Shelf Placement / Picking Verification,P_DS001_036,Unconfirmed,Refund
QI00000782,ORD000023968,ITEM0000089495,DS001,SKU0207,Missing Item,349.78,Inventory Accuracy / Putaway,P_DS001_012,Unconfirmed,Refund
QI00000783,ORD000023989,ITEM0000089584,DS001,SKU0013,Damaged Item,286.53,Putaway / Picking Handling,,Unconfirmed,Replacement
QI00000784,ORD000023993,ITEM0000089602,DS001,SKU0094,Missing Item,137.58,Inventory Accuracy / Putaway,P_DS001_027,Unconfirmed,Refund
QI00000785,ORD000024021,ITEM0000089704,DS001,SKU0280,Missing Item,233.69,Inventory Accuracy / Putaway,P_DS001_009,Unconfirmed,Replacement
QI00000786,ORD000024021,ITEM0000089706,DS001,SKU0131,Wrong Item,765.96,Picking,P_DS001_009,Unconfirmed,Replacement
QI00000787,ORD000024100,ITEM0000089991,DS001,SKU0070,Missing Item,156.12,Inventory Accuracy / Putaway,P_DS001_032,Unconfirmed,Refund
QI00000788,ORD000024101,ITEM0000089999,DS001,SKU0257,Missing Item,288.34,Inventory Accuracy / Putaway,P_DS001_036,Unconfirmed,Refund
QI00000789,ORD000024120,ITEM0000090072,DS001,SKU0034,Wrong Item,251.6,Picking,P_DS001_033,Unconfirmed,Refund
QI00000790,ORD000024131,ITEM0000090117,DS001,SKU0119,Damaged Item,364.04,Putaway / Picking Handling,,Unconfirmed,Refund
QI00000791,ORD000024189,ITEM0000090342,DS001,SKU0009,Damaged Item,111.32,Putaway / Picking Handling,,Unconfirmed,Replacement
QI00000792,ORD000024292,ITEM0000090729,DS001,SKU0160,Wrong Item,431.6,Shelf Placement / Picking Verification,P_DS001_003,Unconfirmed,Refund
QI00000793,ORD000024330,ITEM0000090881,DS001,SKU0205,Missing Item,336.62,Inventory Accuracy / Putaway,P_DS001_006,Unconfirmed,Replacement
QI00000794,ORD000024366,ITEM0000091026,DS001,SKU0128,Wrong Item,157.1,Picking,P_DS001_009,Unconfirmed,Refund
QI00000795,ORD000024467,ITEM0000091406,DS001,SKU0171,Damaged Item,69.18,Putaway / Picking Handling,,Unconfirmed,Refund
QI00000796,ORD000024471,ITEM0000091418,DS001,SKU0044,Damaged Item,196.42,Putaway / Picking Handling,,Unconfirmed,Replacement
QI00000797,ORD000024474,ITEM0000091433,DS001,SKU0130,Missing Item,44.48,Inventory Accuracy / Putaway,P_DS001_033,Unconfirmed,Refund
QI00000798,ORD000024475,ITEM0000091438,DS001,SKU0065,Damaged Item,21.72,Putaway / Picking Handling,,Unconfirmed,Refund
QI00000799,ORD000024481,ITEM0000091461,DS001,SKU0167,Missing Item,208.98,Inventory Accuracy / Putaway,P_DS001_003,Unconfirmed,Replacement
QI00000800,ORD000024545,ITEM0000091707,DS001,SKU0036,Missing Item,250.7,Inventory Accuracy / Putaway,P_DS001_006,Unconfirmed,Refund
QI00000801,ORD000024562,ITEM0000091782,DS001,SKU0130,Missing Item,44.48,Inventory Accuracy / Putaway,P_DS001_028,Unconfirmed,Replacement
QI00000802,ORD000024601,ITEM0000091916,DS001,SKU0185,Missing Item,98.45,Inventory Accuracy / Putaway,P_DS001_022,Unconfirmed,Refund
QI00000803,ORD000024609,ITEM0000091946,DS001,SKU0013,Missing Item,286.53,Inventory Accuracy / Putaway,P_DS001_025,Unconfirmed,Replacement
QI00000804,ORD000024626,ITEM0000092019,DS001,SKU0207,Missing Item,174.89,Inventory Accuracy / Putaway,P_DS001_031,Unconfirmed,Refund
QI00000805,ORD000024647,ITEM0000092095,DS001,SKU0119,Missing Item,182.02,Inventory Accuracy / Putaway,P_DS001_004,Unconfirmed,Replacement
QI00000806,ORD000024648,ITEM0000092105,DS001,SKU0131,Missing Item,255.32,Inventory Accuracy / Putaway,P_DS001_004,Unconfirmed,Refund
QI00000807,ORD000024664,ITEM0000092165,DS001,SKU0152,Missing Item,606.41,Inventory Accuracy / Putaway,P_DS001_007,Unconfirmed,Refund
QI00000808,ORD000024697,ITEM0000092294,DS001,SKU0092,Wrong Item,230.52,Picking,P_DS001_007,Unconfirmed,Refund
QI00000809,ORD000024713,ITEM0000092360,DS001,SKU0104,Missing Item,181.45,Inventory Accuracy / Putaway,P_DS001_013,Unconfirmed,Replacement
QI00000810,ORD000024726,ITEM0000092415,DS001,SKU0031,Damaged Item,397.46,Putaway / Picking Handling,,Unconfirmed,Refund
QI00000811,ORD000024740,ITEM0000092468,DS001,SKU0199,Missing Item,138.52,Inventory Accuracy / Putaway,P_DS001_016,Unconfirmed,Replacement
QI00000812,ORD000024836,ITEM0000092835,DS001,SKU0254,Missing Item,614.08,Inventory Accuracy / Putaway,P_DS001_022,Unconfirmed,Refund
QI00000813,ORD000024864,ITEM0000092966,DS001,SKU0193,Missing Item,323.59,Inventory Accuracy / Putaway,P_DS001_029,Unconfirmed,Replacement
QI00000814,ORD000024959,ITEM0000093324,DS001,SKU0071,Wrong Item,120.79,Shelf Placement / Picking Verification,P_DS001_035,Unconfirmed,Refund
QI00000815,ORD000025016,ITEM0000093557,DS001,SKU0079,Damaged Item,226.06,Putaway / Picking Handling,,Unconfirmed,Refund
QI00000816,ORD000025039,ITEM0000093631,DS001,SKU0201,Missing Item,243.54,Inventory Accuracy / Putaway,P_DS001_032,Unconfirmed,Refund
QI00000817,ORD000025042,ITEM0000093643,DS001,SKU0013,Missing Item,286.53,Inventory Accuracy / Putaway,P_DS001_020,Unconfirmed,Refund
QI00000818,ORD000025151,ITEM0000094037,DS001,SKU0165,Damaged Item,276.15,Putaway / Picking Handling,,Unconfirmed,Refund
QI00000819,ORD000025246,ITEM0000094404,DS001,SKU0018,Wrong Item,292.04,Picking,P_DS001_014,Unconfirmed,Refund
QI00000820,ORD000025362,ITEM0000094829,DS001,SKU0120,Wrong Item,29.79,Picking,P_DS001_029,Unconfirmed,Replacement
QI00000821,ORD000025379,ITEM0000094894,DS001,SKU0205,Wrong Item,336.62,Picking,P_DS001_011,Unconfirmed,Refund
QI00000822,ORD000025396,ITEM0000094956,DS001,SKU0011,Damaged Item,85.7,Putaway / Picking Handling,,Unconfirmed,Replacement
QI00000823,ORD000025417,ITEM0000095029,DS001,SKU0222,Wrong Item,117.02,Picking,P_DS001_008,Unconfirmed,Refund
QI00000824,ORD000025451,ITEM0000095158,DS001,SKU0295,Missing Item,228.23,Inventory Accuracy / Putaway,P_DS001_029,Unconfirmed,Refund
QI00000825,ORD000025460,ITEM0000095190,DS001,SKU0115,Missing Item,141.88,Inventory Accuracy / Putaway,P_DS001_008,Unconfirmed,Refund
QI00000826,ORD000025469,ITEM0000095232,DS001,SKU0231,Missing Item,103.68,Inventory Accuracy / Putaway,P_DS001_017,Unconfirmed,Replacement
QI00000827,ORD000025520,ITEM0000095408,DS001,SKU0166,Missing Item,493.94,Inventory Accuracy / Putaway,P_DS001_011,Unconfirmed,Refund
QI00000828,ORD000025556,ITEM0000095526,DS001,SKU0173,Missing Item,225.84,Inventory Accuracy / Putaway,P_DS001_017,Unconfirmed,Replacement
QI00000829,ORD000025564,ITEM0000095551,DS001,SKU0176,Damaged Item,206.65,Putaway / Picking Handling,,Unconfirmed,Replacement
QI00000830,ORD000025591,ITEM0000095650,DS001,SKU0199,Missing Item,138.52,Inventory Accuracy / Putaway,P_DS001_002,Unconfirmed,Refund
QI00000831,ORD000025678,ITEM0000095966,DS001,SKU0195,Missing Item,613.68,Inventory Accuracy / Putaway,P_DS001_023,Unconfirmed,Refund
QI00000832,ORD000025789,ITEM0000096352,DS001,SKU0281,Missing Item,264.39,Inventory Accuracy / Putaway,P_DS001_020,Unconfirmed,Refund
QI00000833,ORD000025829,ITEM0000096500,DS001,SKU0133,Damaged Item,1329.58,Putaway / Picking Handling,,Unconfirmed,Replacement
QI00000834,ORD000025891,ITEM0000096710,DS001,SKU0026,Wrong Item,132.27,Picking,P_DS001_018,Unconfirmed,Refund
QI00000835,ORD000025963,ITEM0000096964,DS001,SKU0016,Damaged Item,413.32,Putaway / Picking Handling,,Unconfirmed,Replacement
QI00000836,ORD000025965,ITEM0000096973,DS001,SKU0185,Missing Item,98.45,Inventory Accuracy / Putaway,P_DS001_018,Unconfirmed,Refund
QI00000837,ORD000025996,ITEM0000097086,DS001,SKU0057,Missing Item,229.0,Inventory Accuracy / Putaway,P_DS001_024,Unconfirmed,Refund
QI00000838,ORD000026021,ITEM0000097175,DS001,SKU0186,Missing Item,104.06,Inventory Accuracy / Putaway,P_DS001_027,Unconfirmed,Refund
QI00000839,ORD000026071,ITEM0000097359,DS001,SKU0079,Damaged Item,226.06,Putaway / Picking Handling,,Unconfirmed,Refund
QI00000840,ORD000026085,ITEM0000097415,DS001,SKU0082,Damaged Item,434.28,Putaway / Picking Handling,,Unconfirmed,Refund
QI00000841,ORD000026107,ITEM0000097485,DS001,SKU0113,Missing Item,129.44,Inventory Accuracy / Putaway,P_DS001_009,Unconfirmed,Replacement
QI00000842,ORD000026129,ITEM0000097573,DS001,SKU0063,Missing Item,189.87,Inventory Accuracy / Putaway,P_DS001_006,Unconfirmed,Replacement
QI00000843,ORD000026181,ITEM0000097771,DS001,SKU0013,Wrong Item,573.06,Shelf Placement / Picking Verification,P_DS001_015,Unconfirmed,Refund
QI00000844,ORD000026201,ITEM0000097855,DS001,SKU0005,Missing Item,643.96,Inventory Accuracy / Putaway,P_DS001_036,Unconfirmed,Replacement
QI00000845,ORD000026205,ITEM0000097868,DS001,SKU0286,Missing Item,143.99,Inventory Accuracy / Putaway,P_DS001_021,Unconfirmed,Replacement
QI00000846,ORD000026252,ITEM0000098050,DS001,SKU0172,Wrong Item,1205.44,Picking,P_DS001_018,Unconfirmed,Refund
QI00000847,ORD000026254,ITEM0000098058,DS001,SKU0141,Missing Item,106.65,Inventory Accuracy / Putaway,P_DS001_027,Unconfirmed,Refund
QI00000848,ORD000026333,ITEM0000098370,DS001,SKU0292,Wrong Item,501.99,Picking,P_DS001_027,Unconfirmed,Refund
QI00000849,ORD000026371,ITEM0000098514,DS001,SKU0158,Missing Item,290.48,Inventory Accuracy / Putaway,P_DS001_027,Unconfirmed,Refund
QI00000850,ORD000026379,ITEM0000098541,DS001,SKU0026,Missing Item,396.81,Inventory Accuracy / Putaway,P_DS001_024,Unconfirmed,Refund
QI00000851,ORD000026389,ITEM0000098583,DS001,SKU0079,Damaged Item,226.06,Putaway / Picking Handling,,Unconfirmed,Replacement
QI00000852,ORD000026444,ITEM0000098782,DS001,SKU0015,Missing Item,159.48,Inventory Accuracy / Putaway,P_DS001_024,Unconfirmed,Replacement
QI00000853,ORD000026458,ITEM0000098833,DS001,SKU0119,Damaged Item,182.02,Putaway / Picking Handling,,Unconfirmed,Refund
QI00000854,ORD000026506,ITEM0000098994,DS001,SKU0071,Wrong Item,120.79,Shelf Placement / Picking Verification,P_DS001_027,Unconfirmed,Refund
QI00000855,ORD000026527,ITEM0000099058,DS001,SKU0131,Missing Item,255.32,Inventory Accuracy / Putaway,P_DS001_027,Unconfirmed,Refund
QI00000856,ORD000026545,ITEM0000099126,DS001,SKU0134,Missing Item,407.61,Inventory Accuracy / Putaway,P_DS001_006,Unconfirmed,Refund
QI00000857,ORD000026583,ITEM0000099268,DS001,SKU0119,Damaged Item,364.04,Putaway / Picking Handling,,Unconfirmed,Replacement
QI00000858,ORD000026594,ITEM0000099303,DS001,SKU0147,Missing Item,158.98,Inventory Accuracy / Putaway,P_DS001_009,Unconfirmed,Refund
QI00000859,ORD000026597,ITEM0000099314,DS001,SKU0090,Wrong Item,260.5,Picking,P_DS001_027,Unconfirmed,Refund
QI00000860,ORD000026624,ITEM0000099428,DS001,SKU0002,Missing Item,130.58,Inventory Accuracy / Putaway,P_DS001_030,Unconfirmed,Refund
QI00000861,ORD000026699,ITEM0000099699,DS001,SKU0166,Wrong Item,493.94,Shelf Placement / Picking Verification,P_DS001_024,Unconfirmed,Refund
QI00000862,ORD000026792,ITEM0000100074,DS001,SKU0028,Missing Item,414.17,Inventory Accuracy / Putaway,P_DS001_003,Unconfirmed,Refund
QI00000863,ORD000026820,ITEM0000100181,DS001,SKU0211,Missing Item,152.51,Inventory Accuracy / Putaway,P_DS001_036,Unconfirmed,Replacement
QI00000864,ORD000026855,ITEM0000100299,DS001,SKU0071,Wrong Item,241.58,Shelf Placement / Picking Verification,P_DS001_003,Unconfirmed,Refund
QI00000865,ORD000026890,ITEM0000100439,DS001,SKU0114,Missing Item,116.74,Inventory Accuracy / Putaway,P_DS001_024,Unconfirmed,Replacement
QI00000866,ORD000026915,ITEM0000100535,DS001,SKU0158,Missing Item,145.24,Inventory Accuracy / Putaway,P_DS001_009,Unconfirmed,Refund
QI00000867,ORD000026963,ITEM0000100715,DS001,SKU0226,Missing Item,90.56,Inventory Accuracy / Putaway,P_DS001_030,Unconfirmed,Refund
QI00000868,ORD000027007,ITEM0000100883,DS001,SKU0005,Missing Item,643.96,Inventory Accuracy / Putaway,P_DS001_036,Unconfirmed,Refund
QI00000869,ORD000027010,ITEM0000100896,DS001,SKU0292,Missing Item,501.99,Inventory Accuracy / Putaway,P_DS001_030,Unconfirmed,Refund
QI00000870,ORD000027033,ITEM0000100979,DS001,SKU0006,Missing Item,320.8,Inventory Accuracy / Putaway,P_DS001_024,Unconfirmed,Refund
QI00000871,ORD000027092,ITEM0000101191,DS001,SKU0028,Missing Item,414.17,Inventory Accuracy / Putaway,P_DS001_019,Unconfirmed,Refund
QI00000872,ORD000027123,ITEM0000101292,DS001,SKU0138,Wrong Item,409.79,Shelf Placement / Picking Verification,P_DS001_016,Unconfirmed,Refund
QI00000873,ORD000027135,ITEM0000101340,DS001,SKU0152,Missing Item,606.41,Inventory Accuracy / Putaway,P_DS001_019,Unconfirmed,Refund
QI00000874,ORD000027242,ITEM0000101705,DS001,SKU0207,Wrong Item,174.89,Shelf Placement / Picking Verification,P_DS001_022,Unconfirmed,Refund
QI00000875,ORD000027244,ITEM0000101708,DS001,SKU0018,Missing Item,292.04,Inventory Accuracy / Putaway,P_DS001_010,Unconfirmed,Refund
QI00000876,ORD000027279,ITEM0000101843,DS001,SKU0018,Missing Item,292.04,Inventory Accuracy / Putaway,P_DS001_028,Unconfirmed,Replacement
QI00000877,ORD000027324,ITEM0000102028,DS001,SKU0133,Missing Item,664.79,Inventory Accuracy / Putaway,P_DS001_032,Unconfirmed,Refund
QI00000878,ORD000027379,ITEM0000102231,DS001,SKU0299,Wrong Item,92.6,Picking,P_DS001_011,Unconfirmed,Refund
QI00000879,ORD000027387,ITEM0000102261,DS001,SKU0071,Damaged Item,241.58,Putaway / Picking Handling,,Unconfirmed,Refund
QI00000880,ORD000027431,ITEM0000102431,DS001,SKU0282,Missing Item,482.72,Inventory Accuracy / Putaway,P_DS001_008,Unconfirmed,Refund
QI00000881,ORD000027469,ITEM0000102578,DS001,SKU0138,Missing Item,819.58,Inventory Accuracy / Putaway,P_DS001_017,Unconfirmed,Refund
QI00000882,ORD000027520,ITEM0000102761,DS001,SKU0114,Missing Item,116.74,Inventory Accuracy / Putaway,P_DS001_032,Unconfirmed,Refund
QI00000883,ORD000027554,ITEM0000102896,DS001,SKU0141,Missing Item,106.65,Inventory Accuracy / Putaway,P_DS001_005,Unconfirmed,Refund
QI00000884,ORD000027610,ITEM0000103114,DS001,SKU0134,Missing Item,135.87,Inventory Accuracy / Putaway,P_DS001_017,Unconfirmed,Refund
QI00000885,ORD000027637,ITEM0000103227,DS001,SKU0015,Missing Item,159.48,Inventory Accuracy / Putaway,P_DS001_035,Unconfirmed,Refund
QI00000886,ORD000027679,ITEM0000103386,DS001,SKU0017,Wrong Item,625.13,Picking,P_DS001_005,Unconfirmed,Refund
QI00000887,ORD000027684,ITEM0000103408,DS001,SKU0025,Missing Item,541.32,Inventory Accuracy / Putaway,P_DS001_011,Unconfirmed,Replacement
QI00000888,ORD000027693,ITEM0000103444,DS001,SKU0281,Wrong Item,264.39,Shelf Placement / Picking Verification,P_DS001_005,Unconfirmed,Refund
QI00000889,ORD000027693,ITEM0000103446,DS001,SKU0214,Missing Item,274.02,Inventory Accuracy / Putaway,P_DS001_005,Unconfirmed,Replacement
QI00000890,ORD000027724,ITEM0000103575,DS001,SKU0212,Wrong Item,64.87,Picking,P_DS001_011,Unconfirmed,Replacement
QI00000891,ORD000027733,ITEM0000103607,DS001,SKU0292,Missing Item,501.99,Inventory Accuracy / Putaway,P_DS001_014,Unconfirmed,Refund
QI00000892,ORD000027766,ITEM0000103736,DS001,SKU0054,Missing Item,266.46,Inventory Accuracy / Putaway,P_DS001_023,Unconfirmed,Refund
QI00000893,ORD000027777,ITEM0000103771,DS001,SKU0199,Missing Item,277.04,Inventory Accuracy / Putaway,P_DS001_023,Unconfirmed,Replacement
QI00000894,ORD000027803,ITEM0000103868,DS001,SKU0208,Damaged Item,40.91,Putaway / Picking Handling,,Unconfirmed,Replacement
QI00000895,ORD000027894,ITEM0000104204,DS001,SKU0071,Damaged Item,241.58,Putaway / Picking Handling,,Unconfirmed,Refund
QI00000896,ORD000027898,ITEM0000104221,DS001,SKU0141,Missing Item,106.65,Inventory Accuracy / Putaway,P_DS001_011,Unconfirmed,Refund
QI00000897,ORD000027899,ITEM0000104228,DS001,SKU0044,Damaged Item,196.42,Putaway / Picking Handling,,Unconfirmed,Refund
QI00000898,ORD000027930,ITEM0000104329,DS001,SKU0297,Damaged Item,26.2,Putaway / Picking Handling,,Unconfirmed,Refund
QI00000899,ORD000027940,ITEM0000104366,DS001,SKU0022,Missing Item,892.06,Inventory Accuracy / Putaway,P_DS001_023,Unconfirmed,Refund
QI00000900,ORD000027946,ITEM0000104391,DS001,SKU0185,Missing Item,196.9,Inventory Accuracy / Putaway,P_DS001_005,Unconfirmed,Refund
QI00000901,ORD000028007,ITEM0000104636,DS001,SKU0119,Damaged Item,364.04,Putaway / Picking Handling,,Unconfirmed,Refund
QI00000902,ORD000028046,ITEM0000104797,DS001,SKU0195,Wrong Item,1227.36,Picking,P_DS001_032,Unconfirmed,Refund
QI00000903,ORD000028099,ITEM0000104993,DS001,SKU0073,Missing Item,152.37,Inventory Accuracy / Putaway,P_DS001_002,Unconfirmed,Refund
QI00000904,ORD000028104,ITEM0000105012,DS001,SKU0095,Wrong Item,112.56,Picking,P_DS001_008,Unconfirmed,Replacement
QI00000905,ORD000028118,ITEM0000105056,DS001,SKU0131,Wrong Item,255.32,Picking,P_DS001_014,Unconfirmed,Refund
QI00000906,ORD000028119,ITEM0000105061,DS001,SKU0022,Missing Item,446.03,Inventory Accuracy / Putaway,P_DS001_035,Unconfirmed,Replacement
QI00000907,ORD000028144,ITEM0000105150,DS001,SKU0057,Wrong Item,229.0,Picking,P_DS001_029,Unconfirmed,Refund
QI00000908,ORD000028219,ITEM0000105433,DS001,SKU0269,Damaged Item,399.24,Putaway / Picking Handling,,Unconfirmed,Refund
QI00000909,ORD000028226,ITEM0000105460,DS001,SKU0163,Missing Item,262.05,Inventory Accuracy / Putaway,P_DS001_005,Unconfirmed,Refund
QI00000910,ORD000028276,ITEM0000105657,DS001,SKU0081,Missing Item,43.96,Inventory Accuracy / Putaway,P_DS001_002,Unconfirmed,Replacement
QI00000911,ORD000028289,ITEM0000105706,DS001,SKU0211,Missing Item,152.51,Inventory Accuracy / Putaway,P_DS001_032,Unconfirmed,Refund
QI00000912,ORD000028361,ITEM0000105966,DS001,SKU0004,Damaged Item,240.08,Putaway / Picking Handling,,Unconfirmed,Refund
QI00000913,ORD000028363,ITEM0000105971,DS001,SKU0158,Missing Item,145.24,Inventory Accuracy / Putaway,P_DS001_035,Unconfirmed,Replacement
QI00000914,ORD000028549,ITEM0000106651,DS001,SKU0294,Missing Item,109.46,Inventory Accuracy / Putaway,P_DS001_015,Unconfirmed,Replacement
QI00000915,ORD000028578,ITEM0000106768,DS001,SKU0144,Missing Item,82.27,Inventory Accuracy / Putaway,P_DS001_018,Unconfirmed,Refund
QI00000916,ORD000028616,ITEM0000106920,DS001,SKU0185,Missing Item,98.45,Inventory Accuracy / Putaway,P_DS001_012,Unconfirmed,Replacement
QI00000917,ORD000028622,ITEM0000106941,DS001,SKU0114,Missing Item,233.48,Inventory Accuracy / Putaway,P_DS001_012,Unconfirmed,Replacement
QI00000918,ORD000028665,ITEM0000107090,DS001,SKU0013,Missing Item,573.06,Inventory Accuracy / Putaway,P_DS001_021,Unconfirmed,Refund
QI00000919,ORD000028681,ITEM0000107151,DS001,SKU0043,Missing Item,442.44,Inventory Accuracy / Putaway,P_DS001_012,Unconfirmed,Refund
QI00000920,ORD000028745,ITEM0000107378,DS001,SKU0209,Damaged Item,102.71,Putaway / Picking Handling,,Unconfirmed,Refund
QI00000921,ORD000028755,ITEM0000107424,DS001,SKU0148,Missing Item,347.32,Inventory Accuracy / Putaway,P_DS001_018,Unconfirmed,Refund
QI00000922,ORD000028843,ITEM0000107740,DS001,SKU0219,Missing Item,344.59,Inventory Accuracy / Putaway,P_DS001_034,Unconfirmed,Replacement
QI00000923,ORD000028901,ITEM0000107944,DS001,SKU0085,Missing Item,469.4,Inventory Accuracy / Putaway,P_DS001_030,Unconfirmed,Replacement
QI00000924,ORD000028932,ITEM0000108055,DS001,SKU0094,Missing Item,137.58,Inventory Accuracy / Putaway,P_DS001_006,Unconfirmed,Refund
QI00000925,ORD000028934,ITEM0000108063,DS001,SKU0018,Damaged Item,292.04,Rider Handling / Last Mile,,Unconfirmed,Replacement
QI00000926,ORD000028935,ITEM0000108068,DS001,SKU0151,Missing Item,206.24,Inventory Accuracy / Putaway,P_DS001_036,Unconfirmed,Refund
QI00000927,ORD000028944,ITEM0000108110,DS001,SKU0281,Wrong Item,528.78,Shelf Placement / Picking Verification,P_DS001_021,Unconfirmed,Refund
QI00000928,ORD000028981,ITEM0000108252,DS001,SKU0022,Missing Item,892.06,Inventory Accuracy / Putaway,P_DS001_009,Unconfirmed,Replacement
QI00000929,ORD000028982,ITEM0000108254,DS001,SKU0013,Missing Item,286.53,Inventory Accuracy / Putaway,P_DS001_024,Unconfirmed,Replacement
QI00000930,ORD000028999,ITEM0000108315,DS001,SKU0114,Missing Item,116.74,Inventory Accuracy / Putaway,P_DS001_033,Unconfirmed,Refund
QI00000931,ORD000029056,ITEM0000108536,DS001,SKU0191,Missing Item,1319.26,Inventory Accuracy / Putaway,P_DS001_024,Unconfirmed,Refund
QI00000932,ORD000029065,ITEM0000108569,DS001,SKU0295,Missing Item,456.46,Inventory Accuracy / Putaway,P_DS001_015,Unconfirmed,Refund
QI00000933,ORD000029188,ITEM0000109050,DS001,SKU0011,Missing Item,85.7,Inventory Accuracy / Putaway,P_DS001_024,Unconfirmed,Refund
QI00000934,ORD000029189,ITEM0000109052,DS001,SKU0127,Wrong Item,229.21,Shelf Placement / Picking Verification,P_DS001_009,Unconfirmed,Refund
QI00000935,ORD000029205,ITEM0000109112,DS001,SKU0114,Damaged Item,233.48,Putaway / Picking Handling,,Unconfirmed,Refund
QI00000936,ORD000029206,ITEM0000109116,DS001,SKU0227,Missing Item,496.1,Inventory Accuracy / Putaway,P_DS001_006,Unconfirmed,Refund
QI00000937,ORD000029311,ITEM0000109491,DS001,SKU0113,Missing Item,64.72,Inventory Accuracy / Putaway,P_DS001_033,Unconfirmed,Refund
QI00000938,ORD000029314,ITEM0000109502,DS001,SKU0273,Missing Item,303.86,Inventory Accuracy / Putaway,P_DS001_030,Unconfirmed,Replacement
QI00000939,ORD000029360,ITEM0000109678,DS001,SKU0064,Wrong Item,689.24,Picking,P_DS001_034,Unconfirmed,Refund
QI00000940,ORD000029366,ITEM0000109699,DS001,SKU0109,Damaged Item,576.34,Putaway / Picking Handling,,Unconfirmed,Refund
QI00000941,ORD000029372,ITEM0000109725,DS001,SKU0115,Missing Item,283.76,Inventory Accuracy / Putaway,P_DS001_009,Unconfirmed,Refund
QI00000942,ORD000029394,ITEM0000109825,DS001,SKU0018,Damaged Item,584.08,Putaway / Picking Handling,,Unconfirmed,Refund
QI00000943,ORD000029400,ITEM0000109849,DS001,SKU0109,Missing Item,576.34,Inventory Accuracy / Putaway,P_DS001_003,Unconfirmed,Refund
QI00000944,ORD000029417,ITEM0000109905,DS001,SKU0119,Missing Item,182.02,Inventory Accuracy / Putaway,P_DS001_003,Unconfirmed,Refund
QI00000945,ORD000029436,ITEM0000109967,DS001,SKU0012,Missing Item,460.3,Inventory Accuracy / Putaway,P_DS001_006,Unconfirmed,Refund
QI00000946,ORD000029498,ITEM0000110201,DS001,SKU0115,Damaged Item,141.88,Putaway / Picking Handling,,Unconfirmed,Replacement
QI00000947,ORD000029500,ITEM0000110208,DS001,SKU0051,Missing Item,25.15,Inventory Accuracy / Putaway,P_DS001_024,Unconfirmed,Refund
QI00000948,ORD000029551,ITEM0000110391,DS001,SKU0277,Missing Item,372.81,Inventory Accuracy / Putaway,P_DS001_021,Unconfirmed,Replacement
QI00000949,ORD000029566,ITEM0000110444,DS001,SKU0022,Wrong Item,446.03,Picking,P_DS001_012,Unconfirmed,Replacement
QI00000950,ORD000029633,ITEM0000110696,DS001,SKU0085,Missing Item,1408.2,Inventory Accuracy / Putaway,P_DS001_030,Unconfirmed,Replacement
QI00000951,ORD000029646,ITEM0000110741,DS001,SKU0102,Wrong Item,214.02,Picking,P_DS001_030,Unconfirmed,Refund
QI00000952,ORD000029677,ITEM0000110840,DS001,SKU0211,Missing Item,152.51,Inventory Accuracy / Putaway,P_DS001_033,Unconfirmed,Refund
QI00000953,ORD000029680,ITEM0000110852,DS001,SKU0069,Missing Item,90.91,Inventory Accuracy / Putaway,P_DS001_012,Unconfirmed,Refund
QI00000954,ORD000029687,ITEM0000110871,DS001,SKU0273,Damaged Item,607.72,Putaway / Picking Handling,,Unconfirmed,Refund
QI00000955,ORD000029704,ITEM0000110941,DS001,SKU0177,Wrong Item,351.44,Picking,P_DS001_003,Unconfirmed,Refund
QI00000956,ORD000029705,ITEM0000110947,DS001,SKU0031,Missing Item,397.46,Inventory Accuracy / Putaway,P_DS001_030,Unconfirmed,Refund
QI00000957,ORD000029706,ITEM0000110952,DS001,SKU0141,Missing Item,106.65,Inventory Accuracy / Putaway,P_DS001_003,Unconfirmed,Replacement
QI00000958,ORD000029715,ITEM0000110990,DS001,SKU0026,Missing Item,396.81,Inventory Accuracy / Putaway,P_DS001_009,Unconfirmed,Replacement
QI00000959,ORD000029743,ITEM0000111086,DS001,SKU0152,Missing Item,606.41,Inventory Accuracy / Putaway,P_DS001_021,Unconfirmed,Replacement
QI00000960,ORD000029746,ITEM0000111097,DS001,SKU0238,Missing Item,61.62,Inventory Accuracy / Putaway,P_DS001_030,Unconfirmed,Refund
QI00000961,ORD000029757,ITEM0000111145,DS001,SKU0143,Missing Item,201.68,Inventory Accuracy / Putaway,P_DS001_009,Unconfirmed,Refund
QI00000962,ORD000029763,ITEM0000111171,DS001,SKU0253,Missing Item,379.8,Inventory Accuracy / Putaway,P_DS001_015,Unconfirmed,Refund
QI00000963,ORD000029769,ITEM0000111197,DS001,SKU0006,Wrong Item,320.8,Shelf Placement / Picking Verification,P_DS001_021,Unconfirmed,Refund
QI00000964,ORD000029792,ITEM0000111270,DS001,SKU0232,Missing Item,274.11,Inventory Accuracy / Putaway,P_DS001_015,Unconfirmed,Refund
QI00000965,ORD000029811,ITEM0000111349,DS001,SKU0216,Wrong Item,451.3,Picking,P_DS001_015,Unconfirmed,Refund
QI00000966,ORD000029818,ITEM0000111372,DS001,SKU0265,Wrong Item,385.84,Picking,P_DS001_022,Unconfirmed,Refund
QI00000967,ORD000029825,ITEM0000111404,DS001,SKU0166,Wrong Item,493.94,Shelf Placement / Picking Verification,P_DS001_022,Unconfirmed,Replacement
QI00000968,ORD000029839,ITEM0000111457,DS001,SKU0015,Damaged Item,159.48,Putaway / Picking Handling,,Unconfirmed,Refund
QI00000969,ORD000029843,ITEM0000111469,DS001,SKU0064,Wrong Item,689.24,Picking,P_DS001_013,Unconfirmed,Refund
QI00000970,ORD000029846,ITEM0000111481,DS001,SKU0063,Missing Item,379.74,Inventory Accuracy / Putaway,P_DS001_016,Unconfirmed,Replacement
QI00000971,ORD000029850,ITEM0000111496,DS001,SKU0064,Missing Item,344.62,Inventory Accuracy / Putaway,P_DS001_016,Unconfirmed,Replacement
QI00000972,ORD000029874,ITEM0000111591,DS001,SKU0105,Missing Item,272.14,Inventory Accuracy / Putaway,P_DS001_022,Unconfirmed,Refund
QI00000973,ORD000029879,ITEM0000111609,DS001,SKU0056,Damaged Item,469.24,Putaway / Picking Handling,,Unconfirmed,Refund
QI00000974,ORD000029941,ITEM0000111849,DS001,SKU0299,Damaged Item,92.6,Putaway / Picking Handling,,Unconfirmed,Refund
QI00000975,ORD000029964,ITEM0000111930,DS001,SKU0238,Missing Item,30.81,Inventory Accuracy / Putaway,P_DS001_010,Unconfirmed,Replacement
QI00000976,ORD000030004,ITEM0000112074,DS001,SKU0102,Missing Item,107.01,Inventory Accuracy / Putaway,P_DS001_010,Unconfirmed,Refund
QI00000977,ORD000030006,ITEM0000112079,DS001,SKU0134,Damaged Item,135.87,Putaway / Picking Handling,,Unconfirmed,Refund
QI00000978,ORD000030066,ITEM0000112278,DS001,SKU0175,Missing Item,137.34,Inventory Accuracy / Putaway,P_DS001_008,Unconfirmed,Refund
QI00000979,ORD000030150,ITEM0000112599,DS001,SKU0209,Damaged Item,102.71,Rider Handling / Last Mile,,Unconfirmed,Refund
QI00000980,ORD000030243,ITEM0000112953,DS001,SKU0079,Damaged Item,452.12,Putaway / Picking Handling,,Unconfirmed,Refund
QI00000981,ORD000030310,ITEM0000113203,DS001,SKU0207,Wrong Item,174.89,Shelf Placement / Picking Verification,P_DS001_005,Unconfirmed,Refund
QI00000982,ORD000030357,ITEM0000113370,DS001,SKU0158,Damaged Item,290.48,Putaway / Picking Handling,,Unconfirmed,Replacement
QI00000983,ORD000030406,ITEM0000113561,DS001,SKU0114,Missing Item,116.74,Inventory Accuracy / Putaway,P_DS001_026,Unconfirmed,Refund
QI00000984,ORD000030419,ITEM0000113607,DS001,SKU0203,Damaged Item,260.84,Putaway / Picking Handling,,Unconfirmed,Refund
QI00000985,ORD000030424,ITEM0000113631,DS001,SKU0148,Damaged Item,347.32,Putaway / Picking Handling,,Unconfirmed,Refund
QI00000986,ORD000030431,ITEM0000113666,DS001,SKU0006,Missing Item,160.4,Inventory Accuracy / Putaway,P_DS001_032,Unconfirmed,Refund
QI00000987,ORD000030462,ITEM0000113782,DS001,SKU0160,Damaged Item,431.6,Putaway / Picking Handling,,Unconfirmed,Refund
QI00000988,ORD000030491,ITEM0000113880,DS001,SKU0180,Missing Item,74.68,Inventory Accuracy / Putaway,P_DS001_005,Unconfirmed,Replacement
QI00000989,ORD000030561,ITEM0000114129,DS001,SKU0136,Wrong Item,188.27,Picking,P_DS001_029,Unconfirmed,Replacement
QI00000990,ORD000030564,ITEM0000114142,DS001,SKU0280,Missing Item,467.38,Inventory Accuracy / Putaway,P_DS001_002,Unconfirmed,Refund
QI00000991,ORD000030575,ITEM0000114181,DS001,SKU0066,Missing Item,870.8,Inventory Accuracy / Putaway,P_DS001_011,Unconfirmed,Refund
QI00000992,ORD000030596,ITEM0000114263,DS001,SKU0119,Missing Item,182.02,Inventory Accuracy / Putaway,P_DS001_029,Unconfirmed,Replacement
QI00000993,ORD000030598,ITEM0000114272,DS001,SKU0267,Missing Item,400.53,Inventory Accuracy / Putaway,P_DS001_023,Unconfirmed,Replacement
QI00000994,ORD000030623,ITEM0000114370,DS001,SKU0209,Wrong Item,205.42,Picking,P_DS001_017,Unconfirmed,Refund
QI00000995,ORD000030639,ITEM0000114426,DS001,SKU0185,Wrong Item,98.45,Shelf Placement / Picking Verification,P_DS001_026,Unconfirmed,Replacement
QI00000996,ORD000030662,ITEM0000114511,DS001,SKU0041,Missing Item,95.3,Inventory Accuracy / Putaway,P_DS001_002,Unconfirmed,Refund
QI00000997,ORD000030724,ITEM0000114731,DS001,SKU0225,Damaged Item,138.75,Putaway / Picking Handling,,Unconfirmed,Replacement
QI00000998,ORD000030725,ITEM0000114736,DS001,SKU0081,Missing Item,43.96,Inventory Accuracy / Putaway,P_DS001_011,Unconfirmed,Refund
QI00000999,ORD000030759,ITEM0000114872,DS001,SKU0175,Missing Item,137.34,Inventory Accuracy / Putaway,P_DS001_023,Unconfirmed,Refund
QI00001000,ORD000030764,ITEM0000114890,DS001,SKU0193,Missing Item,647.18,Inventory Accuracy / Putaway,P_DS001_032,Unconfirmed,Refund
QI00001001,ORD000030779,ITEM0000114944,DS001,SKU0105,Missing Item,272.14,Inventory Accuracy / Putaway,P_DS001_002,Unconfirmed,Refund
QI00001002,ORD000030833,ITEM0000115150,DS001,SKU0052,Damaged Item,345.26,Putaway / Picking Handling,,Unconfirmed,Replacement
QI00001003,ORD000030844,ITEM0000115190,DS001,SKU0166,Wrong Item,493.94,Shelf Placement / Picking Verification,P_DS001_029,Unconfirmed,Replacement
QI00001004,ORD000030849,ITEM0000115215,DS001,SKU0077,Missing Item,190.85,Inventory Accuracy / Putaway,P_DS001_023,Unconfirmed,Refund
QI00001005,ORD000030922,ITEM0000115486,DS001,SKU0269,Damaged Item,399.24,Putaway / Picking Handling,,Unconfirmed,Replacement
QI00001006,ORD000030943,ITEM0000115562,DS001,SKU0013,Missing Item,573.06,Inventory Accuracy / Putaway,P_DS001_020,Unconfirmed,Refund
QI00001007,ORD000030959,ITEM0000115628,DS001,SKU0002,Missing Item,130.58,Inventory Accuracy / Putaway,P_DS001_011,Unconfirmed,Replacement
QI00001008,ORD000030970,ITEM0000115669,DS001,SKU0022,Missing Item,446.03,Inventory Accuracy / Putaway,P_DS001_026,Unconfirmed,Refund
QI00001009,ORD000030976,ITEM0000115693,DS001,SKU0158,Missing Item,145.24,Inventory Accuracy / Putaway,P_DS001_029,Unconfirmed,Refund
QI00001010,ORD000030984,ITEM0000115719,DS001,SKU0269,Wrong Item,399.24,Picking,P_DS001_005,Unconfirmed,Refund
QI00001011,ORD000031045,ITEM0000115934,DS001,SKU0143,Damaged Item,201.68,Rider Handling / Last Mile,,Unconfirmed,Replacement
QI00001012,ORD000031083,ITEM0000116075,DS001,SKU0212,Missing Item,64.87,Inventory Accuracy / Putaway,P_DS001_026,Unconfirmed,Refund
QI00001013,ORD000031137,ITEM0000116260,DS001,SKU0126,Damaged Item,488.27,Putaway / Picking Handling,,Unconfirmed,Refund
QI00001014,ORD000031142,ITEM0000116282,DS001,SKU0081,Missing Item,43.96,Inventory Accuracy / Putaway,P_DS001_017,Unconfirmed,Replacement
QI00001015,ORD000031148,ITEM0000116300,DS001,SKU0154,Wrong Item,456.23,Picking,P_DS001_011,Unconfirmed,Refund
QI00001016,ORD000031173,ITEM0000116411,DS001,SKU0065,Missing Item,43.44,Inventory Accuracy / Putaway,P_DS001_020,Unconfirmed,Refund
QI00001017,ORD000031176,ITEM0000116420,DS001,SKU0018,Missing Item,584.08,Inventory Accuracy / Putaway,P_DS001_020,Unconfirmed,Refund
QI00001018,ORD000031198,ITEM0000116509,DS001,SKU0253,Missing Item,126.6,Inventory Accuracy / Putaway,P_DS001_011,Unconfirmed,Refund
QI00001019,ORD000031267,ITEM0000116780,DS001,SKU0141,Missing Item,106.65,Inventory Accuracy / Putaway,P_DS001_017,Unconfirmed,Refund
QI00001020,ORD000031300,ITEM0000116890,DS001,SKU0034,Missing Item,754.8,Inventory Accuracy / Putaway,P_DS001_002,Unconfirmed,Refund
QI00001021,ORD000031305,ITEM0000116906,DS001,SKU0004,Damaged Item,240.08,Putaway / Picking Handling,,Unconfirmed,Refund
QI00001022,ORD000031308,ITEM0000116919,DS001,SKU0154,Damaged Item,456.23,Putaway / Picking Handling,,Unconfirmed,Refund
QI00001023,ORD000031310,ITEM0000116930,DS001,SKU0081,Missing Item,43.96,Inventory Accuracy / Putaway,P_DS001_017,Unconfirmed,Replacement
QI00001024,ORD000031326,ITEM0000116990,DS001,SKU0056,Missing Item,703.86,Inventory Accuracy / Putaway,P_DS001_017,Unconfirmed,Replacement
QI00001025,ORD000031346,ITEM0000117069,DS001,SKU0226,Damaged Item,45.28,Putaway / Picking Handling,,Unconfirmed,Replacement
QI00001026,ORD000031386,ITEM0000117213,DS001,SKU0052,Damaged Item,345.26,Putaway / Picking Handling,,Unconfirmed,Replacement
QI00001027,ORD000031404,ITEM0000117274,DS001,SKU0286,Wrong Item,143.99,Shelf Placement / Picking Verification,P_DS001_011,Unconfirmed,Refund
QI00001028,ORD000031409,ITEM0000117287,DS001,SKU0128,Missing Item,78.55,Inventory Accuracy / Putaway,P_DS001_023,Unconfirmed,Replacement
QI00001029,ORD000031468,ITEM0000117507,DS001,SKU0203,Missing Item,130.42,Inventory Accuracy / Putaway,P_DS001_018,Unconfirmed,Refund
QI00001030,ORD000031472,ITEM0000117525,DS001,SKU0178,Missing Item,125.09,Inventory Accuracy / Putaway,P_DS001_012,Unconfirmed,Refund
QI00001031,ORD000031489,ITEM0000117600,DS001,SKU0193,Missing Item,647.18,Inventory Accuracy / Putaway,P_DS001_030,Unconfirmed,Refund
QI00001032,ORD000031512,ITEM0000117683,DS001,SKU0111,Missing Item,862.32,Inventory Accuracy / Putaway,P_DS001_018,Unconfirmed,Refund
QI00001033,ORD000031576,ITEM0000117933,DS001,SKU0120,Damaged Item,29.79,Putaway / Picking Handling,,Unconfirmed,Refund
QI00001034,ORD000031577,ITEM0000117938,DS001,SKU0160,Wrong Item,215.8,Shelf Placement / Picking Verification,P_DS001_030,Unconfirmed,Replacement
QI00001035,ORD000031583,ITEM0000117956,DS001,SKU0151,Wrong Item,206.24,Picking,P_DS001_036,Unconfirmed,Replacement
QI00001036,ORD000031594,ITEM0000117995,DS001,SKU0105,Missing Item,272.14,Inventory Accuracy / Putaway,P_DS001_015,Unconfirmed,Replacement
QI00001037,ORD000031597,ITEM0000118005,DS001,SKU0189,Missing Item,458.54,Inventory Accuracy / Putaway,P_DS001_030,Unconfirmed,Refund
QI00001038,ORD000031715,ITEM0000118450,DS001,SKU0209,Missing Item,102.71,Inventory Accuracy / Putaway,P_DS001_018,Unconfirmed,Replacement
QI00001039,ORD000031745,ITEM0000118558,DS001,SKU0141,Missing Item,106.65,Inventory Accuracy / Putaway,P_DS001_012,Unconfirmed,Refund
QI00001040,ORD000031759,ITEM0000118608,DS001,SKU0166,Missing Item,493.94,Inventory Accuracy / Putaway,P_DS001_021,Unconfirmed,Refund
QI00001041,ORD000031760,ITEM0000118611,DS001,SKU0212,Damaged Item,129.74,Putaway / Picking Handling,,Unconfirmed,Refund
QI00001042,ORD000031790,ITEM0000118735,DS001,SKU0080,Missing Item,77.19,Inventory Accuracy / Putaway,P_DS001_021,Unconfirmed,Refund
QI00001043,ORD000031821,ITEM0000118850,DS001,SKU0212,Damaged Item,64.87,Putaway / Picking Handling,,Unconfirmed,Replacement
QI00001044,ORD000031840,ITEM0000118930,DS001,SKU0026,Damaged Item,264.54,Putaway / Picking Handling,,Unconfirmed,Replacement
QI00001045,ORD000031850,ITEM0000118960,DS001,SKU0236,Damaged Item,277.44,Putaway / Picking Handling,,Unconfirmed,Refund
QI00001046,ORD000031858,ITEM0000118992,DS001,SKU0039,Missing Item,99.3,Inventory Accuracy / Putaway,P_DS001_036,Unconfirmed,Replacement
QI00001047,ORD000031879,ITEM0000119071,DS001,SKU0160,Missing Item,215.8,Inventory Accuracy / Putaway,P_DS001_018,Unconfirmed,Refund
QI00001048,ORD000031959,ITEM0000119395,DS001,SKU0232,Damaged Item,548.22,Putaway / Picking Handling,,Unconfirmed,Refund
QI00001049,ORD000031965,ITEM0000119418,DS001,SKU0131,Missing Item,255.32,Inventory Accuracy / Putaway,P_DS001_015,Unconfirmed,Refund
QI00001050,ORD000031980,ITEM0000119474,DS001,SKU0071,Wrong Item,120.79,Shelf Placement / Picking Verification,P_DS001_003,Unconfirmed,Refund
QI00001051,ORD000032006,ITEM0000119564,DS001,SKU0158,Missing Item,145.24,Inventory Accuracy / Putaway,P_DS001_030,Unconfirmed,Refund
QI00001052,ORD000032069,ITEM0000119759,DS001,SKU0184,Damaged Item,212.04,Putaway / Picking Handling,,Unconfirmed,Refund
QI00001053,ORD000032089,ITEM0000119842,DS001,SKU0109,Damaged Item,576.34,Putaway / Picking Handling,,Unconfirmed,Refund
QI00001054,ORD000032116,ITEM0000119950,DS001,SKU0290,Missing Item,416.48,Inventory Accuracy / Putaway,P_DS001_012,Unconfirmed,Refund
QI00001055,ORD000032120,ITEM0000119963,DS001,SKU0099,Missing Item,162.69,Inventory Accuracy / Putaway,P_DS001_018,Unconfirmed,Refund
QI00001056,ORD000032143,ITEM0000120042,DS001,SKU0126,Wrong Item,976.54,Picking,P_DS001_027,Unconfirmed,Replacement
QI00001057,ORD000032211,ITEM0000120283,DS001,SKU0018,Damaged Item,292.04,Putaway / Picking Handling,,Unconfirmed,Refund
QI00001058,ORD000032240,ITEM0000120399,DS001,SKU0215,Missing Item,347.7,Inventory Accuracy / Putaway,P_DS001_012,Unconfirmed,Refund
QI00001059,ORD000032244,ITEM0000120412,DS001,SKU0181,Missing Item,1238.91,Inventory Accuracy / Putaway,P_DS001_030,Unconfirmed,Refund
QI00001060,ORD000032294,ITEM0000120607,DS001,SKU0228,Wrong Item,352.8,Picking,P_DS001_028,Unconfirmed,Refund
QI00001061,ORD000032310,ITEM0000120662,DS001,SKU0300,Missing Item,551.25,Inventory Accuracy / Putaway,P_DS001_030,Unconfirmed,Refund
QI00001062,ORD000032318,ITEM0000120691,DS001,SKU0208,Missing Item,40.91,Inventory Accuracy / Putaway,P_DS001_018,Unconfirmed,Refund
QI00001063,ORD000032351,ITEM0000120810,DS001,SKU0296,Damaged Item,97.56,Putaway / Picking Handling,,Unconfirmed,Refund
QI00001064,ORD000032355,ITEM0000120824,DS001,SKU0253,Missing Item,126.6,Inventory Accuracy / Putaway,P_DS001_007,Unconfirmed,Refund
QI00001065,ORD000032361,ITEM0000120841,DS001,SKU0056,Missing Item,234.62,Inventory Accuracy / Putaway,P_DS001_021,Unconfirmed,Refund
QI00001066,ORD000032443,ITEM0000121140,DS001,SKU0126,Missing Item,488.27,Inventory Accuracy / Putaway,P_DS001_030,Unconfirmed,Refund
QI00001067,ORD000032455,ITEM0000121194,DS001,SKU0247,Damaged Item,187.96,Putaway / Picking Handling,,Unconfirmed,Replacement
QI00001068,ORD000032533,ITEM0000121525,DS001,SKU0002,Wrong Item,130.58,Picking,P_DS001_012,Unconfirmed,Replacement
QI00001069,ORD000032534,ITEM0000121526,DS001,SKU0131,Missing Item,255.32,Inventory Accuracy / Putaway,P_DS001_036,Unconfirmed,Refund
QI00001070,ORD000032537,ITEM0000121537,DS001,SKU0160,Wrong Item,215.8,Shelf Placement / Picking Verification,P_DS001_003,Unconfirmed,Refund
QI00001071,ORD000032598,ITEM0000121753,DS001,SKU0097,Damaged Item,366.04,Putaway / Picking Handling,,Unconfirmed,Replacement
QI00001072,ORD000032635,ITEM0000121881,DS001,SKU0238,Missing Item,30.81,Inventory Accuracy / Putaway,P_DS001_030,Unconfirmed,Refund
QI00001073,ORD000032647,ITEM0000121927,DS001,SKU0271,Missing Item,197.96,Inventory Accuracy / Putaway,P_DS001_009,Unconfirmed,Refund
QI00001074,ORD000032659,ITEM0000121974,DS001,SKU0153,Damaged Item,134.94,Putaway / Picking Handling,,Unconfirmed,Replacement
QI00001075,ORD000032671,ITEM0000122011,DS001,SKU0097,Damaged Item,183.02,Putaway / Picking Handling,,Unconfirmed,Replacement
QI00001076,ORD000032684,ITEM0000122061,DS001,SKU0197,Missing Item,521.16,Inventory Accuracy / Putaway,P_DS001_012,Unconfirmed,Refund
QI00001077,ORD000032689,ITEM0000122080,DS001,SKU0007,Damaged Item,166.16,Putaway / Picking Handling,,Unconfirmed,Replacement
QI00001078,ORD000032693,ITEM0000122099,DS001,SKU0037,Missing Item,151.9,Inventory Accuracy / Putaway,P_DS001_036,Unconfirmed,Refund
QI00001079,ORD000032696,ITEM0000122111,DS001,SKU0084,Damaged Item,222.04,Putaway / Picking Handling,,Unconfirmed,Refund
QI00001080,ORD000032727,ITEM0000122220,DS001,SKU0227,Missing Item,248.05,Inventory Accuracy / Putaway,P_DS001_009,Unconfirmed,Refund
QI00001081,ORD000032740,ITEM0000122272,DS001,SKU0127,Missing Item,229.21,Inventory Accuracy / Putaway,P_DS001_030,Unconfirmed,Replacement
QI00001082,ORD000032767,ITEM0000122357,DS001,SKU0182,Damaged Item,285.66,Putaway / Picking Handling,,Unconfirmed,Replacement
QI00001083,ORD000032769,ITEM0000122365,DS001,SKU0173,Missing Item,225.84,Inventory Accuracy / Putaway,P_DS001_027,Unconfirmed,Refund
QI00001084,ORD000032783,ITEM0000122427,DS001,SKU0117,Damaged Item,42.66,Putaway / Picking Handling,,Unconfirmed,Replacement
QI00001085,ORD000032809,ITEM0000122516,DS001,SKU0126,Missing Item,976.54,Inventory Accuracy / Putaway,P_DS001_012,Unconfirmed,Refund
QI00001086,ORD000032857,ITEM0000122677,DS001,SKU0211,Missing Item,152.51,Inventory Accuracy / Putaway,P_DS001_010,Unconfirmed,Replacement
QI00001087,ORD000032861,ITEM0000122690,DS001,SKU0129,Missing Item,43.5,Inventory Accuracy / Putaway,P_DS001_013,Unconfirmed,Refund
QI00001088,ORD000032879,ITEM0000122766,DS001,SKU0070,Missing Item,78.06,Inventory Accuracy / Putaway,P_DS001_019,Unconfirmed,Refund
QI00001089,ORD000032880,ITEM0000122768,DS001,SKU0151,Missing Item,206.24,Inventory Accuracy / Putaway,P_DS001_025,Unconfirmed,Refund
QI00001090,ORD000032881,ITEM0000122771,DS001,SKU0150,Wrong Item,178.21,Picking,P_DS001_025,Unconfirmed,Refund
QI00001091,ORD000032898,ITEM0000122837,DS001,SKU0011,Wrong Item,85.7,Picking,P_DS001_031,Unconfirmed,Refund
QI00001092,ORD000032926,ITEM0000122936,DS001,SKU0176,Damaged Item,206.65,Putaway / Picking Handling,,Unconfirmed,Refund
QI00001093,ORD000032949,ITEM0000123021,DS001,SKU0140,Missing Item,236.01,Inventory Accuracy / Putaway,P_DS001_007,Unconfirmed,Replacement
QI00001094,ORD000032978,ITEM0000123116,DS001,SKU0018,Damaged Item,292.04,Putaway / Picking Handling,,Unconfirmed,Refund
QI00001095,ORD000033033,ITEM0000123317,DS001,SKU0086,Wrong Item,186.67,Picking,P_DS001_031,Unconfirmed,Replacement
QI00001096,ORD000033075,ITEM0000123474,DS001,SKU0150,Missing Item,178.21,Inventory Accuracy / Putaway,P_DS001_019,Unconfirmed,Replacement
QI00001097,ORD000033182,ITEM0000123843,DS001,SKU0287,Wrong Item,193.29,Picking,P_DS001_023,Unconfirmed,Refund
QI00001098,ORD000033196,ITEM0000123900,DS001,SKU0022,Missing Item,446.03,Inventory Accuracy / Putaway,P_DS001_026,Unconfirmed,Replacement
QI00001099,ORD000033218,ITEM0000123976,DS001,SKU0166,Wrong Item,493.94,Shelf Placement / Picking Verification,P_DS001_026,Unconfirmed,Replacement
QI00001100,ORD000033224,ITEM0000123999,DS001,SKU0209,Damaged Item,205.42,Putaway / Picking Handling,,Unconfirmed,Refund
QI00001101,ORD000033227,ITEM0000124016,DS001,SKU0269,Damaged Item,399.24,Putaway / Picking Handling,,Unconfirmed,Refund
QI00001102,ORD000033282,ITEM0000124209,DS001,SKU0134,Missing Item,135.87,Inventory Accuracy / Putaway,P_DS001_023,Unconfirmed,Replacement
QI00001103,ORD000033283,ITEM0000124218,DS001,SKU0278,Damaged Item,224.88,Putaway / Picking Handling,,Unconfirmed,Replacement
QI00001104,ORD000033284,ITEM0000124220,DS001,SKU0148,Missing Item,347.32,Inventory Accuracy / Putaway,P_DS001_017,Unconfirmed,Refund
QI00001105,ORD000033368,ITEM0000124537,DS001,SKU0270,Wrong Item,1023.96,Picking,P_DS001_017,Unconfirmed,Refund
QI00001106,ORD000033430,ITEM0000124771,DS001,SKU0163,Missing Item,262.05,Inventory Accuracy / Putaway,P_DS001_017,Unconfirmed,Refund
QI00001107,ORD000033463,ITEM0000124886,DS001,SKU0061,Wrong Item,378.62,Picking,P_DS001_014,Unconfirmed,Refund
QI00001108,ORD000033495,ITEM0000124991,DS001,SKU0158,Wrong Item,290.48,Picking,P_DS001_011,Unconfirmed,Refund
QI00001109,ORD000033520,ITEM0000125077,DS001,SKU0059,Damaged Item,336.59,Putaway / Picking Handling,,Unconfirmed,Refund
QI00001110,ORD000033535,ITEM0000125134,DS001,SKU0176,Wrong Item,206.65,Picking,P_DS001_023,Unconfirmed,Replacement
QI00001111,ORD000033586,ITEM0000125308,DS001,SKU0085,Missing Item,1408.2,Inventory Accuracy / Putaway,P_DS001_011,Unconfirmed,Replacement
QI00001112,ORD000033588,ITEM0000125318,DS001,SKU0197,Missing Item,260.58,Inventory Accuracy / Putaway,P_DS001_017,Unconfirmed,Replacement
QI00001113,ORD000033603,ITEM0000125379,DS001,SKU0205,Missing Item,168.31,Inventory Accuracy / Putaway,P_DS001_011,Unconfirmed,Refund
QI00001114,ORD000033625,ITEM0000125461,DS001,SKU0029,Missing Item,49.37,Inventory Accuracy / Putaway,P_DS001_017,Unconfirmed,Replacement
QI00001115,ORD000033679,ITEM0000125661,DS001,SKU0286,Missing Item,287.98,Inventory Accuracy / Putaway,P_DS001_017,Unconfirmed,Refund
QI00001116,ORD000033686,ITEM0000125685,DS001,SKU0134,Missing Item,135.87,Inventory Accuracy / Putaway,P_DS001_032,Unconfirmed,Refund
QI00001117,ORD000033703,ITEM0000125756,DS001,SKU0104,Missing Item,362.9,Inventory Accuracy / Putaway,P_DS001_011,Unconfirmed,Refund
QI00001118,ORD000033792,ITEM0000126061,DS001,SKU0015,Missing Item,159.48,Inventory Accuracy / Putaway,P_DS001_011,Unconfirmed,Refund
QI00001119,ORD000033802,ITEM0000126103,DS001,SKU0084,Wrong Item,111.02,Shelf Placement / Picking Verification,P_DS001_014,Unconfirmed,Refund
QI00001120,ORD000033845,ITEM0000126260,DS001,SKU0281,Wrong Item,264.39,Shelf Placement / Picking Verification,P_DS001_026,Unconfirmed,Refund
QI00001121,ORD000033925,ITEM0000126537,DS001,SKU0144,Missing Item,164.54,Inventory Accuracy / Putaway,P_DS001_018,Unconfirmed,Refund
QI00001122,ORD000033966,ITEM0000126681,DS001,SKU0081,Wrong Item,43.96,Picking,P_DS001_018,Unconfirmed,Refund
QI00001123,ORD000034034,ITEM0000126918,DS001,SKU0085,Missing Item,469.4,Inventory Accuracy / Putaway,P_DS001_021,Unconfirmed,Refund
QI00001124,ORD000034046,ITEM0000126959,DS001,SKU0022,Wrong Item,892.06,Picking,P_DS001_012,Unconfirmed,Refund
QI00001125,ORD000034101,ITEM0000127171,DS001,SKU0021,Damaged Item,387.42,Putaway / Picking Handling,,Unconfirmed,Refund
QI00001126,ORD000034154,ITEM0000127387,DS001,SKU0063,Missing Item,189.87,Inventory Accuracy / Putaway,P_DS001_024,Unconfirmed,Refund
QI00001127,ORD000034241,ITEM0000127715,DS001,SKU0298,Wrong Item,158.44,Shelf Placement / Picking Verification,P_DS001_021,Unconfirmed,Refund
QI00001128,ORD000034241,ITEM0000127718,DS001,SKU0165,Damaged Item,276.15,Putaway / Picking Handling,,Unconfirmed,Refund
QI00001129,ORD000034269,ITEM0000127825,DS001,SKU0182,Missing Item,428.49,Inventory Accuracy / Putaway,P_DS001_012,Unconfirmed,Replacement
QI00001130,ORD000034343,ITEM0000128091,DS001,SKU0011,Missing Item,85.7,Inventory Accuracy / Putaway,P_DS001_030,Unconfirmed,Refund
QI00001131,ORD000034417,ITEM0000128353,DS001,SKU0119,Damaged Item,182.02,Putaway / Picking Handling,,Unconfirmed,Refund
QI00001132,ORD000034433,ITEM0000128400,DS001,SKU0106,Wrong Item,698.61,Picking,P_DS001_006,Unconfirmed,Replacement
QI00001133,ORD000034436,ITEM0000128414,DS001,SKU0190,Missing Item,229.14,Inventory Accuracy / Putaway,P_DS001_006,Unconfirmed,Refund
QI00001134,ORD000034460,ITEM0000128502,DS001,SKU0270,Wrong Item,511.98,Picking,P_DS001_018,Unconfirmed,Refund
QI00001135,ORD000034460,ITEM0000128503,DS001,SKU0113,Missing Item,64.72,Inventory Accuracy / Putaway,P_DS001_018,Unconfirmed,Refund
QI00001136,ORD000034525,ITEM0000128746,DS001,SKU0195,Damaged Item,613.68,Putaway / Picking Handling,,Unconfirmed,Replacement
QI00001137,ORD000034620,ITEM0000129112,DS001,SKU0199,Wrong Item,277.04,Shelf Placement / Picking Verification,P_DS001_021,Unconfirmed,Refund
QI00001138,ORD000034638,ITEM0000129196,DS001,SKU0286,Wrong Item,143.99,Shelf Placement / Picking Verification,P_DS001_030,Unconfirmed,Refund
QI00001139,ORD000034674,ITEM0000129346,DS001,SKU0256,Damaged Item,417.08,Putaway / Picking Handling,,Unconfirmed,Refund
QI00001140,ORD000034677,ITEM0000129357,DS001,SKU0275,Missing Item,88.36,Inventory Accuracy / Putaway,P_DS001_012,Unconfirmed,Refund
QI00001141,ORD000034688,ITEM0000129391,DS001,SKU0057,Missing Item,229.0,Inventory Accuracy / Putaway,P_DS001_030,Unconfirmed,Refund
QI00001142,ORD000034718,ITEM0000129486,DS001,SKU0231,Missing Item,69.12,Inventory Accuracy / Putaway,P_DS001_033,Unconfirmed,Refund
QI00001143,ORD000034810,ITEM0000129851,DS001,SKU0249,Damaged Item,978.52,Putaway / Picking Handling,,Unconfirmed,Refund
QI00001144,ORD000034825,ITEM0000129908,DS001,SKU0131,Missing Item,255.32,Inventory Accuracy / Putaway,P_DS001_030,Unconfirmed,Replacement
QI00001145,ORD000034853,ITEM0000130008,DS001,SKU0080,Missing Item,77.19,Inventory Accuracy / Putaway,P_DS001_012,Unconfirmed,Replacement
QI00001146,ORD000034855,ITEM0000130016,DS001,SKU0002,Missing Item,261.16,Inventory Accuracy / Putaway,P_DS001_030,Unconfirmed,Replacement
QI00001147,ORD000034861,ITEM0000130036,DS001,SKU0085,Missing Item,938.8,Inventory Accuracy / Putaway,P_DS001_018,Unconfirmed,Refund
QI00001148,ORD000034916,ITEM0000130243,DS001,SKU0008,Missing Item,61.38,Inventory Accuracy / Putaway,P_DS001_024,Unconfirmed,Refund
QI00001149,ORD000034940,ITEM0000130343,DS001,SKU0076,Missing Item,534.1,Inventory Accuracy / Putaway,P_DS001_027,Unconfirmed,Refund
QI00001150,ORD000034998,ITEM0000130570,DS001,SKU0126,Missing Item,488.27,Inventory Accuracy / Putaway,P_DS001_018,Unconfirmed,Replacement
QI00001151,ORD000035008,ITEM0000130601,DS001,SKU0296,Damaged Item,195.12,Putaway / Picking Handling,,Unconfirmed,Refund
QI00001152,ORD000035084,ITEM0000130913,DS001,SKU0149,Missing Item,183.08,Inventory Accuracy / Putaway,P_DS001_001,Unconfirmed,Refund
QI00001153,ORD000035090,ITEM0000130934,DS001,SKU0013,Wrong Item,286.53,Shelf Placement / Picking Verification,P_DS001_001,Unconfirmed,Refund
QI00001154,ORD000035146,ITEM0000131132,DS001,SKU0022,Missing Item,446.03,Inventory Accuracy / Putaway,P_DS001_013,Unconfirmed,Refund
QI00001155,ORD000035203,ITEM0000131325,DS001,SKU0256,Damaged Item,208.54,Putaway / Picking Handling,,Unconfirmed,Refund
QI00001156,ORD000035333,ITEM0000131785,DS001,SKU0295,Missing Item,456.46,Inventory Accuracy / Putaway,P_DS001_020,Unconfirmed,Replacement
QI00001157,ORD000035338,ITEM0000131803,DS001,SKU0166,Wrong Item,987.88,Shelf Placement / Picking Verification,P_DS001_014,Unconfirmed,Refund
QI00001158,ORD000035342,ITEM0000131819,DS001,SKU0064,Missing Item,344.62,Inventory Accuracy / Putaway,P_DS001_029,Unconfirmed,Refund
QI00001159,ORD000035346,ITEM0000131833,DS001,SKU0224,Missing Item,334.03,Inventory Accuracy / Putaway,P_DS001_014,Unconfirmed,Replacement
QI00001160,ORD000035346,ITEM0000131836,DS001,SKU0130,Missing Item,44.48,Inventory Accuracy / Putaway,P_DS001_014,Unconfirmed,Refund
QI00001161,ORD000035348,ITEM0000131845,DS001,SKU0212,Missing Item,129.74,Inventory Accuracy / Putaway,P_DS001_014,Unconfirmed,Refund
QI00001162,ORD000035383,ITEM0000131979,DS001,SKU0076,Wrong Item,267.05,Picking,P_DS001_014,Unconfirmed,Refund
QI00001163,ORD000035396,ITEM0000132025,DS001,SKU0041,Missing Item,95.3,Inventory Accuracy / Putaway,P_DS001_017,Unconfirmed,Refund
QI00001164,ORD000035438,ITEM0000132170,DS001,SKU0197,Missing Item,260.58,Inventory Accuracy / Putaway,P_DS001_026,Unconfirmed,Refund
QI00001165,ORD000035520,ITEM0000132486,DS001,SKU0278,Damaged Item,224.88,Putaway / Picking Handling,,Unconfirmed,Replacement
QI00001166,ORD000035556,ITEM0000132615,DS001,SKU0012,Missing Item,230.15,Inventory Accuracy / Putaway,P_DS001_008,Unconfirmed,Refund
QI00001167,ORD000035558,ITEM0000132623,DS001,SKU0122,Missing Item,520.1,Inventory Accuracy / Putaway,P_DS001_008,Unconfirmed,Replacement
QI00001168,ORD000035597,ITEM0000132784,DS001,SKU0160,Wrong Item,215.8,Shelf Placement / Picking Verification,P_DS001_032,Unconfirmed,Refund
QI00001169,ORD000035631,ITEM0000132911,DS001,SKU0211,Wrong Item,152.51,Picking,P_DS001_032,Unconfirmed,Refund
QI00001170,ORD000035668,ITEM0000133042,DS001,SKU0070,Missing Item,78.06,Inventory Accuracy / Putaway,P_DS001_026,Unconfirmed,Refund
QI00001171,ORD000035683,ITEM0000133099,DS001,SKU0294,Missing Item,109.46,Inventory Accuracy / Putaway,P_DS001_008,Unconfirmed,Refund
QI00001172,ORD000035729,ITEM0000133259,DS001,SKU0171,Missing Item,69.18,Inventory Accuracy / Putaway,P_DS001_017,Unconfirmed,Refund
QI00001173,ORD000035743,ITEM0000133301,DS001,SKU0022,Damaged Item,446.03,Putaway / Picking Handling,,Unconfirmed,Refund
QI00001174,ORD000035786,ITEM0000133457,DS001,SKU0141,Missing Item,106.65,Inventory Accuracy / Putaway,P_DS001_005,Unconfirmed,Refund
QI00001175,ORD000035818,ITEM0000133567,DS001,SKU0286,Missing Item,143.99,Inventory Accuracy / Putaway,P_DS001_020,Unconfirmed,Replacement
QI00001176,ORD000035838,ITEM0000133641,DS001,SKU0203,Missing Item,130.42,Inventory Accuracy / Putaway,P_DS001_032,Unconfirmed,Replacement
QI00001177,ORD000035857,ITEM0000133700,DS001,SKU0148,Missing Item,347.32,Inventory Accuracy / Putaway,P_DS001_020,Unconfirmed,Replacement
QI00001178,ORD000035901,ITEM0000133876,DS001,SKU0006,Missing Item,160.4,Inventory Accuracy / Putaway,P_DS001_008,Unconfirmed,Replacement
QI00001179,ORD000035911,ITEM0000133917,DS001,SKU0081,Damaged Item,87.92,Putaway / Picking Handling,,Unconfirmed,Replacement
QI00001180,ORD000035928,ITEM0000133978,DS001,SKU0062,Wrong Item,334.2,Shelf Placement / Picking Verification,P_DS001_032,Unconfirmed,Refund
QI00001181,ORD000035939,ITEM0000134013,DS001,SKU0194,Missing Item,234.44,Inventory Accuracy / Putaway,P_DS001_017,Unconfirmed,Refund
QI00001182,ORD000035940,ITEM0000134019,DS001,SKU0119,Wrong Item,364.04,Picking,P_DS001_014,Unconfirmed,Refund
QI00001183,ORD000035960,ITEM0000134095,DS001,SKU0019,Missing Item,277.78,Inventory Accuracy / Putaway,P_DS001_035,Unconfirmed,Refund
QI00001184,ORD000036007,ITEM0000134263,DS001,SKU0091,Damaged Item,307.74,Putaway / Picking Handling,,Unconfirmed,Refund
QI00001185,ORD000036077,ITEM0000134513,DS001,SKU0125,Missing Item,109.95,Inventory Accuracy / Putaway,P_DS001_029,Unconfirmed,Refund
QI00001186,ORD000036086,ITEM0000134541,DS001,SKU0022,Missing Item,446.03,Inventory Accuracy / Putaway,P_DS001_017,Unconfirmed,Refund
QI00001187,ORD000036092,ITEM0000134563,DS001,SKU0027,Wrong Item,522.74,Picking,P_DS001_005,Unconfirmed,Refund
QI00001188,ORD000036169,ITEM0000134848,DS001,SKU0085,Damaged Item,469.4,Putaway / Picking Handling,,Unconfirmed,Refund
QI00001189,ORD000036188,ITEM0000134915,DS001,SKU0013,Wrong Item,573.06,Shelf Placement / Picking Verification,P_DS001_027,Unconfirmed,Refund
QI00001190,ORD000036219,ITEM0000135035,DS001,SKU0016,Missing Item,206.66,Inventory Accuracy / Putaway,P_DS001_006,Unconfirmed,Refund
QI00001191,ORD000036230,ITEM0000135075,DS001,SKU0232,Wrong Item,274.11,Picking,P_DS001_012,Unconfirmed,Refund
QI00001192,ORD000036235,ITEM0000135087,DS001,SKU0131,Missing Item,510.64,Inventory Accuracy / Putaway,P_DS001_033,Unconfirmed,Refund
QI00001193,ORD000036274,ITEM0000135237,DS001,SKU0128,Missing Item,78.55,Inventory Accuracy / Putaway,P_DS001_003,Unconfirmed,Refund
QI00001194,ORD000036298,ITEM0000135323,DS001,SKU0236,Wrong Item,277.44,Picking,P_DS001_012,Unconfirmed,Refund
QI00001195,ORD000036401,ITEM0000135705,DS001,SKU0166,Wrong Item,493.94,Shelf Placement / Picking Verification,P_DS001_021,Unconfirmed,Replacement
QI00001196,ORD000036448,ITEM0000135887,DS001,SKU0183,Missing Item,284.0,Inventory Accuracy / Putaway,P_DS001_024,Unconfirmed,Refund
QI00001197,ORD000036489,ITEM0000136038,DS001,SKU0165,Damaged Item,828.45,Putaway / Picking Handling,,Unconfirmed,Replacement
QI00001198,ORD000036606,ITEM0000136454,DS001,SKU0282,Missing Item,482.72,Inventory Accuracy / Putaway,P_DS001_033,Unconfirmed,Refund
QI00001199,ORD000036616,ITEM0000136494,DS001,SKU0015,Wrong Item,159.48,Picking,P_DS001_006,Unconfirmed,Refund
QI00001200,ORD000036722,ITEM0000136857,DS001,SKU0013,Wrong Item,286.53,Shelf Placement / Picking Verification,P_DS001_021,Unconfirmed,Refund
QI00001201,ORD000036804,ITEM0000137158,DS001,SKU0104,Missing Item,181.45,Inventory Accuracy / Putaway,P_DS001_006,Unconfirmed,Refund
QI00001202,ORD000036818,ITEM0000137215,DS001,SKU0013,Missing Item,286.53,Inventory Accuracy / Putaway,P_DS001_012,Unconfirmed,Refund
QI00001203,ORD000036840,ITEM0000137305,DS001,SKU0279,Missing Item,109.67,Inventory Accuracy / Putaway,P_DS001_006,Unconfirmed,Replacement
QI00001204,ORD000036874,ITEM0000137423,DS001,SKU0143,Damaged Item,201.68,Putaway / Picking Handling,,Unconfirmed,Refund
QI00001205,ORD000036908,ITEM0000137566,DS001,SKU0006,Wrong Item,160.4,Shelf Placement / Picking Verification,P_DS001_021,Unconfirmed,Refund
QI00001206,ORD000036912,ITEM0000137588,DS001,SKU0158,Wrong Item,145.24,Picking,P_DS001_027,Unconfirmed,Replacement
QI00001207,ORD000036923,ITEM0000137619,DS001,SKU0064,Missing Item,689.24,Inventory Accuracy / Putaway,P_DS001_003,Unconfirmed,Refund
QI00001208,ORD000036998,ITEM0000137892,DS001,SKU0044,Damaged Item,392.84,Putaway / Picking Handling,,Unconfirmed,Refund
QI00001209,ORD000037052,ITEM0000138082,DS001,SKU0290,Wrong Item,832.96,Picking,P_DS001_033,Unconfirmed,Refund
QI00001210,ORD000037069,ITEM0000138149,DS001,SKU0034,Missing Item,251.6,Inventory Accuracy / Putaway,P_DS001_003,Unconfirmed,Replacement
QI00001211,ORD000037091,ITEM0000138233,DS001,SKU0266,Wrong Item,437.58,Shelf Placement / Picking Verification,P_DS001_027,Unconfirmed,Refund
QI00001212,ORD000037109,ITEM0000138308,DS001,SKU0029,Missing Item,49.37,Inventory Accuracy / Putaway,P_DS001_018,Unconfirmed,Refund
QI00001213,ORD000037161,ITEM0000138496,DS001,SKU0141,Missing Item,106.65,Inventory Accuracy / Putaway,P_DS001_033,Unconfirmed,Replacement
QI00001214,ORD000037179,ITEM0000138566,DS001,SKU0056,Missing Item,234.62,Inventory Accuracy / Putaway,P_DS001_015,Unconfirmed,Refund
QI00001215,ORD000037259,ITEM0000138858,DS001,SKU0013,Missing Item,286.53,Inventory Accuracy / Putaway,P_DS001_021,Unconfirmed,Refund
QI00001216,ORD000037287,ITEM0000138951,DS001,SKU0063,Missing Item,189.87,Inventory Accuracy / Putaway,P_DS001_024,Unconfirmed,Refund
QI00001217,ORD000037292,ITEM0000138970,DS001,SKU0275,Missing Item,44.18,Inventory Accuracy / Putaway,P_DS001_021,Unconfirmed,Refund
QI00001218,ORD000037305,ITEM0000139021,DS002,SKU0051,Missing Item,25.15,Inventory Accuracy / Putaway,P_DS002_004,Unconfirmed,Replacement
QI00001219,ORD000037397,ITEM0000139360,DS002,SKU0114,Missing Item,233.48,Inventory Accuracy / Putaway,P_DS002_007,Unconfirmed,Replacement
QI00001220,ORD000037409,ITEM0000139409,DS002,SKU0178,Wrong Item,125.09,Picking,P_DS002_016,Unconfirmed,Refund
QI00001221,ORD000037434,ITEM0000139485,DS002,SKU0206,Missing Item,166.38,Inventory Accuracy / Putaway,P_DS002_007,Unconfirmed,Replacement
QI00001222,ORD000037440,ITEM0000139508,DS002,SKU0278,Missing Item,224.88,Inventory Accuracy / Putaway,P_DS002_016,Unconfirmed,Refund
QI00001223,ORD000037534,ITEM0000139880,DS002,SKU0063,Missing Item,189.87,Inventory Accuracy / Putaway,P_DS002_032,Unconfirmed,Replacement
QI00001224,ORD000037593,ITEM0000140105,DS002,SKU0047,Missing Item,580.31,Inventory Accuracy / Putaway,P_DS002_023,Unconfirmed,Refund
QI00001225,ORD000037609,ITEM0000140160,DS002,SKU0248,Wrong Item,465.88,Picking,P_DS002_008,Unconfirmed,Replacement
QI00001226,ORD000037615,ITEM0000140189,DS002,SKU0034,Damaged Item,251.6,Putaway / Picking Handling,,Unconfirmed,Refund
QI00001227,ORD000037624,ITEM0000140213,DS002,SKU0278,Missing Item,224.88,Inventory Accuracy / Putaway,P_DS002_011,Unconfirmed,Refund
QI00001228,ORD000037665,ITEM0000140380,DS002,SKU0028,Missing Item,414.17,Inventory Accuracy / Putaway,P_DS002_023,Unconfirmed,Refund
QI00001229,ORD000037753,ITEM0000140700,DS002,SKU0230,Wrong Item,259.63,Picking,P_DS002_014,Unconfirmed,Refund
QI00001230,ORD000037764,ITEM0000140743,DS002,SKU0070,Missing Item,78.06,Inventory Accuracy / Putaway,P_DS002_011,Unconfirmed,Refund
QI00001231,ORD000037772,ITEM0000140776,DS002,SKU0087,Wrong Item,203.0,Picking,P_DS002_023,Unconfirmed,Replacement
QI00001232,ORD000037798,ITEM0000140884,DS002,SKU0166,Missing Item,493.94,Inventory Accuracy / Putaway,P_DS002_014,Unconfirmed,Refund
QI00001233,ORD000037805,ITEM0000140910,DS002,SKU0068,Missing Item,366.82,Inventory Accuracy / Putaway,P_DS002_008,Unconfirmed,Refund
QI00001234,ORD000037819,ITEM0000140972,DS002,SKU0281,Wrong Item,264.39,Shelf Placement / Picking Verification,P_DS002_014,Unconfirmed,Refund
QI00001235,ORD000037826,ITEM0000141005,DS002,SKU0248,Damaged Item,465.88,Putaway / Picking Handling,,Unconfirmed,Refund
QI00001236,ORD000037879,ITEM0000141208,DS002,SKU0257,Missing Item,576.68,Inventory Accuracy / Putaway,P_DS002_023,Unconfirmed,Refund
QI00001237,ORD000037897,ITEM0000141276,DS002,SKU0216,Missing Item,676.95,Inventory Accuracy / Putaway,P_DS002_020,Unconfirmed,Refund
QI00001238,ORD000037910,ITEM0000141322,DS002,SKU0064,Wrong Item,689.24,Picking,P_DS002_014,Unconfirmed,Refund
QI00001239,ORD000037930,ITEM0000141397,DS002,SKU0028,Wrong Item,828.34,Shelf Placement / Picking Verification,P_DS002_008,Unconfirmed,Refund
QI00001240,ORD000037936,ITEM0000141421,DS002,SKU0277,Wrong Item,745.62,Picking,P_DS002_023,Unconfirmed,Refund
QI00001241,ORD000037953,ITEM0000141478,DS002,SKU0085,Missing Item,938.8,Inventory Accuracy / Putaway,P_DS002_008,Unconfirmed,Refund
QI00001242,ORD000037965,ITEM0000141513,DS002,SKU0281,Missing Item,264.39,Inventory Accuracy / Putaway,P_DS002_029,Unconfirmed,Refund
QI00001243,ORD000037987,ITEM0000141593,DS002,SKU0197,Missing Item,260.58,Inventory Accuracy / Putaway,P_DS002_005,Unconfirmed,Refund
QI00001244,ORD000037999,ITEM0000141653,DS002,SKU0026,Missing Item,132.27,Inventory Accuracy / Putaway,P_DS002_026,Unconfirmed,Refund
QI00001245,ORD000038009,ITEM0000141693,DS002,SKU0107,Wrong Item,173.18,Picking,P_DS002_002,Unconfirmed,Refund
QI00001246,ORD000038031,ITEM0000141775,DS002,SKU0147,Missing Item,158.98,Inventory Accuracy / Putaway,P_DS002_023,Unconfirmed,Refund
QI00001247,ORD000038038,ITEM0000141792,DS002,SKU0282,Missing Item,241.36,Inventory Accuracy / Putaway,P_DS002_011,Unconfirmed,Refund
QI00001248,ORD000038042,ITEM0000141809,DS002,SKU0063,Wrong Item,189.87,Shelf Placement / Picking Verification,P_DS002_029,Unconfirmed,Refund
QI00001249,ORD000038069,ITEM0000141915,DS002,SKU0260,Missing Item,568.34,Inventory Accuracy / Putaway,P_DS002_008,Unconfirmed,Refund
QI00001250,ORD000038073,ITEM0000141930,DS002,SKU0042,Missing Item,606.5,Inventory Accuracy / Putaway,P_DS002_029,Unconfirmed,Refund
QI00001251,ORD000038104,ITEM0000142055,DS002,SKU0018,Damaged Item,292.04,Putaway / Picking Handling,,Unconfirmed,Refund
QI00001252,ORD000038144,ITEM0000142205,DS002,SKU0113,Missing Item,64.72,Inventory Accuracy / Putaway,P_DS002_008,Unconfirmed,Refund
QI00001253,ORD000038198,ITEM0000142391,DS002,SKU0011,Wrong Item,171.4,Picking,P_DS002_032,Unconfirmed,Refund
QI00001254,ORD000038209,ITEM0000142434,DS002,SKU0018,Damaged Item,584.08,Rider Handling / Last Mile,,Unconfirmed,Refund
QI00001255,ORD000038274,ITEM0000142663,DS002,SKU0267,Missing Item,400.53,Inventory Accuracy / Putaway,P_DS002_011,Unconfirmed,Refund
QI00001256,ORD000038287,ITEM0000142697,DS002,SKU0195,Missing Item,613.68,Inventory Accuracy / Putaway,P_DS002_014,Unconfirmed,Replacement
QI00001257,ORD000038305,ITEM0000142762,DS002,SKU0193,Missing Item,323.59,Inventory Accuracy / Putaway,P_DS002_002,Unconfirmed,Refund
QI00001258,ORD000038349,ITEM0000142927,DS002,SKU0190,Missing Item,229.14,Inventory Accuracy / Putaway,P_DS002_002,Unconfirmed,Refund
QI00001259,ORD000038394,ITEM0000143088,DS002,SKU0180,Missing Item,37.34,Inventory Accuracy / Putaway,P_DS002_014,Unconfirmed,Refund
QI00001260,ORD000038397,ITEM0000143100,DS002,SKU0064,Damaged Item,344.62,Putaway / Picking Handling,,Unconfirmed,Refund
QI00001261,ORD000038497,ITEM0000143482,DS002,SKU0195,Wrong Item,613.68,Picking,P_DS002_027,Unconfirmed,Refund
QI00001262,ORD000038543,ITEM0000143667,DS002,SKU0214,Missing Item,137.01,Inventory Accuracy / Putaway,P_DS002_018,Unconfirmed,Refund
QI00001263,ORD000038565,ITEM0000143752,DS002,SKU0269,Damaged Item,399.24,Putaway / Picking Handling,,Unconfirmed,Refund
QI00001264,ORD000038574,ITEM0000143791,DS002,SKU0056,Missing Item,234.62,Inventory Accuracy / Putaway,P_DS002_012,Unconfirmed,Refund
QI00001265,ORD000038605,ITEM0000143907,DS002,SKU0215,Missing Item,695.4,Inventory Accuracy / Putaway,P_DS002_018,Unconfirmed,Replacement
QI00001266,ORD000038610,ITEM0000143927,DS002,SKU0183,Missing Item,142.0,Inventory Accuracy / Putaway,P_DS002_009,Unconfirmed,Refund
QI00001267,ORD000038614,ITEM0000143938,DS002,SKU0141,Missing Item,106.65,Inventory Accuracy / Putaway,P_DS002_030,Unconfirmed,Replacement
QI00001268,ORD000038615,ITEM0000143939,DS002,SKU0226,Damaged Item,45.28,Putaway / Picking Handling,,Unconfirmed,Refund
QI00001269,ORD000038670,ITEM0000144141,DS002,SKU0243,Damaged Item,191.05,Putaway / Picking Handling,,Unconfirmed,Refund
QI00001270,ORD000038696,ITEM0000144237,DS002,SKU0203,Missing Item,130.42,Inventory Accuracy / Putaway,P_DS002_012,Unconfirmed,Refund
QI00001271,ORD000038721,ITEM0000144330,DS002,SKU0191,Missing Item,1319.26,Inventory Accuracy / Putaway,P_DS002_012,Unconfirmed,Replacement
QI00001272,ORD000038725,ITEM0000144342,DS002,SKU0066,Missing Item,435.4,Inventory Accuracy / Putaway,P_DS002_033,Unconfirmed,Refund
QI00001273,ORD000038729,ITEM0000144358,DS002,SKU0282,Missing Item,482.72,Inventory Accuracy / Putaway,P_DS002_018,Unconfirmed,Refund
QI00001274,ORD000038776,ITEM0000144542,DS002,SKU0238,Missing Item,30.81,Inventory Accuracy / Putaway,P_DS002_027,Unconfirmed,Refund
QI00001275,ORD000038781,ITEM0000144556,DS002,SKU0028,Missing Item,828.34,Inventory Accuracy / Putaway,P_DS002_033,Unconfirmed,Replacement
QI00001276,ORD000038797,ITEM0000144610,DS002,SKU0038,Damaged Item,420.41,Putaway / Picking Handling,,Unconfirmed,Refund
QI00001277,ORD000038800,ITEM0000144625,DS002,SKU0141,Damaged Item,106.65,Putaway / Picking Handling,,Unconfirmed,Replacement
QI00001278,ORD000038819,ITEM0000144689,DS002,SKU0290,Wrong Item,832.96,Picking,P_DS002_012,Unconfirmed,Refund
QI00001279,ORD000038854,ITEM0000144823,DS002,SKU0160,Missing Item,215.8,Inventory Accuracy / Putaway,P_DS002_018,Unconfirmed,Refund
QI00001280,ORD000038888,ITEM0000144950,DS002,SKU0173,Missing Item,451.68,Inventory Accuracy / Putaway,P_DS002_027,Unconfirmed,Refund
QI00001281,ORD000038919,ITEM0000145074,DS002,SKU0085,Missing Item,469.4,Inventory Accuracy / Putaway,P_DS002_009,Unconfirmed,Refund
QI00001282,ORD000038927,ITEM0000145109,DS002,SKU0198,Missing Item,353.83,Inventory Accuracy / Putaway,P_DS002_027,Unconfirmed,Refund
QI00001283,ORD000038949,ITEM0000145190,DS002,SKU0109,Damaged Item,576.34,Putaway / Picking Handling,,Unconfirmed,Replacement
QI00001284,ORD000038967,ITEM0000145270,DS002,SKU0063,Missing Item,189.87,Inventory Accuracy / Putaway,P_DS002_033,Unconfirmed,Refund
QI00001285,ORD000038977,ITEM0000145307,DS002,SKU0117,Missing Item,85.32,Inventory Accuracy / Putaway,P_DS002_030,Unconfirmed,Refund
QI00001286,ORD000039000,ITEM0000145381,DS002,SKU0041,Wrong Item,95.3,Picking,P_DS002_027,Unconfirmed,Refund
QI00001287,ORD000039078,ITEM0000145674,DS002,SKU0105,Wrong Item,272.14,Shelf Placement / Picking Verification,P_DS002_027,Unconfirmed,Replacement
QI00001288,ORD000039089,ITEM0000145716,DS002,SKU0119,Missing Item,546.06,Inventory Accuracy / Putaway,P_DS002_012,Unconfirmed,Refund
QI00001289,ORD000039112,ITEM0000145802,DS002,SKU0115,Damaged Item,283.76,Putaway / Picking Handling,,Unconfirmed,Refund
QI00001290,ORD000039178,ITEM0000146042,DS002,SKU0114,Missing Item,116.74,Inventory Accuracy / Putaway,P_DS002_015,Unconfirmed,Refund
QI00001291,ORD000039187,ITEM0000146081,DS002,SKU0034,Damaged Item,251.6,Putaway / Picking Handling,,Unconfirmed,Refund
QI00001292,ORD000039197,ITEM0000146121,DS002,SKU0249,Wrong Item,978.52,Picking,P_DS002_033,Unconfirmed,Refund
QI00001293,ORD000039199,ITEM0000146131,DS002,SKU0085,Missing Item,938.8,Inventory Accuracy / Putaway,P_DS002_009,Unconfirmed,Replacement
QI00001294,ORD000039208,ITEM0000146166,DS002,SKU0022,Missing Item,446.03,Inventory Accuracy / Putaway,P_DS002_009,Unconfirmed,Refund
QI00001295,ORD000039217,ITEM0000146204,DS002,SKU0018,Damaged Item,584.08,Putaway / Picking Handling,,Unconfirmed,Refund
QI00001296,ORD000039231,ITEM0000146271,DS002,SKU0274,Missing Item,382.26,Inventory Accuracy / Putaway,P_DS002_012,Unconfirmed,Refund
QI00001297,ORD000039247,ITEM0000146333,DS002,SKU0102,Missing Item,107.01,Inventory Accuracy / Putaway,P_DS002_033,Unconfirmed,Refund
QI00001298,ORD000039253,ITEM0000146354,DS002,SKU0209,Missing Item,102.71,Inventory Accuracy / Putaway,P_DS002_018,Unconfirmed,Refund
QI00001299,ORD000039257,ITEM0000146378,DS002,SKU0043,Missing Item,221.22,Inventory Accuracy / Putaway,P_DS002_033,Unconfirmed,Replacement
QI00001300,ORD000039259,ITEM0000146383,DS002,SKU0057,Missing Item,458.0,Inventory Accuracy / Putaway,P_DS002_015,Unconfirmed,Replacement
QI00001301,ORD000039276,ITEM0000146458,DS002,SKU0085,Missing Item,469.4,Inventory Accuracy / Putaway,P_DS002_018,Unconfirmed,Refund
QI00001302,ORD000039289,ITEM0000146514,DS002,SKU0090,Missing Item,260.5,Inventory Accuracy / Putaway,P_DS002_012,Unconfirmed,Refund
QI00001303,ORD000039290,ITEM0000146518,DS002,SKU0236,Damaged Item,277.44,Putaway / Picking Handling,,Unconfirmed,Replacement
QI00001304,ORD000039311,ITEM0000146589,DS002,SKU0041,Wrong Item,190.6,Picking,P_DS002_018,Unconfirmed,Refund
QI00001305,ORD000039337,ITEM0000146682,DS002,SKU0002,Wrong Item,130.58,Picking,P_DS002_018,Unconfirmed,Refund
QI00001306,ORD000039382,ITEM0000146841,DS002,SKU0287,Missing Item,193.29,Inventory Accuracy / Putaway,P_DS002_015,Unconfirmed,Refund
QI00001307,ORD000039397,ITEM0000146899,DS002,SKU0045,Damaged Item,364.24,Putaway / Picking Handling,,Unconfirmed,Replacement
QI00001308,ORD000039447,ITEM0000147069,DS002,SKU0158,Missing Item,145.24,Inventory Accuracy / Putaway,P_DS002_033,Unconfirmed,Refund
QI00001309,ORD000039525,ITEM0000147373,DS002,SKU0173,Missing Item,225.84,Inventory Accuracy / Putaway,P_DS002_009,Unconfirmed,Replacement
QI00001310,ORD000039532,ITEM0000147401,DS002,SKU0065,Wrong Item,21.72,Picking,P_DS002_030,Unconfirmed,Refund
QI00001311,ORD000039539,ITEM0000147424,DS002,SKU0023,Damaged Item,166.93,Putaway / Picking Handling,,Unconfirmed,Replacement
QI00001312,ORD000039568,ITEM0000147525,DS002,SKU0173,Missing Item,225.84,Inventory Accuracy / Putaway,P_DS002_027,Unconfirmed,Replacement
QI00001313,ORD000039594,ITEM0000147622,DS002,SKU0152,Wrong Item,1212.82,Picking,P_DS002_012,Unconfirmed,Replacement
QI00001314,ORD000039636,ITEM0000147786,DS002,SKU0249,Missing Item,978.52,Inventory Accuracy / Putaway,P_DS002_010,Unconfirmed,Replacement
QI00001315,ORD000039657,ITEM0000147855,DS002,SKU0031,Wrong Item,397.46,Picking,P_DS002_016,Unconfirmed,Refund
QI00001316,ORD000039663,ITEM0000147869,DS002,SKU0226,Missing Item,45.28,Inventory Accuracy / Putaway,P_DS002_019,Unconfirmed,Replacement
QI00001317,ORD000039664,ITEM0000147874,DS002,SKU0190,Missing Item,229.14,Inventory Accuracy / Putaway,P_DS002_019,Unconfirmed,Refund
QI00001318,ORD000039668,ITEM0000147892,DS002,SKU0011,Missing Item,85.7,Inventory Accuracy / Putaway,P_DS002_019,Unconfirmed,Refund
QI00001319,ORD000039678,ITEM0000147935,DS002,SKU0294,Missing Item,218.92,Inventory Accuracy / Putaway,P_DS002_028,Unconfirmed,Refund
QI00001320,ORD000039686,ITEM0000147964,DS002,SKU0141,Missing Item,106.65,Inventory Accuracy / Putaway,P_DS002_031,Unconfirmed,Replacement
QI00001321,ORD000039752,ITEM0000148198,DS002,SKU0022,Wrong Item,892.06,Picking,P_DS002_016,Unconfirmed,Refund
QI00001322,ORD000039766,ITEM0000148257,DS002,SKU0109,Damaged Item,1729.02,Putaway / Picking Handling,,Unconfirmed,Replacement
QI00001323,ORD000039772,ITEM0000148281,DS002,SKU0294,Missing Item,109.46,Inventory Accuracy / Putaway,P_DS002_013,Unconfirmed,Refund
QI00001324,ORD000039779,ITEM0000148316,DS002,SKU0063,Missing Item,189.87,Inventory Accuracy / Putaway,P_DS002_019,Unconfirmed,Refund
QI00001325,ORD000039790,ITEM0000148358,DS002,SKU0125,Damaged Item,109.95,Putaway / Picking Handling,,Unconfirmed,Replacement
QI00001326,ORD000039869,ITEM0000148655,DS002,SKU0024,Wrong Item,370.06,Picking,P_DS002_028,Unconfirmed,Replacement
QI00001327,ORD000039884,ITEM0000148722,DS002,SKU0148,Wrong Item,694.64,Picking,P_DS002_013,Unconfirmed,Refund
QI00001328,ORD000039899,ITEM0000148790,DS002,SKU0277,Missing Item,372.81,Inventory Accuracy / Putaway,P_DS002_013,Unconfirmed,Refund
QI00001329,ORD000039904,ITEM0000148805,DS002,SKU0231,Wrong Item,69.12,Picking,P_DS002_022,Unconfirmed,Refund
QI00001330,ORD000039931,ITEM0000148917,DS002,SKU0166,Missing Item,493.94,Inventory Accuracy / Putaway,P_DS002_020,Unconfirmed,Replacement
QI00001331,ORD000039965,ITEM0000149040,DS002,SKU0178,Missing Item,125.09,Inventory Accuracy / Putaway,P_DS002_005,Unconfirmed,Replacement
QI00001332,ORD000039973,ITEM0000149067,DS002,SKU0246,Missing Item,192.63,Inventory Accuracy / Putaway,P_DS002_002,Unconfirmed,Replacement
QI00001333,ORD000039997,ITEM0000149160,DS002,SKU0106,Missing Item,232.87,Inventory Accuracy / Putaway,P_DS002_008,Unconfirmed,Refund
QI00001334,ORD000039998,ITEM0000149163,DS002,SKU0065,Wrong Item,43.44,Picking,P_DS002_023,Unconfirmed,Replacement
QI00001335,ORD000040022,ITEM0000149256,DS002,SKU0076,Damaged Item,267.05,Putaway / Picking Handling,,Unconfirmed,Refund
QI00001336,ORD000040036,ITEM0000149306,DS002,SKU0122,Missing Item,260.05,Inventory Accuracy / Putaway,P_DS002_005,Unconfirmed,Replacement
QI00001337,ORD000040049,ITEM0000149357,DS002,SKU0278,Missing Item,449.76,Inventory Accuracy / Putaway,P_DS002_014,Unconfirmed,Refund
QI00001338,ORD000040059,ITEM0000149399,DS002,SKU0109,Damaged Item,1152.68,Rider Handling / Last Mile,,Unconfirmed,Replacement
QI00001339,ORD000040181,ITEM0000149826,DS002,SKU0022,Missing Item,892.06,Inventory Accuracy / Putaway,P_DS002_002,Unconfirmed,Refund
QI00001340,ORD000040201,ITEM0000149893,DS002,SKU0028,Wrong Item,414.17,Shelf Placement / Picking Verification,P_DS002_008,Unconfirmed,Refund
QI00001341,ORD000040208,ITEM0000149918,DS002,SKU0269,Wrong Item,399.24,Picking,P_DS002_029,Unconfirmed,Replacement
QI00001342,ORD000040270,ITEM0000150152,DS002,SKU0010,Missing Item,154.59,Inventory Accuracy / Putaway,P_DS002_017,Unconfirmed,Replacement
QI00001343,ORD000040333,ITEM0000150387,DS002,SKU0185,Wrong Item,98.45,Shelf Placement / Picking Verification,P_DS002_026,Unconfirmed,Refund
QI00001344,ORD000040344,ITEM0000150425,DS002,SKU0201,Missing Item,81.18,Inventory Accuracy / Putaway,P_DS002_008,Unconfirmed,Replacement
QI00001345,ORD000040345,ITEM0000150428,DS002,SKU0006,Wrong Item,160.4,Shelf Placement / Picking Verification,P_DS002_002,Unconfirmed,Replacement
QI00001346,ORD000040352,ITEM0000150461,DS002,SKU0130,Missing Item,44.48,Inventory Accuracy / Putaway,P_DS002_026,Unconfirmed,Refund
QI00001347,ORD000040382,ITEM0000150571,DS002,SKU0202,Damaged Item,388.42,Putaway / Picking Handling,,Unconfirmed,Refund
QI00001348,ORD000040388,ITEM0000150601,DS002,SKU0160,Wrong Item,431.6,Shelf Placement / Picking Verification,P_DS002_020,Unconfirmed,Replacement
QI00001349,ORD000040394,ITEM0000150619,DS002,SKU0119,Damaged Item,364.04,Putaway / Picking Handling,,Unconfirmed,Replacement
QI00001350,ORD000040426,ITEM0000150738,DS002,SKU0001,Missing Item,647.06,Inventory Accuracy / Putaway,P_DS002_008,Unconfirmed,Replacement
QI00001351,ORD000040431,ITEM0000150758,DS002,SKU0197,Missing Item,260.58,Inventory Accuracy / Putaway,P_DS002_002,Unconfirmed,Refund
QI00001352,ORD000040454,ITEM0000150849,DS002,SKU0275,Missing Item,44.18,Inventory Accuracy / Putaway,P_DS002_008,Unconfirmed,Refund
QI00001353,ORD000040457,ITEM0000150861,DS002,SKU0070,Missing Item,78.06,Inventory Accuracy / Putaway,P_DS002_026,Unconfirmed,Refund
QI00001354,ORD000040474,ITEM0000150927,DS002,SKU0158,Missing Item,290.48,Inventory Accuracy / Putaway,P_DS002_017,Unconfirmed,Replacement
QI00001355,ORD000040479,ITEM0000150943,DS002,SKU0152,Missing Item,1212.82,Inventory Accuracy / Putaway,P_DS002_029,Unconfirmed,Refund
QI00001356,ORD000040557,ITEM0000151227,DS002,SKU0038,Wrong Item,840.82,Picking,P_DS002_014,Unconfirmed,Refund
QI00001357,ORD000040560,ITEM0000151238,DS002,SKU0278,Missing Item,224.88,Inventory Accuracy / Putaway,P_DS002_002,Unconfirmed,Replacement
QI00001358,ORD000040570,ITEM0000151269,DS002,SKU0178,Missing Item,125.09,Inventory Accuracy / Putaway,P_DS002_014,Unconfirmed,Refund
QI00001359,ORD000040609,ITEM0000151411,DS002,SKU0114,Missing Item,116.74,Inventory Accuracy / Putaway,P_DS002_008,Unconfirmed,Refund
QI00001360,ORD000040612,ITEM0000151424,DS002,SKU0166,Missing Item,493.94,Inventory Accuracy / Putaway,P_DS002_020,Unconfirmed,Refund
QI00001361,ORD000040623,ITEM0000151473,DS002,SKU0154,Missing Item,456.23,Inventory Accuracy / Putaway,P_DS002_026,Unconfirmed,Refund
QI00001362,ORD000040626,ITEM0000151485,DS002,SKU0102,Missing Item,107.01,Inventory Accuracy / Putaway,P_DS002_014,Unconfirmed,Refund
QI00001363,ORD000040639,ITEM0000151533,DS002,SKU0007,Missing Item,83.08,Inventory Accuracy / Putaway,P_DS002_026,Unconfirmed,Refund
QI00001364,ORD000040702,ITEM0000151757,DS002,SKU0208,Damaged Item,40.91,Putaway / Picking Handling,,Unconfirmed,Refund
QI00001365,ORD000040739,ITEM0000151893,DS002,SKU0224,Wrong Item,668.06,Picking,P_DS002_008,Unconfirmed,Refund
QI00001366,ORD000040820,ITEM0000152208,DS002,SKU0070,Damaged Item,156.12,Rider Handling / Last Mile,,Unconfirmed,Refund
QI00001367,ORD000040828,ITEM0000152241,DS002,SKU0141,Missing Item,106.65,Inventory Accuracy / Putaway,P_DS002_021,Unconfirmed,Refund
QI00001368,ORD000040838,ITEM0000152278,DS002,SKU0290,Missing Item,416.48,Inventory Accuracy / Putaway,P_DS002_030,Unconfirmed,Refund
QI00001369,ORD000040870,ITEM0000152387,DS002,SKU0193,Missing Item,323.59,Inventory Accuracy / Putaway,P_DS002_015,Unconfirmed,Replacement
QI00001370,ORD000040904,ITEM0000152496,DS002,SKU0130,Missing Item,44.48,Inventory Accuracy / Putaway,P_DS002_033,Unconfirmed,Refund
QI00001371,ORD000040914,ITEM0000152528,DS002,SKU0148,Missing Item,694.64,Inventory Accuracy / Putaway,P_DS002_015,Unconfirmed,Refund
QI00001372,ORD000040915,ITEM0000152531,DS002,SKU0180,Missing Item,74.68,Inventory Accuracy / Putaway,P_DS002_024,Unconfirmed,Refund
QI00001373,ORD000040966,ITEM0000152719,DS002,SKU0022,Wrong Item,892.06,Picking,P_DS002_021,Unconfirmed,Refund
QI00001374,ORD000040967,ITEM0000152722,DS002,SKU0045,Missing Item,182.12,Inventory Accuracy / Putaway,P_DS002_027,Unconfirmed,Refund
QI00001375,ORD000040976,ITEM0000152751,DS002,SKU0160,Missing Item,215.8,Inventory Accuracy / Putaway,P_DS002_018,Unconfirmed,Replacement
QI00001376,ORD000041000,ITEM0000152850,DS002,SKU0152,Missing Item,606.41,Inventory Accuracy / Putaway,P_DS002_027,Unconfirmed,Replacement
QI00001377,ORD000041004,ITEM0000152860,DS002,SKU0142,Damaged Item,108.46,Putaway / Picking Handling,,Unconfirmed,Refund
QI00001378,ORD000041013,ITEM0000152896,DS002,SKU0051,Missing Item,25.15,Inventory Accuracy / Putaway,P_DS002_015,Unconfirmed,Replacement
QI00001379,ORD000041021,ITEM0000152926,DS002,SKU0005,Missing Item,321.98,Inventory Accuracy / Putaway,P_DS002_012,Unconfirmed,Refund
QI00001380,ORD000041025,ITEM0000152945,DS002,SKU0143,Wrong Item,201.68,Shelf Placement / Picking Verification,P_DS002_012,Unconfirmed,Refund
QI00001381,ORD000041026,ITEM0000152950,DS002,SKU0013,Wrong Item,573.06,Shelf Placement / Picking Verification,P_DS002_009,Unconfirmed,Refund
QI00001382,ORD000041037,ITEM0000152994,DS002,SKU0114,Missing Item,233.48,Inventory Accuracy / Putaway,P_DS002_025,Unconfirmed,Refund
QI00001383,ORD000041057,ITEM0000153072,DS002,SKU0287,Missing Item,193.29,Inventory Accuracy / Putaway,P_DS002_018,Unconfirmed,Refund
QI00001384,ORD000041070,ITEM0000153120,DS002,SKU0298,Wrong Item,237.66,Shelf Placement / Picking Verification,P_DS002_025,Unconfirmed,Refund
QI00001385,ORD000041079,ITEM0000153156,DS002,SKU0161,Missing Item,718.9,Inventory Accuracy / Putaway,P_DS002_024,Unconfirmed,Refund
QI00001386,ORD000041103,ITEM0000153254,DS002,SKU0147,Missing Item,158.98,Inventory Accuracy / Putaway,P_DS002_015,Unconfirmed,Refund
QI00001387,ORD000041182,ITEM0000153530,DS002,SKU0160,Missing Item,215.8,Inventory Accuracy / Putaway,P_DS002_030,Unconfirmed,Replacement
QI00001388,ORD000041240,ITEM0000153761,DS002,SKU0022,Wrong Item,446.03,Picking,P_DS002_024,Unconfirmed,Replacement
QI00001389,ORD000041256,ITEM0000153825,DS002,SKU0012,Missing Item,460.3,Inventory Accuracy / Putaway,P_DS002_030,Unconfirmed,Refund
QI00001390,ORD000041331,ITEM0000154109,DS002,SKU0253,Damaged Item,126.6,Putaway / Picking Handling,,Unconfirmed,Refund
QI00001391,ORD000041336,ITEM0000154124,DS002,SKU0070,Wrong Item,156.12,Picking,P_DS002_015,Unconfirmed,Refund
QI00001392,ORD000041373,ITEM0000154252,DS002,SKU0043,Wrong Item,221.22,Picking,P_DS002_009,Unconfirmed,Refund
QI00001393,ORD000041389,ITEM0000154306,DS002,SKU0060,Damaged Item,245.87,Putaway / Picking Handling,,Unconfirmed,Refund
QI00001394,ORD000041390,ITEM0000154310,DS002,SKU0188,Wrong Item,93.27,Picking,P_DS002_015,Unconfirmed,Refund
QI00001395,ORD000041410,ITEM0000154399,DS002,SKU0022,Missing Item,446.03,Inventory Accuracy / Putaway,P_DS002_030,Unconfirmed,Replacement
QI00001396,ORD000041450,ITEM0000154562,DS002,SKU0227,Missing Item,248.05,Inventory Accuracy / Putaway,P_DS002_006,Unconfirmed,Replacement
QI00001397,ORD000041490,ITEM0000154712,DS002,SKU0016,Wrong Item,413.32,Picking,P_DS002_027,Unconfirmed,Refund
QI00001398,ORD000041585,ITEM0000155087,DS002,SKU0131,Missing Item,255.32,Inventory Accuracy / Putaway,P_DS002_015,Unconfirmed,Refund
QI00001399,ORD000041588,ITEM0000155098,DS002,SKU0002,Missing Item,130.58,Inventory Accuracy / Putaway,P_DS002_033,Unconfirmed,Refund
QI00001400,ORD000041591,ITEM0000155110,DS002,SKU0205,Missing Item,168.31,Inventory Accuracy / Putaway,P_DS002_004,Unconfirmed,Replacement
QI00001401,ORD000041606,ITEM0000155178,DS002,SKU0177,Wrong Item,351.44,Picking,P_DS002_030,Unconfirmed,Refund
QI00001402,ORD000041607,ITEM0000155182,DS002,SKU0166,Wrong Item,493.94,Shelf Placement / Picking Verification,P_DS002_009,Unconfirmed,Replacement
QI00001403,ORD000041624,ITEM0000155256,DS002,SKU0241,Missing Item,463.33,Inventory Accuracy / Putaway,P_DS002_030,Unconfirmed,Refund
QI00001404,ORD000041651,ITEM0000155341,DS002,SKU0024,Missing Item,740.12,Inventory Accuracy / Putaway,P_DS002_027,Unconfirmed,Refund
QI00001405,ORD000041666,ITEM0000155397,DS002,SKU0018,Missing Item,292.04,Inventory Accuracy / Putaway,P_DS002_024,Unconfirmed,Refund
QI00001406,ORD000041690,ITEM0000155481,DS002,SKU0208,Missing Item,81.82,Inventory Accuracy / Putaway,P_DS002_012,Unconfirmed,Refund
QI00001407,ORD000041703,ITEM0000155524,DS002,SKU0177,Missing Item,351.44,Inventory Accuracy / Putaway,P_DS002_004,Unconfirmed,Refund
QI00001408,ORD000041722,ITEM0000155602,DS002,SKU0063,Missing Item,379.74,Inventory Accuracy / Putaway,P_DS002_006,Unconfirmed,Refund
QI00001409,ORD000041747,ITEM0000155691,DS002,SKU0180,Wrong Item,37.34,Picking,P_DS002_006,Unconfirmed,Refund
QI00001410,ORD000041761,ITEM0000155738,DS002,SKU0109,Missing Item,1152.68,Inventory Accuracy / Putaway,P_DS002_004,Unconfirmed,Replacement
QI00001411,ORD000041771,ITEM0000155768,DS002,SKU0003,Missing Item,399.91,Inventory Accuracy / Putaway,P_DS002_024,Unconfirmed,Replacement
QI00001412,ORD000041829,ITEM0000156005,DS002,SKU0154,Missing Item,456.23,Inventory Accuracy / Putaway,P_DS002_030,Unconfirmed,Refund
QI00001413,ORD000041836,ITEM0000156037,DS002,SKU0153,Damaged Item,134.94,Putaway / Picking Handling,,Unconfirmed,Refund
QI00001414,ORD000041838,ITEM0000156047,DS002,SKU0199,Damaged Item,138.52,Putaway / Picking Handling,,Unconfirmed,Refund
QI00001415,ORD000041867,ITEM0000156155,DS002,SKU0022,Missing Item,892.06,Inventory Accuracy / Putaway,P_DS002_027,Unconfirmed,Refund
QI00001416,ORD000041881,ITEM0000156208,DS002,SKU0291,Missing Item,294.78,Inventory Accuracy / Putaway,P_DS002_015,Unconfirmed,Replacement
QI00001417,ORD000041936,ITEM0000156401,DS002,SKU0165,Missing Item,276.15,Inventory Accuracy / Putaway,P_DS002_033,Unconfirmed,Replacement
QI00001418,ORD000041942,ITEM0000156421,DS002,SKU0075,Wrong Item,287.26,Shelf Placement / Picking Verification,P_DS002_027,Unconfirmed,Refund
QI00001419,ORD000041944,ITEM0000156430,DS002,SKU0018,Damaged Item,292.04,Putaway / Picking Handling,,Unconfirmed,Replacement
QI00001420,ORD000041953,ITEM0000156469,DS002,SKU0084,Missing Item,111.02,Inventory Accuracy / Putaway,P_DS002_021,Unconfirmed,Replacement
QI00001421,ORD000041964,ITEM0000156504,DS002,SKU0198,Wrong Item,707.66,Shelf Placement / Picking Verification,P_DS002_027,Unconfirmed,Refund
QI00001422,ORD000042058,ITEM0000156849,DS002,SKU0201,Missing Item,81.18,Inventory Accuracy / Putaway,P_DS002_022,Unconfirmed,Refund
QI00001423,ORD000042087,ITEM0000156955,DS002,SKU0034,Missing Item,251.6,Inventory Accuracy / Putaway,P_DS002_031,Unconfirmed,Replacement
QI00001424,ORD000042108,ITEM0000157044,DS002,SKU0152,Wrong Item,1212.82,Picking,P_DS002_001,Unconfirmed,Refund
QI00001425,ORD000042142,ITEM0000157155,DS002,SKU0263,Missing Item,468.2,Inventory Accuracy / Putaway,P_DS002_001,Unconfirmed,Refund
QI00001426,ORD000042149,ITEM0000157185,DS002,SKU0180,Missing Item,74.68,Inventory Accuracy / Putaway,P_DS002_031,Unconfirmed,Refund
QI00001427,ORD000042192,ITEM0000157330,DS002,SKU0193,Missing Item,323.59,Inventory Accuracy / Putaway,P_DS002_010,Unconfirmed,Refund
QI00001428,ORD000042240,ITEM0000157503,DS002,SKU0016,Damaged Item,206.66,Putaway / Picking Handling,,Unconfirmed,Refund
QI00001429,ORD000042280,ITEM0000157646,DS002,SKU0041,Damaged Item,95.3,Putaway / Picking Handling,,Unconfirmed,Refund
QI00001430,ORD000042293,ITEM0000157697,DS002,SKU0126,Missing Item,488.27,Inventory Accuracy / Putaway,P_DS002_014,Unconfirmed,Refund
QI00001431,ORD000042300,ITEM0000157726,DS002,SKU0291,Missing Item,294.78,Inventory Accuracy / Putaway,P_DS002_029,Unconfirmed,Refund
QI00001432,ORD000042306,ITEM0000157748,DS002,SKU0243,Damaged Item,191.05,Putaway / Picking Handling,,Unconfirmed,Refund
QI00001433,ORD000042310,ITEM0000157761,DS002,SKU0203,Damaged Item,130.42,Putaway / Picking Handling,,Unconfirmed,Refund
QI00001434,ORD000042353,ITEM0000157903,DS002,SKU0208,Missing Item,81.82,Inventory Accuracy / Putaway,P_DS002_022,Unconfirmed,Replacement
QI00001435,ORD000042365,ITEM0000157946,DS002,SKU0269,Wrong Item,399.24,Picking,P_DS002_031,Unconfirmed,Replacement
QI00001436,ORD000042434,ITEM0000158209,DS002,SKU0040,Missing Item,82.14,Inventory Accuracy / Putaway,P_DS002_032,Unconfirmed,Refund
QI00001437,ORD000042446,ITEM0000158258,DS002,SKU0296,Wrong Item,97.56,Picking,P_DS002_032,Unconfirmed,Refund
QI00001438,ORD000042446,ITEM0000158259,DS002,SKU0084,Wrong Item,111.02,Shelf Placement / Picking Verification,P_DS002_032,Unconfirmed,Refund
QI00001439,ORD000042460,ITEM0000158318,DS002,SKU0013,Damaged Item,286.53,Putaway / Picking Handling,,Unconfirmed,Refund
QI00001440,ORD000042471,ITEM0000158355,DS002,SKU0298,Damaged Item,79.22,Putaway / Picking Handling,,Unconfirmed,Refund
QI00001441,ORD000042514,ITEM0000158511,DS002,SKU0259,Missing Item,467.88,Inventory Accuracy / Putaway,P_DS002_020,Unconfirmed,Refund
QI00001442,ORD000042526,ITEM0000158560,DS002,SKU0297,Missing Item,52.4,Inventory Accuracy / Putaway,P_DS002_029,Unconfirmed,Refund
QI00001443,ORD000042538,ITEM0000158600,DS002,SKU0203,Wrong Item,130.42,Picking,P_DS002_023,Unconfirmed,Replacement
QI00001444,ORD000042560,ITEM0000158677,DS002,SKU0143,Missing Item,201.68,Inventory Accuracy / Putaway,P_DS002_032,Unconfirmed,Refund
QI00001445,ORD000042619,ITEM0000158888,DS002,SKU0190,Damaged Item,229.14,Putaway / Picking Handling,,Unconfirmed,Refund
QI00001446,ORD000042638,ITEM0000158956,DS002,SKU0206,Missing Item,332.76,Inventory Accuracy / Putaway,P_DS002_008,Unconfirmed,Refund
QI00001447,ORD000042659,ITEM0000159032,DS002,SKU0138,Missing Item,409.79,Inventory Accuracy / Putaway,P_DS002_017,Unconfirmed,Refund
QI00001448,ORD000042686,ITEM0000159133,DS002,SKU0017,Wrong Item,625.13,Picking,P_DS002_002,Unconfirmed,Refund
QI00001449,ORD000042695,ITEM0000159170,DS002,SKU0111,Missing Item,431.16,Inventory Accuracy / Putaway,P_DS002_014,Unconfirmed,Refund
QI00001450,ORD000042699,ITEM0000159183,DS002,SKU0298,Wrong Item,79.22,Shelf Placement / Picking Verification,P_DS002_020,Unconfirmed,Refund
QI00001451,ORD000042721,ITEM0000159257,DS002,SKU0079,Damaged Item,452.12,Rider Handling / Last Mile,,Unconfirmed,Replacement
QI00001452,ORD000042726,ITEM0000159275,DS002,SKU0291,Missing Item,589.56,Inventory Accuracy / Putaway,P_DS002_011,Unconfirmed,Refund
QI00001453,ORD000042735,ITEM0000159312,DS002,SKU0084,Missing Item,111.02,Inventory Accuracy / Putaway,P_DS002_002,Unconfirmed,Replacement
QI00001454,ORD000042764,ITEM0000159417,DS002,SKU0040,Missing Item,164.28,Inventory Accuracy / Putaway,P_DS002_032,Unconfirmed,Refund
QI00001455,ORD000042812,ITEM0000159588,DS002,SKU0152,Missing Item,1212.82,Inventory Accuracy / Putaway,P_DS002_002,Unconfirmed,Refund
QI00001456,ORD000042813,ITEM0000159591,DS002,SKU0264,Damaged Item,53.78,Putaway / Picking Handling,,Unconfirmed,Refund
QI00001457,ORD000042819,ITEM0000159609,DS002,SKU0137,Wrong Item,525.12,Picking,P_DS002_032,Unconfirmed,Replacement
QI00001458,ORD000042820,ITEM0000159615,DS002,SKU0251,Damaged Item,177.56,Putaway / Picking Handling,,Unconfirmed,Replacement
QI00001459,ORD000042824,ITEM0000159629,DS002,SKU0131,Missing Item,255.32,Inventory Accuracy / Putaway,P_DS002_029,Unconfirmed,Replacement
QI00001460,ORD000042847,ITEM0000159717,DS002,SKU0022,Missing Item,446.03,Inventory Accuracy / Putaway,P_DS002_023,Unconfirmed,Refund
QI00001461,ORD000042940,ITEM0000160071,DS002,SKU0073,Damaged Item,152.37,Putaway / Picking Handling,,Unconfirmed,Refund
QI00001462,ORD000042956,ITEM0000160139,DS002,SKU0114,Missing Item,233.48,Inventory Accuracy / Putaway,P_DS002_008,Unconfirmed,Refund
QI00001463,ORD000043045,ITEM0000160457,DS002,SKU0269,Wrong Item,399.24,Picking,P_DS002_020,Unconfirmed,Refund
QI00001464,ORD000043065,ITEM0000160533,DS002,SKU0084,Missing Item,111.02,Inventory Accuracy / Putaway,P_DS002_017,Unconfirmed,Refund
QI00001465,ORD000043081,ITEM0000160591,DS002,SKU0018,Damaged Item,292.04,Rider Handling / Last Mile,,Unconfirmed,Refund
QI00001466,ORD000043128,ITEM0000160763,DS002,SKU0080,Damaged Item,77.19,Putaway / Picking Handling,,Unconfirmed,Refund
QI00001467,ORD000043158,ITEM0000160883,DS002,SKU0030,Damaged Item,803.62,Putaway / Picking Handling,,Unconfirmed,Replacement
QI00001468,ORD000043187,ITEM0000160983,DS002,SKU0056,Wrong Item,234.62,Picking,P_DS002_011,Unconfirmed,Refund
QI00001469,ORD000043188,ITEM0000160991,DS002,SKU0011,Missing Item,171.4,Inventory Accuracy / Putaway,P_DS002_020,Unconfirmed,Refund
QI00001470,ORD000043208,ITEM0000161061,DS002,SKU0224,Missing Item,334.03,Inventory Accuracy / Putaway,P_DS002_014,Unconfirmed,Replacement
QI00001471,ORD000043234,ITEM0000161165,DS002,SKU0034,Damaged Item,251.6,Putaway / Picking Handling,,Unconfirmed,Refund
QI00001472,ORD000043263,ITEM0000161267,DS002,SKU0207,Wrong Item,174.89,Shelf Placement / Picking Verification,P_DS002_023,Unconfirmed,Refund
QI00001473,ORD000043288,ITEM0000161363,DS002,SKU0038,Wrong Item,420.41,Picking,P_DS002_017,Unconfirmed,Refund
QI00001474,ORD000043288,ITEM0000161364,DS002,SKU0113,Missing Item,64.72,Inventory Accuracy / Putaway,P_DS002_017,Unconfirmed,Refund
QI00001475,ORD000043324,ITEM0000161507,DS002,SKU0057,Missing Item,229.0,Inventory Accuracy / Putaway,P_DS002_032,Unconfirmed,Refund
QI00001476,ORD000043328,ITEM0000161527,DS002,SKU0240,Missing Item,71.04,Inventory Accuracy / Putaway,P_DS002_020,Unconfirmed,Refund
QI00001477,ORD000043356,ITEM0000161625,DS002,SKU0172,Wrong Item,1808.16,Picking,P_DS002_014,Unconfirmed,Refund
QI00001478,ORD000043357,ITEM0000161627,DS002,SKU0261,Missing Item,312.68,Inventory Accuracy / Putaway,P_DS002_029,Unconfirmed,Refund
QI00001479,ORD000043368,ITEM0000161672,DS002,SKU0013,Wrong Item,286.53,Shelf Placement / Picking Verification,P_DS002_032,Unconfirmed,Refund
QI00001480,ORD000043375,ITEM0000161702,DS002,SKU0158,Missing Item,145.24,Inventory Accuracy / Putaway,P_DS002_002,Unconfirmed,Replacement
QI00001481,ORD000043490,ITEM0000162128,DS002,SKU0094,Damaged Item,275.16,Putaway / Picking Handling,,Unconfirmed,Replacement
QI00001482,ORD000043499,ITEM0000162164,DS002,SKU0179,Wrong Item,490.62,Shelf Placement / Picking Verification,P_DS002_011,Unconfirmed,Refund
QI00001483,ORD000043555,ITEM0000162374,DS002,SKU0215,Missing Item,347.7,Inventory Accuracy / Putaway,P_DS002_021,Unconfirmed,Refund
QI00001484,ORD000043585,ITEM0000162473,DS002,SKU0229,Missing Item,235.69,Inventory Accuracy / Putaway,P_DS002_009,Unconfirmed,Refund
QI00001485,ORD000043630,ITEM0000162630,DS002,SKU0035,Wrong Item,311.65,Picking,P_DS002_015,Unconfirmed,Refund
QI00001486,ORD000043637,ITEM0000162646,DS002,SKU0236,Missing Item,277.44,Inventory Accuracy / Putaway,P_DS002_009,Unconfirmed,Refund
QI00001487,ORD000043651,ITEM0000162705,DS002,SKU0114,Missing Item,350.22,Inventory Accuracy / Putaway,P_DS002_021,Unconfirmed,Replacement
QI00001488,ORD000043676,ITEM0000162797,DS002,SKU0131,Damaged Item,255.32,Putaway / Picking Handling,,Unconfirmed,Refund
QI00001489,ORD000043695,ITEM0000162865,DS002,SKU0016,Missing Item,413.32,Inventory Accuracy / Putaway,P_DS002_033,Unconfirmed,Replacement
QI00001490,ORD000043698,ITEM0000162875,DS002,SKU0013,Wrong Item,286.53,Shelf Placement / Picking Verification,P_DS002_033,Unconfirmed,Refund
QI00001491,ORD000043746,ITEM0000163060,DS002,SKU0195,Missing Item,613.68,Inventory Accuracy / Putaway,P_DS002_006,Unconfirmed,Refund
QI00001492,ORD000043780,ITEM0000163179,DS002,SKU0115,Missing Item,141.88,Inventory Accuracy / Putaway,P_DS002_030,Unconfirmed,Refund
QI00001493,ORD000043840,ITEM0000163391,DS002,SKU0053,Damaged Item,171.77,Putaway / Picking Handling,,Unconfirmed,Refund
QI00001494,ORD000043841,ITEM0000163394,DS002,SKU0031,Damaged Item,397.46,Putaway / Picking Handling,,Unconfirmed,Refund
QI00001495,ORD000043847,ITEM0000163411,DS002,SKU0214,Damaged Item,274.02,Putaway / Picking Handling,,Unconfirmed,Refund
QI00001496,ORD000043857,ITEM0000163449,DS002,SKU0229,Wrong Item,235.69,Shelf Placement / Picking Verification,P_DS002_018,Unconfirmed,Refund
QI00001497,ORD000043915,ITEM0000163659,DS002,SKU0064,Missing Item,344.62,Inventory Accuracy / Putaway,P_DS002_012,Unconfirmed,Refund
QI00001498,ORD000043917,ITEM0000163666,DS002,SKU0165,Missing Item,552.3,Inventory Accuracy / Putaway,P_DS002_009,Unconfirmed,Refund
QI00001499,ORD000043918,ITEM0000163668,DS002,SKU0273,Missing Item,303.86,Inventory Accuracy / Putaway,P_DS002_009,Unconfirmed,Refund
QI00001500,ORD000043982,ITEM0000163895,DS002,SKU0131,Missing Item,255.32,Inventory Accuracy / Putaway,P_DS002_027,Unconfirmed,Refund
QI00001501,ORD000044002,ITEM0000163978,DS002,SKU0004,Missing Item,240.08,Inventory Accuracy / Putaway,P_DS002_021,Unconfirmed,Refund
QI00001502,ORD000044066,ITEM0000164223,DS002,SKU0143,Wrong Item,201.68,Shelf Placement / Picking Verification,P_DS002_006,Unconfirmed,Refund
QI00001503,ORD000044071,ITEM0000164238,DS002,SKU0079,Damaged Item,452.12,Rider Handling / Last Mile,,Unconfirmed,Refund
QI00001504,ORD000044094,ITEM0000164339,DS002,SKU0221,Damaged Item,557.08,Putaway / Picking Handling,,Unconfirmed,Refund
QI00001505,ORD000044153,ITEM0000164575,DS002,SKU0015,Missing Item,318.96,Inventory Accuracy / Putaway,P_DS002_012,Unconfirmed,Replacement
QI00001506,ORD000044196,ITEM0000164749,DS002,SKU0038,Missing Item,420.41,Inventory Accuracy / Putaway,P_DS002_030,Unconfirmed,Replacement
QI00001507,ORD000044214,ITEM0000164814,DS002,SKU0081,Damaged Item,43.96,Putaway / Picking Handling,,Unconfirmed,Refund
QI00001508,ORD000044240,ITEM0000164910,DS002,SKU0112,Missing Item,130.0,Inventory Accuracy / Putaway,P_DS002_003,Unconfirmed,Refund
QI00001509,ORD000044257,ITEM0000164973,DS002,SKU0012,Missing Item,230.15,Inventory Accuracy / Putaway,P_DS002_024,Unconfirmed,Replacement
QI00001510,ORD000044260,ITEM0000164983,DS002,SKU0253,Damaged Item,253.2,Putaway / Picking Handling,,Unconfirmed,Refund
QI00001511,ORD000044270,ITEM0000165028,DS002,SKU0076,Missing Item,267.05,Inventory Accuracy / Putaway,P_DS002_027,Unconfirmed,Refund
QI00001512,ORD000044282,ITEM0000165072,DS002,SKU0195,Missing Item,1227.36,Inventory Accuracy / Putaway,P_DS002_024,Unconfirmed,Refund
QI00001513,ORD000044319,ITEM0000165207,DS002,SKU0057,Damaged Item,229.0,Putaway / Picking Handling,,Unconfirmed,Replacement
QI00001514,ORD000044379,ITEM0000165433,DS002,SKU0100,Damaged Item,382.9,Putaway / Picking Handling,,Unconfirmed,Refund
QI00001515,ORD000044419,ITEM0000165576,DS002,SKU0044,Damaged Item,196.42,Putaway / Picking Handling,,Unconfirmed,Refund
QI00001516,ORD000044501,ITEM0000165865,DS002,SKU0153,Missing Item,134.94,Inventory Accuracy / Putaway,P_DS002_019,Unconfirmed,Refund
QI00001517,ORD000044526,ITEM0000165948,DS002,SKU0292,Missing Item,501.99,Inventory Accuracy / Putaway,P_DS002_033,Unconfirmed,Replacement
QI00001518,ORD000044611,ITEM0000166253,DS002,SKU0150,Damaged Item,356.42,Putaway / Picking Handling,,Unconfirmed,Replacement
QI00001519,ORD000044678,ITEM0000166513,DS002,SKU0038,Missing Item,420.41,Inventory Accuracy / Putaway,P_DS002_018,Unconfirmed,Refund
QI00001520,ORD000044714,ITEM0000166663,DS002,SKU0141,Missing Item,106.65,Inventory Accuracy / Putaway,P_DS002_021,Unconfirmed,Refund
QI00001521,ORD000044733,ITEM0000166732,DS002,SKU0114,Wrong Item,116.74,Picking,P_DS002_019,Unconfirmed,Refund
QI00001522,ORD000044752,ITEM0000166800,DS002,SKU0129,Missing Item,43.5,Inventory Accuracy / Putaway,P_DS002_024,Unconfirmed,Refund
QI00001523,ORD000044794,ITEM0000166973,DS002,SKU0274,Missing Item,764.52,Inventory Accuracy / Putaway,P_DS002_030,Unconfirmed,Refund
QI00001524,ORD000044819,ITEM0000167066,DS002,SKU0155,Wrong Item,1051.02,Picking,P_DS002_015,Unconfirmed,Refund
QI00001525,ORD000044853,ITEM0000167192,DS002,SKU0084,Missing Item,111.02,Inventory Accuracy / Putaway,P_DS002_027,Unconfirmed,Refund
QI00001526,ORD000044862,ITEM0000167221,DS002,SKU0127,Missing Item,229.21,Inventory Accuracy / Putaway,P_DS002_027,Unconfirmed,Refund
QI00001527,ORD000044871,ITEM0000167257,DS002,SKU0097,Damaged Item,183.02,Putaway / Picking Handling,,Unconfirmed,Refund
QI00001528,ORD000044877,ITEM0000167286,DS002,SKU0255,Damaged Item,65.38,Putaway / Picking Handling,,Unconfirmed,Replacement
QI00001529,ORD000044993,ITEM0000167696,DS002,SKU0070,Damaged Item,78.06,Putaway / Picking Handling,,Unconfirmed,Refund
QI00001530,ORD000045107,ITEM0000168107,DS002,SKU0160,Wrong Item,215.8,Shelf Placement / Picking Verification,P_DS002_004,Unconfirmed,Refund
QI00001531,ORD000045133,ITEM0000168199,DS002,SKU0152,Wrong Item,606.41,Picking,P_DS002_004,Unconfirmed,Refund
QI00001532,ORD000045164,ITEM0000168313,DS002,SKU0125,Wrong Item,109.95,Picking,P_DS002_007,Unconfirmed,Refund
QI00001533,ORD000045174,ITEM0000168345,DS002,SKU0287,Wrong Item,193.29,Picking,P_DS002_028,Unconfirmed,Refund
QI00001534,ORD000045188,ITEM0000168397,DS002,SKU0158,Missing Item,145.24,Inventory Accuracy / Putaway,P_DS002_019,Unconfirmed,Refund
QI00001535,ORD000045251,ITEM0000168640,DS002,SKU0267,Missing Item,801.06,Inventory Accuracy / Putaway,P_DS002_023,Unconfirmed,Refund
QI00001536,ORD000045259,ITEM0000168668,DS002,SKU0297,Missing Item,26.2,Inventory Accuracy / Putaway,P_DS002_002,Unconfirmed,Replacement
QI00001537,ORD000045291,ITEM0000168780,DS002,SKU0179,Wrong Item,490.62,Shelf Placement / Picking Verification,P_DS002_023,Unconfirmed,Refund
QI00001538,ORD000045324,ITEM0000168907,DS002,SKU0160,Wrong Item,215.8,Shelf Placement / Picking Verification,P_DS002_014,Unconfirmed,Refund
QI00001539,ORD000045364,ITEM0000169047,DS002,SKU0060,Missing Item,245.87,Inventory Accuracy / Putaway,P_DS002_014,Unconfirmed,Refund
QI00001540,ORD000045395,ITEM0000169177,DS002,SKU0101,Missing Item,520.22,Inventory Accuracy / Putaway,P_DS002_026,Unconfirmed,Refund
QI00001541,ORD000045405,ITEM0000169225,DS002,SKU0090,Missing Item,260.5,Inventory Accuracy / Putaway,P_DS002_023,Unconfirmed,Refund
QI00001542,ORD000045427,ITEM0000169301,DS002,SKU0146,Wrong Item,18.85,Picking,P_DS002_023,Unconfirmed,Refund
QI00001543,ORD000045462,ITEM0000169433,DS002,SKU0277,Wrong Item,372.81,Picking,P_DS002_026,Unconfirmed,Refund
QI00001544,ORD000045556,ITEM0000169795,DS002,SKU0070,Missing Item,78.06,Inventory Accuracy / Putaway,P_DS002_023,Unconfirmed,Refund
QI00001545,ORD000045589,ITEM0000169924,DS002,SKU0146,Missing Item,37.7,Inventory Accuracy / Putaway,P_DS002_017,Unconfirmed,Refund
QI00001546,ORD000045630,ITEM0000170070,DS002,SKU0214,Wrong Item,274.02,Shelf Placement / Picking Verification,P_DS002_029,Unconfirmed,Refund
QI00001547,ORD000045631,ITEM0000170079,DS002,SKU0104,Missing Item,181.45,Inventory Accuracy / Putaway,P_DS002_026,Unconfirmed,Refund
QI00001548,ORD000045637,ITEM0000170107,DS002,SKU0245,Missing Item,280.87,Inventory Accuracy / Putaway,P_DS002_011,Unconfirmed,Refund
QI00001549,ORD000045652,ITEM0000170166,DS002,SKU0041,Missing Item,95.3,Inventory Accuracy / Putaway,P_DS002_011,Unconfirmed,Replacement
QI00001550,ORD000045689,ITEM0000170304,DS002,SKU0193,Missing Item,323.59,Inventory Accuracy / Putaway,P_DS002_026,Unconfirmed,Replacement
QI00001551,ORD000045692,ITEM0000170315,DS002,SKU0276,Missing Item,111.19,Inventory Accuracy / Putaway,P_DS002_026,Unconfirmed,Refund
QI00001552,ORD000045711,ITEM0000170379,DS002,SKU0152,Missing Item,606.41,Inventory Accuracy / Putaway,P_DS002_017,Unconfirmed,Refund
QI00001553,ORD000045745,ITEM0000170503,DS002,SKU0095,Missing Item,112.56,Inventory Accuracy / Putaway,P_DS002_002,Unconfirmed,Refund
QI00001554,ORD000045784,ITEM0000170652,DS002,SKU0130,Wrong Item,133.44,Picking,P_DS002_023,Unconfirmed,Refund
QI00001555,ORD000045816,ITEM0000170779,DS002,SKU0249,Missing Item,489.26,Inventory Accuracy / Putaway,P_DS002_011,Unconfirmed,Refund
QI00001556,ORD000045872,ITEM0000171015,DS002,SKU0181,Damaged Item,412.97,Putaway / Picking Handling,,Unconfirmed,Refund
QI00001557,ORD000046017,ITEM0000171585,DS002,SKU0084,Missing Item,222.04,Inventory Accuracy / Putaway,P_DS002_002,Unconfirmed,Replacement
QI00001558,ORD000046029,ITEM0000171627,DS002,SKU0150,Wrong Item,356.42,Picking,P_DS002_026,Unconfirmed,Refund
QI00001559,ORD000046062,ITEM0000171744,DS002,SKU0012,Missing Item,460.3,Inventory Accuracy / Putaway,P_DS002_011,Unconfirmed,Replacement
QI00001560,ORD000046176,ITEM0000172173,DS002,SKU0289,Missing Item,165.4,Inventory Accuracy / Putaway,P_DS002_002,Unconfirmed,Refund
QI00001561,ORD000046176,ITEM0000172177,DS002,SKU0076,Missing Item,267.05,Inventory Accuracy / Putaway,P_DS002_002,Unconfirmed,Refund
QI00001562,ORD000046210,ITEM0000172285,DS002,SKU0286,Missing Item,143.99,Inventory Accuracy / Putaway,P_DS002_014,Unconfirmed,Refund
QI00001563,ORD000046210,ITEM0000172287,DS002,SKU0166,Damaged Item,493.94,Putaway / Picking Handling,,Unconfirmed,Refund
QI00001564,ORD000046232,ITEM0000172362,DS002,SKU0044,Missing Item,196.42,Inventory Accuracy / Putaway,P_DS002_002,Unconfirmed,Refund
QI00001565,ORD000046269,ITEM0000172519,DS002,SKU0241,Wrong Item,926.66,Picking,P_DS002_002,Unconfirmed,Refund
QI00001566,ORD000046293,ITEM0000172605,DS002,SKU0140,Missing Item,472.02,Inventory Accuracy / Putaway,P_DS002_014,Unconfirmed,Refund
QI00001567,ORD000046313,ITEM0000172678,DS002,SKU0018,Damaged Item,292.04,Rider Handling / Last Mile,,Unconfirmed,Refund
QI00001568,ORD000046320,ITEM0000172701,DS002,SKU0026,Missing Item,264.54,Inventory Accuracy / Putaway,P_DS002_002,Unconfirmed,Refund
QI00001569,ORD000046325,ITEM0000172713,DS002,SKU0189,Missing Item,229.27,Inventory Accuracy / Putaway,P_DS002_009,Unconfirmed,Refund
QI00001570,ORD000046357,ITEM0000172836,DS002,SKU0066,Missing Item,435.4,Inventory Accuracy / Putaway,P_DS002_015,Unconfirmed,Refund
QI00001571,ORD000046456,ITEM0000173190,DS002,SKU0232,Damaged Item,548.22,Putaway / Picking Handling,,Unconfirmed,Refund
QI00001572,ORD000046483,ITEM0000173283,DS002,SKU0080,Missing Item,77.19,Inventory Accuracy / Putaway,P_DS002_024,Unconfirmed,Replacement
QI00001573,ORD000046524,ITEM0000173441,DS002,SKU0113,Missing Item,129.44,Inventory Accuracy / Putaway,P_DS002_015,Unconfirmed,Replacement
QI00001574,ORD000046556,ITEM0000173559,DS002,SKU0119,Damaged Item,182.02,Putaway / Picking Handling,,Unconfirmed,Refund
QI00001575,ORD000046558,ITEM0000173568,DS002,SKU0018,Damaged Item,292.04,Putaway / Picking Handling,,Unconfirmed,Refund
QI00001576,ORD000046585,ITEM0000173661,DS002,SKU0269,Damaged Item,1197.72,Putaway / Picking Handling,,Unconfirmed,Refund
QI00001577,ORD000046593,ITEM0000173690,DS002,SKU0042,Missing Item,1213.0,Inventory Accuracy / Putaway,P_DS002_013,Unconfirmed,Refund
QI00001578,ORD000046634,ITEM0000173859,DS002,SKU0205,Missing Item,336.62,Inventory Accuracy / Putaway,P_DS002_013,Unconfirmed,Refund
QI00001579,ORD000046670,ITEM0000173998,DS002,SKU0201,Wrong Item,81.18,Picking,P_DS002_021,Unconfirmed,Refund
QI00001580,ORD000046721,ITEM0000174175,DS002,SKU0280,Missing Item,467.38,Inventory Accuracy / Putaway,P_DS002_012,Unconfirmed,Replacement
QI00001581,ORD000046731,ITEM0000174208,DS002,SKU0160,Wrong Item,431.6,Shelf Placement / Picking Verification,P_DS002_024,Unconfirmed,Replacement
QI00001582,ORD000046754,ITEM0000174287,DS002,SKU0145,Wrong Item,274.34,Shelf Placement / Picking Verification,P_DS002_003,Unconfirmed,Refund
QI00001583,ORD000046774,ITEM0000174355,DS002,SKU0033,Missing Item,203.44,Inventory Accuracy / Putaway,P_DS002_012,Unconfirmed,Replacement
QI00001584,ORD000046794,ITEM0000174420,DS002,SKU0013,Wrong Item,286.53,Shelf Placement / Picking Verification,P_DS002_013,Unconfirmed,Refund
QI00001585,ORD000046850,ITEM0000174610,DS002,SKU0165,Missing Item,276.15,Inventory Accuracy / Putaway,P_DS002_030,Unconfirmed,Refund
QI00001586,ORD000046890,ITEM0000174757,DS002,SKU0281,Wrong Item,264.39,Shelf Placement / Picking Verification,P_DS002_024,Unconfirmed,Refund
QI00001587,ORD000046950,ITEM0000175003,DS002,SKU0141,Missing Item,106.65,Inventory Accuracy / Putaway,P_DS002_018,Unconfirmed,Refund
QI00001588,ORD000047014,ITEM0000175262,DS002,SKU0298,Wrong Item,79.22,Shelf Placement / Picking Verification,P_DS002_024,Unconfirmed,Refund
QI00001589,ORD000047045,ITEM0000175373,DS002,SKU0275,Missing Item,44.18,Inventory Accuracy / Putaway,P_DS002_003,Unconfirmed,Refund
QI00001590,ORD000047080,ITEM0000175500,DS002,SKU0021,Missing Item,387.42,Inventory Accuracy / Putaway,P_DS002_018,Unconfirmed,Refund
QI00001591,ORD000047082,ITEM0000175508,DS002,SKU0129,Missing Item,21.75,Inventory Accuracy / Putaway,P_DS002_030,Unconfirmed,Refund
QI00001592,ORD000047125,ITEM0000175669,DS002,SKU0071,Missing Item,120.79,Inventory Accuracy / Putaway,P_DS002_013,Unconfirmed,Refund
QI00001593,ORD000047125,ITEM0000175672,DS002,SKU0214,Damaged Item,137.01,Putaway / Picking Handling,,Unconfirmed,Replacement
QI00001594,ORD000047153,ITEM0000175777,DS002,SKU0185,Missing Item,98.45,Inventory Accuracy / Putaway,P_DS002_003,Unconfirmed,Refund
QI00001595,ORD000047207,ITEM0000175980,DS002,SKU0244,Damaged Item,67.15,Putaway / Picking Handling,,Unconfirmed,Refund
QI00001596,ORD000047276,ITEM0000176212,DS002,SKU0185,Damaged Item,98.45,Putaway / Picking Handling,,Unconfirmed,Refund
QI00001597,ORD000047292,ITEM0000176278,DS002,SKU0297,Missing Item,26.2,Inventory Accuracy / Putaway,P_DS002_013,Unconfirmed,Refund
QI00001598,ORD000047378,ITEM0000176603,DS002,SKU0270,Missing Item,511.98,Inventory Accuracy / Putaway,P_DS002_030,Unconfirmed,Refund
QI00001599,ORD000047399,ITEM0000176672,DS002,SKU0119,Damaged Item,364.04,Putaway / Picking Handling,,Unconfirmed,Replacement
QI00001600,ORD000047423,ITEM0000176737,DS002,SKU0229,Missing Item,235.69,Inventory Accuracy / Putaway,P_DS002_024,Unconfirmed,Refund
QI00001601,ORD000047452,ITEM0000176842,DS002,SKU0169,Missing Item,64.01,Inventory Accuracy / Putaway,P_DS002_009,Unconfirmed,Refund
QI00001602,ORD000047476,ITEM0000176928,DS002,SKU0088,Missing Item,1216.84,Inventory Accuracy / Putaway,P_DS002_009,Unconfirmed,Refund
QI00001603,ORD000047499,ITEM0000177000,DS002,SKU0191,Wrong Item,659.63,Picking,P_DS002_024,Unconfirmed,Refund
QI00001604,ORD000047520,ITEM0000177093,DS002,SKU0120,Wrong Item,59.58,Picking,P_DS002_015,Unconfirmed,Refund
QI00001605,ORD000047565,ITEM0000177255,DS002,SKU0027,Missing Item,261.37,Inventory Accuracy / Putaway,P_DS002_012,Unconfirmed,Refund
QI00001606,ORD000047575,ITEM0000177291,DS002,SKU0125,Wrong Item,109.95,Picking,P_DS002_012,Unconfirmed,Refund
QI00001607,ORD000047599,ITEM0000177382,DS002,SKU0074,Missing Item,233.54,Inventory Accuracy / Putaway,P_DS002_021,Unconfirmed,Replacement
QI00001608,ORD000047622,ITEM0000177461,DS002,SKU0064,Wrong Item,344.62,Picking,P_DS002_018,Unconfirmed,Refund
QI00001609,ORD000047631,ITEM0000177498,DS002,SKU0090,Missing Item,521.0,Inventory Accuracy / Putaway,P_DS002_003,Unconfirmed,Refund
QI00001610,ORD000047640,ITEM0000177533,DS002,SKU0287,Missing Item,193.29,Inventory Accuracy / Putaway,P_DS002_013,Unconfirmed,Refund
QI00001611,ORD000047650,ITEM0000177565,DS002,SKU0122,Damaged Item,260.05,Putaway / Picking Handling,,Unconfirmed,Replacement
QI00001612,ORD000047652,ITEM0000177574,DS002,SKU0020,Wrong Item,234.68,Picking,P_DS002_016,Unconfirmed,Replacement
QI00001613,ORD000047696,ITEM0000177734,DS002,SKU0162,Missing Item,63.51,Inventory Accuracy / Putaway,P_DS002_034,Unconfirmed,Refund
QI00001614,ORD000047755,ITEM0000177939,DS002,SKU0226,Missing Item,45.28,Inventory Accuracy / Putaway,P_DS002_031,Unconfirmed,Refund
QI00001615,ORD000047783,ITEM0000178050,DS002,SKU0199,Missing Item,138.52,Inventory Accuracy / Putaway,P_DS002_025,Unconfirmed,Replacement
QI00001616,ORD000047823,ITEM0000178201,DS002,SKU0043,Missing Item,442.44,Inventory Accuracy / Putaway,P_DS002_022,Unconfirmed,Refund
QI00001617,ORD000047825,ITEM0000178213,DS002,SKU0298,Missing Item,79.22,Inventory Accuracy / Putaway,P_DS002_013,Unconfirmed,Refund
QI00001618,ORD000047903,ITEM0000178518,DS002,SKU0071,Missing Item,120.79,Inventory Accuracy / Putaway,P_DS002_017,Unconfirmed,Refund
QI00001619,ORD000047920,ITEM0000178587,DS002,SKU0017,Missing Item,625.13,Inventory Accuracy / Putaway,P_DS002_017,Unconfirmed,Refund
QI00001620,ORD000047925,ITEM0000178607,DS002,SKU0081,Wrong Item,43.96,Picking,P_DS002_026,Unconfirmed,Refund
QI00001621,ORD000047934,ITEM0000178637,DS002,SKU0257,Missing Item,288.34,Inventory Accuracy / Putaway,P_DS002_023,Unconfirmed,Refund
QI00001622,ORD000047942,ITEM0000178667,DS002,SKU0194,Missing Item,234.44,Inventory Accuracy / Putaway,P_DS002_020,Unconfirmed,Refund
QI00001623,ORD000048025,ITEM0000178977,DS002,SKU0178,Wrong Item,250.18,Picking,P_DS002_005,Unconfirmed,Replacement
QI00001624,ORD000048028,ITEM0000178990,DS002,SKU0274,Wrong Item,382.26,Shelf Placement / Picking Verification,P_DS002_017,Unconfirmed,Refund
QI00001625,ORD000048032,ITEM0000179005,DS002,SKU0084,Missing Item,111.02,Inventory Accuracy / Putaway,P_DS002_032,Unconfirmed,Replacement
QI00001626,ORD000048060,ITEM0000179099,DS002,SKU0125,Missing Item,109.95,Inventory Accuracy / Putaway,P_DS002_017,Unconfirmed,Replacement
QI00001627,ORD000048060,ITEM0000179103,DS002,SKU0168,Missing Item,40.45,Inventory Accuracy / Putaway,P_DS002_017,Unconfirmed,Refund
QI00001628,ORD000048086,ITEM0000179207,DS002,SKU0007,Missing Item,166.16,Inventory Accuracy / Putaway,P_DS002_005,Unconfirmed,Refund
QI00001629,ORD000048091,ITEM0000179223,DS002,SKU0280,Wrong Item,233.69,Picking,P_DS002_029,Unconfirmed,Refund
QI00001630,ORD000048111,ITEM0000179303,DS002,SKU0208,Damaged Item,81.82,Putaway / Picking Handling,,Unconfirmed,Replacement
QI00001631,ORD000048134,ITEM0000179388,DS002,SKU0102,Missing Item,107.01,Inventory Accuracy / Putaway,P_DS002_002,Unconfirmed,Refund
QI00001632,ORD000048150,ITEM0000179462,DS002,SKU0286,Damaged Item,143.99,Putaway / Picking Handling,,Unconfirmed,Refund
QI00001633,ORD000048175,ITEM0000179560,DS002,SKU0257,Damaged Item,288.34,Putaway / Picking Handling,,Unconfirmed,Refund
QI00001634,ORD000048183,ITEM0000179594,DS002,SKU0045,Missing Item,182.12,Inventory Accuracy / Putaway,P_DS002_002,Unconfirmed,Replacement
QI00001635,ORD000048197,ITEM0000179642,DS002,SKU0097,Missing Item,183.02,Inventory Accuracy / Putaway,P_DS002_011,Unconfirmed,Refund
QI00001636,ORD000048243,ITEM0000179796,DS002,SKU0264,Missing Item,26.89,Inventory Accuracy / Putaway,P_DS002_005,Unconfirmed,Refund
QI00001637,ORD000048275,ITEM0000179919,DS002,SKU0160,Missing Item,431.6,Inventory Accuracy / Putaway,P_DS002_032,Unconfirmed,Refund
QI00001638,ORD000048296,ITEM0000179998,DS002,SKU0141,Missing Item,106.65,Inventory Accuracy / Putaway,P_DS002_002,Unconfirmed,Replacement
QI00001639,ORD000048301,ITEM0000180027,DS002,SKU0158,Missing Item,145.24,Inventory Accuracy / Putaway,P_DS002_017,Unconfirmed,Refund
QI00001640,ORD000048363,ITEM0000180241,DS002,SKU0081,Damaged Item,43.96,Putaway / Picking Handling,,Unconfirmed,Refund
QI00001641,ORD000048380,ITEM0000180315,DS002,SKU0085,Missing Item,469.4,Inventory Accuracy / Putaway,P_DS002_029,Unconfirmed,Replacement
QI00001642,ORD000048413,ITEM0000180446,DS002,SKU0111,Wrong Item,431.16,Picking,P_DS002_023,Unconfirmed,Refund
QI00001643,ORD000048435,ITEM0000180529,DS002,SKU0115,Missing Item,283.76,Inventory Accuracy / Putaway,P_DS002_005,Unconfirmed,Refund
QI00001644,ORD000048446,ITEM0000180579,DS002,SKU0214,Missing Item,137.01,Inventory Accuracy / Putaway,P_DS002_005,Unconfirmed,Replacement
QI00001645,ORD000048534,ITEM0000180895,DS002,SKU0236,Damaged Item,277.44,Putaway / Picking Handling,,Unconfirmed,Refund
QI00001646,ORD000048592,ITEM0000181127,DS002,SKU0057,Missing Item,458.0,Inventory Accuracy / Putaway,P_DS002_008,Unconfirmed,Refund
QI00001647,ORD000048604,ITEM0000181173,DS002,SKU0156,Missing Item,61.95,Inventory Accuracy / Putaway,P_DS002_026,Unconfirmed,Replacement
QI00001648,ORD000048636,ITEM0000181287,DS002,SKU0283,Missing Item,87.37,Inventory Accuracy / Putaway,P_DS002_029,Unconfirmed,Refund
QI00001649,ORD000048637,ITEM0000181290,DS002,SKU0273,Missing Item,303.86,Inventory Accuracy / Putaway,P_DS002_020,Unconfirmed,Refund
QI00001650,ORD000048693,ITEM0000181501,DS002,SKU0025,Missing Item,270.66,Inventory Accuracy / Putaway,P_DS002_011,Unconfirmed,Replacement
QI00001651,ORD000048697,ITEM0000181524,DS002,SKU0028,Missing Item,414.17,Inventory Accuracy / Putaway,P_DS002_026,Unconfirmed,Replacement
QI00001652,ORD000048703,ITEM0000181543,DS002,SKU0018,Missing Item,584.08,Inventory Accuracy / Putaway,P_DS002_029,Unconfirmed,Replacement
QI00001653,ORD000048730,ITEM0000181647,DS002,SKU0131,Wrong Item,255.32,Picking,P_DS002_005,Unconfirmed,Refund
QI00001654,ORD000048734,ITEM0000181664,DS002,SKU0148,Missing Item,347.32,Inventory Accuracy / Putaway,P_DS002_029,Unconfirmed,Replacement
QI00001655,ORD000048752,ITEM0000181727,DS002,SKU0015,Missing Item,159.48,Inventory Accuracy / Putaway,P_DS002_029,Unconfirmed,Refund
QI00001656,ORD000048835,ITEM0000182042,DS002,SKU0185,Wrong Item,98.45,Shelf Placement / Picking Verification,P_DS002_002,Unconfirmed,Refund
QI00001657,ORD000048839,ITEM0000182057,DS002,SKU0021,Missing Item,387.42,Inventory Accuracy / Putaway,P_DS002_005,Unconfirmed,Refund
QI00001658,ORD000048856,ITEM0000182122,DS002,SKU0273,Damaged Item,303.86,Putaway / Picking Handling,,Unconfirmed,Refund
QI00001659,ORD000048961,ITEM0000182513,DS002,SKU0160,Missing Item,215.8,Inventory Accuracy / Putaway,P_DS002_032,Unconfirmed,Refund
QI00001660,ORD000049056,ITEM0000182847,DS002,SKU0040,Missing Item,82.14,Inventory Accuracy / Putaway,P_DS002_030,Unconfirmed,Replacement
QI00001661,ORD000049074,ITEM0000182916,DS002,SKU0189,Missing Item,229.27,Inventory Accuracy / Putaway,P_DS002_027,Unconfirmed,Refund
QI00001662,ORD000049101,ITEM0000183019,DS002,SKU0294,Wrong Item,109.46,Picking,P_DS002_011,Unconfirmed,Refund
QI00001663,ORD000049107,ITEM0000183036,DS002,SKU0023,Missing Item,166.93,Inventory Accuracy / Putaway,P_DS002_006,Unconfirmed,Refund
QI00001664,ORD000049180,ITEM0000183290,DS002,SKU0144,Missing Item,82.27,Inventory Accuracy / Putaway,P_DS002_033,Unconfirmed,Refund
QI00001665,ORD000049203,ITEM0000183389,DS002,SKU0138,Damaged Item,819.58,Putaway / Picking Handling,,Unconfirmed,Replacement
QI00001666,ORD000049215,ITEM0000183440,DS002,SKU0208,Missing Item,81.82,Inventory Accuracy / Putaway,P_DS002_009,Unconfirmed,Refund
QI00001667,ORD000049276,ITEM0000183677,DS002,SKU0020,Wrong Item,234.68,Picking,P_DS002_003,Unconfirmed,Replacement
QI00001668,ORD000049329,ITEM0000183858,DS002,SKU0198,Damaged Item,353.83,Putaway / Picking Handling,,Unconfirmed,Refund
QI00001669,ORD000049370,ITEM0000184003,DS002,SKU0013,Damaged Item,573.06,Putaway / Picking Handling,,Unconfirmed,Refund
QI00001670,ORD000049430,ITEM0000184231,DS002,SKU0084,Missing Item,111.02,Inventory Accuracy / Putaway,P_DS002_030,Unconfirmed,Refund
QI00001671,ORD000049431,ITEM0000184233,DS002,SKU0076,Missing Item,267.05,Inventory Accuracy / Putaway,P_DS002_009,Unconfirmed,Refund
QI00001672,ORD000049433,ITEM0000184240,DS002,SKU0119,Missing Item,182.02,Inventory Accuracy / Putaway,P_DS002_018,Unconfirmed,Refund
QI00001673,ORD000049463,ITEM0000184347,DS002,SKU0209,Missing Item,102.71,Inventory Accuracy / Putaway,P_DS002_027,Unconfirmed,Refund
QI00001674,ORD000049503,ITEM0000184494,DS002,SKU0084,Missing Item,111.02,Inventory Accuracy / Putaway,P_DS002_007,Unconfirmed,Refund
QI00001675,ORD000049542,ITEM0000184644,DS002,SKU0100,Missing Item,191.45,Inventory Accuracy / Putaway,P_DS002_006,Unconfirmed,Refund
QI00001676,ORD000049652,ITEM0000185056,DS002,SKU0131,Missing Item,510.64,Inventory Accuracy / Putaway,P_DS002_006,Unconfirmed,Refund
QI00001677,ORD000049679,ITEM0000185159,DS002,SKU0013,Missing Item,286.53,Inventory Accuracy / Putaway,P_DS002_018,Unconfirmed,Refund
QI00001678,ORD000049705,ITEM0000185271,DS002,SKU0215,Wrong Item,347.7,Picking,P_DS002_028,Unconfirmed,Replacement
QI00001679,ORD000049719,ITEM0000185327,DS002,SKU0107,Wrong Item,86.59,Picking,P_DS002_021,Unconfirmed,Replacement
QI00001680,ORD000049764,ITEM0000185479,DS002,SKU0126,Missing Item,488.27,Inventory Accuracy / Putaway,P_DS002_007,Unconfirmed,Refund
QI00001681,ORD000049766,ITEM0000185489,DS002,SKU0131,Missing Item,255.32,Inventory Accuracy / Putaway,P_DS002_009,Unconfirmed,Refund
QI00001682,ORD000049768,ITEM0000185499,DS002,SKU0190,Wrong Item,229.14,Picking,P_DS002_003,Unconfirmed,Refund
QI00001683,ORD000049814,ITEM0000185658,DS002,SKU0104,Missing Item,181.45,Inventory Accuracy / Putaway,P_DS002_033,Unconfirmed,Refund
QI00001684,ORD000049864,ITEM0000185850,DS002,SKU0195,Damaged Item,1227.36,Putaway / Picking Handling,,Unconfirmed,Refund
QI00001685,ORD000049915,ITEM0000186039,DS002,SKU0131,Wrong Item,510.64,Picking,P_DS002_021,Unconfirmed,Refund
QI00001686,ORD000049967,ITEM0000186238,DS002,SKU0231,Missing Item,69.12,Inventory Accuracy / Putaway,P_DS002_028,Unconfirmed,Refund
QI00001687,ORD000049974,ITEM0000186264,DS002,SKU0221,Missing Item,278.54,Inventory Accuracy / Putaway,P_DS002_009,Unconfirmed,Refund
QI00001688,ORD000049989,ITEM0000186319,DS002,SKU0133,Missing Item,664.79,Inventory Accuracy / Putaway,P_DS002_033,Unconfirmed,Replacement
QI00001689,ORD000049994,ITEM0000186334,DS002,SKU0287,Missing Item,386.58,Inventory Accuracy / Putaway,P_DS002_012,Unconfirmed,Refund
QI00001690,ORD000050007,ITEM0000186393,DS002,SKU0198,Wrong Item,707.66,Shelf Placement / Picking Verification,P_DS002_009,Unconfirmed,Replacement
QI00001691,ORD000050040,ITEM0000186509,DS002,SKU0213,Missing Item,407.56,Inventory Accuracy / Putaway,P_DS002_024,Unconfirmed,Refund
QI00001692,ORD000050049,ITEM0000186538,DS002,SKU0295,Missing Item,228.23,Inventory Accuracy / Putaway,P_DS002_003,Unconfirmed,Refund
QI00001693,ORD000050089,ITEM0000186700,DS002,SKU0244,Damaged Item,67.15,Putaway / Picking Handling,,Unconfirmed,Refund
QI00001694,ORD000050091,ITEM0000186710,DS002,SKU0136,Missing Item,188.27,Inventory Accuracy / Putaway,P_DS002_003,Unconfirmed,Refund
QI00001695,ORD000050117,ITEM0000186811,DS002,SKU0137,Missing Item,525.12,Inventory Accuracy / Putaway,P_DS002_021,Unconfirmed,Refund
QI00001696,ORD000050152,ITEM0000186942,DS002,SKU0051,Wrong Item,25.15,Picking,P_DS002_007,Unconfirmed,Refund
QI00001697,ORD000050191,ITEM0000187095,DS002,SKU0063,Missing Item,189.87,Inventory Accuracy / Putaway,P_DS002_003,Unconfirmed,Replacement
QI00001698,ORD000050208,ITEM0000187155,DS002,SKU0021,Missing Item,387.42,Inventory Accuracy / Putaway,P_DS002_027,Unconfirmed,Refund
QI00001699,ORD000050236,ITEM0000187261,DS002,SKU0209,Damaged Item,205.42,Putaway / Picking Handling,,Unconfirmed,Refund
QI00001700,ORD000050270,ITEM0000187389,DS002,SKU0176,Missing Item,206.65,Inventory Accuracy / Putaway,P_DS002_027,Unconfirmed,Refund
QI00001701,ORD000050297,ITEM0000187481,DS002,SKU0291,Missing Item,294.78,Inventory Accuracy / Putaway,P_DS002_012,Unconfirmed,Refund
QI00001702,ORD000050364,ITEM0000187724,DS002,SKU0128,Damaged Item,78.55,Putaway / Picking Handling,,Unconfirmed,Replacement
QI00001703,ORD000050368,ITEM0000187734,DS002,SKU0198,Damaged Item,1061.49,Putaway / Picking Handling,,Unconfirmed,Refund
QI00001704,ORD000050444,ITEM0000188014,DS002,SKU0063,Missing Item,189.87,Inventory Accuracy / Putaway,P_DS002_012,Unconfirmed,Refund
QI00001705,ORD000050456,ITEM0000188059,DS002,SKU0130,Damaged Item,44.48,Putaway / Picking Handling,,Unconfirmed,Refund
QI00001706,ORD000050456,ITEM0000188063,DS002,SKU0287,Missing Item,193.29,Inventory Accuracy / Putaway,P_DS002_003,Unconfirmed,Refund
QI00001707,ORD000050478,ITEM0000188141,DS002,SKU0139,Missing Item,439.94,Inventory Accuracy / Putaway,P_DS002_016,Unconfirmed,Replacement
QI00001708,ORD000050504,ITEM0000188250,DS002,SKU0012,Missing Item,230.15,Inventory Accuracy / Putaway,P_DS002_028,Unconfirmed,Replacement
QI00001709,ORD000050507,ITEM0000188263,DS002,SKU0174,Wrong Item,225.38,Picking,P_DS002_028,Unconfirmed,Replacement
QI00001710,ORD000050518,ITEM0000188296,DS002,SKU0022,Missing Item,446.03,Inventory Accuracy / Putaway,P_DS002_004,Unconfirmed,Replacement
QI00001711,ORD000050548,ITEM0000188420,DS002,SKU0209,Damaged Item,102.71,Putaway / Picking Handling,,Unconfirmed,Refund
QI00001712,ORD000050598,ITEM0000188614,DS002,SKU0104,Damaged Item,181.45,Putaway / Picking Handling,,Unconfirmed,Refund
QI00001713,ORD000050602,ITEM0000188629,DS002,SKU0015,Damaged Item,318.96,Putaway / Picking Handling,,Unconfirmed,Refund
QI00001714,ORD000050613,ITEM0000188672,DS002,SKU0125,Damaged Item,329.85,Putaway / Picking Handling,,Unconfirmed,Refund
QI00001715,ORD000050628,ITEM0000188733,DS002,SKU0166,Damaged Item,493.94,Putaway / Picking Handling,,Unconfirmed,Refund
QI00001716,ORD000050769,ITEM0000189249,DS002,SKU0049,Damaged Item,56.36,Putaway / Picking Handling,,Unconfirmed,Refund
QI00001717,ORD000050783,ITEM0000189297,DS002,SKU0143,Damaged Item,201.68,Putaway / Picking Handling,,Unconfirmed,Refund
QI00001718,ORD000050785,ITEM0000189307,DS002,SKU0275,Missing Item,44.18,Inventory Accuracy / Putaway,P_DS002_011,Unconfirmed,Refund
QI00001719,ORD000050843,ITEM0000189522,DS002,SKU0021,Damaged Item,774.84,Putaway / Picking Handling,,Unconfirmed,Replacement
QI00001720,ORD000050848,ITEM0000189541,DS002,SKU0063,Missing Item,189.87,Inventory Accuracy / Putaway,P_DS002_023,Unconfirmed,Replacement
QI00001721,ORD000050852,ITEM0000189556,DS002,SKU0036,Missing Item,250.7,Inventory Accuracy / Putaway,P_DS002_026,Unconfirmed,Refund
QI00001722,ORD000050852,ITEM0000189565,DS002,SKU0253,Missing Item,126.6,Inventory Accuracy / Putaway,P_DS002_026,Unconfirmed,Refund
QI00001723,ORD000050856,ITEM0000189587,DS002,SKU0254,Missing Item,614.08,Inventory Accuracy / Putaway,P_DS002_005,Unconfirmed,Refund
QI00001724,ORD000050869,ITEM0000189637,DS002,SKU0144,Damaged Item,164.54,Putaway / Picking Handling,,Unconfirmed,Refund
QI00001725,ORD000050905,ITEM0000189765,DS002,SKU0166,Damaged Item,987.88,Putaway / Picking Handling,,Unconfirmed,Replacement
QI00001726,ORD000050982,ITEM0000190078,DS002,SKU0012,Missing Item,230.15,Inventory Accuracy / Putaway,P_DS002_032,Unconfirmed,Refund
QI00001727,ORD000051067,ITEM0000190398,DS002,SKU0081,Damaged Item,43.96,Putaway / Picking Handling,,Unconfirmed,Refund
QI00001728,ORD000051107,ITEM0000190575,DS002,SKU0131,Missing Item,255.32,Inventory Accuracy / Putaway,P_DS002_032,Unconfirmed,Refund
QI00001729,ORD000051129,ITEM0000190651,DS002,SKU0012,Missing Item,230.15,Inventory Accuracy / Putaway,P_DS002_005,Unconfirmed,Refund
QI00001730,ORD000051141,ITEM0000190691,DS002,SKU0212,Damaged Item,129.74,Putaway / Picking Handling,,Unconfirmed,Refund
QI00001731,ORD000051152,ITEM0000190728,DS002,SKU0237,Wrong Item,77.48,Picking,P_DS002_014,Unconfirmed,Refund
QI00001732,ORD000051190,ITEM0000190870,DS002,SKU0185,Damaged Item,98.45,Putaway / Picking Handling,,Unconfirmed,Refund
QI00001733,ORD000051224,ITEM0000190997,DS002,SKU0267,Missing Item,400.53,Inventory Accuracy / Putaway,P_DS002_020,Unconfirmed,Refund
QI00001734,ORD000051270,ITEM0000191155,DS002,SKU0255,Missing Item,130.76,Inventory Accuracy / Putaway,P_DS002_023,Unconfirmed,Replacement
QI00001735,ORD000051279,ITEM0000191198,DS002,SKU0221,Damaged Item,835.62,Putaway / Picking Handling,,Unconfirmed,Refund
QI00001736,ORD000051305,ITEM0000191292,DS002,SKU0057,Damaged Item,229.0,Putaway / Picking Handling,,Unconfirmed,Refund
QI00001737,ORD000051367,ITEM0000191520,DS002,SKU0232,Wrong Item,274.11,Picking,P_DS002_032,Unconfirmed,Refund
QI00001738,ORD000051393,ITEM0000191621,DS002,SKU0119,Missing Item,364.04,Inventory Accuracy / Putaway,P_DS002_026,Unconfirmed,Refund
QI00001739,ORD000051412,ITEM0000191684,DS002,SKU0180,Missing Item,74.68,Inventory Accuracy / Putaway,P_DS002_020,Unconfirmed,Replacement
QI00001740,ORD000051419,ITEM0000191717,DS002,SKU0141,Missing Item,106.65,Inventory Accuracy / Putaway,P_DS002_014,Unconfirmed,Refund
QI00001741,ORD000051423,ITEM0000191733,DS002,SKU0151,Damaged Item,103.12,Putaway / Picking Handling,,Unconfirmed,Refund
QI00001742,ORD000051429,ITEM0000191750,DS002,SKU0018,Missing Item,292.04,Inventory Accuracy / Putaway,P_DS002_005,Unconfirmed,Refund
QI00001743,ORD000051438,ITEM0000191778,DS002,SKU0023,Damaged Item,333.86,Putaway / Picking Handling,,Unconfirmed,Refund
QI00001744,ORD000051452,ITEM0000191824,DS002,SKU0126,Missing Item,488.27,Inventory Accuracy / Putaway,P_DS002_026,Unconfirmed,Replacement
QI00001745,ORD000051455,ITEM0000191832,DS002,SKU0152,Missing Item,1212.82,Inventory Accuracy / Putaway,P_DS002_026,Unconfirmed,Refund
QI00001746,ORD000051459,ITEM0000191855,DS002,SKU0104,Wrong Item,181.45,Picking,P_DS002_026,Unconfirmed,Replacement
QI00001747,ORD000051470,ITEM0000191890,DS002,SKU0028,Missing Item,414.17,Inventory Accuracy / Putaway,P_DS002_011,Unconfirmed,Refund
QI00001748,ORD000051493,ITEM0000191966,DS002,SKU0122,Missing Item,260.05,Inventory Accuracy / Putaway,P_DS002_032,Unconfirmed,Refund
QI00001749,ORD000051507,ITEM0000192022,DS002,SKU0185,Wrong Item,196.9,Shelf Placement / Picking Verification,P_DS002_006,Unconfirmed,Replacement
QI00001750,ORD000051523,ITEM0000192096,DS002,SKU0081,Missing Item,43.96,Inventory Accuracy / Putaway,P_DS002_020,Unconfirmed,Replacement
QI00001751,ORD000051562,ITEM0000192233,DS002,SKU0034,Wrong Item,251.6,Picking,P_DS002_003,Unconfirmed,Replacement
QI00001752,ORD000051581,ITEM0000192302,DS002,SKU0298,Wrong Item,158.44,Shelf Placement / Picking Verification,P_DS002_018,Unconfirmed,Replacement
QI00001753,ORD000051613,ITEM0000192414,DS002,SKU0193,Missing Item,323.59,Inventory Accuracy / Putaway,P_DS002_003,Unconfirmed,Replacement
QI00001754,ORD000051624,ITEM0000192457,DS002,SKU0239,Missing Item,173.98,Inventory Accuracy / Putaway,P_DS002_018,Unconfirmed,Refund
QI00001755,ORD000051647,ITEM0000192536,DS002,SKU0244,Wrong Item,134.3,Picking,P_DS002_009,Unconfirmed,Replacement
QI00001756,ORD000051648,ITEM0000192541,DS002,SKU0138,Wrong Item,409.79,Shelf Placement / Picking Verification,P_DS002_012,Unconfirmed,Refund
QI00001757,ORD000051651,ITEM0000192550,DS002,SKU0278,Damaged Item,224.88,Putaway / Picking Handling,,Unconfirmed,Refund
QI00001758,ORD000051706,ITEM0000192744,DS002,SKU0247,Missing Item,93.98,Inventory Accuracy / Putaway,P_DS002_006,Unconfirmed,Refund
QI00001759,ORD000051710,ITEM0000192766,DS002,SKU0158,Damaged Item,145.24,Putaway / Picking Handling,,Unconfirmed,Refund
QI00001760,ORD000051739,ITEM0000192857,DS002,SKU0023,Missing Item,166.93,Inventory Accuracy / Putaway,P_DS002_009,Unconfirmed,Replacement
QI00001761,ORD000051740,ITEM0000192864,DS002,SKU0285,Damaged Item,512.06,Putaway / Picking Handling,,Unconfirmed,Refund
QI00001762,ORD000051741,ITEM0000192868,DS002,SKU0287,Damaged Item,193.29,Putaway / Picking Handling,,Unconfirmed,Refund
QI00001763,ORD000051751,ITEM0000192904,DS002,SKU0166,Wrong Item,493.94,Shelf Placement / Picking Verification,P_DS002_006,Unconfirmed,Replacement
QI00001764,ORD000051755,ITEM0000192921,DS002,SKU0141,Missing Item,106.65,Inventory Accuracy / Putaway,P_DS002_012,Unconfirmed,Replacement
QI00001765,ORD000051764,ITEM0000192952,DS002,SKU0292,Missing Item,501.99,Inventory Accuracy / Putaway,P_DS002_021,Unconfirmed,Replacement
QI00001766,ORD000051824,ITEM0000193196,DS002,SKU0151,Missing Item,103.12,Inventory Accuracy / Putaway,P_DS002_009,Unconfirmed,Refund
QI00001767,ORD000051843,ITEM0000193260,DS002,SKU0125,Wrong Item,109.95,Picking,P_DS002_003,Unconfirmed,Refund
QI00001768,ORD000051858,ITEM0000193313,DS002,SKU0119,Damaged Item,182.02,Rider Handling / Last Mile,,Unconfirmed,Refund
QI00001769,ORD000051877,ITEM0000193377,DS002,SKU0059,Wrong Item,336.59,Shelf Placement / Picking Verification,P_DS002_018,Unconfirmed,Refund
QI00001770,ORD000051889,ITEM0000193424,DS002,SKU0119,Wrong Item,182.02,Picking,P_DS002_027,Unconfirmed,Refund
QI00001771,ORD000051889,ITEM0000193425,DS002,SKU0233,Missing Item,318.74,Inventory Accuracy / Putaway,P_DS002_027,Unconfirmed,Replacement
QI00001772,ORD000051973,ITEM0000193755,DS002,SKU0219,Missing Item,344.59,Inventory Accuracy / Putaway,P_DS002_006,Unconfirmed,Refund
QI00001773,ORD000051979,ITEM0000193776,DS002,SKU0156,Wrong Item,123.9,Picking,P_DS002_012,Unconfirmed,Refund
QI00001774,ORD000051994,ITEM0000193839,DS002,SKU0006,Wrong Item,160.4,Shelf Placement / Picking Verification,P_DS002_006,Unconfirmed,Refund
QI00001775,ORD000052003,ITEM0000193867,DS002,SKU0270,Missing Item,511.98,Inventory Accuracy / Putaway,P_DS002_024,Unconfirmed,Refund
QI00001776,ORD000052026,ITEM0000193955,DS002,SKU0119,Damaged Item,364.04,Rider Handling / Last Mile,,Unconfirmed,Refund
QI00001777,ORD000052049,ITEM0000194030,DS002,SKU0035,Damaged Item,311.65,Putaway / Picking Handling,,Unconfirmed,Refund
QI00001778,ORD000052061,ITEM0000194062,DS002,SKU0090,Damaged Item,260.5,Putaway / Picking Handling,,Unconfirmed,Refund
QI00001779,ORD000052092,ITEM0000194188,DS002,SKU0105,Damaged Item,272.14,Putaway / Picking Handling,,Unconfirmed,Refund
QI00001780,ORD000052099,ITEM0000194210,DS002,SKU0259,Missing Item,467.88,Inventory Accuracy / Putaway,P_DS002_003,Unconfirmed,Replacement
QI00001781,ORD000052160,ITEM0000194442,DS002,SKU0134,Missing Item,271.74,Inventory Accuracy / Putaway,P_DS002_018,Unconfirmed,Replacement
QI00001782,ORD000052161,ITEM0000194446,DS002,SKU0141,Missing Item,106.65,Inventory Accuracy / Putaway,P_DS002_018,Unconfirmed,Replacement
QI00001783,ORD000052209,ITEM0000194633,DS002,SKU0201,Missing Item,81.18,Inventory Accuracy / Putaway,P_DS002_030,Unconfirmed,Replacement
QI00001784,ORD000052225,ITEM0000194703,DS002,SKU0161,Missing Item,359.45,Inventory Accuracy / Putaway,P_DS002_024,Unconfirmed,Refund
QI00001785,ORD000052231,ITEM0000194718,DS002,SKU0264,Missing Item,26.89,Inventory Accuracy / Putaway,P_DS002_006,Unconfirmed,Refund
QI00001786,ORD000052239,ITEM0000194746,DS002,SKU0023,Damaged Item,166.93,Putaway / Picking Handling,,Unconfirmed,Refund
QI00001787,ORD000052249,ITEM0000194779,DS002,SKU0194,Missing Item,468.88,Inventory Accuracy / Putaway,P_DS002_030,Unconfirmed,Replacement
QI00001788,ORD000052260,ITEM0000194821,DS002,SKU0175,Missing Item,274.68,Inventory Accuracy / Putaway,P_DS002_024,Unconfirmed,Refund
QI00001789,ORD000052320,ITEM0000195039,DS002,SKU0247,Missing Item,93.98,Inventory Accuracy / Putaway,P_DS002_012,Unconfirmed,Refund
QI00001790,ORD000052321,ITEM0000195045,DS002,SKU0238,Damaged Item,30.81,Putaway / Picking Handling,,Unconfirmed,Refund
QI00001791,ORD000052340,ITEM0000195122,DS002,SKU0023,Damaged Item,333.86,Putaway / Picking Handling,,Unconfirmed,Replacement
QI00001792,ORD000052368,ITEM0000195221,DS002,SKU0108,Wrong Item,205.48,Picking,P_DS002_006,Unconfirmed,Refund
QI00001793,ORD000052427,ITEM0000195432,DS002,SKU0141,Missing Item,106.65,Inventory Accuracy / Putaway,P_DS002_006,Unconfirmed,Refund
QI00001794,ORD000052468,ITEM0000195578,DS002,SKU0114,Wrong Item,233.48,Picking,P_DS002_024,Unconfirmed,Refund
QI00001795,ORD000052498,ITEM0000195699,DS002,SKU0051,Wrong Item,50.3,Picking,P_DS002_030,Unconfirmed,Refund
QI00001796,ORD000052502,ITEM0000195715,DS002,SKU0057,Missing Item,229.0,Inventory Accuracy / Putaway,P_DS002_018,Unconfirmed,Refund
QI00001797,ORD000052512,ITEM0000195740,DS002,SKU0022,Missing Item,1338.09,Inventory Accuracy / Putaway,P_DS002_021,Unconfirmed,Replacement
QI00001798,ORD000052512,ITEM0000195741,DS002,SKU0295,Damaged Item,228.23,Putaway / Picking Handling,,Unconfirmed,Refund
QI00001799,ORD000052553,ITEM0000195899,DS002,SKU0006,Wrong Item,160.4,Shelf Placement / Picking Verification,P_DS002_018,Unconfirmed,Refund
QI00001800,ORD000052557,ITEM0000195913,DS002,SKU0208,Damaged Item,81.82,Putaway / Picking Handling,,Unconfirmed,Refund
QI00001801,ORD000052574,ITEM0000195975,DS002,SKU0141,Damaged Item,106.65,Putaway / Picking Handling,,Unconfirmed,Replacement
QI00001802,ORD000052584,ITEM0000196016,DS002,SKU0160,Damaged Item,215.8,Putaway / Picking Handling,,Unconfirmed,Refund
QI00001803,ORD000052642,ITEM0000196225,DS002,SKU0024,Missing Item,740.12,Inventory Accuracy / Putaway,P_DS002_021,Unconfirmed,Refund
QI00001804,ORD000052668,ITEM0000196320,DS002,SKU0244,Missing Item,67.15,Inventory Accuracy / Putaway,P_DS002_009,Unconfirmed,Refund
QI00001805,ORD000052672,ITEM0000196339,DS002,SKU0244,Damaged Item,134.3,Putaway / Picking Handling,,Unconfirmed,Refund
QI00001806,ORD000052792,ITEM0000196770,DS002,SKU0207,Damaged Item,524.67,Putaway / Picking Handling,,Unconfirmed,Refund
QI00001807,ORD000052803,ITEM0000196810,DS002,SKU0278,Damaged Item,449.76,Putaway / Picking Handling,,Unconfirmed,Replacement
QI00001808,ORD000052812,ITEM0000196854,DS002,SKU0261,Missing Item,312.68,Inventory Accuracy / Putaway,P_DS002_028,Unconfirmed,Refund
QI00001809,ORD000052839,ITEM0000196968,DS002,SKU0201,Damaged Item,81.18,Putaway / Picking Handling,,Unconfirmed,Replacement
QI00001810,ORD000052892,ITEM0000197160,DS002,SKU0224,Missing Item,1002.09,Inventory Accuracy / Putaway,P_DS002_011,Unconfirmed,Refund
QI00001811,ORD000052893,ITEM0000197165,DS002,SKU0209,Wrong Item,102.71,Picking,P_DS002_022,Unconfirmed,Replacement
QI00001812,ORD000052924,ITEM0000197293,DS002,SKU0084,Missing Item,111.02,Inventory Accuracy / Putaway,P_DS002_031,Unconfirmed,Replacement
QI00001813,ORD000052924,ITEM0000197294,DS002,SKU0011,Missing Item,85.7,Inventory Accuracy / Putaway,P_DS002_031,Unconfirmed,Refund
QI00001814,ORD000052929,ITEM0000197308,DS002,SKU0069,Wrong Item,90.91,Picking,P_DS002_028,Unconfirmed,Replacement
QI00001815,ORD000052940,ITEM0000197352,DS002,SKU0263,Missing Item,468.2,Inventory Accuracy / Putaway,P_DS002_020,Unconfirmed,Refund
QI00001816,ORD000052954,ITEM0000197396,DS002,SKU0149,Missing Item,91.54,Inventory Accuracy / Putaway,P_DS002_026,Unconfirmed,Refund
QI00001817,ORD000052981,ITEM0000197501,DS002,SKU0292,Missing Item,1505.97,Inventory Accuracy / Putaway,P_DS002_011,Unconfirmed,Replacement
QI00001818,ORD000053121,ITEM0000198050,DS002,SKU0119,Wrong Item,182.02,Picking,P_DS002_020,Unconfirmed,Replacement
QI00001819,ORD000053135,ITEM0000198102,DS002,SKU0109,Wrong Item,1152.68,Picking,P_DS002_032,Unconfirmed,Refund
QI00001820,ORD000053138,ITEM0000198116,DS002,SKU0166,Damaged Item,493.94,Putaway / Picking Handling,,Unconfirmed,Replacement
QI00001821,ORD000053171,ITEM0000198251,DS002,SKU0160,Missing Item,215.8,Inventory Accuracy / Putaway,P_DS002_026,Unconfirmed,Replacement
QI00001822,ORD000053188,ITEM0000198314,DS002,SKU0193,Missing Item,323.59,Inventory Accuracy / Putaway,P_DS002_026,Unconfirmed,Refund
QI00001823,ORD000053191,ITEM0000198322,DS002,SKU0075,Wrong Item,143.63,Shelf Placement / Picking Verification,P_DS002_029,Unconfirmed,Refund
QI00001824,ORD000053201,ITEM0000198362,DS002,SKU0134,Damaged Item,271.74,Putaway / Picking Handling,,Unconfirmed,Refund
QI00001825,ORD000053215,ITEM0000198413,DS002,SKU0085,Wrong Item,469.4,Picking,P_DS002_032,Unconfirmed,Replacement
QI00001826,ORD000053229,ITEM0000198467,DS002,SKU0092,Missing Item,230.52,Inventory Accuracy / Putaway,P_DS002_008,Unconfirmed,Replacement
QI00001827,ORD000053274,ITEM0000198640,DS002,SKU0277,Missing Item,745.62,Inventory Accuracy / Putaway,P_DS002_011,Unconfirmed,Refund
QI00001828,ORD000053344,ITEM0000198921,DS002,SKU0253,Missing Item,126.6,Inventory Accuracy / Putaway,P_DS002_026,Unconfirmed,Refund
QI00001829,ORD000053414,ITEM0000199191,DS002,SKU0114,Missing Item,116.74,Inventory Accuracy / Putaway,P_DS002_011,Unconfirmed,Refund
QI00001830,ORD000053448,ITEM0000199313,DS002,SKU0218,Wrong Item,95.97,Shelf Placement / Picking Verification,P_DS002_011,Unconfirmed,Refund
QI00001831,ORD000053513,ITEM0000199541,DS002,SKU0093,Wrong Item,172.15,Picking,P_DS002_029,Unconfirmed,Refund
QI00001832,ORD000053536,ITEM0000199630,DS002,SKU0208,Missing Item,40.91,Inventory Accuracy / Putaway,P_DS002_005,Unconfirmed,Refund
QI00001833,ORD000053583,ITEM0000199803,DS002,SKU0007,Missing Item,83.08,Inventory Accuracy / Putaway,P_DS002_032,Unconfirmed,Refund
QI00001834,ORD000053609,ITEM0000199899,DS002,SKU0160,Wrong Item,431.6,Shelf Placement / Picking Verification,P_DS002_008,Unconfirmed,Replacement
QI00001835,ORD000053617,ITEM0000199929,DS002,SKU0212,Missing Item,64.87,Inventory Accuracy / Putaway,P_DS002_011,Unconfirmed,Refund
QI00001836,ORD000053625,ITEM0000199955,DS002,SKU0267,Missing Item,400.53,Inventory Accuracy / Putaway,P_DS002_026,Unconfirmed,Refund
QI00001837,ORD000053627,ITEM0000199959,DS002,SKU0018,Wrong Item,292.04,Picking,P_DS002_014,Unconfirmed,Refund
QI00001838,ORD000053669,ITEM0000200116,DS002,SKU0084,Wrong Item,111.02,Shelf Placement / Picking Verification,P_DS002_008,Unconfirmed,Refund
QI00001839,ORD000053682,ITEM0000200162,DS002,SKU0090,Missing Item,260.5,Inventory Accuracy / Putaway,P_DS002_008,Unconfirmed,Replacement
QI00001840,ORD000053732,ITEM0000200352,DS002,SKU0077,Damaged Item,190.85,Putaway / Picking Handling,,Unconfirmed,Replacement
QI00001841,ORD000053816,ITEM0000200662,DS002,SKU0013,Missing Item,573.06,Inventory Accuracy / Putaway,P_DS002_005,Unconfirmed,Refund
QI00001842,ORD000053894,ITEM0000200933,DS002,SKU0160,Wrong Item,431.6,Shelf Placement / Picking Verification,P_DS002_021,Unconfirmed,Refund
QI00001843,ORD000053927,ITEM0000201055,DS002,SKU0198,Wrong Item,353.83,Shelf Placement / Picking Verification,P_DS002_015,Unconfirmed,Refund
QI00001844,ORD000054117,ITEM0000201742,DS002,SKU0221,Missing Item,278.54,Inventory Accuracy / Putaway,P_DS002_003,Unconfirmed,Replacement
QI00001845,ORD000054153,ITEM0000201884,DS002,SKU0215,Missing Item,347.7,Inventory Accuracy / Putaway,P_DS002_003,Unconfirmed,Refund
QI00001846,ORD000054192,ITEM0000202020,DS002,SKU0279,Wrong Item,109.67,Picking,P_DS002_003,Unconfirmed,Refund
QI00001847,ORD000054202,ITEM0000202049,DS002,SKU0018,Damaged Item,292.04,Putaway / Picking Handling,,Unconfirmed,Refund
QI00001848,ORD000054279,ITEM0000202323,DS002,SKU0122,Missing Item,260.05,Inventory Accuracy / Putaway,P_DS002_027,Unconfirmed,Replacement
QI00001849,ORD000054310,ITEM0000202442,DS002,SKU0130,Wrong Item,88.96,Picking,P_DS002_018,Unconfirmed,Refund
QI00001850,ORD000054328,ITEM0000202524,DS002,SKU0007,Wrong Item,83.08,Picking,P_DS002_015,Unconfirmed,Refund
QI00001851,ORD000054363,ITEM0000202644,DS002,SKU0160,Wrong Item,215.8,Shelf Placement / Picking Verification,P_DS002_015,Unconfirmed,Refund
QI00001852,ORD000054378,ITEM0000202698,DS002,SKU0044,Wrong Item,392.84,Picking,P_DS002_024,Unconfirmed,Replacement
QI00001853,ORD000054381,ITEM0000202715,DS002,SKU0251,Damaged Item,177.56,Putaway / Picking Handling,,Unconfirmed,Replacement
QI00001854,ORD000054383,ITEM0000202729,DS002,SKU0277,Damaged Item,372.81,Putaway / Picking Handling,,Unconfirmed,Refund
QI00001855,ORD000054408,ITEM0000202816,DS002,SKU0013,Missing Item,859.59,Inventory Accuracy / Putaway,P_DS002_024,Unconfirmed,Refund
QI00001856,ORD000054499,ITEM0000203150,DS002,SKU0290,Missing Item,416.48,Inventory Accuracy / Putaway,P_DS002_012,Unconfirmed,Replacement
QI00001857,ORD000054519,ITEM0000203231,DS002,SKU0142,Damaged Item,54.23,Putaway / Picking Handling,,Unconfirmed,Refund
QI00001858,ORD000054535,ITEM0000203291,DS002,SKU0185,Missing Item,98.45,Inventory Accuracy / Putaway,P_DS002_006,Unconfirmed,Refund
QI00001859,ORD000054561,ITEM0000203389,DS002,SKU0078,Missing Item,343.52,Inventory Accuracy / Putaway,P_DS002_021,Unconfirmed,Refund
QI00001860,ORD000054591,ITEM0000203499,DS002,SKU0148,Missing Item,347.32,Inventory Accuracy / Putaway,P_DS002_006,Unconfirmed,Refund
QI00001861,ORD000054660,ITEM0000203772,DS002,SKU0063,Wrong Item,379.74,Shelf Placement / Picking Verification,P_DS002_033,Unconfirmed,Refund
QI00001862,ORD000054685,ITEM0000203874,DS002,SKU0268,Missing Item,882.02,Inventory Accuracy / Putaway,P_DS002_018,Unconfirmed,Refund
QI00001863,ORD000054754,ITEM0000204114,DS002,SKU0249,Missing Item,489.26,Inventory Accuracy / Putaway,P_DS002_024,Unconfirmed,Refund
QI00001864,ORD000054764,ITEM0000204145,DS002,SKU0031,Missing Item,397.46,Inventory Accuracy / Putaway,P_DS002_018,Unconfirmed,Replacement
QI00001865,ORD000054822,ITEM0000204364,DS002,SKU0285,Damaged Item,512.06,Putaway / Picking Handling,,Unconfirmed,Refund
QI00001866,ORD000054842,ITEM0000204433,DS002,SKU0160,Wrong Item,431.6,Shelf Placement / Picking Verification,P_DS002_018,Unconfirmed,Refund
QI00001867,ORD000054849,ITEM0000204454,DS002,SKU0106,Missing Item,465.74,Inventory Accuracy / Putaway,P_DS002_015,Unconfirmed,Replacement
QI00001868,ORD000054864,ITEM0000204505,DS002,SKU0176,Damaged Item,206.65,Putaway / Picking Handling,,Unconfirmed,Refund
QI00001869,ORD000054890,ITEM0000204611,DS002,SKU0286,Missing Item,143.99,Inventory Accuracy / Putaway,P_DS002_027,Unconfirmed,Refund
QI00001870,ORD000054893,ITEM0000204620,DS002,SKU0057,Wrong Item,458.0,Picking,P_DS002_018,Unconfirmed,Refund
QI00001871,ORD000054959,ITEM0000204883,DS002,SKU0226,Missing Item,90.56,Inventory Accuracy / Putaway,P_DS002_007,Unconfirmed,Refund
QI00001872,ORD000054967,ITEM0000204912,DS002,SKU0175,Missing Item,274.68,Inventory Accuracy / Putaway,P_DS002_013,Unconfirmed,Refund
QI00001873,ORD000054997,ITEM0000205027,DS002,SKU0191,Wrong Item,659.63,Picking,P_DS002_034,Unconfirmed,Replacement
QI00001874,ORD000055036,ITEM0000205161,DS002,SKU0081,Wrong Item,43.96,Picking,P_DS002_007,Unconfirmed,Refund
QI00001875,ORD000055079,ITEM0000205329,DS002,SKU0114,Missing Item,233.48,Inventory Accuracy / Putaway,P_DS002_019,Unconfirmed,Refund
QI00001876,ORD000055080,ITEM0000205332,DS002,SKU0263,Wrong Item,234.1,Picking,P_DS002_034,Unconfirmed,Refund
QI00001877,ORD000055129,ITEM0000205524,DS002,SKU0257,Damaged Item,288.34,Putaway / Picking Handling,,Unconfirmed,Refund
QI00001878,ORD000055147,ITEM0000205586,DS002,SKU0026,Wrong Item,132.27,Picking,P_DS002_032,Unconfirmed,Replacement
QI00001879,ORD000055163,ITEM0000205634,DS002,SKU0141,Damaged Item,106.65,Putaway / Picking Handling,,Unconfirmed,Refund
QI00001880,ORD000055164,ITEM0000205638,DS002,SKU0218,Wrong Item,191.94,Shelf Placement / Picking Verification,P_DS002_019,Unconfirmed,Refund
QI00001881,ORD000055185,ITEM0000205717,DS002,SKU0095,Missing Item,112.56,Inventory Accuracy / Putaway,P_DS002_032,Unconfirmed,Refund
QI00001882,ORD000055199,ITEM0000205770,DS002,SKU0134,Missing Item,135.87,Inventory Accuracy / Putaway,P_DS002_020,Unconfirmed,Refund
QI00001883,ORD000055216,ITEM0000205829,DS002,SKU0289,Wrong Item,82.7,Picking,P_DS002_020,Unconfirmed,Refund
QI00001884,ORD000055260,ITEM0000205981,DS002,SKU0141,Missing Item,106.65,Inventory Accuracy / Putaway,P_DS002_008,Unconfirmed,Refund
QI00001885,ORD000055293,ITEM0000206102,DS002,SKU0054,Missing Item,532.92,Inventory Accuracy / Putaway,P_DS002_008,Unconfirmed,Replacement
QI00001886,ORD000055299,ITEM0000206127,DS002,SKU0257,Wrong Item,288.34,Picking,P_DS002_008,Unconfirmed,Replacement
QI00001887,ORD000055315,ITEM0000206186,DS002,SKU0169,Missing Item,64.01,Inventory Accuracy / Putaway,P_DS002_005,Unconfirmed,Refund
QI00001888,ORD000055361,ITEM0000206376,DS002,SKU0097,Missing Item,183.02,Inventory Accuracy / Putaway,P_DS002_008,Unconfirmed,Refund
QI00001889,ORD000055364,ITEM0000206386,DS002,SKU0296,Missing Item,97.56,Inventory Accuracy / Putaway,P_DS002_005,Unconfirmed,Refund
QI00001890,ORD000055378,ITEM0000206447,DS002,SKU0198,Wrong Item,353.83,Shelf Placement / Picking Verification,P_DS002_032,Unconfirmed,Refund
QI00001891,ORD000055400,ITEM0000206531,DS002,SKU0269,Missing Item,399.24,Inventory Accuracy / Putaway,P_DS002_011,Unconfirmed,Refund
QI00001892,ORD000055405,ITEM0000206553,DS002,SKU0141,Missing Item,213.3,Inventory Accuracy / Putaway,P_DS002_005,Unconfirmed,Refund
QI00001893,ORD000055421,ITEM0000206609,DS002,SKU0247,Missing Item,93.98,Inventory Accuracy / Putaway,P_DS002_026,Unconfirmed,Replacement
QI00001894,ORD000055421,ITEM0000206611,DS002,SKU0272,Missing Item,54.7,Inventory Accuracy / Putaway,P_DS002_026,Unconfirmed,Refund
QI00001895,ORD000055436,ITEM0000206668,DS002,SKU0284,Missing Item,248.81,Inventory Accuracy / Putaway,P_DS002_029,Unconfirmed,Refund
QI00001896,ORD000055441,ITEM0000206687,DS002,SKU0113,Missing Item,64.72,Inventory Accuracy / Putaway,P_DS002_008,Unconfirmed,Refund
QI00001897,ORD000055489,ITEM0000206870,DS002,SKU0201,Missing Item,81.18,Inventory Accuracy / Putaway,P_DS002_014,Unconfirmed,Refund
QI00001898,ORD000055514,ITEM0000206961,DS002,SKU0138,Damaged Item,409.79,Putaway / Picking Handling,,Unconfirmed,Replacement
QI00001899,ORD000055526,ITEM0000207007,DS002,SKU0193,Missing Item,647.18,Inventory Accuracy / Putaway,P_DS002_020,Unconfirmed,Refund
QI00001900,ORD000055534,ITEM0000207036,DS002,SKU0114,Wrong Item,116.74,Picking,P_DS002_032,Unconfirmed,Replacement
QI00001901,ORD000055652,ITEM0000207477,DS002,SKU0176,Missing Item,206.65,Inventory Accuracy / Putaway,P_DS002_032,Unconfirmed,Refund
QI00001902,ORD000055670,ITEM0000207537,DS002,SKU0015,Missing Item,159.48,Inventory Accuracy / Putaway,P_DS002_026,Unconfirmed,Replacement
QI00001903,ORD000055670,ITEM0000207539,DS002,SKU0018,Missing Item,292.04,Inventory Accuracy / Putaway,P_DS002_026,Unconfirmed,Refund
QI00001904,ORD000055672,ITEM0000207548,DS002,SKU0111,Missing Item,431.16,Inventory Accuracy / Putaway,P_DS002_026,Unconfirmed,Refund
QI00001905,ORD000055707,ITEM0000207674,DS002,SKU0118,Missing Item,92.32,Inventory Accuracy / Putaway,P_DS002_008,Unconfirmed,Refund
QI00001906,ORD000055770,ITEM0000207908,DS002,SKU0262,Wrong Item,157.52,Picking,P_DS002_005,Unconfirmed,Refund
QI00001907,ORD000055775,ITEM0000207925,DS002,SKU0064,Missing Item,1033.86,Inventory Accuracy / Putaway,P_DS002_026,Unconfirmed,Replacement
QI00001908,ORD000055860,ITEM0000208242,DS002,SKU0022,Wrong Item,446.03,Picking,P_DS002_029,Unconfirmed,Refund
QI00001909,ORD000055874,ITEM0000208300,DS002,SKU0071,Damaged Item,241.58,Putaway / Picking Handling,,Unconfirmed,Refund
QI00001910,ORD000055890,ITEM0000208363,DS002,SKU0119,Damaged Item,182.02,Putaway / Picking Handling,,Unconfirmed,Refund
QI00001911,ORD000055943,ITEM0000208567,DS002,SKU0290,Missing Item,416.48,Inventory Accuracy / Putaway,P_DS002_011,Unconfirmed,Replacement
QI00001912,ORD000055991,ITEM0000208745,DS002,SKU0290,Wrong Item,832.96,Picking,P_DS002_020,Unconfirmed,Refund
QI00001913,ORD000056008,ITEM0000208805,DS002,SKU0166,Wrong Item,493.94,Shelf Placement / Picking Verification,P_DS002_032,Unconfirmed,Refund
QI00001914,ORD000056028,ITEM0000208876,DS002,SKU0141,Missing Item,213.3,Inventory Accuracy / Putaway,P_DS002_033,Unconfirmed,Refund
QI00001915,ORD000056057,ITEM0000208986,DS002,SKU0018,Damaged Item,292.04,Rider Handling / Last Mile,,Unconfirmed,Refund
QI00001916,ORD000056086,ITEM0000209104,DS002,SKU0166,Damaged Item,493.94,Putaway / Picking Handling,,Unconfirmed,Replacement
QI00001917,ORD000056149,ITEM0000209329,DS002,SKU0229,Wrong Item,235.69,Shelf Placement / Picking Verification,P_DS002_027,Unconfirmed,Refund
QI00001918,ORD000056171,ITEM0000209412,DS002,SKU0013,Missing Item,573.06,Inventory Accuracy / Putaway,P_DS002_006,Unconfirmed,Refund
QI00001919,ORD000056173,ITEM0000209418,DS002,SKU0081,Missing Item,43.96,Inventory Accuracy / Putaway,P_DS002_009,Unconfirmed,Refund
QI00001920,ORD000056177,ITEM0000209433,DS002,SKU0198,Wrong Item,353.83,Shelf Placement / Picking Verification,P_DS002_012,Unconfirmed,Refund
QI00001921,ORD000056179,ITEM0000209442,DS002,SKU0022,Missing Item,892.06,Inventory Accuracy / Putaway,P_DS002_009,Unconfirmed,Replacement
QI00001922,ORD000056203,ITEM0000209519,DS002,SKU0152,Missing Item,606.41,Inventory Accuracy / Putaway,P_DS002_021,Unconfirmed,Refund
QI00001923,ORD000056232,ITEM0000209643,DS002,SKU0143,Missing Item,201.68,Inventory Accuracy / Putaway,P_DS002_027,Unconfirmed,Replacement
QI00001924,ORD000056247,ITEM0000209708,DS002,SKU0274,Wrong Item,382.26,Shelf Placement / Picking Verification,P_DS002_027,Unconfirmed,Replacement
QI00001925,ORD000056256,ITEM0000209739,DS002,SKU0241,Missing Item,1389.99,Inventory Accuracy / Putaway,P_DS002_012,Unconfirmed,Replacement
QI00001926,ORD000056278,ITEM0000209819,DS002,SKU0054,Wrong Item,266.46,Shelf Placement / Picking Verification,P_DS002_027,Unconfirmed,Refund
QI00001927,ORD000056286,ITEM0000209849,DS002,SKU0255,Wrong Item,196.14,Picking,P_DS002_006,Unconfirmed,Replacement
QI00001928,ORD000056300,ITEM0000209904,DS002,SKU0011,Missing Item,85.7,Inventory Accuracy / Putaway,P_DS002_015,Unconfirmed,Refund
QI00001929,ORD000056331,ITEM0000210012,DS002,SKU0081,Damaged Item,43.96,Putaway / Picking Handling,,Unconfirmed,Refund
QI00001930,ORD000056355,ITEM0000210100,DS002,SKU0251,Wrong Item,177.56,Picking,P_DS002_009,Unconfirmed,Replacement
QI00001931,ORD000056417,ITEM0000210336,DS002,SKU0022,Damaged Item,446.03,Putaway / Picking Handling,,Unconfirmed,Replacement
QI00001932,ORD000056445,ITEM0000210435,DS002,SKU0226,Damaged Item,90.56,Putaway / Picking Handling,,Unconfirmed,Replacement
QI00001933,ORD000056468,ITEM0000210531,DS002,SKU0237,Missing Item,77.48,Inventory Accuracy / Putaway,P_DS002_009,Unconfirmed,Refund
QI00001934,ORD000056541,ITEM0000210780,DS002,SKU0292,Missing Item,501.99,Inventory Accuracy / Putaway,P_DS002_015,Unconfirmed,Refund
QI00001935,ORD000056594,ITEM0000210966,DS002,SKU0078,Missing Item,343.52,Inventory Accuracy / Putaway,P_DS002_012,Unconfirmed,Replacement
QI00001936,ORD000056605,ITEM0000210996,DS002,SKU0119,Damaged Item,364.04,Putaway / Picking Handling,,Unconfirmed,Refund
QI00001937,ORD000056617,ITEM0000211036,DS002,SKU0004,Wrong Item,240.08,Picking,P_DS002_027,Unconfirmed,Replacement
QI00001938,ORD000056712,ITEM0000211401,DS002,SKU0191,Missing Item,1319.26,Inventory Accuracy / Putaway,P_DS002_030,Unconfirmed,Replacement
QI00001939,ORD000056765,ITEM0000211598,DS002,SKU0201,Damaged Item,81.18,Putaway / Picking Handling,,Unconfirmed,Refund
QI00001940,ORD000056824,ITEM0000211821,DS002,SKU0191,Wrong Item,659.63,Picking,P_DS002_027,Unconfirmed,Replacement
QI00001941,ORD000056829,ITEM0000211844,DS002,SKU0126,Missing Item,976.54,Inventory Accuracy / Putaway,P_DS002_027,Unconfirmed,Refund
QI00001942,ORD000056838,ITEM0000211878,DS002,SKU0074,Wrong Item,233.54,Picking,P_DS002_030,Unconfirmed,Refund
QI00001943,ORD000056847,ITEM0000211913,DS002,SKU0141,Damaged Item,106.65,Putaway / Picking Handling,,Unconfirmed,Refund
QI00001944,ORD000056868,ITEM0000211990,DS002,SKU0037,Missing Item,151.9,Inventory Accuracy / Putaway,P_DS002_006,Unconfirmed,Refund
QI00001945,ORD000056909,ITEM0000212140,DS002,SKU0141,Missing Item,106.65,Inventory Accuracy / Putaway,P_DS002_015,Unconfirmed,Replacement
QI00001946,ORD000056913,ITEM0000212155,DS002,SKU0089,Damaged Item,224.61,Putaway / Picking Handling,,Unconfirmed,Refund
QI00001947,ORD000056936,ITEM0000212237,DS002,SKU0195,Missing Item,1227.36,Inventory Accuracy / Putaway,P_DS002_021,Unconfirmed,Refund
QI00001948,ORD000057002,ITEM0000212487,DS002,SKU0176,Damaged Item,206.65,Putaway / Picking Handling,,Unconfirmed,Refund
QI00001949,ORD000057092,ITEM0000212817,DS002,SKU0122,Missing Item,260.05,Inventory Accuracy / Putaway,P_DS002_027,Unconfirmed,Replacement
QI00001950,ORD000057165,ITEM0000213042,DS002,SKU0249,Missing Item,978.52,Inventory Accuracy / Putaway,P_DS002_009,Unconfirmed,Refund
QI00001951,ORD000057178,ITEM0000213093,DS002,SKU0130,Missing Item,88.96,Inventory Accuracy / Putaway,P_DS002_013,Unconfirmed,Refund
QI00001952,ORD000057183,ITEM0000213108,DS002,SKU0131,Missing Item,510.64,Inventory Accuracy / Putaway,P_DS002_019,Unconfirmed,Refund
QI00001953,ORD000057219,ITEM0000213242,DS002,SKU0043,Missing Item,221.22,Inventory Accuracy / Putaway,P_DS002_007,Unconfirmed,Refund
QI00001954,ORD000057226,ITEM0000213278,DS002,SKU0273,Missing Item,303.86,Inventory Accuracy / Putaway,P_DS002_010,Unconfirmed,Refund
QI00001955,ORD000057245,ITEM0000213356,DS002,SKU0184,Missing Item,106.02,Inventory Accuracy / Putaway,P_DS002_001,Unconfirmed,Refund
QI00001956,ORD000057252,ITEM0000213377,DS002,SKU0193,Missing Item,647.18,Inventory Accuracy / Putaway,P_DS002_007,Unconfirmed,Refund
QI00001957,ORD000057301,ITEM0000213551,DS002,SKU0013,Wrong Item,286.53,Shelf Placement / Picking Verification,P_DS002_010,Unconfirmed,Replacement
QI00001958,ORD000057314,ITEM0000213610,DS002,SKU0249,Missing Item,978.52,Inventory Accuracy / Putaway,P_DS002_028,Unconfirmed,Refund
QI00001959,ORD000057347,ITEM0000213730,DS002,SKU0273,Missing Item,303.86,Inventory Accuracy / Putaway,P_DS002_028,Unconfirmed,Refund
QI00001960,ORD000057434,ITEM0000214047,DS002,SKU0019,Missing Item,555.56,Inventory Accuracy / Putaway,P_DS002_010,Unconfirmed,Replacement
QI00001961,ORD000057452,ITEM0000214114,DS002,SKU0051,Damaged Item,25.15,Putaway / Picking Handling,,Unconfirmed,Refund
QI00001962,ORD000057475,ITEM0000214194,DS002,SKU0264,Missing Item,80.67,Inventory Accuracy / Putaway,P_DS002_017,Unconfirmed,Refund
QI00001963,ORD000057476,ITEM0000214199,DS002,SKU0276,Missing Item,222.38,Inventory Accuracy / Putaway,P_DS002_023,Unconfirmed,Refund
QI00001964,ORD000057506,ITEM0000214316,DS002,SKU0129,Wrong Item,21.75,Picking,P_DS002_026,Unconfirmed,Refund
QI00001965,ORD000057529,ITEM0000214395,DS002,SKU0076,Missing Item,534.1,Inventory Accuracy / Putaway,P_DS002_023,Unconfirmed,Refund
QI00001966,ORD000057571,ITEM0000214563,DS002,SKU0198,Missing Item,353.83,Inventory Accuracy / Putaway,P_DS002_008,Unconfirmed,Refund
QI00001967,ORD000057585,ITEM0000214611,DS002,SKU0140,Missing Item,236.01,Inventory Accuracy / Putaway,P_DS002_002,Unconfirmed,Refund
QI00001968,ORD000057588,ITEM0000214619,DS002,SKU0131,Missing Item,510.64,Inventory Accuracy / Putaway,P_DS002_020,Unconfirmed,Refund
QI00001969,ORD000057603,ITEM0000214687,DS002,SKU0281,Wrong Item,264.39,Shelf Placement / Picking Verification,P_DS002_029,Unconfirmed,Replacement
QI00001970,ORD000057604,ITEM0000214694,DS002,SKU0166,Missing Item,493.94,Inventory Accuracy / Putaway,P_DS002_023,Unconfirmed,Replacement
QI00001971,ORD000057653,ITEM0000214873,DS002,SKU0105,Wrong Item,272.14,Shelf Placement / Picking Verification,P_DS002_020,Unconfirmed,Refund
QI00001972,ORD000057715,ITEM0000215094,DS002,SKU0053,Damaged Item,171.77,Putaway / Picking Handling,,Unconfirmed,Replacement
QI00001973,ORD000057721,ITEM0000215117,DS002,SKU0253,Wrong Item,126.6,Picking,P_DS002_014,Unconfirmed,Refund
QI00001974,ORD000057746,ITEM0000215206,DS002,SKU0201,Wrong Item,81.18,Picking,P_DS002_014,Unconfirmed,Replacement
QI00001975,ORD000057771,ITEM0000215312,DS002,SKU0188,Missing Item,186.54,Inventory Accuracy / Putaway,P_DS002_029,Unconfirmed,Replacement
QI00001976,ORD000057868,ITEM0000215671,DS002,SKU0186,Missing Item,52.03,Inventory Accuracy / Putaway,P_DS002_014,Unconfirmed,Refund
QI00001977,ORD000057899,ITEM0000215783,DS002,SKU0193,Missing Item,647.18,Inventory Accuracy / Putaway,P_DS002_020,Unconfirmed,Refund
QI00001978,ORD000057934,ITEM0000215922,DS002,SKU0160,Damaged Item,431.6,Putaway / Picking Handling,,Unconfirmed,Refund
QI00001979,ORD000057958,ITEM0000216008,DS002,SKU0226,Wrong Item,45.28,Picking,P_DS002_014,Unconfirmed,Refund
QI00001980,ORD000058006,ITEM0000216176,DS002,SKU0063,Wrong Item,189.87,Shelf Placement / Picking Verification,P_DS002_008,Unconfirmed,Replacement
QI00001981,ORD000058010,ITEM0000216190,DS002,SKU0160,Wrong Item,215.8,Shelf Placement / Picking Verification,P_DS002_002,Unconfirmed,Refund
QI00001982,ORD000058067,ITEM0000216407,DS002,SKU0109,Missing Item,1152.68,Inventory Accuracy / Putaway,P_DS002_002,Unconfirmed,Refund
QI00001983,ORD000058104,ITEM0000216537,DS002,SKU0106,Missing Item,232.87,Inventory Accuracy / Putaway,P_DS002_005,Unconfirmed,Refund
QI00001984,ORD000058128,ITEM0000216627,DS002,SKU0103,Damaged Item,309.26,Putaway / Picking Handling,,Unconfirmed,Refund
QI00001985,ORD000058179,ITEM0000216820,DS002,SKU0022,Missing Item,446.03,Inventory Accuracy / Putaway,P_DS002_017,Unconfirmed,Refund
QI00001986,ORD000058191,ITEM0000216860,DS002,SKU0150,Missing Item,356.42,Inventory Accuracy / Putaway,P_DS002_029,Unconfirmed,Refund
QI00001987,ORD000058217,ITEM0000216950,DS002,SKU0015,Missing Item,318.96,Inventory Accuracy / Putaway,P_DS002_002,Unconfirmed,Refund
QI00001988,ORD000058242,ITEM0000217037,DS002,SKU0144,Missing Item,164.54,Inventory Accuracy / Putaway,P_DS002_002,Unconfirmed,Replacement
QI00001989,ORD000058251,ITEM0000217069,DS002,SKU0179,Missing Item,490.62,Inventory Accuracy / Putaway,P_DS002_005,Unconfirmed,Refund
QI00001990,ORD000058292,ITEM0000217221,DS002,SKU0017,Damaged Item,625.13,Putaway / Picking Handling,,Unconfirmed,Refund
QI00001991,ORD000058304,ITEM0000217263,DS002,SKU0094,Missing Item,275.16,Inventory Accuracy / Putaway,P_DS002_026,Unconfirmed,Replacement
QI00001992,ORD000058324,ITEM0000217332,DS002,SKU0013,Wrong Item,286.53,Shelf Placement / Picking Verification,P_DS002_014,Unconfirmed,Replacement
QI00001993,ORD000058401,ITEM0000217611,DS002,SKU0227,Missing Item,248.05,Inventory Accuracy / Putaway,P_DS002_021,Unconfirmed,Refund
QI00001994,ORD000058459,ITEM0000217838,DS002,SKU0131,Missing Item,255.32,Inventory Accuracy / Putaway,P_DS002_027,Unconfirmed,Replacement
QI00001995,ORD000058475,ITEM0000217894,DS002,SKU0115,Missing Item,141.88,Inventory Accuracy / Putaway,P_DS002_030,Unconfirmed,Refund
QI00001996,ORD000058484,ITEM0000217928,DS002,SKU0034,Wrong Item,251.6,Picking,P_DS002_027,Unconfirmed,Replacement
QI00001997,ORD000058507,ITEM0000218009,DS002,SKU0188,Missing Item,186.54,Inventory Accuracy / Putaway,P_DS002_021,Unconfirmed,Replacement
QI00001998,ORD000058533,ITEM0000218093,DS002,SKU0115,Missing Item,141.88,Inventory Accuracy / Putaway,P_DS002_030,Unconfirmed,Refund
QI00001999,ORD000058556,ITEM0000218172,DS002,SKU0282,Damaged Item,241.36,Putaway / Picking Handling,,Unconfirmed,Refund
QI00002000,ORD000058641,ITEM0000218485,DS002,SKU0222,Wrong Item,58.51,Picking,P_DS002_021,Unconfirmed,Refund
QI00002001,ORD000058751,ITEM0000218898,DS002,SKU0295,Missing Item,228.23,Inventory Accuracy / Putaway,P_DS002_004,Unconfirmed,Refund
QI00002002,ORD000058788,ITEM0000219016,DS002,SKU0282,Missing Item,241.36,Inventory Accuracy / Putaway,P_DS002_024,Unconfirmed,Refund
QI00002003,ORD000058833,ITEM0000219179,DS002,SKU0070,Missing Item,78.06,Inventory Accuracy / Putaway,P_DS002_021,Unconfirmed,Replacement
QI00002004,ORD000058835,ITEM0000219189,DS002,SKU0034,Missing Item,251.6,Inventory Accuracy / Putaway,P_DS002_004,Unconfirmed,Refund
QI00002005,ORD000058840,ITEM0000219213,DS002,SKU0198,Wrong Item,353.83,Shelf Placement / Picking Verification,P_DS002_004,Unconfirmed,Replacement
QI00002006,ORD000058879,ITEM0000219362,DS002,SKU0131,Wrong Item,255.32,Picking,P_DS002_003,Unconfirmed,Refund
QI00002007,ORD000058902,ITEM0000219445,DS002,SKU0022,Missing Item,892.06,Inventory Accuracy / Putaway,P_DS002_021,Unconfirmed,Refund
QI00002008,ORD000058910,ITEM0000219466,DS002,SKU0034,Missing Item,503.2,Inventory Accuracy / Putaway,P_DS002_033,Unconfirmed,Refund
QI00002009,ORD000058952,ITEM0000219615,DS002,SKU0158,Missing Item,145.24,Inventory Accuracy / Putaway,P_DS002_021,Unconfirmed,Refund
QI00002010,ORD000058952,ITEM0000219619,DS002,SKU0278,Damaged Item,224.88,Putaway / Picking Handling,,Unconfirmed,Refund
QI00002011,ORD000058973,ITEM0000219690,DS002,SKU0134,Missing Item,271.74,Inventory Accuracy / Putaway,P_DS002_024,Unconfirmed,Refund
QI00002012,ORD000058980,ITEM0000219715,DS002,SKU0090,Damaged Item,260.5,Putaway / Picking Handling,,Unconfirmed,Refund
QI00002013,ORD000059005,ITEM0000219804,DS002,SKU0151,Missing Item,103.12,Inventory Accuracy / Putaway,P_DS002_024,Unconfirmed,Refund
QI00002014,ORD000059021,ITEM0000219867,DS002,SKU0160,Missing Item,215.8,Inventory Accuracy / Putaway,P_DS002_003,Unconfirmed,Refund
QI00002015,ORD000059107,ITEM0000220208,DS002,SKU0150,Missing Item,178.21,Inventory Accuracy / Putaway,P_DS002_030,Unconfirmed,Replacement
QI00002016,ORD000059140,ITEM0000220331,DS002,SKU0263,Missing Item,234.1,Inventory Accuracy / Putaway,P_DS002_015,Unconfirmed,Replacement
QI00002017,ORD000059167,ITEM0000220425,DS002,SKU0031,Wrong Item,397.46,Picking,P_DS002_030,Unconfirmed,Replacement
QI00002018,ORD000059260,ITEM0000220781,DS002,SKU0249,Missing Item,1467.78,Inventory Accuracy / Putaway,P_DS002_030,Unconfirmed,Refund
QI00002019,ORD000059338,ITEM0000221050,DS002,SKU0112,Missing Item,130.0,Inventory Accuracy / Putaway,P_DS002_006,Unconfirmed,Refund
QI00002020,ORD000059408,ITEM0000221309,DS002,SKU0071,Wrong Item,120.79,Shelf Placement / Picking Verification,P_DS002_009,Unconfirmed,Replacement
QI00002021,ORD000059447,ITEM0000221453,DS002,SKU0027,Missing Item,261.37,Inventory Accuracy / Putaway,P_DS002_033,Unconfirmed,Refund
QI00002022,ORD000059575,ITEM0000221928,DS002,SKU0064,Damaged Item,344.62,Putaway / Picking Handling,,Unconfirmed,Refund
QI00002023,ORD000059576,ITEM0000221933,DS002,SKU0120,Missing Item,29.79,Inventory Accuracy / Putaway,P_DS002_027,Unconfirmed,Refund
QI00002024,ORD000059633,ITEM0000222122,DS002,SKU0290,Missing Item,416.48,Inventory Accuracy / Putaway,P_DS002_007,Unconfirmed,Refund
QI00002025,ORD000059663,ITEM0000222235,DS002,SKU0227,Missing Item,248.05,Inventory Accuracy / Putaway,P_DS002_034,Unconfirmed,Replacement
QI00002026,ORD000059741,ITEM0000222509,DS002,SKU0283,Missing Item,87.37,Inventory Accuracy / Putaway,P_DS002_025,Unconfirmed,Refund
QI00002027,ORD000059756,ITEM0000222566,DS002,SKU0005,Missing Item,965.94,Inventory Accuracy / Putaway,P_DS002_022,Unconfirmed,Refund
QI00002028,ORD000059759,ITEM0000222574,DS002,SKU0253,Missing Item,126.6,Inventory Accuracy / Putaway,P_DS002_013,Unconfirmed,Refund
QI00002029,ORD000059847,ITEM0000222899,DS002,SKU0229,Missing Item,471.38,Inventory Accuracy / Putaway,P_DS002_034,Unconfirmed,Refund
QI00002030,ORD000059857,ITEM0000222948,DS002,SKU0006,Missing Item,320.8,Inventory Accuracy / Putaway,P_DS002_017,Unconfirmed,Refund
QI00002031,ORD000059896,ITEM0000223101,DS002,SKU0043,Missing Item,442.44,Inventory Accuracy / Putaway,P_DS002_023,Unconfirmed,Refund
QI00002032,ORD000059900,ITEM0000223113,DS002,SKU0013,Missing Item,573.06,Inventory Accuracy / Putaway,P_DS002_017,Unconfirmed,Refund
QI00002033,ORD000059921,ITEM0000223194,DS002,SKU0119,Damaged Item,364.04,Putaway / Picking Handling,,Unconfirmed,Replacement
QI00002034,ORD000059967,ITEM0000223360,DS002,SKU0193,Wrong Item,323.59,Picking,P_DS002_011,Unconfirmed,Replacement
QI00002035,ORD000059980,ITEM0000223408,DS002,SKU0286,Missing Item,143.99,Inventory Accuracy / Putaway,P_DS002_002,Unconfirmed,Refund
QI00002036,ORD000060034,ITEM0000223602,DS002,SKU0057,Missing Item,458.0,Inventory Accuracy / Putaway,P_DS002_002,Unconfirmed,Refund
QI00002037,ORD000060051,ITEM0000223669,DS002,SKU0195,Missing Item,613.68,Inventory Accuracy / Putaway,P_DS002_023,Unconfirmed,Refund
QI00002038,ORD000060068,ITEM0000223738,DS002,SKU0133,Damaged Item,664.79,Putaway / Picking Handling,,Unconfirmed,Replacement
QI00002039,ORD000060103,ITEM0000223872,DS002,SKU0248,Missing Item,232.94,Inventory Accuracy / Putaway,P_DS002_014,Unconfirmed,Replacement
QI00002040,ORD000060132,ITEM0000223985,DS002,SKU0186,Wrong Item,52.03,Picking,P_DS002_032,Unconfirmed,Refund
QI00002041,ORD000060220,ITEM0000224309,DS002,SKU0212,Missing Item,64.87,Inventory Accuracy / Putaway,P_DS002_008,Unconfirmed,Refund
QI00002042,ORD000060292,ITEM0000224573,DS002,SKU0113,Missing Item,129.44,Inventory Accuracy / Putaway,P_DS002_008,Unconfirmed,Refund
QI00002043,ORD000060305,ITEM0000224609,DS002,SKU0229,Missing Item,471.38,Inventory Accuracy / Putaway,P_DS002_011,Unconfirmed,Replacement
QI00002044,ORD000060321,ITEM0000224663,DS002,SKU0215,Missing Item,347.7,Inventory Accuracy / Putaway,P_DS002_002,Unconfirmed,Refund
QI00002045,ORD000060348,ITEM0000224774,DS002,SKU0119,Missing Item,364.04,Inventory Accuracy / Putaway,P_DS002_029,Unconfirmed,Replacement
QI00002046,ORD000060408,ITEM0000224986,DS002,SKU0158,Missing Item,145.24,Inventory Accuracy / Putaway,P_DS002_014,Unconfirmed,Refund
QI00002047,ORD000060412,ITEM0000224997,DS002,SKU0076,Missing Item,267.05,Inventory Accuracy / Putaway,P_DS002_008,Unconfirmed,Refund
QI00002048,ORD000060417,ITEM0000225018,DS002,SKU0018,Missing Item,584.08,Inventory Accuracy / Putaway,P_DS002_023,Unconfirmed,Replacement
QI00002049,ORD000060467,ITEM0000225196,DS002,SKU0226,Missing Item,45.28,Inventory Accuracy / Putaway,P_DS002_017,Unconfirmed,Refund
QI00002050,ORD000060472,ITEM0000225218,DS002,SKU0083,Missing Item,491.19,Inventory Accuracy / Putaway,P_DS002_029,Unconfirmed,Refund
QI00002051,ORD000060508,ITEM0000225362,DS002,SKU0202,Wrong Item,388.42,Picking,P_DS002_032,Unconfirmed,Refund
QI00002052,ORD000060513,ITEM0000225379,DS002,SKU0003,Missing Item,399.91,Inventory Accuracy / Putaway,P_DS002_011,Unconfirmed,Refund
QI00002053,ORD000060516,ITEM0000225390,DS002,SKU0035,Missing Item,311.65,Inventory Accuracy / Putaway,P_DS002_002,Unconfirmed,Refund
QI00002054,ORD000060520,ITEM0000225402,DS002,SKU0071,Missing Item,241.58,Inventory Accuracy / Putaway,P_DS002_002,Unconfirmed,Refund
QI00002055,ORD000060521,ITEM0000225407,DS002,SKU0119,Damaged Item,182.02,Putaway / Picking Handling,,Unconfirmed,Replacement
QI00002056,ORD000060557,ITEM0000225552,DS002,SKU0197,Damaged Item,260.58,Putaway / Picking Handling,,Unconfirmed,Refund
QI00002057,ORD000060559,ITEM0000225562,DS002,SKU0129,Missing Item,21.75,Inventory Accuracy / Putaway,P_DS002_017,Unconfirmed,Refund
QI00002058,ORD000060637,ITEM0000225883,DS002,SKU0161,Missing Item,359.45,Inventory Accuracy / Putaway,P_DS002_029,Unconfirmed,Replacement
QI00002059,ORD000060652,ITEM0000225936,DS002,SKU0224,Missing Item,668.06,Inventory Accuracy / Putaway,P_DS002_011,Unconfirmed,Refund
QI00002060,ORD000060659,ITEM0000225962,DS002,SKU0027,Missing Item,261.37,Inventory Accuracy / Putaway,P_DS002_023,Unconfirmed,Replacement
QI00002061,ORD000060685,ITEM0000226066,DS002,SKU0085,Missing Item,469.4,Inventory Accuracy / Putaway,P_DS002_029,Unconfirmed,Refund
QI00002062,ORD000060733,ITEM0000226223,DS002,SKU0043,Missing Item,221.22,Inventory Accuracy / Putaway,P_DS002_018,Unconfirmed,Refund
QI00002063,ORD000060789,ITEM0000226430,DS002,SKU0287,Missing Item,386.58,Inventory Accuracy / Putaway,P_DS002_021,Unconfirmed,Refund
QI00002064,ORD000060840,ITEM0000226627,DS002,SKU0162,Missing Item,63.51,Inventory Accuracy / Putaway,P_DS002_009,Unconfirmed,Refund
QI00002065,ORD000060847,ITEM0000226666,DS002,SKU0261,Missing Item,312.68,Inventory Accuracy / Putaway,P_DS002_027,Unconfirmed,Refund
QI00002066,ORD000060863,ITEM0000226720,DS002,SKU0093,Missing Item,344.3,Inventory Accuracy / Putaway,P_DS002_015,Unconfirmed,Refund
QI00002067,ORD000060865,ITEM0000226732,DS002,SKU0074,Missing Item,233.54,Inventory Accuracy / Putaway,P_DS002_027,Unconfirmed,Refund
QI00002068,ORD000060920,ITEM0000226914,DS002,SKU0022,Wrong Item,892.06,Picking,P_DS002_030,Unconfirmed,Refund
QI00002069,ORD000060947,ITEM0000227011,DS002,SKU0038,Missing Item,420.41,Inventory Accuracy / Putaway,P_DS002_019,Unconfirmed,Replacement
QI00002070,ORD000060949,ITEM0000227022,DS002,SKU0141,Missing Item,106.65,Inventory Accuracy / Putaway,P_DS002_015,Unconfirmed,Refund
QI00002071,ORD000060978,ITEM0000227129,DS002,SKU0027,Missing Item,261.37,Inventory Accuracy / Putaway,P_DS002_006,Unconfirmed,Refund
QI00002072,ORD000061013,ITEM0000227263,DS002,SKU0193,Missing Item,323.59,Inventory Accuracy / Putaway,P_DS002_018,Unconfirmed,Refund
QI00002073,ORD000061177,ITEM0000227830,DS002,SKU0137,Missing Item,525.12,Inventory Accuracy / Putaway,P_DS002_027,Unconfirmed,Refund
QI00002074,ORD000061221,ITEM0000227973,DS002,SKU0271,Missing Item,98.98,Inventory Accuracy / Putaway,P_DS002_026,Unconfirmed,Replacement
QI00002075,ORD000061221,ITEM0000227975,DS002,SKU0179,Damaged Item,490.62,Putaway / Picking Handling,,Unconfirmed,Refund
QI00002076,ORD000061221,ITEM0000227978,DS002,SKU0018,Missing Item,292.04,Inventory Accuracy / Putaway,P_DS002_026,Unconfirmed,Replacement
QI00002077,ORD000061310,ITEM0000228322,DS002,SKU0104,Missing Item,362.9,Inventory Accuracy / Putaway,P_DS002_033,Unconfirmed,Refund
QI00002078,ORD000061361,ITEM0000228541,DS002,SKU0231,Damaged Item,34.56,Putaway / Picking Handling,,Unconfirmed,Refund
QI00002079,ORD000061371,ITEM0000228579,DS002,SKU0076,Wrong Item,267.05,Picking,P_DS002_033,Unconfirmed,Refund
QI00002080,ORD000061375,ITEM0000228603,DS002,SKU0084,Missing Item,111.02,Inventory Accuracy / Putaway,P_DS002_024,Unconfirmed,Replacement
QI00002081,ORD000061379,ITEM0000228619,DS002,SKU0160,Missing Item,215.8,Inventory Accuracy / Putaway,P_DS002_018,Unconfirmed,Refund
QI00002082,ORD000061393,ITEM0000228665,DS002,SKU0210,Wrong Item,695.1,Picking,P_DS002_024,Unconfirmed,Refund
QI00002083,ORD000061395,ITEM0000228673,DS002,SKU0182,Missing Item,142.83,Inventory Accuracy / Putaway,P_DS002_015,Unconfirmed,Refund
QI00002084,ORD000061446,ITEM0000228884,DS002,SKU0190,Wrong Item,229.14,Picking,P_DS002_021,Unconfirmed,Refund
QI00002085,ORD000061469,ITEM0000228976,DS002,SKU0188,Missing Item,93.27,Inventory Accuracy / Putaway,P_DS002_018,Unconfirmed,Refund
QI00002086,ORD000061476,ITEM0000229008,DS002,SKU0018,Damaged Item,292.04,Putaway / Picking Handling,,Unconfirmed,Refund
QI00002087,ORD000061514,ITEM0000229156,DS002,SKU0081,Missing Item,87.92,Inventory Accuracy / Putaway,P_DS002_006,Unconfirmed,Refund
QI00002088,ORD000061541,ITEM0000229251,DS002,SKU0227,Wrong Item,248.05,Picking,P_DS002_026,Unconfirmed,Refund
QI00002089,ORD000061564,ITEM0000229338,DS002,SKU0066,Missing Item,870.8,Inventory Accuracy / Putaway,P_DS002_006,Unconfirmed,Refund
QI00002090,ORD000061660,ITEM0000229707,DS002,SKU0218,Missing Item,95.97,Inventory Accuracy / Putaway,P_DS002_021,Unconfirmed,Refund
QI00002091,ORD000061710,ITEM0000229921,DS002,SKU0152,Missing Item,606.41,Inventory Accuracy / Putaway,P_DS002_024,Unconfirmed,Replacement
QI00002092,ORD000061715,ITEM0000229938,DS002,SKU0152,Missing Item,606.41,Inventory Accuracy / Putaway,P_DS002_015,Unconfirmed,Refund
QI00002093,ORD000061755,ITEM0000230077,DS002,SKU0221,Wrong Item,278.54,Picking,P_DS002_015,Unconfirmed,Refund
QI00002094,ORD000061756,ITEM0000230080,DS002,SKU0098,Missing Item,311.41,Inventory Accuracy / Putaway,P_DS002_030,Unconfirmed,Replacement
QI00002095,ORD000061774,ITEM0000230147,DS002,SKU0207,Missing Item,174.89,Inventory Accuracy / Putaway,P_DS002_027,Unconfirmed,Refund
QI00002096,ORD000061794,ITEM0000230214,DS002,SKU0125,Missing Item,109.95,Inventory Accuracy / Putaway,P_DS002_006,Unconfirmed,Refund
QI00002097,ORD000061866,ITEM0000230475,DS002,SKU0221,Damaged Item,278.54,Putaway / Picking Handling,,Unconfirmed,Replacement
QI00002098,ORD000061874,ITEM0000230515,DS002,SKU0149,Missing Item,91.54,Inventory Accuracy / Putaway,P_DS002_030,Unconfirmed,Refund
QI00002099,ORD000061949,ITEM0000230780,DS002,SKU0211,Damaged Item,305.02,Putaway / Picking Handling,,Unconfirmed,Replacement
QI00002100,ORD000061950,ITEM0000230785,DS002,SKU0292,Missing Item,501.99,Inventory Accuracy / Putaway,P_DS002_009,Unconfirmed,Refund
QI00002101,ORD000061971,ITEM0000230864,DS002,SKU0171,Missing Item,69.18,Inventory Accuracy / Putaway,P_DS002_003,Unconfirmed,Refund
QI00002102,ORD000061979,ITEM0000230893,DS002,SKU0127,Wrong Item,229.21,Shelf Placement / Picking Verification,P_DS002_025,Unconfirmed,Refund
QI00002103,ORD000061988,ITEM0000230921,DS002,SKU0244,Damaged Item,67.15,Rider Handling / Last Mile,,Unconfirmed,Refund
QI00002104,ORD000061998,ITEM0000230956,DS002,SKU0244,Damaged Item,67.15,Putaway / Picking Handling,,Unconfirmed,Replacement
QI00002105,ORD000062005,ITEM0000230984,DS002,SKU0229,Missing Item,235.69,Inventory Accuracy / Putaway,P_DS002_016,Unconfirmed,Refund
QI00002106,ORD000062072,ITEM0000231248,DS002,SKU0206,Damaged Item,499.14,Putaway / Picking Handling,,Unconfirmed,Refund
QI00002107,ORD000062119,ITEM0000231420,DS002,SKU0150,Wrong Item,178.21,Picking,P_DS002_010,Unconfirmed,Refund
QI00002108,ORD000062119,ITEM0000231421,DS002,SKU0090,Wrong Item,260.5,Picking,P_DS002_010,Unconfirmed,Refund
QI00002109,ORD000062144,ITEM0000231504,DS002,SKU0056,Missing Item,234.62,Inventory Accuracy / Putaway,P_DS002_014,Unconfirmed,Refund
QI00002110,ORD000062188,ITEM0000231652,DS002,SKU0151,Damaged Item,206.24,Putaway / Picking Handling,,Unconfirmed,Replacement
QI00002111,ORD000062234,ITEM0000231831,DS002,SKU0141,Missing Item,213.3,Inventory Accuracy / Putaway,P_DS002_026,Unconfirmed,Refund
QI00002112,ORD000062246,ITEM0000231881,DS002,SKU0069,Missing Item,181.82,Inventory Accuracy / Putaway,P_DS002_023,Unconfirmed,Refund
QI00002113,ORD000062266,ITEM0000231963,DS002,SKU0051,Missing Item,25.15,Inventory Accuracy / Putaway,P_DS002_008,Unconfirmed,Replacement
QI00002114,ORD000062283,ITEM0000232020,DS002,SKU0028,Damaged Item,414.17,Putaway / Picking Handling,,Unconfirmed,Refund
QI00002115,ORD000062307,ITEM0000232120,DS002,SKU0157,Wrong Item,404.54,Picking,P_DS002_032,Unconfirmed,Refund
QI00002116,ORD000062370,ITEM0000232333,DS002,SKU0131,Missing Item,510.64,Inventory Accuracy / Putaway,P_DS002_002,Unconfirmed,Refund
QI00002117,ORD000062450,ITEM0000232629,DS002,SKU0299,Missing Item,46.3,Inventory Accuracy / Putaway,P_DS002_011,Unconfirmed,Refund
QI00002118,ORD000062499,ITEM0000232820,DS002,SKU0058,Missing Item,528.06,Inventory Accuracy / Putaway,P_DS002_011,Unconfirmed,Replacement
QI00002119,ORD000062519,ITEM0000232893,DS002,SKU0076,Missing Item,267.05,Inventory Accuracy / Putaway,P_DS002_026,Unconfirmed,Replacement
QI00002120,ORD000062542,ITEM0000232970,DS002,SKU0206,Missing Item,166.38,Inventory Accuracy / Putaway,P_DS002_017,Unconfirmed,Replacement
QI00002121,ORD000062563,ITEM0000233035,DS002,SKU0131,Missing Item,255.32,Inventory Accuracy / Putaway,P_DS002_032,Unconfirmed,Refund
QI00002122,ORD000062589,ITEM0000233121,DS002,SKU0081,Damaged Item,43.96,Putaway / Picking Handling,,Unconfirmed,Refund
QI00002123,ORD000062604,ITEM0000233180,DS002,SKU0180,Missing Item,37.34,Inventory Accuracy / Putaway,P_DS002_026,Unconfirmed,Refund
QI00002124,ORD000062639,ITEM0000233306,DS002,SKU0120,Missing Item,29.79,Inventory Accuracy / Putaway,P_DS002_032,Unconfirmed,Refund
QI00002125,ORD000062763,ITEM0000233784,DS002,SKU0129,Missing Item,21.75,Inventory Accuracy / Putaway,P_DS002_017,Unconfirmed,Replacement
QI00002126,ORD000062776,ITEM0000233828,DS002,SKU0140,Missing Item,236.01,Inventory Accuracy / Putaway,P_DS002_002,Unconfirmed,Refund
QI00002127,ORD000062910,ITEM0000234342,DS002,SKU0207,Missing Item,174.89,Inventory Accuracy / Putaway,P_DS002_002,Unconfirmed,Refund
QI00002128,ORD000062917,ITEM0000234365,DS002,SKU0168,Missing Item,40.45,Inventory Accuracy / Putaway,P_DS002_026,Unconfirmed,Refund
QI00002129,ORD000062966,ITEM0000234539,DS002,SKU0076,Missing Item,267.05,Inventory Accuracy / Putaway,P_DS002_008,Unconfirmed,Replacement
QI00002130,ORD000062998,ITEM0000234659,DS002,SKU0176,Damaged Item,413.3,Rider Handling / Last Mile,,Unconfirmed,Refund
QI00002131,ORD000063087,ITEM0000235003,DS002,SKU0018,Missing Item,292.04,Inventory Accuracy / Putaway,P_DS002_032,Unconfirmed,Replacement
QI00002132,ORD000063138,ITEM0000235197,DS002,SKU0125,Missing Item,109.95,Inventory Accuracy / Putaway,P_DS002_002,Unconfirmed,Refund
QI00002133,ORD000063229,ITEM0000235530,DS002,SKU0266,Missing Item,218.79,Inventory Accuracy / Putaway,P_DS002_003,Unconfirmed,Replacement
QI00002134,ORD000063384,ITEM0000236111,DS002,SKU0141,Missing Item,106.65,Inventory Accuracy / Putaway,P_DS002_015,Unconfirmed,Refund
QI00002135,ORD000063429,ITEM0000236281,DS002,SKU0166,Wrong Item,493.94,Shelf Placement / Picking Verification,P_DS002_024,Unconfirmed,Refund
QI00002136,ORD000063433,ITEM0000236304,DS002,SKU0246,Missing Item,385.26,Inventory Accuracy / Putaway,P_DS002_021,Unconfirmed,Replacement
QI00002137,ORD000063447,ITEM0000236360,DS002,SKU0082,Wrong Item,868.56,Picking,P_DS002_015,Unconfirmed,Refund
QI00002138,ORD000063509,ITEM0000236583,DS002,SKU0298,Wrong Item,79.22,Shelf Placement / Picking Verification,P_DS002_003,Unconfirmed,Refund
QI00002139,ORD000063511,ITEM0000236589,DS002,SKU0166,Wrong Item,987.88,Shelf Placement / Picking Verification,P_DS002_006,Unconfirmed,Refund
QI00002140,ORD000063545,ITEM0000236714,DS002,SKU0246,Wrong Item,192.63,Picking,P_DS002_009,Unconfirmed,Refund
QI00002141,ORD000063560,ITEM0000236770,DS002,SKU0127,Missing Item,229.21,Inventory Accuracy / Putaway,P_DS002_009,Unconfirmed,Refund
QI00002142,ORD000063584,ITEM0000236867,DS002,SKU0274,Missing Item,382.26,Inventory Accuracy / Putaway,P_DS002_024,Unconfirmed,Replacement
QI00002143,ORD000063653,ITEM0000237135,DS002,SKU0006,Missing Item,160.4,Inventory Accuracy / Putaway,P_DS002_024,Unconfirmed,Replacement
QI00002144,ORD000063673,ITEM0000237214,DS002,SKU0231,Missing Item,69.12,Inventory Accuracy / Putaway,P_DS002_021,Unconfirmed,Replacement
QI00002145,ORD000063684,ITEM0000237251,DS002,SKU0292,Missing Item,501.99,Inventory Accuracy / Putaway,P_DS002_020,Unconfirmed,Refund
QI00002146,ORD000063689,ITEM0000237277,DS002,SKU0108,Missing Item,205.48,Inventory Accuracy / Putaway,P_DS002_033,Unconfirmed,Refund
QI00002147,ORD000063716,ITEM0000237380,DS002,SKU0238,Missing Item,61.62,Inventory Accuracy / Putaway,P_DS002_012,Unconfirmed,Refund
QI00002148,ORD000063786,ITEM0000237623,DS002,SKU0070,Missing Item,78.06,Inventory Accuracy / Putaway,P_DS002_020,Unconfirmed,Refund
QI00002149,ORD000063829,ITEM0000237787,DS002,SKU0097,Missing Item,183.02,Inventory Accuracy / Putaway,P_DS002_006,Unconfirmed,Replacement
QI00002150,ORD000063876,ITEM0000237958,DS002,SKU0158,Missing Item,145.24,Inventory Accuracy / Putaway,P_DS002_012,Unconfirmed,Replacement
QI00002151,ORD000063889,ITEM0000238009,DS002,SKU0006,Damaged Item,160.4,Putaway / Picking Handling,,Unconfirmed,Refund
QI00002152,ORD000063939,ITEM0000238215,DS002,SKU0166,Wrong Item,987.88,Shelf Placement / Picking Verification,P_DS002_027,Unconfirmed,Refund
QI00002153,ORD000064005,ITEM0000238434,DS002,SKU0084,Wrong Item,111.02,Shelf Placement / Picking Verification,P_DS002_024,Unconfirmed,Refund
QI00002154,ORD000064155,ITEM0000239013,DS002,SKU0222,Wrong Item,117.02,Picking,P_DS002_024,Unconfirmed,Replacement
QI00002155,ORD000064168,ITEM0000239059,DS002,SKU0162,Damaged Item,63.51,Putaway / Picking Handling,,Unconfirmed,Replacement
QI00002156,ORD000064180,ITEM0000239098,DS002,SKU0199,Wrong Item,138.52,Shelf Placement / Picking Verification,P_DS002_015,Unconfirmed,Refund
QI00002157,ORD000064253,ITEM0000239359,DS002,SKU0261,Missing Item,312.68,Inventory Accuracy / Putaway,P_DS002_003,Unconfirmed,Refund
QI00002158,ORD000064271,ITEM0000239421,DS002,SKU0119,Missing Item,546.06,Inventory Accuracy / Putaway,P_DS002_012,Unconfirmed,Refund
QI00002159,ORD000064301,ITEM0000239530,DS002,SKU0141,Missing Item,106.65,Inventory Accuracy / Putaway,P_DS002_033,Unconfirmed,Refund
QI00002160,ORD000064340,ITEM0000239671,DS002,SKU0160,Damaged Item,431.6,Putaway / Picking Handling,,Unconfirmed,Refund
QI00002161,ORD000064354,ITEM0000239725,DS002,SKU0229,Wrong Item,471.38,Shelf Placement / Picking Verification,P_DS002_030,Unconfirmed,Refund
QI00002162,ORD000064355,ITEM0000239728,DS002,SKU0001,Missing Item,323.53,Inventory Accuracy / Putaway,P_DS002_003,Unconfirmed,Refund
QI00002163,ORD000064371,ITEM0000239781,DS002,SKU0226,Missing Item,90.56,Inventory Accuracy / Putaway,P_DS002_033,Unconfirmed,Refund
QI00002164,ORD000064387,ITEM0000239845,DS002,SKU0090,Missing Item,260.5,Inventory Accuracy / Putaway,P_DS002_024,Unconfirmed,Refund
QI00002165,ORD000064395,ITEM0000239878,DS002,SKU0002,Wrong Item,130.58,Picking,P_DS002_021,Unconfirmed,Replacement
QI00002166,ORD000064414,ITEM0000239943,DS002,SKU0006,Wrong Item,320.8,Shelf Placement / Picking Verification,P_DS002_015,Unconfirmed,Replacement
QI00002167,ORD000064456,ITEM0000240099,DS002,SKU0022,Missing Item,446.03,Inventory Accuracy / Putaway,P_DS002_024,Unconfirmed,Refund
QI00002168,ORD000064466,ITEM0000240139,DS002,SKU0070,Missing Item,78.06,Inventory Accuracy / Putaway,P_DS002_024,Unconfirmed,Refund
QI00002169,ORD000064516,ITEM0000240321,DS002,SKU0051,Wrong Item,25.15,Picking,P_DS002_009,Unconfirmed,Refund
QI00002170,ORD000064521,ITEM0000240339,DS002,SKU0271,Missing Item,98.98,Inventory Accuracy / Putaway,P_DS002_009,Unconfirmed,Replacement
QI00002171,ORD000064563,ITEM0000240514,DS002,SKU0034,Missing Item,251.6,Inventory Accuracy / Putaway,P_DS002_025,Unconfirmed,Refund
QI00002172,ORD000064574,ITEM0000240557,DS002,SKU0131,Missing Item,255.32,Inventory Accuracy / Putaway,P_DS002_031,Unconfirmed,Refund
QI00002173,ORD000064579,ITEM0000240576,DS002,SKU0195,Missing Item,613.68,Inventory Accuracy / Putaway,P_DS002_034,Unconfirmed,Refund
QI00002174,ORD000064612,ITEM0000240701,DS002,SKU0225,Wrong Item,138.75,Shelf Placement / Picking Verification,P_DS002_001,Unconfirmed,Replacement
QI00002175,ORD000064614,ITEM0000240717,DS002,SKU0053,Damaged Item,171.77,Putaway / Picking Handling,,Unconfirmed,Refund
QI00002176,ORD000064635,ITEM0000240796,DS002,SKU0070,Missing Item,156.12,Inventory Accuracy / Putaway,P_DS002_010,Unconfirmed,Refund
QI00002177,ORD000064638,ITEM0000240807,DS002,SKU0037,Damaged Item,75.95,Putaway / Picking Handling,,Unconfirmed,Replacement
QI00002178,ORD000064641,ITEM0000240822,DS002,SKU0160,Missing Item,215.8,Inventory Accuracy / Putaway,P_DS002_019,Unconfirmed,Refund
QI00002179,ORD000064700,ITEM0000241059,DS002,SKU0244,Missing Item,67.15,Inventory Accuracy / Putaway,P_DS002_017,Unconfirmed,Refund
QI00002180,ORD000064712,ITEM0000241095,DS002,SKU0195,Damaged Item,613.68,Putaway / Picking Handling,,Unconfirmed,Refund
QI00002181,ORD000064776,ITEM0000241347,DS002,SKU0289,Wrong Item,82.7,Picking,P_DS002_017,Unconfirmed,Replacement
QI00002182,ORD000064805,ITEM0000241444,DS002,SKU0187,Damaged Item,579.22,Rider Handling / Last Mile,,Unconfirmed,Refund
QI00002183,ORD000064812,ITEM0000241468,DS002,SKU0218,Wrong Item,95.97,Shelf Placement / Picking Verification,P_DS002_011,Unconfirmed,Refund
QI00002184,ORD000064867,ITEM0000241662,DS002,SKU0058,Missing Item,264.03,Inventory Accuracy / Putaway,P_DS002_026,Unconfirmed,Refund
QI00002185,ORD000064871,ITEM0000241676,DS002,SKU0266,Wrong Item,437.58,Shelf Placement / Picking Verification,P_DS002_020,Unconfirmed,Replacement
QI00002186,ORD000064918,ITEM0000241862,DS002,SKU0018,Damaged Item,584.08,Rider Handling / Last Mile,,Unconfirmed,Refund
QI00002187,ORD000064928,ITEM0000241890,DS002,SKU0097,Missing Item,366.04,Inventory Accuracy / Putaway,P_DS002_002,Unconfirmed,Refund
QI00002188,ORD000064930,ITEM0000241898,DS002,SKU0199,Wrong Item,138.52,Shelf Placement / Picking Verification,P_DS002_023,Unconfirmed,Refund
QI00002189,ORD000064963,ITEM0000242031,DS002,SKU0268,Missing Item,441.01,Inventory Accuracy / Putaway,P_DS002_026,Unconfirmed,Refund
QI00002190,ORD000064991,ITEM0000242126,DS002,SKU0021,Damaged Item,774.84,Putaway / Picking Handling,,Unconfirmed,Refund
QI00002191,ORD000065050,ITEM0000242325,DS002,SKU0158,Missing Item,145.24,Inventory Accuracy / Putaway,P_DS002_026,Unconfirmed,Refund
QI00002192,ORD000065128,ITEM0000242615,DS002,SKU0079,Missing Item,452.12,Inventory Accuracy / Putaway,P_DS002_026,Unconfirmed,Refund
QI00002193,ORD000065135,ITEM0000242647,DS002,SKU0029,Missing Item,49.37,Inventory Accuracy / Putaway,P_DS002_005,Unconfirmed,Refund
QI00002194,ORD000065183,ITEM0000242828,DS002,SKU0232,Missing Item,274.11,Inventory Accuracy / Putaway,P_DS002_017,Unconfirmed,Refund
QI00002195,ORD000065184,ITEM0000242830,DS002,SKU0119,Damaged Item,182.02,Rider Handling / Last Mile,,Unconfirmed,Replacement
QI00002196,ORD000065229,ITEM0000242995,DS002,SKU0183,Missing Item,142.0,Inventory Accuracy / Putaway,P_DS002_023,Unconfirmed,Replacement
QI00002197,ORD000065278,ITEM0000243177,DS002,SKU0209,Damaged Item,102.71,Putaway / Picking Handling,,Unconfirmed,Replacement
QI00002198,ORD000065287,ITEM0000243208,DS002,SKU0034,Missing Item,503.2,Inventory Accuracy / Putaway,P_DS002_005,Unconfirmed,Refund
QI00002199,ORD000065299,ITEM0000243249,DS002,SKU0097,Missing Item,183.02,Inventory Accuracy / Putaway,P_DS002_002,Unconfirmed,Refund
QI00002200,ORD000065308,ITEM0000243281,DS002,SKU0073,Missing Item,152.37,Inventory Accuracy / Putaway,P_DS002_026,Unconfirmed,Refund
QI00002201,ORD000065339,ITEM0000243395,DS002,SKU0002,Missing Item,130.58,Inventory Accuracy / Putaway,P_DS002_005,Unconfirmed,Refund
QI00002202,ORD000065482,ITEM0000243910,DS002,SKU0063,Wrong Item,379.74,Shelf Placement / Picking Verification,P_DS002_023,Unconfirmed,Refund
QI00002203,ORD000065509,ITEM0000243996,DS002,SKU0038,Missing Item,420.41,Inventory Accuracy / Putaway,P_DS002_029,Unconfirmed,Refund
QI00002204,ORD000065587,ITEM0000244249,DS002,SKU0204,Damaged Item,674.82,Putaway / Picking Handling,,Unconfirmed,Refund
QI00002205,ORD000065587,ITEM0000244251,DS002,SKU0073,Wrong Item,152.37,Picking,P_DS002_032,Unconfirmed,Refund
QI00002206,ORD000065594,ITEM0000244287,DS002,SKU0293,Missing Item,468.76,Inventory Accuracy / Putaway,P_DS002_008,Unconfirmed,Refund
QI00002207,ORD000065649,ITEM0000244483,DS002,SKU0131,Missing Item,255.32,Inventory Accuracy / Putaway,P_DS002_002,Unconfirmed,Refund
QI00002208,ORD000065653,ITEM0000244497,DS002,SKU0085,Missing Item,938.8,Inventory Accuracy / Putaway,P_DS002_023,Unconfirmed,Refund
QI00002209,ORD000065659,ITEM0000244529,DS002,SKU0081,Damaged Item,43.96,Putaway / Picking Handling,,Unconfirmed,Refund
QI00002210,ORD000065684,ITEM0000244623,DS002,SKU0298,Missing Item,79.22,Inventory Accuracy / Putaway,P_DS002_020,Unconfirmed,Replacement
QI00002211,ORD000065722,ITEM0000244755,DS002,SKU0024,Missing Item,740.12,Inventory Accuracy / Putaway,P_DS002_002,Unconfirmed,Refund
QI00002212,ORD000065747,ITEM0000244847,DS002,SKU0063,Missing Item,189.87,Inventory Accuracy / Putaway,P_DS002_029,Unconfirmed,Refund
QI00002213,ORD000065760,ITEM0000244889,DS002,SKU0294,Wrong Item,109.46,Picking,P_DS002_020,Unconfirmed,Refund
QI00002214,ORD000065761,ITEM0000244893,DS002,SKU0214,Missing Item,137.01,Inventory Accuracy / Putaway,P_DS002_023,Unconfirmed,Replacement
QI00002215,ORD000065795,ITEM0000245008,DS002,SKU0177,Damaged Item,175.72,Putaway / Picking Handling,,Unconfirmed,Replacement
QI00002216,ORD000065846,ITEM0000245217,DS002,SKU0021,Damaged Item,774.84,Putaway / Picking Handling,,Unconfirmed,Replacement
QI00002217,ORD000065868,ITEM0000245295,DS002,SKU0215,Missing Item,347.7,Inventory Accuracy / Putaway,P_DS002_026,Unconfirmed,Refund
QI00002218,ORD000065967,ITEM0000245652,DS002,SKU0022,Damaged Item,892.06,Putaway / Picking Handling,,Unconfirmed,Refund
QI00002219,ORD000065970,ITEM0000245661,DS002,SKU0104,Damaged Item,181.45,Putaway / Picking Handling,,Unconfirmed,Replacement
QI00002220,ORD000066001,ITEM0000245795,DS002,SKU0221,Damaged Item,278.54,Putaway / Picking Handling,,Unconfirmed,Refund
QI00002221,ORD000066019,ITEM0000245873,DS002,SKU0146,Damaged Item,37.7,Putaway / Picking Handling,,Unconfirmed,Replacement
QI00002222,ORD000066024,ITEM0000245884,DS002,SKU0080,Missing Item,154.38,Inventory Accuracy / Putaway,P_DS002_009,Unconfirmed,Replacement
QI00002223,ORD000066030,ITEM0000245912,DS002,SKU0052,Missing Item,172.63,Inventory Accuracy / Putaway,P_DS002_018,Unconfirmed,Refund
QI00002224,ORD000066035,ITEM0000245928,DS002,SKU0052,Damaged Item,345.26,Putaway / Picking Handling,,Unconfirmed,Replacement
QI00002225,ORD000066041,ITEM0000245954,DS002,SKU0282,Wrong Item,241.36,Picking,P_DS002_006,Unconfirmed,Replacement
QI00002226,ORD000066054,ITEM0000245994,DS002,SKU0024,Damaged Item,370.06,Rider Handling / Last Mile,,Unconfirmed,Refund
QI00002227,ORD000066125,ITEM0000246279,DS002,SKU0149,Damaged Item,183.08,Putaway / Picking Handling,,Unconfirmed,Refund
QI00002228,ORD000066126,ITEM0000246284,DS002,SKU0141,Missing Item,106.65,Inventory Accuracy / Putaway,P_DS002_018,Unconfirmed,Replacement
QI00002229,ORD000066154,ITEM0000246397,DS002,SKU0084,Missing Item,111.02,Inventory Accuracy / Putaway,P_DS002_007,Unconfirmed,Refund
QI00002230,ORD000066204,ITEM0000246590,DS002,SKU0013,Missing Item,573.06,Inventory Accuracy / Putaway,P_DS002_007,Unconfirmed,Refund
QI00002231,ORD000066212,ITEM0000246624,DS002,SKU0005,Missing Item,643.96,Inventory Accuracy / Putaway,P_DS002_009,Unconfirmed,Refund
QI00002232,ORD000066266,ITEM0000246837,DS002,SKU0022,Damaged Item,1338.09,Putaway / Picking Handling,,Unconfirmed,Refund
QI00002233,ORD000066273,ITEM0000246862,DS002,SKU0122,Damaged Item,260.05,Putaway / Picking Handling,,Unconfirmed,Refund
QI00002234,ORD000066295,ITEM0000246940,DS002,SKU0021,Missing Item,387.42,Inventory Accuracy / Putaway,P_DS002_006,Unconfirmed,Refund
QI00002235,ORD000066330,ITEM0000247077,DS002,SKU0222,Damaged Item,58.51,Putaway / Picking Handling,,Unconfirmed,Refund
QI00002236,ORD000066354,ITEM0000247177,DS002,SKU0141,Missing Item,106.65,Inventory Accuracy / Putaway,P_DS002_028,Unconfirmed,Refund
QI00002237,ORD000066402,ITEM0000247359,DS002,SKU0069,Missing Item,181.82,Inventory Accuracy / Putaway,P_DS002_012,Unconfirmed,Refund
QI00002238,ORD000066452,ITEM0000247546,DS002,SKU0199,Damaged Item,138.52,Putaway / Picking Handling,,Unconfirmed,Refund
QI00002239,ORD000066467,ITEM0000247601,DS002,SKU0029,Damaged Item,49.37,Putaway / Picking Handling,,Unconfirmed,Refund
QI00002240,ORD000066503,ITEM0000247734,DS002,SKU0203,Missing Item,260.84,Inventory Accuracy / Putaway,P_DS002_012,Unconfirmed,Refund
QI00002241,ORD000066505,ITEM0000247744,DS002,SKU0035,Missing Item,623.3,Inventory Accuracy / Putaway,P_DS002_003,Unconfirmed,Refund
QI00002242,ORD000066515,ITEM0000247777,DS002,SKU0115,Damaged Item,141.88,Putaway / Picking Handling,,Unconfirmed,Replacement
QI00002243,ORD000066530,ITEM0000247821,DS002,SKU0028,Wrong Item,828.34,Shelf Placement / Picking Verification,P_DS002_018,Unconfirmed,Refund
QI00002244,ORD000066608,ITEM0000248101,DS002,SKU0294,Missing Item,109.46,Inventory Accuracy / Putaway,P_DS002_006,Unconfirmed,Refund
QI00002245,ORD000066610,ITEM0000248110,DS002,SKU0290,Damaged Item,416.48,Putaway / Picking Handling,,Unconfirmed,Refund
QI00002246,ORD000066761,ITEM0000248676,DS002,SKU0253,Missing Item,253.2,Inventory Accuracy / Putaway,P_DS002_009,Unconfirmed,Replacement
QI00002247,ORD000066836,ITEM0000248961,DS002,SKU0044,Damaged Item,196.42,Rider Handling / Last Mile,,Unconfirmed,Refund
QI00002248,ORD000066847,ITEM0000249007,DS002,SKU0243,Missing Item,382.1,Inventory Accuracy / Putaway,P_DS002_006,Unconfirmed,Refund
QI00002249,ORD000066890,ITEM0000249182,DS002,SKU0012,Missing Item,230.15,Inventory Accuracy / Putaway,P_DS002_033,Unconfirmed,Replacement
QI00002250,ORD000066891,ITEM0000249185,DS002,SKU0221,Damaged Item,278.54,Putaway / Picking Handling,,Unconfirmed,Refund
QI00002251,ORD000066916,ITEM0000249290,DS002,SKU0018,Damaged Item,584.08,Rider Handling / Last Mile,,Unconfirmed,Replacement
QI00002252,ORD000066928,ITEM0000249330,DS002,SKU0254,Wrong Item,307.04,Picking,P_DS002_007,Unconfirmed,Replacement
QI00002253,ORD000066961,ITEM0000249442,DS002,SKU0002,Missing Item,130.58,Inventory Accuracy / Putaway,P_DS002_028,Unconfirmed,Replacement
QI00002254,ORD000066965,ITEM0000249457,DS002,SKU0191,Missing Item,659.63,Inventory Accuracy / Putaway,P_DS002_014,Unconfirmed,Replacement
QI00002255,ORD000067084,ITEM0000249886,DS002,SKU0119,Damaged Item,182.02,Rider Handling / Last Mile,,Unconfirmed,Refund
QI00002256,ORD000067088,ITEM0000249903,DS002,SKU0117,Missing Item,42.66,Inventory Accuracy / Putaway,P_DS002_018,Unconfirmed,Replacement
QI00002257,ORD000067106,ITEM0000249966,DS002,SKU0296,Missing Item,97.56,Inventory Accuracy / Putaway,P_DS002_033,Unconfirmed,Refund
QI00002258,ORD000067268,ITEM0000250572,DS002,SKU0244,Damaged Item,134.3,Putaway / Picking Handling,,Unconfirmed,Refund
QI00002259,ORD000067275,ITEM0000250596,DS002,SKU0148,Wrong Item,694.64,Picking,P_DS002_024,Unconfirmed,Replacement
QI00002260,ORD000067286,ITEM0000250636,DS002,SKU0018,Damaged Item,584.08,Rider Handling / Last Mile,,Unconfirmed,Refund
QI00002261,ORD000067288,ITEM0000250643,DS002,SKU0176,Wrong Item,206.65,Picking,P_DS002_015,Unconfirmed,Refund
QI00002262,ORD000067314,ITEM0000250736,DS002,SKU0173,Missing Item,451.68,Inventory Accuracy / Putaway,P_DS002_003,Unconfirmed,Replacement
QI00002263,ORD000067333,ITEM0000250808,DS002,SKU0296,Damaged Item,97.56,Putaway / Picking Handling,,Unconfirmed,Replacement
QI00002264,ORD000067353,ITEM0000250885,DS002,SKU0231,Missing Item,34.56,Inventory Accuracy / Putaway,P_DS002_007,Unconfirmed,Refund
QI00002265,ORD000067357,ITEM0000250894,DS002,SKU0070,Damaged Item,156.12,Rider Handling / Last Mile,,Unconfirmed,Refund
QI00002266,ORD000067360,ITEM0000250909,DS002,SKU0243,Missing Item,191.05,Inventory Accuracy / Putaway,P_DS002_010,Unconfirmed,Refund
QI00002267,ORD000067381,ITEM0000250981,DS002,SKU0242,Missing Item,434.88,Inventory Accuracy / Putaway,P_DS002_013,Unconfirmed,Replacement
QI00002268,ORD000067401,ITEM0000251056,DS002,SKU0182,Missing Item,142.83,Inventory Accuracy / Putaway,P_DS002_010,Unconfirmed,Replacement
QI00002269,ORD000067409,ITEM0000251097,DS002,SKU0114,Missing Item,116.74,Inventory Accuracy / Putaway,P_DS002_013,Unconfirmed,Refund
QI00002270,ORD000067426,ITEM0000251179,DS002,SKU0257,Missing Item,288.34,Inventory Accuracy / Putaway,P_DS002_019,Unconfirmed,Refund
QI00002271,ORD000067446,ITEM0000251252,DS002,SKU0283,Wrong Item,87.37,Picking,P_DS002_028,Unconfirmed,Replacement
QI00002272,ORD000067450,ITEM0000251265,DS002,SKU0147,Missing Item,158.98,Inventory Accuracy / Putaway,P_DS002_028,Unconfirmed,Replacement
QI00002273,ORD000067467,ITEM0000251326,DS002,SKU0209,Damaged Item,102.71,Putaway / Picking Handling,,Unconfirmed,Refund
QI00002274,ORD000067477,ITEM0000251355,DS002,SKU0131,Missing Item,255.32,Inventory Accuracy / Putaway,P_DS002_013,Unconfirmed,Refund
QI00002275,ORD000067482,ITEM0000251378,DS002,SKU0158,Missing Item,290.48,Inventory Accuracy / Putaway,P_DS002_023,Unconfirmed,Replacement
QI00002276,ORD000067496,ITEM0000251443,DS002,SKU0063,Wrong Item,189.87,Shelf Placement / Picking Verification,P_DS002_026,Unconfirmed,Refund
QI00002277,ORD000067500,ITEM0000251462,DS002,SKU0279,Missing Item,109.67,Inventory Accuracy / Putaway,P_DS002_011,Unconfirmed,Refund
QI00002278,ORD000067516,ITEM0000251520,DS002,SKU0292,Wrong Item,1003.98,Picking,P_DS002_032,Unconfirmed,Refund
QI00002279,ORD000067516,ITEM0000251522,DS002,SKU0141,Missing Item,106.65,Inventory Accuracy / Putaway,P_DS002_032,Unconfirmed,Replacement
QI00002280,ORD000067520,ITEM0000251535,DS002,SKU0210,Missing Item,347.55,Inventory Accuracy / Putaway,P_DS002_026,Unconfirmed,Refund
QI00002281,ORD000067550,ITEM0000251645,DS002,SKU0022,Missing Item,446.03,Inventory Accuracy / Putaway,P_DS002_032,Unconfirmed,Refund
QI00002282,ORD000067562,ITEM0000251683,DS002,SKU0082,Damaged Item,434.28,Putaway / Picking Handling,,Unconfirmed,Replacement
QI00002283,ORD000067591,ITEM0000251793,DS002,SKU0273,Missing Item,303.86,Inventory Accuracy / Putaway,P_DS002_032,Unconfirmed,Refund
QI00002284,ORD000067599,ITEM0000251836,DS002,SKU0015,Missing Item,478.44,Inventory Accuracy / Putaway,P_DS002_023,Unconfirmed,Refund
QI00002285,ORD000067650,ITEM0000252039,DS002,SKU0236,Wrong Item,277.44,Picking,P_DS002_011,Unconfirmed,Replacement
QI00002286,ORD000067701,ITEM0000252230,DS002,SKU0077,Damaged Item,190.85,Putaway / Picking Handling,,Unconfirmed,Replacement
QI00002287,ORD000067702,ITEM0000252236,DS002,SKU0146,Missing Item,37.7,Inventory Accuracy / Putaway,P_DS002_002,Unconfirmed,Replacement
QI00002288,ORD000067725,ITEM0000252316,DS002,SKU0029,Missing Item,49.37,Inventory Accuracy / Putaway,P_DS002_023,Unconfirmed,Replacement
QI00002289,ORD000067769,ITEM0000252485,DS002,SKU0291,Missing Item,589.56,Inventory Accuracy / Putaway,P_DS002_020,Unconfirmed,Replacement
QI00002290,ORD000067772,ITEM0000252501,DS002,SKU0022,Missing Item,892.06,Inventory Accuracy / Putaway,P_DS002_020,Unconfirmed,Refund
QI00002291,ORD000067814,ITEM0000252639,DS002,SKU0160,Damaged Item,215.8,Putaway / Picking Handling,,Unconfirmed,Replacement
QI00002292,ORD000067844,ITEM0000252754,DS002,SKU0017,Missing Item,625.13,Inventory Accuracy / Putaway,P_DS002_011,Unconfirmed,Refund
QI00002293,ORD000067854,ITEM0000252790,DS002,SKU0130,Wrong Item,88.96,Picking,P_DS002_011,Unconfirmed,Replacement
QI00002294,ORD000067855,ITEM0000252798,DS002,SKU0221,Missing Item,557.08,Inventory Accuracy / Putaway,P_DS002_002,Unconfirmed,Replacement
QI00002295,ORD000067869,ITEM0000252855,DS002,SKU0028,Wrong Item,414.17,Shelf Placement / Picking Verification,P_DS002_005,Unconfirmed,Refund
QI00002296,ORD000067917,ITEM0000253045,DS002,SKU0181,Wrong Item,825.94,Picking,P_DS002_032,Unconfirmed,Refund
QI00002297,ORD000067940,ITEM0000253122,DS002,SKU0198,Missing Item,353.83,Inventory Accuracy / Putaway,P_DS002_023,Unconfirmed,Replacement
QI00002298,ORD000067981,ITEM0000253271,DS002,SKU0082,Damaged Item,434.28,Putaway / Picking Handling,,Unconfirmed,Refund
QI00002299,ORD000068009,ITEM0000253359,DS002,SKU0296,Missing Item,97.56,Inventory Accuracy / Putaway,P_DS002_017,Unconfirmed,Refund
QI00002300,ORD000068031,ITEM0000253433,DS002,SKU0241,Missing Item,926.66,Inventory Accuracy / Putaway,P_DS002_002,Unconfirmed,Replacement
QI00002301,ORD000068078,ITEM0000253608,DS002,SKU0274,Missing Item,382.26,Inventory Accuracy / Putaway,P_DS002_011,Unconfirmed,Refund
QI00002302,ORD000068082,ITEM0000253617,DS002,SKU0081,Damaged Item,43.96,Putaway / Picking Handling,,Unconfirmed,Refund
QI00002303,ORD000068092,ITEM0000253650,DS002,SKU0084,Missing Item,111.02,Inventory Accuracy / Putaway,P_DS002_020,Unconfirmed,Refund
QI00002304,ORD000068102,ITEM0000253685,DS002,SKU0244,Damaged Item,67.15,Putaway / Picking Handling,,Unconfirmed,Refund
QI00002305,ORD000068117,ITEM0000253749,DS002,SKU0118,Wrong Item,92.32,Picking,P_DS002_032,Unconfirmed,Refund
QI00002306,ORD000068185,ITEM0000253989,DS002,SKU0298,Missing Item,79.22,Inventory Accuracy / Putaway,P_DS002_002,Unconfirmed,Replacement
QI00002307,ORD000068204,ITEM0000254060,DS002,SKU0176,Damaged Item,413.3,Putaway / Picking Handling,,Unconfirmed,Refund
QI00002308,ORD000068214,ITEM0000254096,DS002,SKU0094,Missing Item,137.58,Inventory Accuracy / Putaway,P_DS002_017,Unconfirmed,Refund
QI00002309,ORD000068244,ITEM0000254212,DS002,SKU0053,Missing Item,343.54,Inventory Accuracy / Putaway,P_DS002_014,Unconfirmed,Refund
QI00002310,ORD000068264,ITEM0000254284,DS002,SKU0079,Missing Item,226.06,Inventory Accuracy / Putaway,P_DS002_032,Unconfirmed,Refund
QI00002311,ORD000068278,ITEM0000254332,DS002,SKU0105,Wrong Item,272.14,Shelf Placement / Picking Verification,P_DS002_009,Unconfirmed,Refund
QI00002312,ORD000068323,ITEM0000254489,DS002,SKU0235,Damaged Item,653.54,Putaway / Picking Handling,,Unconfirmed,Refund
QI00002313,ORD000068384,ITEM0000254710,DS002,SKU0006,Wrong Item,320.8,Shelf Placement / Picking Verification,P_DS002_012,Unconfirmed,Refund
QI00002314,ORD000068459,ITEM0000254979,DS002,SKU0283,Damaged Item,87.37,Putaway / Picking Handling,,Unconfirmed,Replacement
QI00002315,ORD000068465,ITEM0000254999,DS002,SKU0021,Missing Item,387.42,Inventory Accuracy / Putaway,P_DS002_012,Unconfirmed,Refund
QI00002316,ORD000068483,ITEM0000255077,DS002,SKU0098,Missing Item,311.41,Inventory Accuracy / Putaway,P_DS002_021,Unconfirmed,Refund
QI00002317,ORD000068500,ITEM0000255147,DS002,SKU0011,Missing Item,85.7,Inventory Accuracy / Putaway,P_DS002_012,Unconfirmed,Replacement
QI00002318,ORD000068532,ITEM0000255246,DS002,SKU0063,Missing Item,569.61,Inventory Accuracy / Putaway,P_DS002_024,Unconfirmed,Refund
QI00002319,ORD000068622,ITEM0000255577,DS002,SKU0109,Missing Item,576.34,Inventory Accuracy / Putaway,P_DS002_033,Unconfirmed,Refund
QI00002320,ORD000068649,ITEM0000255669,DS002,SKU0021,Missing Item,1162.26,Inventory Accuracy / Putaway,P_DS002_018,Unconfirmed,Replacement
QI00002321,ORD000068671,ITEM0000255746,DS002,SKU0064,Missing Item,344.62,Inventory Accuracy / Putaway,P_DS002_006,Unconfirmed,Refund
QI00002322,ORD000068705,ITEM0000255870,DS002,SKU0136,Damaged Item,188.27,Putaway / Picking Handling,,Unconfirmed,Refund
QI00002323,ORD000068733,ITEM0000255988,DS002,SKU0131,Wrong Item,255.32,Picking,P_DS002_033,Unconfirmed,Replacement
QI00002324,ORD000068737,ITEM0000255999,DS002,SKU0071,Damaged Item,120.79,Putaway / Picking Handling,,Unconfirmed,Refund
QI00002325,ORD000068747,ITEM0000256038,DS002,SKU0015,Missing Item,159.48,Inventory Accuracy / Putaway,P_DS002_012,Unconfirmed,Refund
QI00002326,ORD000068763,ITEM0000256104,DS002,SKU0160,Wrong Item,215.8,Shelf Placement / Picking Verification,P_DS002_012,Unconfirmed,Refund
QI00002327,ORD000068788,ITEM0000256201,DS002,SKU0021,Damaged Item,774.84,Putaway / Picking Handling,,Unconfirmed,Refund
QI00002328,ORD000068814,ITEM0000256299,DS002,SKU0283,Missing Item,262.11,Inventory Accuracy / Putaway,P_DS002_018,Unconfirmed,Refund
QI00002329,ORD000068850,ITEM0000256419,DS002,SKU0117,Missing Item,42.66,Inventory Accuracy / Putaway,P_DS002_006,Unconfirmed,Refund
QI00002330,ORD000068877,ITEM0000256528,DS002,SKU0281,Missing Item,264.39,Inventory Accuracy / Putaway,P_DS002_027,Unconfirmed,Refund
QI00002331,ORD000068956,ITEM0000256825,DS002,SKU0036,Wrong Item,250.7,Picking,P_DS002_003,Unconfirmed,Replacement
QI00002332,ORD000068961,ITEM0000256846,DS002,SKU0083,Wrong Item,163.73,Shelf Placement / Picking Verification,P_DS002_021,Unconfirmed,Replacement
QI00002333,ORD000068962,ITEM0000256853,DS002,SKU0038,Wrong Item,420.41,Picking,P_DS002_006,Unconfirmed,Replacement
QI00002334,ORD000068964,ITEM0000256860,DS002,SKU0044,Damaged Item,196.42,Putaway / Picking Handling,,Unconfirmed,Refund
QI00002335,ORD000069008,ITEM0000257039,DS002,SKU0122,Missing Item,260.05,Inventory Accuracy / Putaway,P_DS002_003,Unconfirmed,Refund
QI00002336,ORD000069045,ITEM0000257172,DS002,SKU0114,Wrong Item,116.74,Picking,P_DS002_027,Unconfirmed,Refund
QI00002337,ORD000069076,ITEM0000257300,DS002,SKU0044,Damaged Item,196.42,Putaway / Picking Handling,,Unconfirmed,Replacement
QI00002338,ORD000069117,ITEM0000257464,DS002,SKU0076,Damaged Item,267.05,Putaway / Picking Handling,,Unconfirmed,Refund
QI00002339,ORD000069125,ITEM0000257489,DS002,SKU0237,Missing Item,77.48,Inventory Accuracy / Putaway,P_DS002_018,Unconfirmed,Refund
QI00002340,ORD000069200,ITEM0000257778,DS002,SKU0071,Damaged Item,120.79,Putaway / Picking Handling,,Unconfirmed,Refund
QI00002341,ORD000069224,ITEM0000257866,DS002,SKU0263,Missing Item,234.1,Inventory Accuracy / Putaway,P_DS002_018,Unconfirmed,Refund
QI00002342,ORD000069292,ITEM0000258118,DS002,SKU0007,Missing Item,83.08,Inventory Accuracy / Putaway,P_DS002_024,Unconfirmed,Refund
QI00002343,ORD000069323,ITEM0000258240,DS002,SKU0113,Wrong Item,64.72,Picking,P_DS002_012,Unconfirmed,Refund
QI00002344,ORD000069356,ITEM0000258372,DS002,SKU0173,Wrong Item,225.84,Picking,P_DS002_006,Unconfirmed,Refund
QI00002345,ORD000069372,ITEM0000258434,DS002,SKU0042,Missing Item,1213.0,Inventory Accuracy / Putaway,P_DS002_006,Unconfirmed,Replacement
QI00002346,ORD000069385,ITEM0000258479,DS002,SKU0286,Missing Item,287.98,Inventory Accuracy / Putaway,P_DS002_024,Unconfirmed,Refund
QI00002347,ORD000069400,ITEM0000258524,DS002,SKU0185,Wrong Item,98.45,Shelf Placement / Picking Verification,P_DS002_003,Unconfirmed,Replacement
QI00002348,ORD000069401,ITEM0000258526,DS002,SKU0056,Wrong Item,234.62,Picking,P_DS002_022,Unconfirmed,Refund
QI00002349,ORD000069410,ITEM0000258575,DS002,SKU0209,Damaged Item,102.71,Rider Handling / Last Mile,,Unconfirmed,Replacement
QI00002350,ORD000069413,ITEM0000258589,DS002,SKU0168,Damaged Item,40.45,Putaway / Picking Handling,,Unconfirmed,Refund
QI00002351,ORD000069415,ITEM0000258592,DS002,SKU0007,Missing Item,83.08,Inventory Accuracy / Putaway,P_DS002_007,Unconfirmed,Refund
QI00002352,ORD000069475,ITEM0000258826,DS002,SKU0079,Missing Item,226.06,Inventory Accuracy / Putaway,P_DS002_028,Unconfirmed,Refund
QI00002353,ORD000069488,ITEM0000258876,DS002,SKU0183,Missing Item,142.0,Inventory Accuracy / Putaway,P_DS002_001,Unconfirmed,Refund
QI00002354,ORD000069490,ITEM0000258882,DS002,SKU0198,Missing Item,707.66,Inventory Accuracy / Putaway,P_DS002_001,Unconfirmed,Refund
QI00002355,ORD000069490,ITEM0000258883,DS002,SKU0057,Missing Item,229.0,Inventory Accuracy / Putaway,P_DS002_001,Unconfirmed,Refund
QI00002356,ORD000069510,ITEM0000258956,DS002,SKU0134,Wrong Item,135.87,Picking,P_DS002_001,Unconfirmed,Refund
QI00002357,ORD000069538,ITEM0000259053,DS002,SKU0120,Missing Item,29.79,Inventory Accuracy / Putaway,P_DS002_004,Unconfirmed,Refund
QI00002358,ORD000069582,ITEM0000259213,DS002,SKU0131,Missing Item,255.32,Inventory Accuracy / Putaway,P_DS002_013,Unconfirmed,Refund
QI00002359,ORD000069749,ITEM0000259872,DS002,SKU0225,Wrong Item,277.5,Shelf Placement / Picking Verification,P_DS002_032,Unconfirmed,Refund
QI00002360,ORD000069774,ITEM0000259958,DS002,SKU0245,Damaged Item,280.87,Putaway / Picking Handling,,Unconfirmed,Refund
QI00002361,ORD000069777,ITEM0000259971,DS002,SKU0213,Damaged Item,407.56,Putaway / Picking Handling,,Unconfirmed,Refund
QI00002362,ORD000069789,ITEM0000260021,DS002,SKU0205,Missing Item,336.62,Inventory Accuracy / Putaway,P_DS002_008,Unconfirmed,Refund
QI00002363,ORD000069821,ITEM0000260145,DS002,SKU0180,Missing Item,37.34,Inventory Accuracy / Putaway,P_DS002_014,Unconfirmed,Refund
QI00002364,ORD000069823,ITEM0000260152,DS002,SKU0209,Damaged Item,102.71,Putaway / Picking Handling,,Unconfirmed,Refund
QI00002365,ORD000069857,ITEM0000260269,DS002,SKU0244,Damaged Item,67.15,Putaway / Picking Handling,,Unconfirmed,Replacement
QI00002366,ORD000069995,ITEM0000260770,DS002,SKU0230,Missing Item,259.63,Inventory Accuracy / Putaway,P_DS002_029,Unconfirmed,Refund
QI00002367,ORD000070030,ITEM0000260897,DS002,SKU0024,Missing Item,370.06,Inventory Accuracy / Putaway,P_DS002_020,Unconfirmed,Replacement
QI00002368,ORD000070038,ITEM0000260926,DS002,SKU0191,Missing Item,659.63,Inventory Accuracy / Putaway,P_DS002_020,Unconfirmed,Refund
QI00002369,ORD000070090,ITEM0000261127,DS002,SKU0057,Missing Item,458.0,Inventory Accuracy / Putaway,P_DS002_008,Unconfirmed,Refund
QI00002370,ORD000070113,ITEM0000261214,DS002,SKU0160,Missing Item,215.8,Inventory Accuracy / Putaway,P_DS002_017,Unconfirmed,Replacement
QI00002371,ORD000070152,ITEM0000261367,DS002,SKU0022,Missing Item,446.03,Inventory Accuracy / Putaway,P_DS002_011,Unconfirmed,Replacement
QI00002372,ORD000070196,ITEM0000261534,DS002,SKU0203,Wrong Item,130.42,Picking,P_DS002_014,Unconfirmed,Refund
QI00002373,ORD000070211,ITEM0000261597,DS002,SKU0191,Missing Item,659.63,Inventory Accuracy / Putaway,P_DS002_014,Unconfirmed,Refund
QI00002374,ORD000070216,ITEM0000261614,DS002,SKU0199,Missing Item,138.52,Inventory Accuracy / Putaway,P_DS002_029,Unconfirmed,Refund
QI00002375,ORD000070230,ITEM0000261669,DS002,SKU0042,Wrong Item,606.5,Picking,P_DS002_008,Unconfirmed,Refund
QI00002376,ORD000070279,ITEM0000261842,DS002,SKU0125,Wrong Item,219.9,Picking,P_DS002_032,Unconfirmed,Refund
QI00002377,ORD000070341,ITEM0000262086,DS002,SKU0062,Missing Item,334.2,Inventory Accuracy / Putaway,P_DS002_026,Unconfirmed,Refund
QI00002378,ORD000070393,ITEM0000262284,DS002,SKU0291,Damaged Item,294.78,Putaway / Picking Handling,,Unconfirmed,Refund
QI00002379,ORD000070477,ITEM0000262618,DS002,SKU0267,Wrong Item,801.06,Picking,P_DS002_011,Unconfirmed,Refund
QI00002380,ORD000070514,ITEM0000262755,DS002,SKU0109,Missing Item,1152.68,Inventory Accuracy / Putaway,P_DS002_012,Unconfirmed,Refund
QI00002381,ORD000070534,ITEM0000262834,DS002,SKU0013,Wrong Item,286.53,Shelf Placement / Picking Verification,P_DS002_005,Unconfirmed,Replacement
QI00002382,ORD000070545,ITEM0000262879,DS002,SKU0297,Missing Item,26.2,Inventory Accuracy / Putaway,P_DS002_018,Unconfirmed,Refund
QI00002383,ORD000070568,ITEM0000262972,DS002,SKU0021,Missing Item,387.42,Inventory Accuracy / Putaway,P_DS002_024,Unconfirmed,Refund
QI00002384,ORD000070598,ITEM0000263088,DS002,SKU0237,Missing Item,77.48,Inventory Accuracy / Putaway,P_DS002_012,Unconfirmed,Refund
QI00002385,ORD000070648,ITEM0000263281,DS002,SKU0022,Missing Item,446.03,Inventory Accuracy / Putaway,P_DS002_021,Unconfirmed,Refund
QI00002386,ORD000070701,ITEM0000263475,DS002,SKU0029,Missing Item,49.37,Inventory Accuracy / Putaway,P_DS002_015,Unconfirmed,Refund
QI00002387,ORD000070716,ITEM0000263528,DS002,SKU0131,Damaged Item,510.64,Putaway / Picking Handling,,Unconfirmed,Replacement
QI00002388,ORD000070722,ITEM0000263547,DS002,SKU0166,Wrong Item,493.94,Shelf Placement / Picking Verification,P_DS002_006,Unconfirmed,Replacement
QI00002389,ORD000070730,ITEM0000263583,DS002,SKU0183,Missing Item,142.0,Inventory Accuracy / Putaway,P_DS002_024,Unconfirmed,Replacement
QI00002390,ORD000070738,ITEM0000263607,DS002,SKU0119,Damaged Item,182.02,Putaway / Picking Handling,,Unconfirmed,Refund
QI00002391,ORD000070749,ITEM0000263653,DS002,SKU0057,Missing Item,229.0,Inventory Accuracy / Putaway,P_DS002_024,Unconfirmed,Refund
QI00002392,ORD000070761,ITEM0000263702,DS002,SKU0151,Missing Item,103.12,Inventory Accuracy / Putaway,P_DS002_006,Unconfirmed,Replacement
QI00002393,ORD000070810,ITEM0000263874,DS002,SKU0104,Missing Item,362.9,Inventory Accuracy / Putaway,P_DS002_003,Unconfirmed,Refund
QI00002394,ORD000070835,ITEM0000263961,DS002,SKU0022,Damaged Item,446.03,Putaway / Picking Handling,,Unconfirmed,Refund
QI00002395,ORD000070869,ITEM0000264093,DS002,SKU0212,Missing Item,64.87,Inventory Accuracy / Putaway,P_DS002_033,Unconfirmed,Refund
QI00002396,ORD000070883,ITEM0000264136,DS002,SKU0180,Wrong Item,37.34,Picking,P_DS002_015,Unconfirmed,Refund
QI00002397,ORD000070885,ITEM0000264142,DS002,SKU0042,Missing Item,606.5,Inventory Accuracy / Putaway,P_DS002_015,Unconfirmed,Replacement
QI00002398,ORD000070928,ITEM0000264312,DS002,SKU0043,Missing Item,221.22,Inventory Accuracy / Putaway,P_DS002_006,Unconfirmed,Refund
QI00002399,ORD000070932,ITEM0000264331,DS002,SKU0029,Missing Item,49.37,Inventory Accuracy / Putaway,P_DS002_027,Unconfirmed,Refund
QI00002400,ORD000071022,ITEM0000264656,DS002,SKU0051,Missing Item,50.3,Inventory Accuracy / Putaway,P_DS002_021,Unconfirmed,Replacement
QI00002401,ORD000071040,ITEM0000264713,DS002,SKU0166,Wrong Item,493.94,Shelf Placement / Picking Verification,P_DS002_015,Unconfirmed,Replacement
QI00002402,ORD000071088,ITEM0000264892,DS002,SKU0262,Damaged Item,78.76,Rider Handling / Last Mile,,Unconfirmed,Replacement
QI00002403,ORD000071124,ITEM0000265020,DS002,SKU0148,Missing Item,1041.96,Inventory Accuracy / Putaway,P_DS002_018,Unconfirmed,Replacement
QI00002404,ORD000071142,ITEM0000265085,DS002,SKU0151,Damaged Item,206.24,Putaway / Picking Handling,,Unconfirmed,Refund
QI00002405,ORD000071151,ITEM0000265116,DS002,SKU0018,Damaged Item,584.08,Putaway / Picking Handling,,Unconfirmed,Replacement
QI00002406,ORD000071178,ITEM0000265206,DS002,SKU0111,Missing Item,862.32,Inventory Accuracy / Putaway,P_DS002_012,Unconfirmed,Refund
QI00002407,ORD000071205,ITEM0000265303,DS002,SKU0203,Missing Item,130.42,Inventory Accuracy / Putaway,P_DS002_012,Unconfirmed,Refund
QI00002408,ORD000071270,ITEM0000265534,DS002,SKU0183,Missing Item,142.0,Inventory Accuracy / Putaway,P_DS002_024,Unconfirmed,Refund
QI00002409,ORD000071320,ITEM0000265735,DS002,SKU0119,Damaged Item,182.02,Putaway / Picking Handling,,Unconfirmed,Refund
QI00002410,ORD000071322,ITEM0000265742,DS002,SKU0182,Missing Item,285.66,Inventory Accuracy / Putaway,P_DS002_012,Unconfirmed,Refund
QI00002411,ORD000071329,ITEM0000265769,DS002,SKU0125,Missing Item,219.9,Inventory Accuracy / Putaway,P_DS002_006,Unconfirmed,Refund
QI00002412,ORD000071381,ITEM0000265941,DS002,SKU0165,Damaged Item,552.3,Putaway / Picking Handling,,Unconfirmed,Replacement
QI00002413,ORD000071393,ITEM0000265984,DS002,SKU0166,Missing Item,987.88,Inventory Accuracy / Putaway,P_DS002_006,Unconfirmed,Refund
QI00002414,ORD000071399,ITEM0000266011,DS002,SKU0056,Missing Item,234.62,Inventory Accuracy / Putaway,P_DS002_027,Unconfirmed,Refund
QI00002415,ORD000071418,ITEM0000266089,DS002,SKU0204,Missing Item,337.41,Inventory Accuracy / Putaway,P_DS002_006,Unconfirmed,Refund
QI00002416,ORD000071442,ITEM0000266175,DS002,SKU0257,Missing Item,288.34,Inventory Accuracy / Putaway,P_DS002_012,Unconfirmed,Replacement
QI00002417,ORD000071451,ITEM0000266210,DS002,SKU0178,Wrong Item,125.09,Picking,P_DS002_021,Unconfirmed,Refund
QI00002418,ORD000071575,ITEM0000266706,DS002,SKU0214,Missing Item,137.01,Inventory Accuracy / Putaway,P_DS002_018,Unconfirmed,Refund
QI00002419,ORD000071575,ITEM0000266707,DS002,SKU0185,Wrong Item,98.45,Shelf Placement / Picking Verification,P_DS002_018,Unconfirmed,Replacement
QI00002420,ORD000071649,ITEM0000267003,DS002,SKU0044,Damaged Item,196.42,Putaway / Picking Handling,,Unconfirmed,Refund
QI00002421,ORD000071663,ITEM0000267060,DS002,SKU0277,Missing Item,372.81,Inventory Accuracy / Putaway,P_DS002_003,Unconfirmed,Refund
QI00002422,ORD000071670,ITEM0000267086,DS003,SKU0018,Damaged Item,292.04,Putaway / Picking Handling,,Unconfirmed,Refund
QI00002423,ORD000071670,ITEM0000267088,DS003,SKU0024,Damaged Item,370.06,Putaway / Picking Handling,,Unconfirmed,Refund
QI00002424,ORD000071671,ITEM0000267097,DS003,SKU0119,Missing Item,364.04,Inventory Accuracy / Putaway,P_DS003_001,Unconfirmed,Refund
QI00002425,ORD000071672,ITEM0000267104,DS003,SKU0022,Wrong Item,446.03,Picking,P_DS003_001,Unconfirmed,Refund
QI00002426,ORD000071674,ITEM0000267108,DS003,SKU0011,Missing Item,171.4,Inventory Accuracy / Putaway,P_DS003_001,Unconfirmed,Replacement
QI00002427,ORD000071723,ITEM0000267276,DS003,SKU0231,Missing Item,34.56,Inventory Accuracy / Putaway,P_DS003_028,Unconfirmed,Refund
QI00002428,ORD000071765,ITEM0000267436,DS003,SKU0074,Missing Item,700.62,Inventory Accuracy / Putaway,P_DS003_013,Unconfirmed,Refund
QI00002429,ORD000071791,ITEM0000267528,DS003,SKU0019,Missing Item,277.78,Inventory Accuracy / Putaway,P_DS003_007,Unconfirmed,Refund
QI00002430,ORD000071833,ITEM0000267689,DS003,SKU0141,Wrong Item,106.65,Picking,P_DS003_013,Unconfirmed,Refund
QI00002431,ORD000071845,ITEM0000267736,DS003,SKU0116,Missing Item,32.73,Inventory Accuracy / Putaway,P_DS003_022,Unconfirmed,Refund
QI00002432,ORD000071873,ITEM0000267847,DS003,SKU0239,Missing Item,173.98,Inventory Accuracy / Putaway,P_DS003_008,Unconfirmed,Refund
QI00002433,ORD000071924,ITEM0000268041,DS003,SKU0028,Wrong Item,414.17,Shelf Placement / Picking Verification,P_DS003_008,Unconfirmed,Replacement
QI00002434,ORD000071942,ITEM0000268108,DS003,SKU0240,Wrong Item,71.04,Shelf Placement / Picking Verification,P_DS003_025,Unconfirmed,Replacement
QI00002435,ORD000071945,ITEM0000268121,DS003,SKU0274,Wrong Item,382.26,Shelf Placement / Picking Verification,P_DS003_025,Unconfirmed,Refund
QI00002436,ORD000071999,ITEM0000268320,DS003,SKU0141,Missing Item,213.3,Inventory Accuracy / Putaway,P_DS003_002,Unconfirmed,Replacement
QI00002437,ORD000072018,ITEM0000268381,DS003,SKU0136,Missing Item,564.81,Inventory Accuracy / Putaway,P_DS003_002,Unconfirmed,Refund
QI00002438,ORD000072115,ITEM0000268739,DS003,SKU0104,Wrong Item,181.45,Picking,P_DS003_002,Unconfirmed,Refund
QI00002439,ORD000072133,ITEM0000268810,DS003,SKU0228,Missing Item,352.8,Inventory Accuracy / Putaway,P_DS003_020,Unconfirmed,Replacement
QI00002440,ORD000072153,ITEM0000268895,DS003,SKU0179,Missing Item,490.62,Inventory Accuracy / Putaway,P_DS003_023,Unconfirmed,Refund
QI00002441,ORD000072158,ITEM0000268910,DS003,SKU0276,Missing Item,111.19,Inventory Accuracy / Putaway,P_DS003_005,Unconfirmed,Refund
QI00002442,ORD000072211,ITEM0000269117,DS003,SKU0291,Wrong Item,294.78,Picking,P_DS003_008,Unconfirmed,Refund
QI00002443,ORD000072213,ITEM0000269127,DS003,SKU0226,Missing Item,45.28,Inventory Accuracy / Putaway,P_DS003_011,Unconfirmed,Refund
QI00002444,ORD000072235,ITEM0000269214,DS003,SKU0021,Damaged Item,387.42,Putaway / Picking Handling,,Unconfirmed,Refund
QI00002445,ORD000072252,ITEM0000269269,DS003,SKU0199,Missing Item,138.52,Inventory Accuracy / Putaway,P_DS003_008,Unconfirmed,Refund
QI00002446,ORD000072280,ITEM0000269367,DS003,SKU0280,Missing Item,233.69,Inventory Accuracy / Putaway,P_DS003_005,Unconfirmed,Replacement
QI00002447,ORD000072281,ITEM0000269371,DS003,SKU0037,Missing Item,75.95,Inventory Accuracy / Putaway,P_DS003_032,Unconfirmed,Refund
QI00002448,ORD000072282,ITEM0000269379,DS003,SKU0148,Wrong Item,347.32,Picking,P_DS003_029,Unconfirmed,Refund
QI00002449,ORD000072324,ITEM0000269544,DS003,SKU0298,Wrong Item,79.22,Shelf Placement / Picking Verification,P_DS003_002,Unconfirmed,Refund
QI00002450,ORD000072366,ITEM0000269700,DS003,SKU0085,Wrong Item,469.4,Picking,P_DS003_026,Unconfirmed,Refund
QI00002451,ORD000072393,ITEM0000269792,DS003,SKU0119,Damaged Item,182.02,Putaway / Picking Handling,,Unconfirmed,Replacement
QI00002452,ORD000072406,ITEM0000269833,DS003,SKU0148,Wrong Item,347.32,Picking,P_DS003_002,Unconfirmed,Replacement
QI00002453,ORD000072412,ITEM0000269865,DS003,SKU0279,Missing Item,109.67,Inventory Accuracy / Putaway,P_DS003_005,Unconfirmed,Refund
QI00002454,ORD000072420,ITEM0000269891,DS003,SKU0104,Missing Item,362.9,Inventory Accuracy / Putaway,P_DS003_029,Unconfirmed,Replacement
QI00002455,ORD000072467,ITEM0000270077,DS003,SKU0018,Damaged Item,292.04,Putaway / Picking Handling,,Unconfirmed,Refund
QI00002456,ORD000072477,ITEM0000270119,DS003,SKU0281,Missing Item,264.39,Inventory Accuracy / Putaway,P_DS003_005,Unconfirmed,Refund
QI00002457,ORD000072531,ITEM0000270340,DS003,SKU0228,Missing Item,352.8,Inventory Accuracy / Putaway,P_DS003_029,Unconfirmed,Replacement
QI00002458,ORD000072536,ITEM0000270363,DS003,SKU0020,Missing Item,469.36,Inventory Accuracy / Putaway,P_DS003_002,Unconfirmed,Refund
QI00002459,ORD000072538,ITEM0000270373,DS003,SKU0172,Missing Item,602.72,Inventory Accuracy / Putaway,P_DS003_020,Unconfirmed,Refund
QI00002460,ORD000072586,ITEM0000270544,DS003,SKU0191,Wrong Item,659.63,Picking,P_DS003_005,Unconfirmed,Replacement
QI00002461,ORD000072592,ITEM0000270574,DS003,SKU0221,Missing Item,278.54,Inventory Accuracy / Putaway,P_DS003_002,Unconfirmed,Refund
QI00002462,ORD000072609,ITEM0000270651,DS003,SKU0057,Missing Item,458.0,Inventory Accuracy / Putaway,P_DS003_005,Unconfirmed,Refund
QI00002463,ORD000072697,ITEM0000270975,DS003,SKU0088,Missing Item,608.42,Inventory Accuracy / Putaway,P_DS003_015,Unconfirmed,Refund
QI00002464,ORD000072704,ITEM0000271003,DS003,SKU0244,Missing Item,67.15,Inventory Accuracy / Putaway,P_DS003_021,Unconfirmed,Replacement
QI00002465,ORD000072728,ITEM0000271098,DS003,SKU0024,Damaged Item,370.06,Putaway / Picking Handling,,Unconfirmed,Replacement
QI00002466,ORD000072790,ITEM0000271320,DS003,SKU0289,Missing Item,165.4,Inventory Accuracy / Putaway,P_DS003_021,Unconfirmed,Refund
QI00002467,ORD000072865,ITEM0000271615,DS003,SKU0044,Damaged Item,196.42,Putaway / Picking Handling,,Unconfirmed,Refund
QI00002468,ORD000072867,ITEM0000271619,DS003,SKU0141,Missing Item,213.3,Inventory Accuracy / Putaway,P_DS003_018,Unconfirmed,Refund
QI00002469,ORD000072896,ITEM0000271720,DS003,SKU0165,Wrong Item,276.15,Picking,P_DS003_012,Unconfirmed,Refund
QI00002470,ORD000072904,ITEM0000271761,DS003,SKU0075,Wrong Item,143.63,Shelf Placement / Picking Verification,P_DS003_030,Unconfirmed,Refund
QI00002471,ORD000072993,ITEM0000272069,DS003,SKU0131,Missing Item,510.64,Inventory Accuracy / Putaway,P_DS003_009,Unconfirmed,Refund
QI00002472,ORD000073025,ITEM0000272193,DS003,SKU0081,Damaged Item,43.96,Putaway / Picking Handling,,Unconfirmed,Refund
QI00002473,ORD000073057,ITEM0000272315,DS003,SKU0141,Missing Item,213.3,Inventory Accuracy / Putaway,P_DS003_021,Unconfirmed,Replacement
QI00002474,ORD000073072,ITEM0000272370,DS003,SKU0021,Missing Item,387.42,Inventory Accuracy / Putaway,P_DS003_027,Unconfirmed,Refund
QI00002475,ORD000073169,ITEM0000272725,DS003,SKU0025,Wrong Item,270.66,Shelf Placement / Picking Verification,P_DS003_030,Unconfirmed,Refund
QI00002476,ORD000073220,ITEM0000272911,DS003,SKU0029,Wrong Item,49.37,Picking,P_DS003_003,Unconfirmed,Refund
QI00002477,ORD000073265,ITEM0000273090,DS003,SKU0206,Missing Item,166.38,Inventory Accuracy / Putaway,P_DS003_012,Unconfirmed,Replacement
QI00002478,ORD000073293,ITEM0000273202,DS003,SKU0244,Missing Item,134.3,Inventory Accuracy / Putaway,P_DS003_030,Unconfirmed,Replacement
QI00002479,ORD000073348,ITEM0000273396,DS003,SKU0084,Wrong Item,111.02,Shelf Placement / Picking Verification,P_DS003_003,Unconfirmed,Refund
QI00002480,ORD000073406,ITEM0000273618,DS003,SKU0053,Damaged Item,171.77,Putaway / Picking Handling,,Unconfirmed,Refund
QI00002481,ORD000073425,ITEM0000273688,DS003,SKU0265,Missing Item,385.84,Inventory Accuracy / Putaway,P_DS003_015,Unconfirmed,Replacement
QI00002482,ORD000073428,ITEM0000273699,DS003,SKU0221,Missing Item,278.54,Inventory Accuracy / Putaway,P_DS003_027,Unconfirmed,Replacement
QI00002483,ORD000073429,ITEM0000273706,DS003,SKU0131,Missing Item,510.64,Inventory Accuracy / Putaway,P_DS003_003,Unconfirmed,Refund
QI00002484,ORD000073430,ITEM0000273717,DS003,SKU0261,Missing Item,625.36,Inventory Accuracy / Putaway,P_DS003_030,Unconfirmed,Refund
QI00002485,ORD000073462,ITEM0000273838,DS003,SKU0136,Missing Item,188.27,Inventory Accuracy / Putaway,P_DS003_015,Unconfirmed,Refund
QI00002486,ORD000073487,ITEM0000273937,DS003,SKU0015,Wrong Item,159.48,Picking,P_DS003_027,Unconfirmed,Refund
QI00002487,ORD000073532,ITEM0000274087,DS003,SKU0013,Wrong Item,286.53,Shelf Placement / Picking Verification,P_DS003_003,Unconfirmed,Refund
QI00002488,ORD000073600,ITEM0000274361,DS003,SKU0201,Missing Item,81.18,Inventory Accuracy / Putaway,P_DS003_027,Unconfirmed,Replacement
QI00002489,ORD000073638,ITEM0000274512,DS003,SKU0277,Missing Item,372.81,Inventory Accuracy / Putaway,P_DS003_009,Unconfirmed,Refund
QI00002490,ORD000073745,ITEM0000274893,DS003,SKU0281,Missing Item,264.39,Inventory Accuracy / Putaway,P_DS003_027,Unconfirmed,Replacement
QI00002491,ORD000073745,ITEM0000274895,DS003,SKU0206,Wrong Item,166.38,Picking,P_DS003_027,Unconfirmed,Refund
QI00002492,ORD000073782,ITEM0000275020,DS003,SKU0039,Missing Item,99.3,Inventory Accuracy / Putaway,P_DS003_027,Unconfirmed,Replacement
QI00002493,ORD000073783,ITEM0000275032,DS003,SKU0018,Missing Item,292.04,Inventory Accuracy / Putaway,P_DS003_027,Unconfirmed,Refund
QI00002494,ORD000073812,ITEM0000275134,DS003,SKU0232,Missing Item,274.11,Inventory Accuracy / Putaway,P_DS003_009,Unconfirmed,Refund
QI00002495,ORD000073826,ITEM0000275185,DS003,SKU0084,Wrong Item,111.02,Shelf Placement / Picking Verification,P_DS003_010,Unconfirmed,Refund
QI00002496,ORD000073831,ITEM0000275205,DS003,SKU0141,Missing Item,213.3,Inventory Accuracy / Putaway,P_DS003_013,Unconfirmed,Replacement
QI00002497,ORD000073839,ITEM0000275241,DS003,SKU0135,Missing Item,169.77,Inventory Accuracy / Putaway,P_DS003_016,Unconfirmed,Refund
QI00002498,ORD000073864,ITEM0000275335,DS003,SKU0252,Missing Item,674.74,Inventory Accuracy / Putaway,P_DS003_031,Unconfirmed,Replacement
QI00002499,ORD000073868,ITEM0000275346,DS003,SKU0075,Missing Item,143.63,Inventory Accuracy / Putaway,P_DS003_031,Unconfirmed,Refund
QI00002500,ORD000073887,ITEM0000275416,DS003,SKU0286,Damaged Item,287.98,Putaway / Picking Handling,,Unconfirmed,Refund
QI00002501,ORD000073943,ITEM0000275620,DS003,SKU0203,Missing Item,260.84,Inventory Accuracy / Putaway,P_DS003_013,Unconfirmed,Refund
QI00002502,ORD000074039,ITEM0000275976,DS003,SKU0300,Wrong Item,551.25,Picking,P_DS003_031,Unconfirmed,Refund
QI00002503,ORD000074084,ITEM0000276148,DS003,SKU0079,Damaged Item,452.12,Putaway / Picking Handling,,Unconfirmed,Refund
QI00002504,ORD000074090,ITEM0000276171,DS003,SKU0193,Missing Item,647.18,Inventory Accuracy / Putaway,P_DS003_014,Unconfirmed,Refund
QI00002505,ORD000074100,ITEM0000276201,DS003,SKU0283,Missing Item,87.37,Inventory Accuracy / Putaway,P_DS003_014,Unconfirmed,Replacement
QI00002506,ORD000074107,ITEM0000276231,DS003,SKU0137,Missing Item,262.56,Inventory Accuracy / Putaway,P_DS003_002,Unconfirmed,Refund
QI00002507,ORD000074127,ITEM0000276311,DS003,SKU0074,Missing Item,233.54,Inventory Accuracy / Putaway,P_DS003_020,Unconfirmed,Refund
QI00002508,ORD000074136,ITEM0000276352,DS003,SKU0053,Missing Item,343.54,Inventory Accuracy / Putaway,P_DS003_005,Unconfirmed,Replacement
QI00002509,ORD000074232,ITEM0000276689,DS003,SKU0166,Wrong Item,493.94,Shelf Placement / Picking Verification,P_DS003_020,Unconfirmed,Refund
QI00002510,ORD000074281,ITEM0000276868,DS003,SKU0207,Wrong Item,174.89,Shelf Placement / Picking Verification,P_DS003_002,Unconfirmed,Replacement
QI00002511,ORD000074354,ITEM0000277136,DS003,SKU0022,Wrong Item,446.03,Picking,P_DS003_029,Unconfirmed,Refund
QI00002512,ORD000074399,ITEM0000277296,DS003,SKU0071,Wrong Item,120.79,Shelf Placement / Picking Verification,P_DS003_023,Unconfirmed,Replacement
QI00002513,ORD000074407,ITEM0000277332,DS003,SKU0173,Missing Item,225.84,Inventory Accuracy / Putaway,P_DS003_014,Unconfirmed,Refund
QI00002514,ORD000074412,ITEM0000277350,DS003,SKU0098,Missing Item,311.41,Inventory Accuracy / Putaway,P_DS003_023,Unconfirmed,Refund
QI00002515,ORD000074415,ITEM0000277367,DS003,SKU0221,Damaged Item,278.54,Putaway / Picking Handling,,Unconfirmed,Refund
QI00002516,ORD000074430,ITEM0000277415,DS003,SKU0141,Missing Item,106.65,Inventory Accuracy / Putaway,P_DS003_002,Unconfirmed,Refund
QI00002517,ORD000074452,ITEM0000277509,DS003,SKU0114,Missing Item,116.74,Inventory Accuracy / Putaway,P_DS003_005,Unconfirmed,Refund
QI00002518,ORD000074460,ITEM0000277533,DS003,SKU0013,Damaged Item,573.06,Putaway / Picking Handling,,Unconfirmed,Refund
QI00002519,ORD000074488,ITEM0000277642,DS003,SKU0015,Missing Item,318.96,Inventory Accuracy / Putaway,P_DS003_014,Unconfirmed,Replacement
QI00002520,ORD000074514,ITEM0000277726,DS003,SKU0047,Damaged Item,1160.62,Putaway / Picking Handling,,Unconfirmed,Refund
QI00002521,ORD000074541,ITEM0000277833,DS003,SKU0012,Missing Item,230.15,Inventory Accuracy / Putaway,P_DS003_008,Unconfirmed,Replacement
QI00002522,ORD000074573,ITEM0000277957,DS003,SKU0237,Wrong Item,232.44,Picking,P_DS003_029,Unconfirmed,Refund
QI00002523,ORD000074607,ITEM0000278071,DS003,SKU0064,Missing Item,689.24,Inventory Accuracy / Putaway,P_DS003_020,Unconfirmed,Replacement
QI00002524,ORD000074625,ITEM0000278130,DS003,SKU0250,Wrong Item,195.28,Picking,P_DS003_014,Unconfirmed,Refund
QI00002525,ORD000074644,ITEM0000278209,DS003,SKU0238,Wrong Item,61.62,Picking,P_DS003_005,Unconfirmed,Replacement
QI00002526,ORD000074716,ITEM0000278468,DS003,SKU0285,Wrong Item,512.06,Picking,P_DS003_014,Unconfirmed,Replacement
QI00002527,ORD000074729,ITEM0000278521,DS003,SKU0131,Wrong Item,510.64,Picking,P_DS003_014,Unconfirmed,Refund
QI00002528,ORD000074764,ITEM0000278661,DS003,SKU0278,Damaged Item,674.64,Putaway / Picking Handling,,Unconfirmed,Refund
QI00002529,ORD000074786,ITEM0000278745,DS003,SKU0195,Wrong Item,613.68,Picking,P_DS003_014,Unconfirmed,Replacement
QI00002530,ORD000074841,ITEM0000278960,DS003,SKU0189,Missing Item,458.54,Inventory Accuracy / Putaway,P_DS003_002,Unconfirmed,Refund
QI00002531,ORD000074863,ITEM0000279062,DS003,SKU0287,Damaged Item,386.58,Putaway / Picking Handling,,Unconfirmed,Refund
QI00002532,ORD000074961,ITEM0000279426,DS003,SKU0141,Missing Item,106.65,Inventory Accuracy / Putaway,P_DS003_027,Unconfirmed,Refund
QI00002533,ORD000074961,ITEM0000279428,DS003,SKU0160,Wrong Item,215.8,Shelf Placement / Picking Verification,P_DS003_027,Unconfirmed,Refund
QI00002534,ORD000074965,ITEM0000279444,DS003,SKU0183,Damaged Item,142.0,Putaway / Picking Handling,,Unconfirmed,Replacement
QI00002535,ORD000074988,ITEM0000279530,DS003,SKU0131,Missing Item,510.64,Inventory Accuracy / Putaway,P_DS003_004,Unconfirmed,Refund
QI00002536,ORD000075008,ITEM0000279601,DS003,SKU0219,Missing Item,344.59,Inventory Accuracy / Putaway,P_DS003_015,Unconfirmed,Replacement
QI00002537,ORD000075020,ITEM0000279629,DS003,SKU0053,Missing Item,171.77,Inventory Accuracy / Putaway,P_DS003_003,Unconfirmed,Refund
QI00002538,ORD000075077,ITEM0000279834,DS003,SKU0018,Damaged Item,584.08,Putaway / Picking Handling,,Unconfirmed,Refund
QI00002539,ORD000075080,ITEM0000279850,DS003,SKU0183,Missing Item,142.0,Inventory Accuracy / Putaway,P_DS003_024,Unconfirmed,Refund
QI00002540,ORD000075243,ITEM0000280444,DS003,SKU0120,Missing Item,29.79,Inventory Accuracy / Putaway,P_DS003_003,Unconfirmed,Replacement
QI00002541,ORD000075261,ITEM0000280509,DS003,SKU0127,Missing Item,229.21,Inventory Accuracy / Putaway,P_DS003_015,Unconfirmed,Refund
QI00002542,ORD000075364,ITEM0000280931,DS003,SKU0125,Missing Item,329.85,Inventory Accuracy / Putaway,P_DS003_006,Unconfirmed,Refund
QI00002543,ORD000075365,ITEM0000280933,DS003,SKU0130,Wrong Item,44.48,Picking,P_DS003_012,Unconfirmed,Refund
QI00002544,ORD000075391,ITEM0000281035,DS003,SKU0130,Damaged Item,88.96,Putaway / Picking Handling,,Unconfirmed,Refund
QI00002545,ORD000075511,ITEM0000281471,DS003,SKU0193,Wrong Item,323.59,Picking,P_DS003_027,Unconfirmed,Refund
QI00002546,ORD000075546,ITEM0000281595,DS003,SKU0141,Missing Item,106.65,Inventory Accuracy / Putaway,P_DS003_006,Unconfirmed,Replacement
QI00002547,ORD000075557,ITEM0000281636,DS003,SKU0160,Wrong Item,215.8,Shelf Placement / Picking Verification,P_DS003_006,Unconfirmed,Refund
QI00002548,ORD000075565,ITEM0000281661,DS003,SKU0160,Missing Item,215.8,Inventory Accuracy / Putaway,P_DS003_009,Unconfirmed,Refund
QI00002549,ORD000075576,ITEM0000281704,DS003,SKU0073,Missing Item,152.37,Inventory Accuracy / Putaway,P_DS003_024,Unconfirmed,Refund
QI00002550,ORD000075629,ITEM0000281884,DS003,SKU0199,Missing Item,277.04,Inventory Accuracy / Putaway,P_DS003_006,Unconfirmed,Refund
QI00002551,ORD000075635,ITEM0000281908,DS003,SKU0052,Missing Item,172.63,Inventory Accuracy / Putaway,P_DS003_004,Unconfirmed,Refund
QI00002552,ORD000075669,ITEM0000282031,DS003,SKU0193,Missing Item,647.18,Inventory Accuracy / Putaway,P_DS003_003,Unconfirmed,Replacement
QI00002553,ORD000075677,ITEM0000282059,DS003,SKU0298,Wrong Item,79.22,Shelf Placement / Picking Verification,P_DS003_015,Unconfirmed,Replacement
QI00002554,ORD000075758,ITEM0000282378,DS003,SKU0193,Missing Item,323.59,Inventory Accuracy / Putaway,P_DS003_021,Unconfirmed,Refund
QI00002555,ORD000075775,ITEM0000282443,DS003,SKU0057,Missing Item,229.0,Inventory Accuracy / Putaway,P_DS003_021,Unconfirmed,Replacement
QI00002556,ORD000075775,ITEM0000282446,DS003,SKU0294,Missing Item,218.92,Inventory Accuracy / Putaway,P_DS003_021,Unconfirmed,Refund
QI00002557,ORD000075825,ITEM0000282620,DS003,SKU0236,Missing Item,277.44,Inventory Accuracy / Putaway,P_DS003_015,Unconfirmed,Replacement
QI00002558,ORD000075842,ITEM0000282685,DS003,SKU0292,Missing Item,501.99,Inventory Accuracy / Putaway,P_DS003_021,Unconfirmed,Replacement
QI00002559,ORD000075849,ITEM0000282706,DS003,SKU0113,Wrong Item,64.72,Picking,P_DS003_027,Unconfirmed,Refund
QI00002560,ORD000075852,ITEM0000282723,DS003,SKU0071,Damaged Item,120.79,Putaway / Picking Handling,,Unconfirmed,Refund
QI00002561,ORD000075961,ITEM0000283146,DS003,SKU0204,Missing Item,674.82,Inventory Accuracy / Putaway,P_DS003_024,Unconfirmed,Refund
QI00002562,ORD000075984,ITEM0000283227,DS003,SKU0166,Missing Item,987.88,Inventory Accuracy / Putaway,P_DS003_027,Unconfirmed,Refund
QI00002563,ORD000075988,ITEM0000283242,DS003,SKU0115,Wrong Item,141.88,Picking,P_DS003_015,Unconfirmed,Replacement
QI00002564,ORD000076004,ITEM0000283297,DS003,SKU0063,Wrong Item,379.74,Shelf Placement / Picking Verification,P_DS003_003,Unconfirmed,Refund
QI00002565,ORD000076023,ITEM0000283368,DS003,SKU0135,Wrong Item,169.77,Picking,P_DS003_010,Unconfirmed,Refund
QI00002566,ORD000076037,ITEM0000283410,DS003,SKU0227,Damaged Item,496.1,Putaway / Picking Handling,,Unconfirmed,Refund
QI00002567,ORD000076067,ITEM0000283518,DS003,SKU0281,Damaged Item,264.39,Putaway / Picking Handling,,Unconfirmed,Replacement
QI00002568,ORD000076100,ITEM0000283633,DS003,SKU0152,Damaged Item,1212.82,Putaway / Picking Handling,,Unconfirmed,Refund
QI00002569,ORD000076104,ITEM0000283644,DS003,SKU0114,Missing Item,116.74,Inventory Accuracy / Putaway,P_DS003_001,Unconfirmed,Refund
QI00002570,ORD000076151,ITEM0000283814,DS003,SKU0274,Missing Item,382.26,Inventory Accuracy / Putaway,P_DS003_001,Unconfirmed,Refund
QI00002571,ORD000076162,ITEM0000283863,DS003,SKU0138,Missing Item,409.79,Inventory Accuracy / Putaway,P_DS003_010,Unconfirmed,Replacement
QI00002572,ORD000076194,ITEM0000283995,DS003,SKU0153,Missing Item,134.94,Inventory Accuracy / Putaway,P_DS003_001,Unconfirmed,Refund
QI00002573,ORD000076217,ITEM0000284084,DS003,SKU0008,Missing Item,61.38,Inventory Accuracy / Putaway,P_DS003_004,Unconfirmed,Replacement
QI00002574,ORD000076255,ITEM0000284231,DS003,SKU0008,Missing Item,61.38,Inventory Accuracy / Putaway,P_DS003_025,Unconfirmed,Refund
QI00002575,ORD000076283,ITEM0000284342,DS003,SKU0286,Missing Item,287.98,Inventory Accuracy / Putaway,P_DS003_016,Unconfirmed,Replacement
QI00002576,ORD000076306,ITEM0000284423,DS003,SKU0115,Missing Item,141.88,Inventory Accuracy / Putaway,P_DS003_022,Unconfirmed,Refund
QI00002577,ORD000076313,ITEM0000284452,DS003,SKU0281,Wrong Item,264.39,Shelf Placement / Picking Verification,P_DS003_028,Unconfirmed,Replacement
QI00002578,ORD000076370,ITEM0000284656,DS003,SKU0207,Wrong Item,174.89,Shelf Placement / Picking Verification,P_DS003_032,Unconfirmed,Replacement
QI00002579,ORD000076370,ITEM0000284659,DS003,SKU0183,Missing Item,142.0,Inventory Accuracy / Putaway,P_DS003_032,Unconfirmed,Replacement
QI00002580,ORD000076397,ITEM0000284758,DS003,SKU0138,Wrong Item,819.58,Shelf Placement / Picking Verification,P_DS003_032,Unconfirmed,Refund
QI00002581,ORD000076409,ITEM0000284787,DS003,SKU0018,Damaged Item,584.08,Putaway / Picking Handling,,Unconfirmed,Replacement
QI00002582,ORD000076418,ITEM0000284824,DS003,SKU0081,Missing Item,43.96,Inventory Accuracy / Putaway,P_DS003_008,Unconfirmed,Refund
QI00002583,ORD000076472,ITEM0000285029,DS003,SKU0257,Damaged Item,576.68,Rider Handling / Last Mile,,Unconfirmed,Refund
QI00002584,ORD000076486,ITEM0000285077,DS003,SKU0256,Missing Item,208.54,Inventory Accuracy / Putaway,P_DS003_020,Unconfirmed,Refund
QI00002585,ORD000076502,ITEM0000285132,DS003,SKU0051,Damaged Item,25.15,Putaway / Picking Handling,,Unconfirmed,Replacement
QI00002586,ORD000076505,ITEM0000285148,DS003,SKU0265,Missing Item,192.92,Inventory Accuracy / Putaway,P_DS003_011,Unconfirmed,Replacement
QI00002587,ORD000076541,ITEM0000285283,DS003,SKU0173,Wrong Item,451.68,Picking,P_DS003_029,Unconfirmed,Refund
QI00002588,ORD000076549,ITEM0000285308,DS003,SKU0264,Damaged Item,26.89,Rider Handling / Last Mile,,Unconfirmed,Refund
QI00002589,ORD000076550,ITEM0000285313,DS003,SKU0063,Wrong Item,189.87,Shelf Placement / Picking Verification,P_DS003_023,Unconfirmed,Refund
QI00002590,ORD000076580,ITEM0000285423,DS003,SKU0018,Damaged Item,292.04,Rider Handling / Last Mile,,Unconfirmed,Replacement
QI00002591,ORD000076610,ITEM0000285544,DS003,SKU0253,Damaged Item,126.6,Putaway / Picking Handling,,Unconfirmed,Refund
QI00002592,ORD000076643,ITEM0000285667,DS003,SKU0104,Wrong Item,181.45,Picking,P_DS003_029,Unconfirmed,Refund
QI00002593,ORD000076694,ITEM0000285874,DS003,SKU0144,Missing Item,82.27,Inventory Accuracy / Putaway,P_DS003_002,Unconfirmed,Refund
QI00002594,ORD000076788,ITEM0000286189,DS003,SKU0035,Missing Item,311.65,Inventory Accuracy / Putaway,P_DS003_014,Unconfirmed,Refund
QI00002595,ORD000076792,ITEM0000286207,DS003,SKU0085,Damaged Item,469.4,Putaway / Picking Handling,,Unconfirmed,Refund
QI00002596,ORD000076831,ITEM0000286367,DS003,SKU0021,Wrong Item,387.42,Picking,P_DS003_023,Unconfirmed,Refund
QI00002597,ORD000076846,ITEM0000286422,DS003,SKU0264,Missing Item,26.89,Inventory Accuracy / Putaway,P_DS003_011,Unconfirmed,Replacement
QI00002598,ORD000076852,ITEM0000286436,DS003,SKU0088,Missing Item,1216.84,Inventory Accuracy / Putaway,P_DS003_017,Unconfirmed,Refund
QI00002599,ORD000076902,ITEM0000286626,DS003,SKU0293,Missing Item,234.38,Inventory Accuracy / Putaway,P_DS003_023,Unconfirmed,Refund
QI00002600,ORD000076923,ITEM0000286705,DS003,SKU0107,Missing Item,86.59,Inventory Accuracy / Putaway,P_DS003_017,Unconfirmed,Refund
QI00002601,ORD000076947,ITEM0000286800,DS003,SKU0290,Damaged Item,832.96,Putaway / Picking Handling,,Unconfirmed,Refund
QI00002602,ORD000076949,ITEM0000286809,DS003,SKU0182,Missing Item,142.83,Inventory Accuracy / Putaway,P_DS003_032,Unconfirmed,Replacement
QI00002603,ORD000077037,ITEM0000287140,DS003,SKU0197,Missing Item,260.58,Inventory Accuracy / Putaway,P_DS003_002,Unconfirmed,Refund
QI00002604,ORD000077045,ITEM0000287170,DS003,SKU0128,Damaged Item,78.55,Putaway / Picking Handling,,Unconfirmed,Refund
QI00002605,ORD000077059,ITEM0000287221,DS003,SKU0264,Missing Item,53.78,Inventory Accuracy / Putaway,P_DS003_011,Unconfirmed,Refund
QI00002606,ORD000077062,ITEM0000287232,DS003,SKU0197,Damaged Item,260.58,Putaway / Picking Handling,,Unconfirmed,Refund
QI00002607,ORD000077122,ITEM0000287437,DS003,SKU0275,Damaged Item,44.18,Putaway / Picking Handling,,Unconfirmed,Replacement
QI00002608,ORD000077131,ITEM0000287466,DS003,SKU0045,Missing Item,182.12,Inventory Accuracy / Putaway,P_DS003_014,Unconfirmed,Replacement
QI00002609,ORD000077148,ITEM0000287531,DS003,SKU0085,Wrong Item,469.4,Picking,P_DS003_011,Unconfirmed,Refund
QI00002610,ORD000077171,ITEM0000287612,DS003,SKU0226,Wrong Item,90.56,Picking,P_DS003_021,Unconfirmed,Refund
QI00002611,ORD000077208,ITEM0000287749,DS003,SKU0052,Missing Item,345.26,Inventory Accuracy / Putaway,P_DS003_024,Unconfirmed,Replacement
QI00002612,ORD000077229,ITEM0000287832,DS003,SKU0277,Missing Item,372.81,Inventory Accuracy / Putaway,P_DS003_015,Unconfirmed,Refund
QI00002613,ORD000077258,ITEM0000287946,DS003,SKU0190,Missing Item,229.14,Inventory Accuracy / Putaway,P_DS003_009,Unconfirmed,Replacement
QI00002614,ORD000077259,ITEM0000287953,DS003,SKU0214,Wrong Item,137.01,Shelf Placement / Picking Verification,P_DS003_009,Unconfirmed,Refund
QI00002615,ORD000077319,ITEM0000288183,DS003,SKU0154,Wrong Item,912.46,Picking,P_DS003_018,Unconfirmed,Refund
QI00002616,ORD000077334,ITEM0000288234,DS003,SKU0107,Wrong Item,86.59,Picking,P_DS003_006,Unconfirmed,Replacement
QI00002617,ORD000077351,ITEM0000288305,DS003,SKU0267,Damaged Item,400.53,Putaway / Picking Handling,,Unconfirmed,Refund
QI00002618,ORD000077373,ITEM0000288383,DS003,SKU0160,Missing Item,215.8,Inventory Accuracy / Putaway,P_DS003_015,Unconfirmed,Refund
QI00002619,ORD000077380,ITEM0000288404,DS003,SKU0070,Damaged Item,78.06,Putaway / Picking Handling,,Unconfirmed,Refund
QI00002620,ORD000077390,ITEM0000288443,DS003,SKU0017,Wrong Item,1250.26,Picking,P_DS003_015,Unconfirmed,Replacement
QI00002621,ORD000077405,ITEM0000288511,DS003,SKU0011,Missing Item,85.7,Inventory Accuracy / Putaway,P_DS003_006,Unconfirmed,Refund
QI00002622,ORD000077412,ITEM0000288535,DS003,SKU0220,Wrong Item,182.61,Picking,P_DS003_027,Unconfirmed,Refund
QI00002623,ORD000077422,ITEM0000288569,DS003,SKU0091,Damaged Item,307.74,Putaway / Picking Handling,,Unconfirmed,Refund
QI00002624,ORD000077433,ITEM0000288604,DS003,SKU0081,Damaged Item,43.96,Rider Handling / Last Mile,,Unconfirmed,Refund
QI00002625,ORD000077433,ITEM0000288605,DS003,SKU0017,Damaged Item,1250.26,Putaway / Picking Handling,,Unconfirmed,Refund
QI00002626,ORD000077508,ITEM0000288904,DS003,SKU0160,Wrong Item,431.6,Shelf Placement / Picking Verification,P_DS003_015,Unconfirmed,Refund
QI00002627,ORD000077530,ITEM0000288979,DS003,SKU0267,Missing Item,400.53,Inventory Accuracy / Putaway,P_DS003_024,Unconfirmed,Refund
QI00002628,ORD000077561,ITEM0000289090,DS003,SKU0010,Wrong Item,154.59,Picking,P_DS003_021,Unconfirmed,Refund
QI00002629,ORD000077629,ITEM0000289354,DS003,SKU0079,Damaged Item,452.12,Putaway / Picking Handling,,Unconfirmed,Replacement
QI00002630,ORD000077649,ITEM0000289426,DS003,SKU0229,Damaged Item,235.69,Putaway / Picking Handling,,Unconfirmed,Refund
QI00002631,ORD000077670,ITEM0000289512,DS003,SKU0148,Damaged Item,347.32,Putaway / Picking Handling,,Unconfirmed,Refund
QI00002632,ORD000077672,ITEM0000289516,DS003,SKU0022,Damaged Item,446.03,Putaway / Picking Handling,,Unconfirmed,Refund
QI00002633,ORD000077678,ITEM0000289537,DS003,SKU0241,Missing Item,463.33,Inventory Accuracy / Putaway,P_DS003_030,Unconfirmed,Replacement
QI00002634,ORD000077815,ITEM0000290070,DS003,SKU0084,Wrong Item,222.04,Shelf Placement / Picking Verification,P_DS003_030,Unconfirmed,Refund
QI00002635,ORD000077829,ITEM0000290119,DS003,SKU0249,Missing Item,489.26,Inventory Accuracy / Putaway,P_DS003_024,Unconfirmed,Refund
QI00002636,ORD000077832,ITEM0000290133,DS003,SKU0198,Missing Item,707.66,Inventory Accuracy / Putaway,P_DS003_030,Unconfirmed,Refund
QI00002637,ORD000077888,ITEM0000290346,DS003,SKU0104,Missing Item,362.9,Inventory Accuracy / Putaway,P_DS003_009,Unconfirmed,Refund
QI00002638,ORD000077894,ITEM0000290367,DS003,SKU0013,Wrong Item,286.53,Shelf Placement / Picking Verification,P_DS003_021,Unconfirmed,Refund
QI00002639,ORD000077906,ITEM0000290409,DS003,SKU0247,Missing Item,93.98,Inventory Accuracy / Putaway,P_DS003_018,Unconfirmed,Refund
QI00002640,ORD000077918,ITEM0000290454,DS003,SKU0260,Missing Item,852.51,Inventory Accuracy / Putaway,P_DS003_009,Unconfirmed,Replacement
QI00002641,ORD000077945,ITEM0000290549,DS003,SKU0193,Damaged Item,323.59,Putaway / Picking Handling,,Unconfirmed,Refund
QI00002642,ORD000077960,ITEM0000290594,DS003,SKU0141,Missing Item,106.65,Inventory Accuracy / Putaway,P_DS003_019,Unconfirmed,Replacement
QI00002643,ORD000078002,ITEM0000290769,DS003,SKU0084,Missing Item,222.04,Inventory Accuracy / Putaway,P_DS003_027,Unconfirmed,Refund
QI00002644,ORD000078024,ITEM0000290856,DS003,SKU0068,Missing Item,183.41,Inventory Accuracy / Putaway,P_DS003_024,Unconfirmed,Replacement
QI00002645,ORD000078028,ITEM0000290867,DS003,SKU0135,Missing Item,169.77,Inventory Accuracy / Putaway,P_DS003_024,Unconfirmed,Replacement
QI00002646,ORD000078108,ITEM0000291166,DS003,SKU0131,Missing Item,510.64,Inventory Accuracy / Putaway,P_DS003_026,Unconfirmed,Replacement
QI00002647,ORD000078131,ITEM0000291238,DS003,SKU0007,Wrong Item,166.16,Picking,P_DS003_021,Unconfirmed,Replacement
QI00002648,ORD000078135,ITEM0000291250,DS003,SKU0079,Damaged Item,226.06,Putaway / Picking Handling,,Unconfirmed,Replacement
QI00002649,ORD000078148,ITEM0000291300,DS003,SKU0202,Damaged Item,388.42,Rider Handling / Last Mile,,Unconfirmed,Refund
QI00002650,ORD000078151,ITEM0000291316,DS003,SKU0002,Damaged Item,130.58,Putaway / Picking Handling,,Unconfirmed,Refund
QI00002651,ORD000078161,ITEM0000291353,DS003,SKU0119,Damaged Item,182.02,Putaway / Picking Handling,,Unconfirmed,Replacement
QI00002652,ORD000078169,ITEM0000291389,DS003,SKU0064,Wrong Item,344.62,Picking,P_DS003_026,Unconfirmed,Refund
QI00002653,ORD000078213,ITEM0000291538,DS003,SKU0244,Damaged Item,134.3,Rider Handling / Last Mile,,Unconfirmed,Replacement
QI00002654,ORD000078215,ITEM0000291543,DS003,SKU0015,Wrong Item,159.48,Picking,P_DS003_015,Unconfirmed,Replacement
QI00002655,ORD000078261,ITEM0000291718,DS003,SKU0064,Missing Item,344.62,Inventory Accuracy / Putaway,P_DS003_009,Unconfirmed,Refund
QI00002656,ORD000078263,ITEM0000291729,DS003,SKU0057,Damaged Item,229.0,Putaway / Picking Handling,,Unconfirmed,Refund
QI00002657,ORD000078299,ITEM0000291862,DS003,SKU0090,Wrong Item,260.5,Picking,P_DS003_030,Unconfirmed,Refund
QI00002658,ORD000078300,ITEM0000291871,DS003,SKU0013,Damaged Item,286.53,Putaway / Picking Handling,,Unconfirmed,Refund
QI00002659,ORD000078308,ITEM0000291905,DS003,SKU0177,Missing Item,175.72,Inventory Accuracy / Putaway,P_DS003_006,Unconfirmed,Refund
QI00002660,ORD000078308,ITEM0000291906,DS003,SKU0065,Missing Item,21.72,Inventory Accuracy / Putaway,P_DS003_006,Unconfirmed,Refund
QI00002661,ORD000078326,ITEM0000291972,DS003,SKU0111,Wrong Item,431.16,Picking,P_DS003_018,Unconfirmed,Refund
QI00002662,ORD000078384,ITEM0000292191,DS003,SKU0026,Wrong Item,132.27,Picking,P_DS003_015,Unconfirmed,Refund
QI00002663,ORD000078422,ITEM0000292318,DS003,SKU0207,Damaged Item,174.89,Putaway / Picking Handling,,Unconfirmed,Refund
QI00002664,ORD000078463,ITEM0000292463,DS003,SKU0278,Wrong Item,224.88,Picking,P_DS003_015,Unconfirmed,Replacement
QI00002665,ORD000078473,ITEM0000292500,DS003,SKU0069,Missing Item,90.91,Inventory Accuracy / Putaway,P_DS003_003,Unconfirmed,Replacement
QI00002666,ORD000078479,ITEM0000292528,DS003,SKU0294,Damaged Item,109.46,Putaway / Picking Handling,,Unconfirmed,Refund
QI00002667,ORD000078481,ITEM0000292538,DS003,SKU0139,Missing Item,879.88,Inventory Accuracy / Putaway,P_DS003_006,Unconfirmed,Refund
QI00002668,ORD000078512,ITEM0000292648,DS003,SKU0154,Missing Item,456.23,Inventory Accuracy / Putaway,P_DS003_018,Unconfirmed,Replacement
QI00002669,ORD000078524,ITEM0000292686,DS003,SKU0148,Damaged Item,347.32,Putaway / Picking Handling,,Unconfirmed,Refund
QI00002670,ORD000078555,ITEM0000292813,DS003,SKU0286,Missing Item,143.99,Inventory Accuracy / Putaway,P_DS003_009,Unconfirmed,Refund
QI00002671,ORD000078557,ITEM0000292819,DS003,SKU0201,Missing Item,81.18,Inventory Accuracy / Putaway,P_DS003_021,Unconfirmed,Refund
QI00002672,ORD000078602,ITEM0000292994,DS003,SKU0143,Damaged Item,201.68,Putaway / Picking Handling,,Unconfirmed,Refund
QI00002673,ORD000078649,ITEM0000293170,DS003,SKU0276,Missing Item,222.38,Inventory Accuracy / Putaway,P_DS003_028,Unconfirmed,Replacement
QI00002674,ORD000078651,ITEM0000293179,DS003,SKU0194,Missing Item,468.88,Inventory Accuracy / Putaway,P_DS003_028,Unconfirmed,Replacement
QI00002675,ORD000078707,ITEM0000293392,DS003,SKU0064,Damaged Item,689.24,Putaway / Picking Handling,,Unconfirmed,Refund
QI00002676,ORD000078740,ITEM0000293503,DS003,SKU0005,Missing Item,321.98,Inventory Accuracy / Putaway,P_DS003_019,Unconfirmed,Refund
QI00002677,ORD000078769,ITEM0000293594,DS003,SKU0193,Damaged Item,323.59,Putaway / Picking Handling,,Unconfirmed,Refund
QI00002678,ORD000078769,ITEM0000293595,DS003,SKU0200,Damaged Item,324.5,Putaway / Picking Handling,,Unconfirmed,Refund
QI00002679,ORD000078781,ITEM0000293646,DS003,SKU0057,Missing Item,229.0,Inventory Accuracy / Putaway,P_DS003_017,Unconfirmed,Refund
QI00002680,ORD000078785,ITEM0000293663,DS003,SKU0173,Missing Item,451.68,Inventory Accuracy / Putaway,P_DS003_014,Unconfirmed,Refund
QI00002681,ORD000078810,ITEM0000293748,DS003,SKU0203,Missing Item,130.42,Inventory Accuracy / Putaway,P_DS003_032,Unconfirmed,Refund
QI00002682,ORD000078902,ITEM0000294069,DS003,SKU0057,Missing Item,458.0,Inventory Accuracy / Putaway,P_DS003_011,Unconfirmed,Refund
QI00002683,ORD000078926,ITEM0000294171,DS003,SKU0166,Missing Item,493.94,Inventory Accuracy / Putaway,P_DS003_023,Unconfirmed,Refund
QI00002684,ORD000078949,ITEM0000294264,DS003,SKU0291,Wrong Item,294.78,Picking,P_DS003_011,Unconfirmed,Refund
QI00002685,ORD000078970,ITEM0000294348,DS003,SKU0158,Missing Item,145.24,Inventory Accuracy / Putaway,P_DS003_023,Unconfirmed,Refund
QI00002686,ORD000078979,ITEM0000294376,DS003,SKU0058,Missing Item,264.03,Inventory Accuracy / Putaway,P_DS003_032,Unconfirmed,Refund
QI00002687,ORD000078989,ITEM0000294415,DS003,SKU0151,Missing Item,206.24,Inventory Accuracy / Putaway,P_DS003_026,Unconfirmed,Refund
QI00002688,ORD000078991,ITEM0000294420,DS003,SKU0269,Wrong Item,399.24,Picking,P_DS003_029,Unconfirmed,Refund
QI00002689,ORD000079016,ITEM0000294513,DS003,SKU0084,Wrong Item,222.04,Shelf Placement / Picking Verification,P_DS003_032,Unconfirmed,Replacement
QI00002690,ORD000079025,ITEM0000294546,DS003,SKU0131,Missing Item,255.32,Inventory Accuracy / Putaway,P_DS003_032,Unconfirmed,Refund
QI00002691,ORD000079036,ITEM0000294585,DS003,SKU0074,Damaged Item,233.54,Putaway / Picking Handling,,Unconfirmed,Refund
QI00002692,ORD000079074,ITEM0000294716,DS003,SKU0015,Wrong Item,318.96,Picking,P_DS003_023,Unconfirmed,Replacement
QI00002693,ORD000079076,ITEM0000294723,DS003,SKU0281,Wrong Item,264.39,Shelf Placement / Picking Verification,P_DS003_005,Unconfirmed,Refund
QI00002694,ORD000079082,ITEM0000294750,DS003,SKU0029,Missing Item,49.37,Inventory Accuracy / Putaway,P_DS003_032,Unconfirmed,Refund
QI00002695,ORD000079111,ITEM0000294856,DS003,SKU0283,Wrong Item,87.37,Picking,P_DS003_014,Unconfirmed,Replacement
QI00002696,ORD000079185,ITEM0000295133,DS003,SKU0045,Missing Item,182.12,Inventory Accuracy / Putaway,P_DS003_032,Unconfirmed,Replacement
QI00002697,ORD000079242,ITEM0000295345,DS003,SKU0151,Wrong Item,206.24,Picking,P_DS003_029,Unconfirmed,Replacement
QI00002698,ORD000079333,ITEM0000295673,DS003,SKU0076,Missing Item,267.05,Inventory Accuracy / Putaway,P_DS003_008,Unconfirmed,Refund
QI00002699,ORD000079339,ITEM0000295690,DS003,SKU0059,Missing Item,336.59,Inventory Accuracy / Putaway,P_DS003_008,Unconfirmed,Refund
QI00002700,ORD000079361,ITEM0000295781,DS003,SKU0084,Wrong Item,111.02,Shelf Placement / Picking Verification,P_DS003_008,Unconfirmed,Refund
QI00002701,ORD000079382,ITEM0000295874,DS003,SKU0084,Wrong Item,111.02,Shelf Placement / Picking Verification,P_DS003_032,Unconfirmed,Replacement
QI00002702,ORD000079390,ITEM0000295900,DS003,SKU0114,Missing Item,233.48,Inventory Accuracy / Putaway,P_DS003_029,Unconfirmed,Refund
QI00002703,ORD000079496,ITEM0000296281,DS003,SKU0064,Wrong Item,344.62,Picking,P_DS003_014,Unconfirmed,Replacement
QI00002704,ORD000079534,ITEM0000296433,DS003,SKU0209,Wrong Item,102.71,Picking,P_DS003_026,Unconfirmed,Refund
QI00002705,ORD000079601,ITEM0000296681,DS003,SKU0225,Wrong Item,138.75,Shelf Placement / Picking Verification,P_DS003_029,Unconfirmed,Refund
QI00002706,ORD000079614,ITEM0000296733,DS003,SKU0222,Wrong Item,58.51,Picking,P_DS003_026,Unconfirmed,Replacement
QI00002707,ORD000079646,ITEM0000296857,DS003,SKU0115,Wrong Item,141.88,Picking,P_DS003_017,Unconfirmed,Refund
QI00002708,ORD000079652,ITEM0000296884,DS003,SKU0208,Damaged Item,40.91,Putaway / Picking Handling,,Unconfirmed,Replacement
QI00002709,ORD000079732,ITEM0000297182,DS003,SKU0029,Wrong Item,49.37,Picking,P_DS003_026,Unconfirmed,Refund
QI00002710,ORD000079740,ITEM0000297209,DS003,SKU0131,Missing Item,255.32,Inventory Accuracy / Putaway,P_DS003_023,Unconfirmed,Refund
QI00002711,ORD000079780,ITEM0000297359,DS003,SKU0090,Missing Item,260.5,Inventory Accuracy / Putaway,P_DS003_029,Unconfirmed,Refund
QI00002712,ORD000079818,ITEM0000297501,DS003,SKU0275,Wrong Item,44.18,Picking,P_DS003_014,Unconfirmed,Refund
QI00002713,ORD000079840,ITEM0000297577,DS003,SKU0174,Missing Item,450.76,Inventory Accuracy / Putaway,P_DS003_014,Unconfirmed,Refund
QI00002714,ORD000079842,ITEM0000297587,DS003,SKU0064,Missing Item,344.62,Inventory Accuracy / Putaway,P_DS003_005,Unconfirmed,Replacement
QI00002715,ORD000079849,ITEM0000297618,DS003,SKU0023,Missing Item,500.79,Inventory Accuracy / Putaway,P_DS003_029,Unconfirmed,Refund
QI00002716,ORD000079876,ITEM0000297730,DS003,SKU0160,Missing Item,215.8,Inventory Accuracy / Putaway,P_DS003_017,Unconfirmed,Refund
QI00002717,ORD000079954,ITEM0000298038,DS003,SKU0261,Missing Item,625.36,Inventory Accuracy / Putaway,P_DS003_026,Unconfirmed,Refund
QI00002718,ORD000079962,ITEM0000298069,DS003,SKU0057,Wrong Item,458.0,Picking,P_DS003_011,Unconfirmed,Refund
QI00002719,ORD000080004,ITEM0000298219,DS003,SKU0050,Missing Item,1026.16,Inventory Accuracy / Putaway,P_DS003_021,Unconfirmed,Replacement
QI00002720,ORD000080022,ITEM0000298279,DS003,SKU0177,Missing Item,351.44,Inventory Accuracy / Putaway,P_DS003_018,Unconfirmed,Replacement
QI00002721,ORD000080024,ITEM0000298289,DS003,SKU0150,Missing Item,178.21,Inventory Accuracy / Putaway,P_DS003_003,Unconfirmed,Replacement
QI00002722,ORD000080064,ITEM0000298452,DS003,SKU0227,Missing Item,248.05,Inventory Accuracy / Putaway,P_DS003_018,Unconfirmed,Replacement
QI00002723,ORD000080071,ITEM0000298478,DS003,SKU0249,Missing Item,489.26,Inventory Accuracy / Putaway,P_DS003_018,Unconfirmed,Refund
QI00002724,ORD000080116,ITEM0000298645,DS003,SKU0176,Damaged Item,206.65,Putaway / Picking Handling,,Unconfirmed,Replacement
QI00002725,ORD000080126,ITEM0000298694,DS003,SKU0160,Wrong Item,215.8,Shelf Placement / Picking Verification,P_DS003_030,Unconfirmed,Refund
QI00002726,ORD000080154,ITEM0000298798,DS003,SKU0195,Wrong Item,613.68,Picking,P_DS003_027,Unconfirmed,Replacement
QI00002727,ORD000080159,ITEM0000298816,DS003,SKU0113,Damaged Item,129.44,Putaway / Picking Handling,,Unconfirmed,Refund
QI00002728,ORD000080177,ITEM0000298886,DS003,SKU0059,Missing Item,336.59,Inventory Accuracy / Putaway,P_DS003_003,Unconfirmed,Refund
QI00002729,ORD000080178,ITEM0000298890,DS003,SKU0029,Missing Item,49.37,Inventory Accuracy / Putaway,P_DS003_018,Unconfirmed,Refund
QI00002730,ORD000080189,ITEM0000298928,DS003,SKU0051,Wrong Item,50.3,Picking,P_DS003_030,Unconfirmed,Replacement
QI00002731,ORD000080232,ITEM0000299108,DS003,SKU0028,Wrong Item,414.17,Shelf Placement / Picking Verification,P_DS003_027,Unconfirmed,Refund
QI00002732,ORD000080251,ITEM0000299186,DS003,SKU0013,Wrong Item,286.53,Shelf Placement / Picking Verification,P_DS003_013,Unconfirmed,Refund
QI00002733,ORD000080270,ITEM0000299255,DS003,SKU0100,Wrong Item,191.45,Picking,P_DS003_015,Unconfirmed,Refund
QI00002734,ORD000080362,ITEM0000299617,DS003,SKU0188,Wrong Item,186.54,Picking,P_DS003_030,Unconfirmed,Refund
QI00002735,ORD000080413,ITEM0000299807,DS003,SKU0114,Missing Item,116.74,Inventory Accuracy / Putaway,P_DS003_012,Unconfirmed,Refund
QI00002736,ORD000080413,ITEM0000299808,DS003,SKU0193,Wrong Item,323.59,Picking,P_DS003_012,Unconfirmed,Refund
QI00002737,ORD000080425,ITEM0000299859,DS003,SKU0223,Missing Item,30.46,Inventory Accuracy / Putaway,P_DS003_021,Unconfirmed,Refund
QI00002738,ORD000080441,ITEM0000299937,DS003,SKU0166,Missing Item,493.94,Inventory Accuracy / Putaway,P_DS003_027,Unconfirmed,Refund
QI00002739,ORD000080479,ITEM0000300076,DS003,SKU0013,Wrong Item,286.53,Shelf Placement / Picking Verification,P_DS003_018,Unconfirmed,Refund
QI00002740,ORD000080501,ITEM0000300152,DS003,SKU0022,Missing Item,892.06,Inventory Accuracy / Putaway,P_DS003_024,Unconfirmed,Replacement
QI00002741,ORD000080607,ITEM0000300538,DS003,SKU0128,Damaged Item,78.55,Putaway / Picking Handling,,Unconfirmed,Refund
QI00002742,ORD000080677,ITEM0000300826,DS003,SKU0121,Missing Item,422.82,Inventory Accuracy / Putaway,P_DS003_030,Unconfirmed,Replacement
QI00002743,ORD000080758,ITEM0000301131,DS003,SKU0098,Damaged Item,311.41,Putaway / Picking Handling,,Unconfirmed,Replacement
QI00002744,ORD000080845,ITEM0000301458,DS003,SKU0056,Missing Item,234.62,Inventory Accuracy / Putaway,P_DS003_024,Unconfirmed,Refund
QI00002745,ORD000080877,ITEM0000301573,DS003,SKU0104,Missing Item,181.45,Inventory Accuracy / Putaway,P_DS003_013,Unconfirmed,Replacement
QI00002746,ORD000080881,ITEM0000301593,DS003,SKU0032,Missing Item,807.46,Inventory Accuracy / Putaway,P_DS003_003,Unconfirmed,Refund
QI00002747,ORD000080883,ITEM0000301601,DS003,SKU0104,Missing Item,181.45,Inventory Accuracy / Putaway,P_DS003_003,Unconfirmed,Replacement
QI00002748,ORD000081095,ITEM0000302406,DS003,SKU0193,Damaged Item,323.59,Putaway / Picking Handling,,Unconfirmed,Refund
QI00002749,ORD000081112,ITEM0000302470,DS003,SKU0236,Damaged Item,277.44,Putaway / Picking Handling,,Unconfirmed,Refund
QI00002750,ORD000081151,ITEM0000302626,DS003,SKU0189,Missing Item,458.54,Inventory Accuracy / Putaway,P_DS003_010,Unconfirmed,Replacement
QI00002751,ORD000081189,ITEM0000302754,DS003,SKU0271,Wrong Item,296.94,Shelf Placement / Picking Verification,P_DS003_019,Unconfirmed,Replacement
QI00002752,ORD000081189,ITEM0000302756,DS003,SKU0010,Wrong Item,154.59,Picking,P_DS003_019,Unconfirmed,Refund
QI00002753,ORD000081208,ITEM0000302834,DS003,SKU0073,Damaged Item,152.37,Putaway / Picking Handling,,Unconfirmed,Refund
QI00002754,ORD000081266,ITEM0000303062,DS003,SKU0011,Damaged Item,85.7,Putaway / Picking Handling,,Unconfirmed,Replacement
QI00002755,ORD000081277,ITEM0000303099,DS003,SKU0160,Missing Item,431.6,Inventory Accuracy / Putaway,P_DS003_011,Unconfirmed,Refund
QI00002756,ORD000081280,ITEM0000303109,DS003,SKU0244,Wrong Item,67.15,Picking,P_DS003_011,Unconfirmed,Refund
QI00002757,ORD000081359,ITEM0000303416,DS003,SKU0059,Wrong Item,336.59,Shelf Placement / Picking Verification,P_DS003_020,Unconfirmed,Replacement
QI00002758,ORD000081370,ITEM0000303463,DS003,SKU0148,Missing Item,347.32,Inventory Accuracy / Putaway,P_DS003_023,Unconfirmed,Replacement
QI00002759,ORD000081418,ITEM0000303644,DS003,SKU0198,Wrong Item,707.66,Shelf Placement / Picking Verification,P_DS003_011,Unconfirmed,Refund
QI00002760,ORD000081439,ITEM0000303724,DS003,SKU0012,Wrong Item,230.15,Picking,P_DS003_026,Unconfirmed,Refund
QI00002761,ORD000081446,ITEM0000303749,DS003,SKU0114,Missing Item,233.48,Inventory Accuracy / Putaway,P_DS003_029,Unconfirmed,Replacement
QI00002762,ORD000081468,ITEM0000303832,DS003,SKU0232,Missing Item,274.11,Inventory Accuracy / Putaway,P_DS003_023,Unconfirmed,Refund
QI00002763,ORD000081484,ITEM0000303894,DS003,SKU0278,Damaged Item,224.88,Putaway / Picking Handling,,Unconfirmed,Refund
QI00002764,ORD000081558,ITEM0000304167,DS003,SKU0143,Missing Item,201.68,Inventory Accuracy / Putaway,P_DS003_011,Unconfirmed,Refund
QI00002765,ORD000081574,ITEM0000304231,DS003,SKU0158,Missing Item,290.48,Inventory Accuracy / Putaway,P_DS003_029,Unconfirmed,Refund
QI00002766,ORD000081575,ITEM0000304234,DS003,SKU0193,Missing Item,647.18,Inventory Accuracy / Putaway,P_DS003_017,Unconfirmed,Refund
QI00002767,ORD000081671,ITEM0000304596,DS003,SKU0016,Damaged Item,413.32,Putaway / Picking Handling,,Unconfirmed,Replacement
QI00002768,ORD000081691,ITEM0000304675,DS003,SKU0143,Missing Item,201.68,Inventory Accuracy / Putaway,P_DS003_011,Unconfirmed,Refund
QI00002769,ORD000081693,ITEM0000304686,DS003,SKU0270,Wrong Item,511.98,Picking,P_DS003_005,Unconfirmed,Replacement
QI00002770,ORD000081762,ITEM0000304955,DS003,SKU0110,Wrong Item,486.38,Picking,P_DS003_026,Unconfirmed,Replacement
QI00002771,ORD000081780,ITEM0000305015,DS003,SKU0216,Wrong Item,225.65,Picking,P_DS003_023,Unconfirmed,Replacement
QI00002772,ORD000081824,ITEM0000305183,DS003,SKU0260,Damaged Item,568.34,Putaway / Picking Handling,,Unconfirmed,Refund
QI00002773,ORD000081832,ITEM0000305212,DS003,SKU0042,Missing Item,606.5,Inventory Accuracy / Putaway,P_DS003_017,Unconfirmed,Replacement
QI00002774,ORD000081834,ITEM0000305217,DS003,SKU0256,Missing Item,208.54,Inventory Accuracy / Putaway,P_DS003_017,Unconfirmed,Replacement
QI00002775,ORD000081841,ITEM0000305246,DS003,SKU0290,Missing Item,416.48,Inventory Accuracy / Putaway,P_DS003_032,Unconfirmed,Refund
QI00002776,ORD000081921,ITEM0000305546,DS003,SKU0131,Missing Item,255.32,Inventory Accuracy / Putaway,P_DS003_005,Unconfirmed,Replacement
QI00002777,ORD000081924,ITEM0000305561,DS003,SKU0093,Missing Item,172.15,Inventory Accuracy / Putaway,P_DS003_026,Unconfirmed,Refund
QI00002778,ORD000081925,ITEM0000305565,DS003,SKU0018,Missing Item,584.08,Inventory Accuracy / Putaway,P_DS003_032,Unconfirmed,Replacement
QI00002779,ORD000082015,ITEM0000305896,DS003,SKU0013,Missing Item,286.53,Inventory Accuracy / Putaway,P_DS003_020,Unconfirmed,Refund
QI00002780,ORD000082044,ITEM0000306012,DS003,SKU0229,Wrong Item,235.69,Shelf Placement / Picking Verification,P_DS003_008,Unconfirmed,Replacement
QI00002781,ORD000082050,ITEM0000306038,DS003,SKU0181,Missing Item,412.97,Inventory Accuracy / Putaway,P_DS003_026,Unconfirmed,Refund
QI00002782,ORD000082059,ITEM0000306068,DS003,SKU0013,Missing Item,573.06,Inventory Accuracy / Putaway,P_DS003_011,Unconfirmed,Refund
QI00002783,ORD000082080,ITEM0000306140,DS003,SKU0148,Missing Item,347.32,Inventory Accuracy / Putaway,P_DS003_005,Unconfirmed,Refund
QI00002784,ORD000082082,ITEM0000306148,DS003,SKU0223,Missing Item,15.23,Inventory Accuracy / Putaway,P_DS003_026,Unconfirmed,Replacement
QI00002785,ORD000082115,ITEM0000306278,DS003,SKU0022,Wrong Item,446.03,Picking,P_DS003_029,Unconfirmed,Refund
QI00002786,ORD000082213,ITEM0000306633,DS003,SKU0131,Damaged Item,510.64,Putaway / Picking Handling,,Unconfirmed,Replacement
QI00002787,ORD000082236,ITEM0000306720,DS003,SKU0079,Damaged Item,226.06,Putaway / Picking Handling,,Unconfirmed,Refund
QI00002788,ORD000082238,ITEM0000306727,DS003,SKU0221,Missing Item,557.08,Inventory Accuracy / Putaway,P_DS003_017,Unconfirmed,Refund
QI00002789,ORD000082263,ITEM0000306814,DS003,SKU0224,Missing Item,334.03,Inventory Accuracy / Putaway,P_DS003_023,Unconfirmed,Refund
QI00002790,ORD000082281,ITEM0000306870,DS003,SKU0119,Damaged Item,364.04,Putaway / Picking Handling,,Unconfirmed,Replacement
QI00002791,ORD000082287,ITEM0000306892,DS003,SKU0057,Missing Item,229.0,Inventory Accuracy / Putaway,P_DS003_017,Unconfirmed,Replacement
QI00002792,ORD000082364,ITEM0000307188,DS003,SKU0298,Missing Item,158.44,Inventory Accuracy / Putaway,P_DS003_003,Unconfirmed,Refund
QI00002793,ORD000082438,ITEM0000307467,DS003,SKU0198,Missing Item,353.83,Inventory Accuracy / Putaway,P_DS003_006,Unconfirmed,Refund
QI00002794,ORD000082473,ITEM0000307593,DS003,SKU0175,Missing Item,137.34,Inventory Accuracy / Putaway,P_DS003_012,Unconfirmed,Refund
QI00002795,ORD000082614,ITEM0000308139,DS003,SKU0070,Wrong Item,78.06,Picking,P_DS003_006,Unconfirmed,Refund
QI00002796,ORD000082642,ITEM0000308233,DS003,SKU0186,Missing Item,104.06,Inventory Accuracy / Putaway,P_DS003_021,Unconfirmed,Refund
QI00002797,ORD000082700,ITEM0000308450,DS003,SKU0194,Missing Item,468.88,Inventory Accuracy / Putaway,P_DS003_018,Unconfirmed,Refund
QI00002798,ORD000082713,ITEM0000308501,DS003,SKU0050,Missing Item,513.08,Inventory Accuracy / Putaway,P_DS003_018,Unconfirmed,Replacement
QI00002799,ORD000082715,ITEM0000308518,DS003,SKU0158,Wrong Item,145.24,Picking,P_DS003_015,Unconfirmed,Refund
QI00002800,ORD000082735,ITEM0000308591,DS003,SKU0230,Missing Item,259.63,Inventory Accuracy / Putaway,P_DS003_027,Unconfirmed,Refund
QI00002801,ORD000082780,ITEM0000308783,DS003,SKU0079,Damaged Item,226.06,Putaway / Picking Handling,,Unconfirmed,Refund
QI00002802,ORD000082784,ITEM0000308796,DS003,SKU0021,Missing Item,387.42,Inventory Accuracy / Putaway,P_DS003_024,Unconfirmed,Replacement
QI00002803,ORD000082801,ITEM0000308857,DS003,SKU0194,Missing Item,234.44,Inventory Accuracy / Putaway,P_DS003_021,Unconfirmed,Refund
QI00002804,ORD000082844,ITEM0000308993,DS003,SKU0022,Missing Item,446.03,Inventory Accuracy / Putaway,P_DS003_024,Unconfirmed,Replacement
QI00002805,ORD000082850,ITEM0000309015,DS003,SKU0228,Missing Item,705.6,Inventory Accuracy / Putaway,P_DS003_021,Unconfirmed,Replacement
QI00002806,ORD000082851,ITEM0000309024,DS003,SKU0116,Missing Item,32.73,Inventory Accuracy / Putaway,P_DS003_009,Unconfirmed,Refund
QI00002807,ORD000082866,ITEM0000309069,DS003,SKU0269,Wrong Item,399.24,Picking,P_DS003_018,Unconfirmed,Replacement
QI00002808,ORD000082923,ITEM0000309277,DS003,SKU0151,Damaged Item,103.12,Putaway / Picking Handling,,Unconfirmed,Refund
QI00002809,ORD000082982,ITEM0000309485,DS003,SKU0225,Missing Item,277.5,Inventory Accuracy / Putaway,P_DS003_006,Unconfirmed,Refund
QI00002810,ORD000082988,ITEM0000309501,DS003,SKU0176,Damaged Item,413.3,Putaway / Picking Handling,,Unconfirmed,Replacement
QI00002811,ORD000083063,ITEM0000309764,DS003,SKU0113,Wrong Item,129.44,Picking,P_DS003_027,Unconfirmed,Refund
QI00002812,ORD000083067,ITEM0000309783,DS003,SKU0107,Missing Item,86.59,Inventory Accuracy / Putaway,P_DS003_003,Unconfirmed,Replacement
QI00002813,ORD000083074,ITEM0000309803,DS003,SKU0018,Missing Item,584.08,Inventory Accuracy / Putaway,P_DS003_024,Unconfirmed,Refund
QI00002814,ORD000083086,ITEM0000309840,DS003,SKU0128,Missing Item,78.55,Inventory Accuracy / Putaway,P_DS003_015,Unconfirmed,Replacement
QI00002815,ORD000083111,ITEM0000309926,DS003,SKU0113,Missing Item,64.72,Inventory Accuracy / Putaway,P_DS003_012,Unconfirmed,Refund
QI00002816,ORD000083111,ITEM0000309928,DS003,SKU0016,Missing Item,206.66,Inventory Accuracy / Putaway,P_DS003_012,Unconfirmed,Refund
QI00002817,ORD000083145,ITEM0000310059,DS003,SKU0012,Missing Item,230.15,Inventory Accuracy / Putaway,P_DS003_021,Unconfirmed,Refund
QI00002818,ORD000083161,ITEM0000310124,DS003,SKU0159,Missing Item,335.81,Inventory Accuracy / Putaway,P_DS003_012,Unconfirmed,Refund
QI00002819,ORD000083198,ITEM0000310283,DS003,SKU0013,Missing Item,286.53,Inventory Accuracy / Putaway,P_DS003_015,Unconfirmed,Refund
QI00002820,ORD000083207,ITEM0000310320,DS003,SKU0278,Missing Item,224.88,Inventory Accuracy / Putaway,P_DS003_024,Unconfirmed,Refund
QI00002821,ORD000083253,ITEM0000310500,DS003,SKU0264,Damaged Item,26.89,Putaway / Picking Handling,,Unconfirmed,Refund
QI00002822,ORD000083269,ITEM0000310554,DS003,SKU0076,Missing Item,801.15,Inventory Accuracy / Putaway,P_DS003_003,Unconfirmed,Refund
QI00002823,ORD000083280,ITEM0000310597,DS003,SKU0035,Missing Item,311.65,Inventory Accuracy / Putaway,P_DS003_024,Unconfirmed,Replacement
QI00002824,ORD000083285,ITEM0000310616,DS003,SKU0260,Wrong Item,284.17,Picking,P_DS003_027,Unconfirmed,Refund
QI00002825,ORD000083294,ITEM0000310653,DS003,SKU0021,Missing Item,774.84,Inventory Accuracy / Putaway,P_DS003_018,Unconfirmed,Replacement
QI00002826,ORD000083414,ITEM0000311068,DS003,SKU0191,Missing Item,1319.26,Inventory Accuracy / Putaway,P_DS003_003,Unconfirmed,Replacement
QI00002827,ORD000083436,ITEM0000311149,DS003,SKU0029,Damaged Item,49.37,Putaway / Picking Handling,,Unconfirmed,Refund
QI00002828,ORD000083454,ITEM0000311212,DS003,SKU0015,Missing Item,159.48,Inventory Accuracy / Putaway,P_DS003_031,Unconfirmed,Refund
QI00002829,ORD000083482,ITEM0000311309,DS003,SKU0141,Missing Item,106.65,Inventory Accuracy / Putaway,P_DS003_010,Unconfirmed,Replacement
QI00002830,ORD000083521,ITEM0000311455,DS003,SKU0080,Missing Item,77.19,Inventory Accuracy / Putaway,P_DS003_016,Unconfirmed,Refund
QI00002831,ORD000083523,ITEM0000311466,DS003,SKU0125,Missing Item,109.95,Inventory Accuracy / Putaway,P_DS003_019,Unconfirmed,Refund
QI00002832,ORD000083567,ITEM0000311629,DS003,SKU0045,Missing Item,364.24,Inventory Accuracy / Putaway,P_DS003_025,Unconfirmed,Refund
QI00002833,ORD000083570,ITEM0000311639,DS003,SKU0131,Damaged Item,255.32,Putaway / Picking Handling,,Unconfirmed,Refund
QI00002834,ORD000083637,ITEM0000311885,DS003,SKU0222,Missing Item,58.51,Inventory Accuracy / Putaway,P_DS003_013,Unconfirmed,Refund
QI00002835,ORD000083676,ITEM0000312014,DS003,SKU0126,Damaged Item,488.27,Putaway / Picking Handling,,Unconfirmed,Refund
QI00002836,ORD000083723,ITEM0000312188,DS003,SKU0148,Missing Item,347.32,Inventory Accuracy / Putaway,P_DS003_005,Unconfirmed,Refund
QI00002837,ORD000083760,ITEM0000312317,DS003,SKU0299,Missing Item,138.9,Inventory Accuracy / Putaway,P_DS003_017,Unconfirmed,Refund
QI00002838,ORD000083778,ITEM0000312386,DS003,SKU0297,Missing Item,26.2,Inventory Accuracy / Putaway,P_DS003_005,Unconfirmed,Replacement
QI00002839,ORD000083803,ITEM0000312488,DS003,SKU0063,Missing Item,189.87,Inventory Accuracy / Putaway,P_DS003_017,Unconfirmed,Replacement
QI00002840,ORD000083831,ITEM0000312588,DS003,SKU0004,Missing Item,240.08,Inventory Accuracy / Putaway,P_DS003_014,Unconfirmed,Refund
QI00002841,ORD000083920,ITEM0000312914,DS003,SKU0197,Missing Item,260.58,Inventory Accuracy / Putaway,P_DS003_017,Unconfirmed,Refund
QI00002842,ORD000083950,ITEM0000313026,DS003,SKU0219,Wrong Item,344.59,Picking,P_DS003_014,Unconfirmed,Refund
QI00002843,ORD000083968,ITEM0000313097,DS003,SKU0205,Damaged Item,168.31,Putaway / Picking Handling,,Unconfirmed,Refund
QI00002844,ORD000083989,ITEM0000313169,DS003,SKU0085,Wrong Item,469.4,Picking,P_DS003_017,Unconfirmed,Refund
QI00002845,ORD000084012,ITEM0000313254,DS003,SKU0090,Damaged Item,260.5,Putaway / Picking Handling,,Unconfirmed,Replacement
QI00002846,ORD000084020,ITEM0000313279,DS003,SKU0028,Missing Item,414.17,Inventory Accuracy / Putaway,P_DS003_026,Unconfirmed,Refund
QI00002847,ORD000084031,ITEM0000313318,DS003,SKU0198,Missing Item,353.83,Inventory Accuracy / Putaway,P_DS003_017,Unconfirmed,Refund
QI00002848,ORD000084036,ITEM0000313340,DS003,SKU0029,Missing Item,49.37,Inventory Accuracy / Putaway,P_DS003_014,Unconfirmed,Refund
QI00002849,ORD000084046,ITEM0000313374,DS003,SKU0098,Missing Item,311.41,Inventory Accuracy / Putaway,P_DS003_005,Unconfirmed,Refund
QI00002850,ORD000084064,ITEM0000313453,DS003,SKU0029,Missing Item,98.74,Inventory Accuracy / Putaway,P_DS003_020,Unconfirmed,Refund
QI00002851,ORD000084151,ITEM0000313769,DS003,SKU0065,Damaged Item,21.72,Putaway / Picking Handling,,Unconfirmed,Replacement
QI00002852,ORD000084160,ITEM0000313801,DS003,SKU0005,Missing Item,321.98,Inventory Accuracy / Putaway,P_DS003_020,Unconfirmed,Replacement
QI00002853,ORD000084174,ITEM0000313854,DS003,SKU0287,Missing Item,193.29,Inventory Accuracy / Putaway,P_DS003_017,Unconfirmed,Replacement
QI00002854,ORD000084181,ITEM0000313883,DS003,SKU0242,Missing Item,217.44,Inventory Accuracy / Putaway,P_DS003_014,Unconfirmed,Refund
QI00002855,ORD000084189,ITEM0000313916,DS003,SKU0003,Missing Item,399.91,Inventory Accuracy / Putaway,P_DS003_023,Unconfirmed,Refund
QI00002856,ORD000084190,ITEM0000313924,DS003,SKU0011,Damaged Item,85.7,Putaway / Picking Handling,,Unconfirmed,Refund
QI00002857,ORD000084198,ITEM0000313957,DS003,SKU0199,Damaged Item,277.04,Putaway / Picking Handling,,Unconfirmed,Refund
QI00002858,ORD000084231,ITEM0000314084,DS003,SKU0158,Damaged Item,145.24,Putaway / Picking Handling,,Unconfirmed,Refund
QI00002859,ORD000084237,ITEM0000314103,DS003,SKU0022,Missing Item,892.06,Inventory Accuracy / Putaway,P_DS003_017,Unconfirmed,Refund
QI00002860,ORD000084246,ITEM0000314137,DS003,SKU0189,Damaged Item,458.54,Putaway / Picking Handling,,Unconfirmed,Refund
QI00002861,ORD000084248,ITEM0000314151,DS003,SKU0074,Missing Item,467.08,Inventory Accuracy / Putaway,P_DS003_017,Unconfirmed,Replacement
QI00002862,ORD000084283,ITEM0000314289,DS003,SKU0166,Missing Item,493.94,Inventory Accuracy / Putaway,P_DS003_020,Unconfirmed,Refund
QI00002863,ORD000084287,ITEM0000314309,DS003,SKU0277,Damaged Item,745.62,Putaway / Picking Handling,,Unconfirmed,Refund
QI00002864,ORD000084298,ITEM0000314351,DS003,SKU0037,Missing Item,151.9,Inventory Accuracy / Putaway,P_DS003_017,Unconfirmed,Refund
QI00002865,ORD000084306,ITEM0000314384,DS003,SKU0261,Missing Item,625.36,Inventory Accuracy / Putaway,P_DS003_005,Unconfirmed,Refund
QI00002866,ORD000084321,ITEM0000314442,DS003,SKU0202,Wrong Item,388.42,Picking,P_DS003_020,Unconfirmed,Replacement
QI00002867,ORD000084335,ITEM0000314495,DS003,SKU0036,Missing Item,501.4,Inventory Accuracy / Putaway,P_DS003_005,Unconfirmed,Refund
QI00002868,ORD000084350,ITEM0000314561,DS003,SKU0166,Wrong Item,493.94,Shelf Placement / Picking Verification,P_DS003_005,Unconfirmed,Replacement
QI00002869,ORD000084352,ITEM0000314570,DS003,SKU0144,Wrong Item,82.27,Picking,P_DS003_014,Unconfirmed,Refund
QI00002870,ORD000084366,ITEM0000314629,DS003,SKU0212,Missing Item,64.87,Inventory Accuracy / Putaway,P_DS003_017,Unconfirmed,Replacement
QI00002871,ORD000084446,ITEM0000314933,DS003,SKU0176,Damaged Item,413.3,Rider Handling / Last Mile,,Unconfirmed,Refund
QI00002872,ORD000084512,ITEM0000315179,DS003,SKU0282,Damaged Item,482.72,Putaway / Picking Handling,,Unconfirmed,Refund
QI00002873,ORD000084516,ITEM0000315196,DS003,SKU0223,Damaged Item,30.46,Putaway / Picking Handling,,Unconfirmed,Refund
QI00002874,ORD000084549,ITEM0000315337,DS003,SKU0081,Wrong Item,43.96,Picking,P_DS003_003,Unconfirmed,Replacement
QI00002875,ORD000084597,ITEM0000315530,DS003,SKU0239,Damaged Item,173.98,Putaway / Picking Handling,,Unconfirmed,Refund
QI00002876,ORD000084605,ITEM0000315558,DS003,SKU0079,Damaged Item,452.12,Putaway / Picking Handling,,Unconfirmed,Replacement
QI00002877,ORD000084614,ITEM0000315589,DS003,SKU0195,Damaged Item,613.68,Putaway / Picking Handling,,Unconfirmed,Refund
QI00002878,ORD000084669,ITEM0000315794,DS003,SKU0183,Damaged Item,284.0,Putaway / Picking Handling,,Unconfirmed,Refund
QI00002879,ORD000084673,ITEM0000315808,DS003,SKU0141,Damaged Item,106.65,Putaway / Picking Handling,,Unconfirmed,Refund
QI00002880,ORD000084683,ITEM0000315843,DS003,SKU0173,Damaged Item,451.68,Putaway / Picking Handling,,Unconfirmed,Refund
QI00002881,ORD000084735,ITEM0000316030,DS003,SKU0195,Missing Item,1227.36,Inventory Accuracy / Putaway,P_DS003_021,Unconfirmed,Refund
QI00002882,ORD000084738,ITEM0000316043,DS003,SKU0021,Wrong Item,387.42,Picking,P_DS003_030,Unconfirmed,Refund
QI00002883,ORD000084762,ITEM0000316141,DS003,SKU0240,Wrong Item,142.08,Shelf Placement / Picking Verification,P_DS003_030,Unconfirmed,Replacement
QI00002884,ORD000084775,ITEM0000316186,DS003,SKU0022,Missing Item,446.03,Inventory Accuracy / Putaway,P_DS003_027,Unconfirmed,Refund
QI00002885,ORD000084789,ITEM0000316241,DS003,SKU0063,Wrong Item,189.87,Shelf Placement / Picking Verification,P_DS003_030,Unconfirmed,Replacement
QI00002886,ORD000084796,ITEM0000316270,DS003,SKU0091,Damaged Item,615.48,Putaway / Picking Handling,,Unconfirmed,Replacement
QI00002887,ORD000084805,ITEM0000316301,DS003,SKU0070,Wrong Item,78.06,Picking,P_DS003_027,Unconfirmed,Refund
QI00002888,ORD000084807,ITEM0000316315,DS003,SKU0091,Missing Item,307.74,Inventory Accuracy / Putaway,P_DS003_009,Unconfirmed,Refund
QI00002889,ORD000084812,ITEM0000316337,DS003,SKU0029,Missing Item,49.37,Inventory Accuracy / Putaway,P_DS003_003,Unconfirmed,Replacement
QI00002890,ORD000084819,ITEM0000316366,DS003,SKU0041,Damaged Item,190.6,Putaway / Picking Handling,,Unconfirmed,Replacement
QI00002891,ORD000084848,ITEM0000316470,DS003,SKU0044,Wrong Item,392.84,Picking,P_DS003_021,Unconfirmed,Refund
QI00002892,ORD000084889,ITEM0000316626,DS003,SKU0109,Wrong Item,576.34,Picking,P_DS003_021,Unconfirmed,Refund
QI00002893,ORD000084910,ITEM0000316707,DS003,SKU0084,Damaged Item,111.02,Putaway / Picking Handling,,Unconfirmed,Refund
QI00002894,ORD000084913,ITEM0000316715,DS003,SKU0138,Wrong Item,409.79,Shelf Placement / Picking Verification,P_DS003_021,Unconfirmed,Refund
QI00002895,ORD000084938,ITEM0000316802,DS003,SKU0178,Missing Item,125.09,Inventory Accuracy / Putaway,P_DS003_003,Unconfirmed,Refund
QI00002896,ORD000084956,ITEM0000316879,DS003,SKU0018,Wrong Item,292.04,Picking,P_DS003_024,Unconfirmed,Refund
QI00002897,ORD000085037,ITEM0000317164,DS003,SKU0144,Missing Item,82.27,Inventory Accuracy / Putaway,P_DS003_003,Unconfirmed,Refund
QI00002898,ORD000085079,ITEM0000317306,DS003,SKU0198,Missing Item,353.83,Inventory Accuracy / Putaway,P_DS003_006,Unconfirmed,Refund
QI00002899,ORD000085084,ITEM0000317322,DS003,SKU0141,Missing Item,106.65,Inventory Accuracy / Putaway,P_DS003_006,Unconfirmed,Refund
QI00002900,ORD000085093,ITEM0000317350,DS003,SKU0034,Damaged Item,251.6,Putaway / Picking Handling,,Unconfirmed,Replacement
QI00002901,ORD000085117,ITEM0000317431,DS003,SKU0252,Wrong Item,337.37,Picking,P_DS003_003,Unconfirmed,Refund
QI00002902,ORD000085121,ITEM0000317451,DS003,SKU0273,Wrong Item,303.86,Picking,P_DS003_012,Unconfirmed,Replacement
QI00002903,ORD000085169,ITEM0000317631,DS003,SKU0120,Damaged Item,29.79,Putaway / Picking Handling,,Unconfirmed,Refund
QI00002904,ORD000085200,ITEM0000317760,DS003,SKU0197,Damaged Item,260.58,Putaway / Picking Handling,,Unconfirmed,Refund
QI00002905,ORD000085271,ITEM0000318030,DS003,SKU0180,Missing Item,37.34,Inventory Accuracy / Putaway,P_DS003_009,Unconfirmed,Replacement
QI00002906,ORD000085279,ITEM0000318056,DS003,SKU0197,Damaged Item,260.58,Putaway / Picking Handling,,Unconfirmed,Replacement
QI00002907,ORD000085279,ITEM0000318057,DS003,SKU0152,Damaged Item,1212.82,Putaway / Picking Handling,,Unconfirmed,Refund
QI00002908,ORD000085314,ITEM0000318182,DS003,SKU0142,Missing Item,108.46,Inventory Accuracy / Putaway,P_DS003_027,Unconfirmed,Refund
QI00002909,ORD000085336,ITEM0000318270,DS003,SKU0176,Damaged Item,206.65,Putaway / Picking Handling,,Unconfirmed,Refund
QI00002910,ORD000085339,ITEM0000318284,DS003,SKU0080,Damaged Item,77.19,Putaway / Picking Handling,,Unconfirmed,Refund
QI00002911,ORD000085396,ITEM0000318475,DS003,SKU0162,Missing Item,127.02,Inventory Accuracy / Putaway,P_DS003_027,Unconfirmed,Refund
QI00002912,ORD000085400,ITEM0000318489,DS003,SKU0109,Damaged Item,576.34,Rider Handling / Last Mile,,Unconfirmed,Replacement
QI00002913,ORD000085432,ITEM0000318601,DS003,SKU0146,Damaged Item,37.7,Putaway / Picking Handling,,Unconfirmed,Refund
QI00002914,ORD000085455,ITEM0000318681,DS003,SKU0193,Missing Item,647.18,Inventory Accuracy / Putaway,P_DS003_027,Unconfirmed,Refund
QI00002915,ORD000085469,ITEM0000318729,DS003,SKU0131,Damaged Item,255.32,Putaway / Picking Handling,,Unconfirmed,Refund
QI00002916,ORD000085479,ITEM0000318767,DS003,SKU0120,Missing Item,29.79,Inventory Accuracy / Putaway,P_DS003_003,Unconfirmed,Replacement
QI00002917,ORD000085482,ITEM0000318780,DS003,SKU0021,Missing Item,774.84,Inventory Accuracy / Putaway,P_DS003_027,Unconfirmed,Refund
QI00002918,ORD000085489,ITEM0000318807,DS003,SKU0292,Damaged Item,501.99,Putaway / Picking Handling,,Unconfirmed,Replacement
QI00002919,ORD000085521,ITEM0000318925,DS003,SKU0017,Wrong Item,625.13,Picking,P_DS003_025,Unconfirmed,Refund
QI00002920,ORD000085548,ITEM0000319025,DS003,SKU0076,Missing Item,267.05,Inventory Accuracy / Putaway,P_DS003_010,Unconfirmed,Refund
QI00002921,ORD000085549,ITEM0000319029,DS003,SKU0221,Missing Item,278.54,Inventory Accuracy / Putaway,P_DS003_010,Unconfirmed,Refund
QI00002922,ORD000085592,ITEM0000319199,DS003,SKU0282,Missing Item,482.72,Inventory Accuracy / Putaway,P_DS003_028,Unconfirmed,Refund
QI00002923,ORD000085624,ITEM0000319303,DS003,SKU0076,Missing Item,267.05,Inventory Accuracy / Putaway,P_DS003_001,Unconfirmed,Refund
QI00002924,ORD000085698,ITEM0000319567,DS003,SKU0192,Missing Item,219.06,Inventory Accuracy / Putaway,P_DS003_013,Unconfirmed,Refund
QI00002925,ORD000085729,ITEM0000319675,DS003,SKU0180,Missing Item,37.34,Inventory Accuracy / Putaway,P_DS003_031,Unconfirmed,Refund
QI00002926,ORD000085753,ITEM0000319765,DS003,SKU0278,Missing Item,449.76,Inventory Accuracy / Putaway,P_DS003_019,Unconfirmed,Refund
QI00002927,ORD000085790,ITEM0000319916,DS003,SKU0269,Damaged Item,399.24,Putaway / Picking Handling,,Unconfirmed,Refund
QI00002928,ORD000085830,ITEM0000320083,DS003,SKU0113,Missing Item,64.72,Inventory Accuracy / Putaway,P_DS003_029,Unconfirmed,Refund
QI00002929,ORD000085868,ITEM0000320224,DS003,SKU0114,Missing Item,116.74,Inventory Accuracy / Putaway,P_DS003_014,Unconfirmed,Refund
QI00002930,ORD000085911,ITEM0000320378,DS003,SKU0160,Wrong Item,431.6,Shelf Placement / Picking Verification,P_DS003_005,Unconfirmed,Refund
QI00002931,ORD000085975,ITEM0000320637,DS003,SKU0276,Damaged Item,111.19,Putaway / Picking Handling,,Unconfirmed,Replacement
QI00002932,ORD000085986,ITEM0000320675,DS003,SKU0079,Damaged Item,226.06,Putaway / Picking Handling,,Unconfirmed,Replacement
QI00002933,ORD000086000,ITEM0000320732,DS003,SKU0045,Wrong Item,182.12,Picking,P_DS003_014,Unconfirmed,Refund
QI00002934,ORD000086086,ITEM0000321061,DS003,SKU0081,Missing Item,131.88,Inventory Accuracy / Putaway,P_DS003_008,Unconfirmed,Replacement
QI00002935,ORD000086118,ITEM0000321179,DS003,SKU0021,Missing Item,387.42,Inventory Accuracy / Putaway,P_DS003_008,Unconfirmed,Refund
QI00002936,ORD000086149,ITEM0000321312,DS003,SKU0079,Wrong Item,452.12,Picking,P_DS003_029,Unconfirmed,Replacement
QI00002937,ORD000086178,ITEM0000321439,DS003,SKU0203,Missing Item,130.42,Inventory Accuracy / Putaway,P_DS003_014,Unconfirmed,Refund
QI00002938,ORD000086299,ITEM0000321883,DS003,SKU0290,Missing Item,416.48,Inventory Accuracy / Putaway,P_DS003_020,Unconfirmed,Refund
QI00002939,ORD000086317,ITEM0000321945,DS003,SKU0131,Missing Item,255.32,Inventory Accuracy / Putaway,P_DS003_014,Unconfirmed,Replacement
QI00002940,ORD000086357,ITEM0000322109,DS003,SKU0265,Missing Item,771.68,Inventory Accuracy / Putaway,P_DS003_011,Unconfirmed,Refund
QI00002941,ORD000086364,ITEM0000322136,DS003,SKU0221,Wrong Item,278.54,Picking,P_DS003_032,Unconfirmed,Refund
QI00002942,ORD000086372,ITEM0000322171,DS003,SKU0021,Missing Item,774.84,Inventory Accuracy / Putaway,P_DS003_029,Unconfirmed,Refund
QI00002943,ORD000086377,ITEM0000322193,DS003,SKU0264,Missing Item,26.89,Inventory Accuracy / Putaway,P_DS003_029,Unconfirmed,Replacement
QI00002944,ORD000086401,ITEM0000322277,DS003,SKU0109,Damaged Item,576.34,Putaway / Picking Handling,,Unconfirmed,Refund
QI00002945,ORD000086430,ITEM0000322389,DS003,SKU0085,Missing Item,469.4,Inventory Accuracy / Putaway,P_DS003_029,Unconfirmed,Refund
QI00002946,ORD000086465,ITEM0000322518,DS003,SKU0195,Wrong Item,613.68,Picking,P_DS003_008,Unconfirmed,Refund
QI00002947,ORD000086476,ITEM0000322563,DS003,SKU0198,Wrong Item,707.66,Shelf Placement / Picking Verification,P_DS003_026,Unconfirmed,Refund
QI00002948,ORD000086502,ITEM0000322664,DS003,SKU0251,Missing Item,177.56,Inventory Accuracy / Putaway,P_DS003_032,Unconfirmed,Refund
QI00002949,ORD000086551,ITEM0000322844,DS003,SKU0113,Damaged Item,64.72,Putaway / Picking Handling,,Unconfirmed,Refund
QI00002950,ORD000086589,ITEM0000322984,DS003,SKU0249,Wrong Item,489.26,Picking,P_DS003_027,Unconfirmed,Replacement
QI00002951,ORD000086663,ITEM0000323283,DS003,SKU0111,Wrong Item,431.16,Picking,P_DS003_012,Unconfirmed,Replacement
QI00002952,ORD000086670,ITEM0000323314,DS003,SKU0003,Wrong Item,399.91,Picking,P_DS003_015,Unconfirmed,Refund
QI00002953,ORD000086693,ITEM0000323404,DS003,SKU0013,Missing Item,286.53,Inventory Accuracy / Putaway,P_DS003_024,Unconfirmed,Replacement
QI00002954,ORD000086785,ITEM0000323744,DS003,SKU0115,Missing Item,283.76,Inventory Accuracy / Putaway,P_DS003_012,Unconfirmed,Replacement
QI00002955,ORD000086794,ITEM0000323776,DS003,SKU0074,Missing Item,233.54,Inventory Accuracy / Putaway,P_DS003_006,Unconfirmed,Refund
QI00002956,ORD000086833,ITEM0000323909,DS003,SKU0165,Damaged Item,276.15,Putaway / Picking Handling,,Unconfirmed,Replacement
QI00002957,ORD000086847,ITEM0000323964,DS003,SKU0231,Wrong Item,34.56,Picking,P_DS003_015,Unconfirmed,Refund
QI00002958,ORD000086880,ITEM0000324078,DS003,SKU0141,Missing Item,106.65,Inventory Accuracy / Putaway,P_DS003_012,Unconfirmed,Refund
QI00002959,ORD000086950,ITEM0000324329,DS003,SKU0166,Wrong Item,987.88,Shelf Placement / Picking Verification,P_DS003_015,Unconfirmed,Refund
QI00002960,ORD000086957,ITEM0000324351,DS003,SKU0154,Missing Item,456.23,Inventory Accuracy / Putaway,P_DS003_018,Unconfirmed,Refund
QI00002961,ORD000086973,ITEM0000324406,DS003,SKU0297,Wrong Item,52.4,Picking,P_DS003_015,Unconfirmed,Replacement
QI00002962,ORD000086975,ITEM0000324415,DS003,SKU0131,Damaged Item,255.32,Putaway / Picking Handling,,Unconfirmed,Replacement
QI00002963,ORD000086990,ITEM0000324468,DS003,SKU0006,Wrong Item,160.4,Shelf Placement / Picking Verification,P_DS003_027,Unconfirmed,Refund
QI00002964,ORD000087052,ITEM0000324710,DS003,SKU0084,Missing Item,111.02,Inventory Accuracy / Putaway,P_DS003_006,Unconfirmed,Replacement
QI00002965,ORD000087074,ITEM0000324808,DS003,SKU0276,Wrong Item,111.19,Picking,P_DS003_021,Unconfirmed,Refund
QI00002966,ORD000087092,ITEM0000324863,DS003,SKU0131,Missing Item,510.64,Inventory Accuracy / Putaway,P_DS003_012,Unconfirmed,Refund
QI00002967,ORD000087105,ITEM0000324906,DS003,SKU0296,Wrong Item,292.68,Picking,P_DS003_003,Unconfirmed,Refund
QI00002968,ORD000087115,ITEM0000324934,DS003,SKU0012,Missing Item,230.15,Inventory Accuracy / Putaway,P_DS003_003,Unconfirmed,Replacement
QI00002969,ORD000087129,ITEM0000324982,DS003,SKU0295,Missing Item,228.23,Inventory Accuracy / Putaway,P_DS003_006,Unconfirmed,Replacement
QI00002970,ORD000087155,ITEM0000325084,DS003,SKU0281,Missing Item,264.39,Inventory Accuracy / Putaway,P_DS003_018,Unconfirmed,Replacement
QI00002971,ORD000087193,ITEM0000325216,DS003,SKU0198,Wrong Item,707.66,Shelf Placement / Picking Verification,P_DS003_027,Unconfirmed,Refund
QI00002972,ORD000087200,ITEM0000325239,DS003,SKU0013,Wrong Item,286.53,Shelf Placement / Picking Verification,P_DS003_021,Unconfirmed,Refund
QI00002973,ORD000087213,ITEM0000325290,DS003,SKU0198,Wrong Item,353.83,Shelf Placement / Picking Verification,P_DS003_006,Unconfirmed,Refund
QI00002974,ORD000087216,ITEM0000325299,DS003,SKU0097,Missing Item,183.02,Inventory Accuracy / Putaway,P_DS003_003,Unconfirmed,Refund
QI00002975,ORD000087218,ITEM0000325307,DS003,SKU0150,Missing Item,356.42,Inventory Accuracy / Putaway,P_DS003_012,Unconfirmed,Refund
QI00002976,ORD000087238,ITEM0000325375,DS003,SKU0018,Damaged Item,292.04,Putaway / Picking Handling,,Unconfirmed,Refund
QI00002977,ORD000087261,ITEM0000325461,DS003,SKU0162,Missing Item,63.51,Inventory Accuracy / Putaway,P_DS003_006,Unconfirmed,Refund
QI00002978,ORD000087276,ITEM0000325499,DS003,SKU0089,Missing Item,224.61,Inventory Accuracy / Putaway,P_DS003_018,Unconfirmed,Replacement
QI00002979,ORD000087369,ITEM0000325846,DS003,SKU0018,Missing Item,584.08,Inventory Accuracy / Putaway,P_DS003_018,Unconfirmed,Refund
QI00002980,ORD000087374,ITEM0000325869,DS003,SKU0212,Missing Item,64.87,Inventory Accuracy / Putaway,P_DS003_018,Unconfirmed,Refund
QI00002981,ORD000087380,ITEM0000325897,DS003,SKU0105,Wrong Item,272.14,Shelf Placement / Picking Verification,P_DS003_021,Unconfirmed,Refund
QI00002982,ORD000087400,ITEM0000325964,DS003,SKU0033,Damaged Item,406.88,Putaway / Picking Handling,,Unconfirmed,Refund
QI00002983,ORD000087404,ITEM0000325980,DS003,SKU0114,Damaged Item,350.22,Putaway / Picking Handling,,Unconfirmed,Refund
QI00002984,ORD000087471,ITEM0000326241,DS003,SKU0199,Damaged Item,415.56,Putaway / Picking Handling,,Unconfirmed,Refund
QI00002985,ORD000087500,ITEM0000326339,DS003,SKU0179,Wrong Item,490.62,Shelf Placement / Picking Verification,P_DS003_024,Unconfirmed,Refund
QI00002986,ORD000087561,ITEM0000326576,DS003,SKU0062,Damaged Item,334.2,Putaway / Picking Handling,,Unconfirmed,Refund
QI00002987,ORD000087568,ITEM0000326602,DS003,SKU0208,Wrong Item,40.91,Picking,P_DS003_006,Unconfirmed,Refund
QI00002988,ORD000087592,ITEM0000326699,DS003,SKU0021,Wrong Item,387.42,Picking,P_DS003_012,Unconfirmed,Replacement
QI00002989,ORD000087663,ITEM0000326938,DS003,SKU0188,Missing Item,186.54,Inventory Accuracy / Putaway,P_DS003_022,Unconfirmed,Refund
QI00002990,ORD000087716,ITEM0000327144,DS003,SKU0113,Missing Item,129.44,Inventory Accuracy / Putaway,P_DS003_016,Unconfirmed,Refund
QI00002991,ORD000087755,ITEM0000327293,DS003,SKU0014,Missing Item,397.68,Inventory Accuracy / Putaway,P_DS003_025,Unconfirmed,Refund
QI00002992,ORD000087757,ITEM0000327301,DS003,SKU0214,Missing Item,137.01,Inventory Accuracy / Putaway,P_DS003_025,Unconfirmed,Replacement
QI00002993,ORD000087843,ITEM0000327631,DS003,SKU0168,Missing Item,80.9,Inventory Accuracy / Putaway,P_DS003_026,Unconfirmed,Refund
QI00002994,ORD000087853,ITEM0000327676,DS003,SKU0090,Missing Item,260.5,Inventory Accuracy / Putaway,P_DS003_025,Unconfirmed,Refund
QI00002995,ORD000087911,ITEM0000327888,DS003,SKU0079,Missing Item,226.06,Inventory Accuracy / Putaway,P_DS003_013,Unconfirmed,Refund
QI00002996,ORD000087919,ITEM0000327921,DS003,SKU0185,Missing Item,98.45,Inventory Accuracy / Putaway,P_DS003_011,Unconfirmed,Refund
QI00002997,ORD000087952,ITEM0000328041,DS003,SKU0222,Missing Item,58.51,Inventory Accuracy / Putaway,P_DS003_011,Unconfirmed,Refund
QI00002998,ORD000087967,ITEM0000328108,DS003,SKU0294,Damaged Item,218.92,Putaway / Picking Handling,,Unconfirmed,Replacement
QI00002999,ORD000087985,ITEM0000328159,DS003,SKU0082,Wrong Item,868.56,Picking,P_DS003_026,Unconfirmed,Refund
QI00003000,ORD000088019,ITEM0000328281,DS003,SKU0011,Missing Item,171.4,Inventory Accuracy / Putaway,P_DS003_008,Unconfirmed,Refund
QI00003001,ORD000088043,ITEM0000328371,DS003,SKU0075,Missing Item,287.26,Inventory Accuracy / Putaway,P_DS003_023,Unconfirmed,Refund
QI00003002,ORD000088049,ITEM0000328390,DS003,SKU0076,Missing Item,267.05,Inventory Accuracy / Putaway,P_DS003_026,Unconfirmed,Refund
QI00003003,ORD000088052,ITEM0000328406,DS003,SKU0166,Wrong Item,493.94,Shelf Placement / Picking Verification,P_DS003_023,Unconfirmed,Replacement
QI00003004,ORD000088093,ITEM0000328550,DS003,SKU0028,Wrong Item,414.17,Shelf Placement / Picking Verification,P_DS003_014,Unconfirmed,Refund
QI00003005,ORD000088146,ITEM0000328737,DS003,SKU0064,Missing Item,689.24,Inventory Accuracy / Putaway,P_DS003_032,Unconfirmed,Refund
QI00003006,ORD000088149,ITEM0000328743,DS003,SKU0249,Missing Item,978.52,Inventory Accuracy / Putaway,P_DS003_020,Unconfirmed,Refund
QI00003007,ORD000088157,ITEM0000328787,DS003,SKU0081,Missing Item,43.96,Inventory Accuracy / Putaway,P_DS003_011,Unconfirmed,Refund
QI00003008,ORD000088207,ITEM0000328989,DS003,SKU0217,Wrong Item,503.57,Picking,P_DS003_020,Unconfirmed,Refund
QI00003009,ORD000088318,ITEM0000329427,DS003,SKU0084,Damaged Item,111.02,Putaway / Picking Handling,,Unconfirmed,Refund
QI00003010,ORD000088323,ITEM0000329447,DS003,SKU0223,Wrong Item,30.46,Picking,P_DS003_026,Unconfirmed,Refund
QI00003011,ORD000088424,ITEM0000329828,DS003,SKU0198,Wrong Item,707.66,Shelf Placement / Picking Verification,P_DS003_014,Unconfirmed,Replacement
QI00003012,ORD000088452,ITEM0000329938,DS003,SKU0021,Missing Item,387.42,Inventory Accuracy / Putaway,P_DS003_008,Unconfirmed,Refund
QI00003013,ORD000088475,ITEM0000330009,DS003,SKU0171,Damaged Item,138.36,Putaway / Picking Handling,,Unconfirmed,Replacement
QI00003014,ORD000088591,ITEM0000330452,DS003,SKU0287,Damaged Item,193.29,Putaway / Picking Handling,,Unconfirmed,Refund
QI00003015,ORD000088614,ITEM0000330544,DS003,SKU0166,Missing Item,493.94,Inventory Accuracy / Putaway,P_DS003_026,Unconfirmed,Refund
QI00003016,ORD000088621,ITEM0000330564,DS003,SKU0033,Missing Item,203.44,Inventory Accuracy / Putaway,P_DS003_032,Unconfirmed,Replacement
QI00003017,ORD000088654,ITEM0000330695,DS003,SKU0138,Missing Item,819.58,Inventory Accuracy / Putaway,P_DS003_029,Unconfirmed,Refund
QI00003018,ORD000088708,ITEM0000330899,DS003,SKU0185,Wrong Item,98.45,Shelf Placement / Picking Verification,P_DS003_012,Unconfirmed,Refund
QI00003019,ORD000088743,ITEM0000331025,DS003,SKU0239,Wrong Item,173.98,Picking,P_DS003_021,Unconfirmed,Replacement
QI00003020,ORD000088753,ITEM0000331068,DS003,SKU0290,Missing Item,416.48,Inventory Accuracy / Putaway,P_DS003_021,Unconfirmed,Refund
QI00003021,ORD000088775,ITEM0000331167,DS003,SKU0208,Damaged Item,81.82,Putaway / Picking Handling,,Unconfirmed,Refund
QI00003022,ORD000088804,ITEM0000331292,DS003,SKU0195,Missing Item,1227.36,Inventory Accuracy / Putaway,P_DS003_030,Unconfirmed,Refund
QI00003023,ORD000088814,ITEM0000331331,DS003,SKU0072,Missing Item,75.88,Inventory Accuracy / Putaway,P_DS003_030,Unconfirmed,Replacement
QI00003024,ORD000088818,ITEM0000331346,DS003,SKU0091,Missing Item,307.74,Inventory Accuracy / Putaway,P_DS003_021,Unconfirmed,Refund
QI00003025,ORD000088834,ITEM0000331409,DS003,SKU0211,Missing Item,152.51,Inventory Accuracy / Putaway,P_DS003_015,Unconfirmed,Replacement
QI00003026,ORD000088861,ITEM0000331515,DS003,SKU0089,Wrong Item,224.61,Picking,P_DS003_009,Unconfirmed,Replacement
QI00003027,ORD000088869,ITEM0000331545,DS003,SKU0271,Wrong Item,98.98,Shelf Placement / Picking Verification,P_DS003_003,Unconfirmed,Refund
QI00003028,ORD000088973,ITEM0000331939,DS003,SKU0154,Missing Item,912.46,Inventory Accuracy / Putaway,P_DS003_006,Unconfirmed,Refund
QI00003029,ORD000088983,ITEM0000331986,DS003,SKU0233,Missing Item,478.11,Inventory Accuracy / Putaway,P_DS003_027,Unconfirmed,Refund
QI00003030,ORD000089035,ITEM0000332211,DS003,SKU0033,Damaged Item,610.32,Putaway / Picking Handling,,Unconfirmed,Refund
QI00003031,ORD000089071,ITEM0000332362,DS003,SKU0274,Missing Item,382.26,Inventory Accuracy / Putaway,P_DS003_010,Unconfirmed,Refund
QI00003032,ORD000089085,ITEM0000332401,DS003,SKU0287,Wrong Item,579.87,Picking,P_DS003_012,Unconfirmed,Replacement
QI00003033,ORD000089129,ITEM0000332560,DS003,SKU0141,Wrong Item,106.65,Picking,P_DS003_017,Unconfirmed,Replacement
QI00003034,ORD000089141,ITEM0000332593,DS003,SKU0212,Wrong Item,64.87,Picking,P_DS003_030,Unconfirmed,Refund
QI00003035,ORD000089204,ITEM0000332822,DS003,SKU0269,Missing Item,399.24,Inventory Accuracy / Putaway,P_DS003_010,Unconfirmed,Refund
QI00003036,ORD000089244,ITEM0000332968,DS003,SKU0115,Damaged Item,141.88,Putaway / Picking Handling,,Unconfirmed,Refund
QI00003037,ORD000089267,ITEM0000333048,DS003,SKU0038,Missing Item,840.82,Inventory Accuracy / Putaway,P_DS003_012,Unconfirmed,Refund
QI00003038,ORD000089375,ITEM0000333469,DS003,SKU0274,Missing Item,382.26,Inventory Accuracy / Putaway,P_DS003_012,Unconfirmed,Refund
QI00003039,ORD000089430,ITEM0000333684,DS003,SKU0253,Wrong Item,126.6,Picking,P_DS003_017,Unconfirmed,Refund
QI00003040,ORD000089520,ITEM0000334013,DS003,SKU0015,Wrong Item,159.48,Picking,P_DS003_030,Unconfirmed,Refund
QI00003041,ORD000089576,ITEM0000334215,DS003,SKU0148,Missing Item,694.64,Inventory Accuracy / Putaway,P_DS003_015,Unconfirmed,Refund
QI00003042,ORD000089583,ITEM0000334239,DS003,SKU0276,Damaged Item,111.19,Putaway / Picking Handling,,Unconfirmed,Replacement
QI00003043,ORD000089591,ITEM0000334268,DS003,SKU0044,Damaged Item,196.42,Putaway / Picking Handling,,Unconfirmed,Refund
QI00003044,ORD000089595,ITEM0000334286,DS003,SKU0257,Wrong Item,288.34,Picking,P_DS003_030,Unconfirmed,Refund
QI00003045,ORD000089595,ITEM0000334287,DS003,SKU0081,Damaged Item,87.92,Rider Handling / Last Mile,,Unconfirmed,Refund
QI00003046,ORD000089596,ITEM0000334289,DS003,SKU0057,Damaged Item,229.0,Putaway / Picking Handling,,Unconfirmed,Refund
QI00003047,ORD000089605,ITEM0000334326,DS003,SKU0208,Damaged Item,40.91,Putaway / Picking Handling,,Unconfirmed,Refund
QI00003048,ORD000089691,ITEM0000334646,DS003,SKU0199,Missing Item,138.52,Inventory Accuracy / Putaway,P_DS003_027,Unconfirmed,Refund
QI00003049,ORD000089706,ITEM0000334701,DS003,SKU0141,Missing Item,319.95,Inventory Accuracy / Putaway,P_DS003_015,Unconfirmed,Replacement
QI00003050,ORD000089749,ITEM0000334864,DS003,SKU0117,Missing Item,42.66,Inventory Accuracy / Putaway,P_DS003_021,Unconfirmed,Refund
QI00003051,ORD000089761,ITEM0000334916,DS003,SKU0141,Missing Item,106.65,Inventory Accuracy / Putaway,P_DS003_012,Unconfirmed,Refund
QI00003052,ORD000089772,ITEM0000334959,DS003,SKU0152,Damaged Item,606.41,Putaway / Picking Handling,,Unconfirmed,Refund
QI00003053,ORD000089789,ITEM0000335023,DS003,SKU0226,Missing Item,45.28,Inventory Accuracy / Putaway,P_DS003_027,Unconfirmed,Refund
QI00003054,ORD000089805,ITEM0000335078,DS003,SKU0022,Wrong Item,892.06,Picking,P_DS003_021,Unconfirmed,Refund
QI00003055,ORD000089823,ITEM0000335145,DS003,SKU0057,Missing Item,229.0,Inventory Accuracy / Putaway,P_DS003_006,Unconfirmed,Refund
QI00003056,ORD000089826,ITEM0000335160,DS003,SKU0180,Wrong Item,37.34,Picking,P_DS003_012,Unconfirmed,Refund
QI00003057,ORD000089828,ITEM0000335168,DS003,SKU0090,Wrong Item,260.5,Picking,P_DS003_012,Unconfirmed,Refund
QI00003058,ORD000089832,ITEM0000335182,DS003,SKU0212,Wrong Item,64.87,Picking,P_DS003_021,Unconfirmed,Refund
QI00003059,ORD000089863,ITEM0000335302,DS003,SKU0281,Wrong Item,528.78,Shelf Placement / Picking Verification,P_DS003_030,Unconfirmed,Refund
QI00003060,ORD000089870,ITEM0000335327,DS003,SKU0245,Missing Item,561.74,Inventory Accuracy / Putaway,P_DS003_021,Unconfirmed,Refund
QI00003061,ORD000089901,ITEM0000335439,DS003,SKU0111,Missing Item,862.32,Inventory Accuracy / Putaway,P_DS003_006,Unconfirmed,Refund
QI00003062,ORD000089926,ITEM0000335527,DS003,SKU0182,Missing Item,142.83,Inventory Accuracy / Putaway,P_DS003_015,Unconfirmed,Replacement
QI00003063,ORD000089927,ITEM0000335533,DS003,SKU0034,Wrong Item,251.6,Picking,P_DS003_021,Unconfirmed,Replacement
QI00003064,ORD000089933,ITEM0000335561,DS003,SKU0091,Wrong Item,615.48,Picking,P_DS003_009,Unconfirmed,Refund
QI00003065,ORD000089935,ITEM0000335569,DS003,SKU0041,Missing Item,95.3,Inventory Accuracy / Putaway,P_DS003_012,Unconfirmed,Refund
QI00003066,ORD000089956,ITEM0000335645,DS003,SKU0247,Missing Item,93.98,Inventory Accuracy / Putaway,P_DS003_010,Unconfirmed,Refund
QI00003067,ORD000089971,ITEM0000335698,DS003,SKU0259,Wrong Item,233.94,Picking,P_DS003_016,Unconfirmed,Refund
QI00003068,ORD000089978,ITEM0000335720,DS003,SKU0169,Missing Item,128.02,Inventory Accuracy / Putaway,P_DS003_028,Unconfirmed,Replacement
QI00003069,ORD000089990,ITEM0000335757,DS003,SKU0167,Missing Item,417.96,Inventory Accuracy / Putaway,P_DS003_031,Unconfirmed,Refund
QI00003070,ORD000089996,ITEM0000335779,DS003,SKU0119,Missing Item,364.04,Inventory Accuracy / Putaway,P_DS003_007,Unconfirmed,Refund
QI00003071,ORD000090005,ITEM0000335814,DS003,SKU0158,Missing Item,290.48,Inventory Accuracy / Putaway,P_DS003_010,Unconfirmed,Refund
QI00003072,ORD000090017,ITEM0000335852,DS003,SKU0114,Damaged Item,116.74,Putaway / Picking Handling,,Unconfirmed,Refund
QI00003073,ORD000090082,ITEM0000336087,DS003,SKU0074,Damaged Item,233.54,Putaway / Picking Handling,,Unconfirmed,Refund
QI00003074,ORD000090089,ITEM0000336109,DS003,SKU0197,Missing Item,260.58,Inventory Accuracy / Putaway,P_DS003_028,Unconfirmed,Refund
QI00003075,ORD000090113,ITEM0000336195,DS003,SKU0265,Missing Item,192.92,Inventory Accuracy / Putaway,P_DS003_016,Unconfirmed,Replacement
QI00003076,ORD000090145,ITEM0000336322,DS003,SKU0109,Damaged Item,576.34,Putaway / Picking Handling,,Unconfirmed,Refund
QI00003077,ORD000090152,ITEM0000336349,DS003,SKU0251,Wrong Item,177.56,Picking,P_DS003_016,Unconfirmed,Replacement
QI00003078,ORD000090206,ITEM0000336550,DS003,SKU0011,Missing Item,171.4,Inventory Accuracy / Putaway,P_DS003_029,Unconfirmed,Replacement
QI00003079,ORD000090216,ITEM0000336579,DS003,SKU0166,Damaged Item,493.94,Putaway / Picking Handling,,Unconfirmed,Refund
QI00003080,ORD000090240,ITEM0000336672,DS003,SKU0195,Missing Item,1227.36,Inventory Accuracy / Putaway,P_DS003_026,Unconfirmed,Replacement
QI00003081,ORD000090251,ITEM0000336720,DS003,SKU0070,Missing Item,78.06,Inventory Accuracy / Putaway,P_DS003_017,Unconfirmed,Replacement
QI00003082,ORD000090257,ITEM0000336748,DS003,SKU0168,Missing Item,121.35,Inventory Accuracy / Putaway,P_DS003_023,Unconfirmed,Refund
QI00003083,ORD000090263,ITEM0000336772,DS003,SKU0076,Missing Item,267.05,Inventory Accuracy / Putaway,P_DS003_026,Unconfirmed,Replacement
QI00003084,ORD000090268,ITEM0000336794,DS003,SKU0033,Missing Item,406.88,Inventory Accuracy / Putaway,P_DS003_023,Unconfirmed,Refund
QI00003085,ORD000090269,ITEM0000336797,DS003,SKU0076,Missing Item,534.1,Inventory Accuracy / Putaway,P_DS003_002,Unconfirmed,Refund
QI00003086,ORD000090282,ITEM0000336832,DS003,SKU0206,Wrong Item,332.76,Picking,P_DS003_029,Unconfirmed,Replacement
QI00003087,ORD000090313,ITEM0000336952,DS003,SKU0056,Missing Item,469.24,Inventory Accuracy / Putaway,P_DS003_026,Unconfirmed,Replacement
QI00003088,ORD000090330,ITEM0000337007,DS003,SKU0264,Damaged Item,26.89,Putaway / Picking Handling,,Unconfirmed,Refund
QI00003089,ORD000090334,ITEM0000337022,DS003,SKU0131,Missing Item,255.32,Inventory Accuracy / Putaway,P_DS003_005,Unconfirmed,Refund
QI00003090,ORD000090338,ITEM0000337042,DS003,SKU0043,Damaged Item,221.22,Putaway / Picking Handling,,Unconfirmed,Refund
QI00003091,ORD000090378,ITEM0000337192,DS003,SKU0212,Damaged Item,64.87,Putaway / Picking Handling,,Unconfirmed,Refund
QI00003092,ORD000090405,ITEM0000337290,DS003,SKU0152,Missing Item,606.41,Inventory Accuracy / Putaway,P_DS003_005,Unconfirmed,Replacement
QI00003093,ORD000090418,ITEM0000337327,DS003,SKU0130,Wrong Item,44.48,Picking,P_DS003_026,Unconfirmed,Replacement
QI00003094,ORD000090424,ITEM0000337350,DS003,SKU0291,Wrong Item,294.78,Picking,P_DS003_029,Unconfirmed,Refund
QI00003095,ORD000090451,ITEM0000337454,DS003,SKU0059,Wrong Item,673.18,Shelf Placement / Picking Verification,P_DS003_017,Unconfirmed,Refund
QI00003096,ORD000090459,ITEM0000337487,DS003,SKU0035,Damaged Item,311.65,Putaway / Picking Handling,,Unconfirmed,Refund
QI00003097,ORD000090467,ITEM0000337520,DS003,SKU0105,Wrong Item,272.14,Shelf Placement / Picking Verification,P_DS003_008,Unconfirmed,Refund
QI00003098,ORD000090518,ITEM0000337711,DS003,SKU0274,Wrong Item,382.26,Shelf Placement / Picking Verification,P_DS003_023,Unconfirmed,Refund
QI00003099,ORD000090614,ITEM0000338072,DS003,SKU0090,Damaged Item,260.5,Putaway / Picking Handling,,Unconfirmed,Refund
QI00003100,ORD000090635,ITEM0000338139,DS003,SKU0175,Damaged Item,137.34,Putaway / Picking Handling,,Unconfirmed,Refund
QI00003101,ORD000090643,ITEM0000338170,DS003,SKU0292,Missing Item,501.99,Inventory Accuracy / Putaway,P_DS003_017,Unconfirmed,Replacement
QI00003102,ORD000090656,ITEM0000338212,DS003,SKU0227,Damaged Item,496.1,Putaway / Picking Handling,,Unconfirmed,Replacement
QI00003103,ORD000090699,ITEM0000338360,DS003,SKU0226,Missing Item,90.56,Inventory Accuracy / Putaway,P_DS003_005,Unconfirmed,Replacement
QI00003104,ORD000090759,ITEM0000338582,DS003,SKU0004,Missing Item,240.08,Inventory Accuracy / Putaway,P_DS003_008,Unconfirmed,Refund
QI00003105,ORD000090763,ITEM0000338599,DS003,SKU0138,Wrong Item,409.79,Shelf Placement / Picking Verification,P_DS003_008,Unconfirmed,Replacement
QI00003106,ORD000090898,ITEM0000339093,DS003,SKU0278,Missing Item,224.88,Inventory Accuracy / Putaway,P_DS003_009,Unconfirmed,Refund
QI00003107,ORD000090952,ITEM0000339308,DS003,SKU0038,Missing Item,840.82,Inventory Accuracy / Putaway,P_DS003_027,Unconfirmed,Refund
QI00003108,ORD000090958,ITEM0000339334,DS003,SKU0198,Missing Item,353.83,Inventory Accuracy / Putaway,P_DS003_003,Unconfirmed,Refund
QI00003109,ORD000090966,ITEM0000339369,DS003,SKU0286,Missing Item,143.99,Inventory Accuracy / Putaway,P_DS003_015,Unconfirmed,Refund
QI00003110,ORD000090968,ITEM0000339375,DS003,SKU0045,Missing Item,182.12,Inventory Accuracy / Putaway,P_DS003_030,Unconfirmed,Refund
QI00003111,ORD000091001,ITEM0000339507,DS003,SKU0177,Missing Item,175.72,Inventory Accuracy / Putaway,P_DS003_012,Unconfirmed,Refund
QI00003112,ORD000091106,ITEM0000339878,DS003,SKU0180,Missing Item,37.34,Inventory Accuracy / Putaway,P_DS003_015,Unconfirmed,Refund
QI00003113,ORD000091120,ITEM0000339944,DS003,SKU0160,Missing Item,215.8,Inventory Accuracy / Putaway,P_DS003_012,Unconfirmed,Refund
QI00003114,ORD000091129,ITEM0000339985,DS003,SKU0195,Missing Item,613.68,Inventory Accuracy / Putaway,P_DS003_003,Unconfirmed,Refund
QI00003115,ORD000091135,ITEM0000340018,DS003,SKU0130,Missing Item,44.48,Inventory Accuracy / Putaway,P_DS003_009,Unconfirmed,Replacement
QI00003116,ORD000091147,ITEM0000340063,DS003,SKU0013,Wrong Item,286.53,Shelf Placement / Picking Verification,P_DS003_006,Unconfirmed,Refund
QI00003117,ORD000091149,ITEM0000340073,DS003,SKU0109,Damaged Item,576.34,Putaway / Picking Handling,,Unconfirmed,Refund
QI00003118,ORD000091177,ITEM0000340182,DS003,SKU0015,Wrong Item,159.48,Picking,P_DS003_027,Unconfirmed,Refund
QI00003119,ORD000091187,ITEM0000340215,DS003,SKU0197,Damaged Item,260.58,Putaway / Picking Handling,,Unconfirmed,Replacement
QI00003120,ORD000091207,ITEM0000340287,DS003,SKU0199,Missing Item,138.52,Inventory Accuracy / Putaway,P_DS003_012,Unconfirmed,Refund
QI00003121,ORD000091220,ITEM0000340338,DS003,SKU0252,Missing Item,674.74,Inventory Accuracy / Putaway,P_DS003_006,Unconfirmed,Refund
QI00003122,ORD000091259,ITEM0000340489,DS003,SKU0063,Missing Item,189.87,Inventory Accuracy / Putaway,P_DS003_015,Unconfirmed,Refund
QI00003123,ORD000091262,ITEM0000340505,DS003,SKU0107,Missing Item,86.59,Inventory Accuracy / Putaway,P_DS003_003,Unconfirmed,Refund
QI00003124,ORD000091299,ITEM0000340631,DS003,SKU0045,Wrong Item,182.12,Picking,P_DS003_012,Unconfirmed,Refund
QI00003125,ORD000091388,ITEM0000340953,DS003,SKU0141,Damaged Item,106.65,Putaway / Picking Handling,,Unconfirmed,Replacement
QI00003126,ORD000091398,ITEM0000340991,DS003,SKU0168,Damaged Item,40.45,Putaway / Picking Handling,,Unconfirmed,Refund
QI00003127,ORD000091402,ITEM0000341007,DS003,SKU0202,Wrong Item,776.84,Picking,P_DS003_012,Unconfirmed,Refund
QI00003128,ORD000091412,ITEM0000341054,DS003,SKU0142,Damaged Item,108.46,Putaway / Picking Handling,,Unconfirmed,Refund
QI00003129,ORD000091415,ITEM0000341060,DS003,SKU0183,Missing Item,142.0,Inventory Accuracy / Putaway,P_DS003_027,Unconfirmed,Refund
QI00003130,ORD000091437,ITEM0000341144,DS003,SKU0062,Wrong Item,668.4,Shelf Placement / Picking Verification,P_DS003_030,Unconfirmed,Refund
QI00003131,ORD000091439,ITEM0000341155,DS003,SKU0018,Missing Item,292.04,Inventory Accuracy / Putaway,P_DS003_009,Unconfirmed,Refund
QI00003132,ORD000091466,ITEM0000341258,DS003,SKU0114,Wrong Item,116.74,Picking,P_DS003_027,Unconfirmed,Refund
QI00003133,ORD000091500,ITEM0000341389,DS003,SKU0237,Missing Item,232.44,Inventory Accuracy / Putaway,P_DS003_021,Unconfirmed,Refund
QI00003134,ORD000091595,ITEM0000341762,DS003,SKU0018,Missing Item,292.04,Inventory Accuracy / Putaway,P_DS003_012,Unconfirmed,Refund
QI00003135,ORD000091598,ITEM0000341777,DS003,SKU0156,Damaged Item,123.9,Putaway / Picking Handling,,Unconfirmed,Refund
QI00003136,ORD000091607,ITEM0000341806,DS003,SKU0084,Wrong Item,222.04,Shelf Placement / Picking Verification,P_DS003_003,Unconfirmed,Replacement
QI00003137,ORD000091665,ITEM0000342035,DS003,SKU0221,Missing Item,278.54,Inventory Accuracy / Putaway,P_DS003_003,Unconfirmed,Refund
QI00003138,ORD000091669,ITEM0000342049,DS003,SKU0084,Missing Item,222.04,Inventory Accuracy / Putaway,P_DS003_021,Unconfirmed,Replacement
QI00003139,ORD000091707,ITEM0000342202,DS003,SKU0141,Missing Item,106.65,Inventory Accuracy / Putaway,P_DS003_015,Unconfirmed,Refund
QI00003140,ORD000091709,ITEM0000342209,DS003,SKU0148,Missing Item,694.64,Inventory Accuracy / Putaway,P_DS003_027,Unconfirmed,Refund
QI00003141,ORD000091712,ITEM0000342222,DS003,SKU0085,Missing Item,469.4,Inventory Accuracy / Putaway,P_DS003_015,Unconfirmed,Refund
QI00003142,ORD000091721,ITEM0000342255,DS003,SKU0227,Missing Item,496.1,Inventory Accuracy / Putaway,P_DS003_030,Unconfirmed,Refund
QI00003143,ORD000091723,ITEM0000342258,DS003,SKU0283,Missing Item,87.37,Inventory Accuracy / Putaway,P_DS003_021,Unconfirmed,Replacement
QI00003144,ORD000091724,ITEM0000342265,DS003,SKU0105,Missing Item,272.14,Inventory Accuracy / Putaway,P_DS003_003,Unconfirmed,Refund
QI00003145,ORD000091725,ITEM0000342267,DS003,SKU0084,Damaged Item,111.02,Putaway / Picking Handling,,Unconfirmed,Replacement
QI00003146,ORD000091786,ITEM0000342505,DS003,SKU0098,Missing Item,311.41,Inventory Accuracy / Putaway,P_DS003_012,Unconfirmed,Replacement
QI00003147,ORD000091793,ITEM0000342527,DS003,SKU0024,Missing Item,370.06,Inventory Accuracy / Putaway,P_DS003_006,Unconfirmed,Refund
QI00003148,ORD000091811,ITEM0000342588,DS003,SKU0296,Missing Item,292.68,Inventory Accuracy / Putaway,P_DS003_015,Unconfirmed,Replacement
QI00003149,ORD000091847,ITEM0000342705,DS003,SKU0115,Missing Item,283.76,Inventory Accuracy / Putaway,P_DS003_027,Unconfirmed,Refund
QI00003150,ORD000091867,ITEM0000342770,DS003,SKU0198,Missing Item,353.83,Inventory Accuracy / Putaway,P_DS003_006,Unconfirmed,Refund
QI00003151,ORD000091882,ITEM0000342819,DS003,SKU0022,Missing Item,446.03,Inventory Accuracy / Putaway,P_DS003_010,Unconfirmed,Replacement
QI00003152,ORD000091895,ITEM0000342867,DS003,SKU0162,Wrong Item,63.51,Picking,P_DS003_022,Unconfirmed,Replacement
QI00003153,ORD000091977,ITEM0000343159,DS003,SKU0244,Missing Item,134.3,Inventory Accuracy / Putaway,P_DS003_007,Unconfirmed,Refund
QI00003154,ORD000092011,ITEM0000343277,DS003,SKU0281,Missing Item,264.39,Inventory Accuracy / Putaway,P_DS003_016,Unconfirmed,Refund
QI00003155,ORD000092068,ITEM0000343494,DS003,SKU0011,Missing Item,85.7,Inventory Accuracy / Putaway,P_DS003_029,Unconfirmed,Refund
QI00003156,ORD000092089,ITEM0000343573,DS003,SKU0119,Damaged Item,182.02,Putaway / Picking Handling,,Unconfirmed,Refund
QI00003157,ORD000092093,ITEM0000343588,DS003,SKU0081,Damaged Item,43.96,Putaway / Picking Handling,,Unconfirmed,Refund
QI00003158,ORD000092100,ITEM0000343618,DS003,SKU0283,Missing Item,174.74,Inventory Accuracy / Putaway,P_DS003_020,Unconfirmed,Refund
QI00003159,ORD000092105,ITEM0000343637,DS003,SKU0015,Missing Item,159.48,Inventory Accuracy / Putaway,P_DS003_011,Unconfirmed,Refund
QI00003160,ORD000092114,ITEM0000343665,DS003,SKU0006,Missing Item,160.4,Inventory Accuracy / Putaway,P_DS003_029,Unconfirmed,Refund
QI00003161,ORD000092130,ITEM0000343723,DS003,SKU0205,Missing Item,168.31,Inventory Accuracy / Putaway,P_DS003_017,Unconfirmed,Refund
QI00003162,ORD000092140,ITEM0000343752,DS003,SKU0251,Wrong Item,177.56,Picking,P_DS003_029,Unconfirmed,Replacement
QI00003163,ORD000092151,ITEM0000343789,DS003,SKU0126,Wrong Item,488.27,Picking,P_DS003_029,Unconfirmed,Refund
QI00003164,ORD000092155,ITEM0000343805,DS003,SKU0281,Wrong Item,264.39,Shelf Placement / Picking Verification,P_DS003_029,Unconfirmed,Replacement
QI00003165,ORD000092179,ITEM0000343888,DS003,SKU0109,Damaged Item,576.34,Putaway / Picking Handling,,Unconfirmed,Replacement
QI00003166,ORD000092192,ITEM0000343945,DS003,SKU0051,Missing Item,50.3,Inventory Accuracy / Putaway,P_DS003_017,Unconfirmed,Refund
QI00003167,ORD000092283,ITEM0000344288,DS003,SKU0011,Missing Item,85.7,Inventory Accuracy / Putaway,P_DS003_017,Unconfirmed,Refund
QI00003168,ORD000092288,ITEM0000344309,DS003,SKU0100,Missing Item,574.35,Inventory Accuracy / Putaway,P_DS003_011,Unconfirmed,Refund
QI00003169,ORD000092428,ITEM0000344882,DS003,SKU0189,Missing Item,458.54,Inventory Accuracy / Putaway,P_DS003_032,Unconfirmed,Refund
QI00003170,ORD000092431,ITEM0000344893,DS003,SKU0095,Damaged Item,112.56,Putaway / Picking Handling,,Unconfirmed,Refund
QI00003171,ORD000092443,ITEM0000344935,DS003,SKU0012,Missing Item,690.45,Inventory Accuracy / Putaway,P_DS003_008,Unconfirmed,Refund
QI00003172,ORD000092452,ITEM0000344978,DS003,SKU0202,Damaged Item,388.42,Putaway / Picking Handling,,Unconfirmed,Refund
QI00003173,ORD000092482,ITEM0000345098,DS003,SKU0270,Wrong Item,511.98,Picking,P_DS003_002,Unconfirmed,Replacement
QI00003174,ORD000092494,ITEM0000345134,DS003,SKU0079,Damaged Item,452.12,Putaway / Picking Handling,,Unconfirmed,Refund
QI00003175,ORD000092531,ITEM0000345275,DS003,SKU0296,Missing Item,97.56,Inventory Accuracy / Putaway,P_DS003_029,Unconfirmed,Refund
QI00003176,ORD000092645,ITEM0000345724,DS003,SKU0141,Missing Item,106.65,Inventory Accuracy / Putaway,P_DS003_017,Unconfirmed,Refund
QI00003177,ORD000092694,ITEM0000345930,DS003,SKU0050,Missing Item,513.08,Inventory Accuracy / Putaway,P_DS003_017,Unconfirmed,Refund
QI00003178,ORD000092703,ITEM0000345963,DS003,SKU0129,Wrong Item,21.75,Picking,P_DS003_014,Unconfirmed,Replacement
QI00003179,ORD000092776,ITEM0000346249,DS003,SKU0119,Missing Item,182.02,Inventory Accuracy / Putaway,P_DS003_002,Unconfirmed,Replacement
QI00003180,ORD000092935,ITEM0000346863,DS003,SKU0287,Wrong Item,386.58,Picking,P_DS003_009,Unconfirmed,Replacement
QI00003181,ORD000092968,ITEM0000346981,DS003,SKU0076,Missing Item,267.05,Inventory Accuracy / Putaway,P_DS003_015,Unconfirmed,Refund
QI00003182,ORD000093043,ITEM0000347260,DS003,SKU0080,Missing Item,77.19,Inventory Accuracy / Putaway,P_DS003_003,Unconfirmed,Refund
QI00003183,ORD000093123,ITEM0000347544,DS003,SKU0004,Missing Item,240.08,Inventory Accuracy / Putaway,P_DS003_019,Unconfirmed,Refund
QI00003184,ORD000093156,ITEM0000347666,DS003,SKU0093,Damaged Item,172.15,Putaway / Picking Handling,,Unconfirmed,Refund
QI00003185,ORD000093165,ITEM0000347702,DS003,SKU0267,Missing Item,400.53,Inventory Accuracy / Putaway,P_DS003_006,Unconfirmed,Refund
QI00003186,ORD000093198,ITEM0000347822,DS003,SKU0158,Missing Item,145.24,Inventory Accuracy / Putaway,P_DS003_015,Unconfirmed,Refund
QI00003187,ORD000093209,ITEM0000347866,DS003,SKU0066,Missing Item,435.4,Inventory Accuracy / Putaway,P_DS003_006,Unconfirmed,Refund
QI00003188,ORD000093216,ITEM0000347901,DS003,SKU0160,Missing Item,431.6,Inventory Accuracy / Putaway,P_DS003_006,Unconfirmed,Refund
QI00003189,ORD000093226,ITEM0000347928,DS003,SKU0176,Damaged Item,206.65,Putaway / Picking Handling,,Unconfirmed,Refund
QI00003190,ORD000093271,ITEM0000348106,DS003,SKU0057,Damaged Item,229.0,Putaway / Picking Handling,,Unconfirmed,Replacement
QI00003191,ORD000093284,ITEM0000348158,DS003,SKU0128,Missing Item,78.55,Inventory Accuracy / Putaway,P_DS003_003,Unconfirmed,Refund
QI00003192,ORD000093344,ITEM0000348381,DS003,SKU0013,Wrong Item,286.53,Shelf Placement / Picking Verification,P_DS003_009,Unconfirmed,Refund
QI00003193,ORD000093352,ITEM0000348403,DS003,SKU0193,Wrong Item,323.59,Picking,P_DS003_027,Unconfirmed,Replacement
QI00003194,ORD000093370,ITEM0000348469,DS003,SKU0034,Wrong Item,503.2,Picking,P_DS003_030,Unconfirmed,Replacement
QI00003195,ORD000093473,ITEM0000348847,DS003,SKU0269,Missing Item,798.48,Inventory Accuracy / Putaway,P_DS003_030,Unconfirmed,Refund
QI00003196,ORD000093508,ITEM0000348965,DS003,SKU0057,Missing Item,229.0,Inventory Accuracy / Putaway,P_DS003_030,Unconfirmed,Replacement
QI00003197,ORD000093512,ITEM0000348982,DS003,SKU0137,Missing Item,262.56,Inventory Accuracy / Putaway,P_DS003_005,Unconfirmed,Refund
QI00003198,ORD000093529,ITEM0000349059,DS003,SKU0104,Missing Item,544.35,Inventory Accuracy / Putaway,P_DS003_003,Unconfirmed,Replacement
QI00003199,ORD000093546,ITEM0000349119,DS003,SKU0226,Missing Item,45.28,Inventory Accuracy / Putaway,P_DS003_015,Unconfirmed,Replacement
QI00003200,ORD000093619,ITEM0000349392,DS003,SKU0040,Missing Item,82.14,Inventory Accuracy / Putaway,P_DS003_009,Unconfirmed,Refund
QI00003201,ORD000093701,ITEM0000349715,DS003,SKU0133,Missing Item,664.79,Inventory Accuracy / Putaway,P_DS003_019,Unconfirmed,Replacement
QI00003202,ORD000093797,ITEM0000350068,DS003,SKU0022,Missing Item,892.06,Inventory Accuracy / Putaway,P_DS003_030,Unconfirmed,Refund
QI00003203,ORD000093822,ITEM0000350162,DS003,SKU0167,Damaged Item,208.98,Putaway / Picking Handling,,Unconfirmed,Refund
QI00003204,ORD000093855,ITEM0000350293,DS003,SKU0067,Wrong Item,120.88,Shelf Placement / Picking Verification,P_DS003_027,Unconfirmed,Refund
QI00003205,ORD000093877,ITEM0000350370,DS003,SKU0298,Damaged Item,79.22,Putaway / Picking Handling,,Unconfirmed,Refund
QI00003206,ORD000093882,ITEM0000350390,DS003,SKU0057,Missing Item,229.0,Inventory Accuracy / Putaway,P_DS003_030,Unconfirmed,Refund
QI00003207,ORD000093920,ITEM0000350540,DS003,SKU0277,Damaged Item,372.81,Putaway / Picking Handling,,Unconfirmed,Refund
QI00003208,ORD000093977,ITEM0000350751,DS003,SKU0022,Missing Item,446.03,Inventory Accuracy / Putaway,P_DS003_027,Unconfirmed,Refund
QI00003209,ORD000093986,ITEM0000350787,DS003,SKU0158,Missing Item,145.24,Inventory Accuracy / Putaway,P_DS003_003,Unconfirmed,Replacement
QI00003210,ORD000093988,ITEM0000350795,DS003,SKU0047,Missing Item,580.31,Inventory Accuracy / Putaway,P_DS003_006,Unconfirmed,Replacement
QI00003211,ORD000093999,ITEM0000350843,DS003,SKU0188,Missing Item,186.54,Inventory Accuracy / Putaway,P_DS003_016,Unconfirmed,Refund
QI00003212,ORD000094054,ITEM0000351038,DS003,SKU0193,Missing Item,323.59,Inventory Accuracy / Putaway,P_DS003_019,Unconfirmed,Replacement
QI00003213,ORD000094073,ITEM0000351096,DS003,SKU0193,Missing Item,323.59,Inventory Accuracy / Putaway,P_DS003_028,Unconfirmed,Replacement
QI00003214,ORD000094154,ITEM0000351403,DS003,SKU0113,Missing Item,64.72,Inventory Accuracy / Putaway,P_DS003_016,Unconfirmed,Refund
QI00003215,ORD000094164,ITEM0000351443,DS003,SKU0054,Wrong Item,266.46,Shelf Placement / Picking Verification,P_DS003_023,Unconfirmed,Refund
QI00003216,ORD000094166,ITEM0000351448,DS003,SKU0015,Missing Item,159.48,Inventory Accuracy / Putaway,P_DS003_022,Unconfirmed,Refund
QI00003217,ORD000094170,ITEM0000351470,DS003,SKU0298,Missing Item,158.44,Inventory Accuracy / Putaway,P_DS003_029,Unconfirmed,Refund
QI00003218,ORD000094178,ITEM0000351498,DS003,SKU0299,Missing Item,138.9,Inventory Accuracy / Putaway,P_DS003_008,Unconfirmed,Refund
QI00003219,ORD000094180,ITEM0000351505,DS003,SKU0143,Wrong Item,201.68,Shelf Placement / Picking Verification,P_DS003_011,Unconfirmed,Refund
QI00003220,ORD000094180,ITEM0000351506,DS003,SKU0268,Missing Item,882.02,Inventory Accuracy / Putaway,P_DS003_011,Unconfirmed,Replacement
QI00003221,ORD000094192,ITEM0000351557,DS003,SKU0298,Missing Item,79.22,Inventory Accuracy / Putaway,P_DS003_011,Unconfirmed,Refund
QI00003222,ORD000094220,ITEM0000351666,DS003,SKU0210,Damaged Item,695.1,Putaway / Picking Handling,,Unconfirmed,Refund
QI00003223,ORD000094239,ITEM0000351748,DS003,SKU0116,Wrong Item,32.73,Picking,P_DS003_008,Unconfirmed,Refund
QI00003224,ORD000094251,ITEM0000351800,DS003,SKU0142,Damaged Item,54.23,Putaway / Picking Handling,,Unconfirmed,Refund
QI00003225,ORD000094279,ITEM0000351900,DS003,SKU0131,Missing Item,255.32,Inventory Accuracy / Putaway,P_DS003_011,Unconfirmed,Refund
QI00003226,ORD000094315,ITEM0000352027,DS003,SKU0150,Missing Item,178.21,Inventory Accuracy / Putaway,P_DS003_017,Unconfirmed,Refund
QI00003227,ORD000094354,ITEM0000352172,DS003,SKU0278,Missing Item,224.88,Inventory Accuracy / Putaway,P_DS003_023,Unconfirmed,Refund
QI00003228,ORD000094457,ITEM0000352534,DS003,SKU0274,Wrong Item,764.52,Shelf Placement / Picking Verification,P_DS003_029,Unconfirmed,Refund
QI00003229,ORD000094498,ITEM0000352690,DS003,SKU0013,Wrong Item,573.06,Shelf Placement / Picking Verification,P_DS003_002,Unconfirmed,Replacement
QI00003230,ORD000094505,ITEM0000352710,DS003,SKU0033,Missing Item,406.88,Inventory Accuracy / Putaway,P_DS003_032,Unconfirmed,Refund
QI00003231,ORD000094538,ITEM0000352850,DS003,SKU0081,Damaged Item,43.96,Putaway / Picking Handling,,Unconfirmed,Replacement
QI00003232,ORD000094631,ITEM0000353190,DS003,SKU0085,Wrong Item,469.4,Picking,P_DS003_017,Unconfirmed,Refund
QI00003233,ORD000094652,ITEM0000353280,DS003,SKU0264,Missing Item,26.89,Inventory Accuracy / Putaway,P_DS003_005,Unconfirmed,Replacement
QI00003234,ORD000094674,ITEM0000353367,DS003,SKU0131,Missing Item,255.32,Inventory Accuracy / Putaway,P_DS003_014,Unconfirmed,Refund
QI00003235,ORD000094689,ITEM0000353434,DS003,SKU0227,Missing Item,496.1,Inventory Accuracy / Putaway,P_DS003_026,Unconfirmed,Replacement
QI00003236,ORD000094744,ITEM0000353626,DS003,SKU0127,Wrong Item,229.21,Shelf Placement / Picking Verification,P_DS003_008,Unconfirmed,Refund
QI00003237,ORD000094756,ITEM0000353670,DS003,SKU0148,Missing Item,347.32,Inventory Accuracy / Putaway,P_DS003_032,Unconfirmed,Replacement
QI00003238,ORD000094866,ITEM0000354068,DS003,SKU0102,Missing Item,107.01,Inventory Accuracy / Putaway,P_DS003_002,Unconfirmed,Refund
QI00003239,ORD000094917,ITEM0000354258,DS003,SKU0057,Missing Item,229.0,Inventory Accuracy / Putaway,P_DS003_029,Unconfirmed,Refund
QI00003240,ORD000094922,ITEM0000354277,DS003,SKU0024,Missing Item,740.12,Inventory Accuracy / Putaway,P_DS003_005,Unconfirmed,Refund
QI00003241,ORD000094929,ITEM0000354300,DS003,SKU0237,Missing Item,154.96,Inventory Accuracy / Putaway,P_DS003_017,Unconfirmed,Refund
QI00003242,ORD000094944,ITEM0000354358,DS003,SKU0250,Wrong Item,195.28,Picking,P_DS003_011,Unconfirmed,Refund
QI00003243,ORD000094976,ITEM0000354451,DS003,SKU0085,Missing Item,469.4,Inventory Accuracy / Putaway,P_DS003_032,Unconfirmed,Replacement
QI00003244,ORD000095052,ITEM0000354726,DS003,SKU0129,Damaged Item,21.75,Putaway / Picking Handling,,Unconfirmed,Refund
QI00003245,ORD000095053,ITEM0000354733,DS003,SKU0111,Wrong Item,862.32,Picking,P_DS003_014,Unconfirmed,Refund
QI00003246,ORD000095101,ITEM0000354918,DS003,SKU0269,Damaged Item,1197.72,Putaway / Picking Handling,,Unconfirmed,Refund
QI00003247,ORD000095105,ITEM0000354928,DS003,SKU0221,Missing Item,278.54,Inventory Accuracy / Putaway,P_DS003_026,Unconfirmed,Refund
QI00003248,ORD000095132,ITEM0000355019,DS003,SKU0057,Missing Item,229.0,Inventory Accuracy / Putaway,P_DS003_026,Unconfirmed,Replacement
QI00003249,ORD000095185,ITEM0000355210,DS003,SKU0185,Wrong Item,196.9,Shelf Placement / Picking Verification,P_DS003_015,Unconfirmed,Refund
QI00003250,ORD000095199,ITEM0000355270,DS003,SKU0207,Wrong Item,174.89,Shelf Placement / Picking Verification,P_DS003_017,Unconfirmed,Refund
QI00003251,ORD000095235,ITEM0000355401,DS003,SKU0072,Wrong Item,75.88,Shelf Placement / Picking Verification,P_DS003_003,Unconfirmed,Refund
QI00003252,ORD000095292,ITEM0000355604,DS003,SKU0217,Wrong Item,503.57,Picking,P_DS003_030,Unconfirmed,Refund
QI00003253,ORD000095350,ITEM0000355810,DS003,SKU0296,Missing Item,97.56,Inventory Accuracy / Putaway,P_DS003_030,Unconfirmed,Replacement
QI00003254,ORD000095361,ITEM0000355850,DS003,SKU0251,Damaged Item,355.12,Putaway / Picking Handling,,Unconfirmed,Replacement
QI00003255,ORD000095382,ITEM0000355934,DS003,SKU0221,Missing Item,278.54,Inventory Accuracy / Putaway,P_DS003_003,Unconfirmed,Replacement
QI00003256,ORD000095428,ITEM0000356124,DS003,SKU0194,Wrong Item,468.88,Picking,P_DS003_013,Unconfirmed,Refund
QI00003257,ORD000095515,ITEM0000356452,DS003,SKU0081,Damaged Item,87.92,Putaway / Picking Handling,,Unconfirmed,Refund
QI00003258,ORD000095533,ITEM0000356506,DS003,SKU0247,Missing Item,93.98,Inventory Accuracy / Putaway,P_DS003_003,Unconfirmed,Replacement
QI00003259,ORD000095615,ITEM0000356825,DS003,SKU0026,Missing Item,132.27,Inventory Accuracy / Putaway,P_DS003_018,Unconfirmed,Refund
QI00003260,ORD000095697,ITEM0000357130,DS003,SKU0085,Missing Item,938.8,Inventory Accuracy / Putaway,P_DS003_003,Unconfirmed,Replacement
QI00003261,ORD000095836,ITEM0000357664,DS003,SKU0131,Missing Item,255.32,Inventory Accuracy / Putaway,P_DS003_009,Unconfirmed,Refund
QI00003262,ORD000095850,ITEM0000357709,DS003,SKU0149,Wrong Item,91.54,Picking,P_DS003_012,Unconfirmed,Refund
QI00003263,ORD000095863,ITEM0000357759,DS003,SKU0085,Missing Item,469.4,Inventory Accuracy / Putaway,P_DS003_024,Unconfirmed,Refund
QI00003264,ORD000095868,ITEM0000357777,DS003,SKU0141,Missing Item,213.3,Inventory Accuracy / Putaway,P_DS003_030,Unconfirmed,Refund
QI00003265,ORD000095876,ITEM0000357808,DS003,SKU0119,Damaged Item,364.04,Putaway / Picking Handling,,Unconfirmed,Replacement
QI00003266,ORD000095882,ITEM0000357832,DS003,SKU0246,Wrong Item,192.63,Picking,P_DS003_027,Unconfirmed,Replacement
QI00003267,ORD000095883,ITEM0000357839,DS003,SKU0169,Wrong Item,64.01,Picking,P_DS003_003,Unconfirmed,Refund
QI00003268,ORD000095887,ITEM0000357857,DS003,SKU0158,Missing Item,435.72,Inventory Accuracy / Putaway,P_DS003_027,Unconfirmed,Refund
QI00003269,ORD000095938,ITEM0000358030,DS003,SKU0150,Missing Item,178.21,Inventory Accuracy / Putaway,P_DS003_015,Unconfirmed,Replacement
QI00003270,ORD000096004,ITEM0000358279,DS003,SKU0300,Missing Item,1102.5,Inventory Accuracy / Putaway,P_DS003_013,Unconfirmed,Refund
QI00003271,ORD000096029,ITEM0000358380,DS003,SKU0209,Damaged Item,102.71,Putaway / Picking Handling,,Unconfirmed,Refund
QI00003272,ORD000096038,ITEM0000358410,DS003,SKU0015,Damaged Item,159.48,Putaway / Picking Handling,,Unconfirmed,Refund
QI00003273,ORD000096068,ITEM0000358528,DS003,SKU0168,Missing Item,40.45,Inventory Accuracy / Putaway,P_DS003_018,Unconfirmed,Replacement
QI00003274,ORD000096082,ITEM0000358578,DS003,SKU0018,Damaged Item,584.08,Putaway / Picking Handling,,Unconfirmed,Refund
QI00003275,ORD000096084,ITEM0000358589,DS003,SKU0177,Missing Item,175.72,Inventory Accuracy / Putaway,P_DS003_020,Unconfirmed,Refund
QI00003276,ORD000096112,ITEM0000358711,DS003,SKU0185,Wrong Item,98.45,Shelf Placement / Picking Verification,P_DS003_015,Unconfirmed,Refund
QI00003277,ORD000096158,ITEM0000358882,DS003,SKU0149,Missing Item,183.08,Inventory Accuracy / Putaway,P_DS003_030,Unconfirmed,Refund
QI00003278,ORD000096164,ITEM0000358902,DS003,SKU0287,Missing Item,773.16,Inventory Accuracy / Putaway,P_DS003_012,Unconfirmed,Refund
QI00003279,ORD000096215,ITEM0000359073,DS003,SKU0141,Missing Item,106.65,Inventory Accuracy / Putaway,P_DS003_018,Unconfirmed,Refund
QI00003280,ORD000096232,ITEM0000359148,DS003,SKU0204,Wrong Item,337.41,Picking,P_DS003_009,Unconfirmed,Replacement
QI00003281,ORD000096299,ITEM0000359391,DS003,SKU0201,Missing Item,162.36,Inventory Accuracy / Putaway,P_DS003_018,Unconfirmed,Replacement
QI00003282,ORD000096311,ITEM0000359436,DS003,SKU0115,Missing Item,283.76,Inventory Accuracy / Putaway,P_DS003_003,Unconfirmed,Refund
QI00003283,ORD000096372,ITEM0000359661,DS003,SKU0101,Missing Item,1040.44,Inventory Accuracy / Putaway,P_DS003_004,Unconfirmed,Refund
QI00003284,ORD000096381,ITEM0000359697,DS003,SKU0119,Damaged Item,182.02,Rider Handling / Last Mile,,Unconfirmed,Refund
QI00003285,ORD000096389,ITEM0000359727,DS003,SKU0018,Damaged Item,292.04,Putaway / Picking Handling,,Unconfirmed,Refund
QI00003286,ORD000096455,ITEM0000359970,DS003,SKU0081,Missing Item,43.96,Inventory Accuracy / Putaway,P_DS003_019,Unconfirmed,Refund
QI00003287,ORD000096462,ITEM0000359993,DS003,SKU0113,Wrong Item,64.72,Picking,P_DS003_019,Unconfirmed,Refund
QI00003288,ORD000096474,ITEM0000360039,DS003,SKU0298,Wrong Item,79.22,Shelf Placement / Picking Verification,P_DS003_029,Unconfirmed,Replacement
QI00003289,ORD000096481,ITEM0000360064,DS003,SKU0208,Missing Item,81.82,Inventory Accuracy / Putaway,P_DS003_026,Unconfirmed,Refund
QI00003290,ORD000096512,ITEM0000360196,DS003,SKU0185,Missing Item,98.45,Inventory Accuracy / Putaway,P_DS003_026,Unconfirmed,Refund
QI00003291,ORD000096529,ITEM0000360271,DS003,SKU0131,Missing Item,255.32,Inventory Accuracy / Putaway,P_DS003_002,Unconfirmed,Refund
QI00003292,ORD000096556,ITEM0000360364,DS003,SKU0193,Damaged Item,323.59,Putaway / Picking Handling,,Unconfirmed,Refund
QI00003293,ORD000096574,ITEM0000360439,DS003,SKU0226,Damaged Item,45.28,Putaway / Picking Handling,,Unconfirmed,Refund
QI00003294,ORD000096614,ITEM0000360589,DS003,SKU0198,Damaged Item,353.83,Putaway / Picking Handling,,Unconfirmed,Refund
QI00003295,ORD000096638,ITEM0000360679,DS003,SKU0018,Damaged Item,292.04,Putaway / Picking Handling,,Unconfirmed,Refund
QI00003296,ORD000096699,ITEM0000360917,DS003,SKU0177,Damaged Item,175.72,Putaway / Picking Handling,,Unconfirmed,Refund
QI00003297,ORD000096751,ITEM0000361132,DS003,SKU0173,Damaged Item,225.84,Putaway / Picking Handling,,Unconfirmed,Refund
QI00003298,ORD000096765,ITEM0000361183,DS003,SKU0085,Missing Item,938.8,Inventory Accuracy / Putaway,P_DS003_032,Unconfirmed,Replacement
QI00003299,ORD000096788,ITEM0000361276,DS003,SKU0152,Missing Item,1212.82,Inventory Accuracy / Putaway,P_DS003_026,Unconfirmed,Replacement
QI00003300,ORD000096791,ITEM0000361290,DS003,SKU0246,Missing Item,192.63,Inventory Accuracy / Putaway,P_DS003_026,Unconfirmed,Refund
QI00003301,ORD000096804,ITEM0000361351,DS003,SKU0204,Missing Item,674.82,Inventory Accuracy / Putaway,P_DS003_023,Unconfirmed,Refund
QI00003302,ORD000096855,ITEM0000361560,DS003,SKU0025,Missing Item,541.32,Inventory Accuracy / Putaway,P_DS003_008,Unconfirmed,Refund
QI00003303,ORD000096860,ITEM0000361580,DS003,SKU0177,Damaged Item,351.44,Putaway / Picking Handling,,Unconfirmed,Refund
QI00003304,ORD000096899,ITEM0000361733,DS003,SKU0249,Damaged Item,489.26,Putaway / Picking Handling,,Unconfirmed,Refund
QI00003305,ORD000096921,ITEM0000361824,DS003,SKU0075,Wrong Item,143.63,Shelf Placement / Picking Verification,P_DS003_005,Unconfirmed,Replacement
QI00003306,ORD000096931,ITEM0000361864,DS003,SKU0141,Missing Item,106.65,Inventory Accuracy / Putaway,P_DS003_023,Unconfirmed,Refund
QI00003307,ORD000096933,ITEM0000361868,DS003,SKU0298,Missing Item,79.22,Inventory Accuracy / Putaway,P_DS003_026,Unconfirmed,Refund
QI00003308,ORD000096936,ITEM0000361878,DS003,SKU0274,Damaged Item,382.26,Putaway / Picking Handling,,Unconfirmed,Refund
QI00003309,ORD000096956,ITEM0000361948,DS003,SKU0281,Wrong Item,264.39,Shelf Placement / Picking Verification,P_DS003_002,Unconfirmed,Refund
QI00003310,ORD000097013,ITEM0000362165,DS003,SKU0021,Missing Item,387.42,Inventory Accuracy / Putaway,P_DS003_002,Unconfirmed,Refund
QI00003311,ORD000097030,ITEM0000362225,DS003,SKU0269,Missing Item,798.48,Inventory Accuracy / Putaway,P_DS003_005,Unconfirmed,Refund
QI00003312,ORD000097059,ITEM0000362332,DS003,SKU0085,Wrong Item,469.4,Picking,P_DS003_020,Unconfirmed,Refund
QI00003313,ORD000097189,ITEM0000362812,DS003,SKU0099,Wrong Item,162.69,Picking,P_DS003_029,Unconfirmed,Refund
QI00003314,ORD000097194,ITEM0000362831,DS003,SKU0034,Missing Item,251.6,Inventory Accuracy / Putaway,P_DS003_011,Unconfirmed,Refund
QI00003315,ORD000097247,ITEM0000363026,DS003,SKU0299,Missing Item,46.3,Inventory Accuracy / Putaway,P_DS003_011,Unconfirmed,Refund
QI00003316,ORD000097345,ITEM0000363413,DS003,SKU0062,Damaged Item,334.2,Putaway / Picking Handling,,Unconfirmed,Replacement
QI00003317,ORD000097384,ITEM0000363548,DS003,SKU0257,Damaged Item,288.34,Putaway / Picking Handling,,Unconfirmed,Refund
QI00003318,ORD000097402,ITEM0000363614,DS003,SKU0084,Wrong Item,111.02,Shelf Placement / Picking Verification,P_DS003_002,Unconfirmed,Refund
QI00003319,ORD000097422,ITEM0000363689,DS003,SKU0170,Damaged Item,570.49,Putaway / Picking Handling,,Unconfirmed,Refund
QI00003320,ORD000097428,ITEM0000363715,DS003,SKU0186,Wrong Item,52.03,Picking,P_DS003_029,Unconfirmed,Replacement
QI00003321,ORD000097430,ITEM0000363722,DS003,SKU0057,Damaged Item,229.0,Putaway / Picking Handling,,Unconfirmed,Refund
QI00003322,ORD000097469,ITEM0000363869,DS003,SKU0047,Wrong Item,1740.93,Picking,P_DS003_026,Unconfirmed,Replacement
QI00003323,ORD000097471,ITEM0000363874,DS003,SKU0015,Damaged Item,159.48,Putaway / Picking Handling,,Unconfirmed,Refund
QI00003324,ORD000097483,ITEM0000363911,DS003,SKU0251,Wrong Item,177.56,Picking,P_DS003_012,Unconfirmed,Refund
QI00003325,ORD000097502,ITEM0000363983,DS003,SKU0018,Damaged Item,584.08,Putaway / Picking Handling,,Unconfirmed,Refund
QI00003326,ORD000097528,ITEM0000364074,DS003,SKU0296,Damaged Item,195.12,Putaway / Picking Handling,,Unconfirmed,Refund
QI00003327,ORD000097578,ITEM0000364284,DS003,SKU0085,Missing Item,469.4,Inventory Accuracy / Putaway,P_DS003_015,Unconfirmed,Refund
QI00003328,ORD000097588,ITEM0000364312,DS003,SKU0127,Wrong Item,229.21,Shelf Placement / Picking Verification,P_DS003_012,Unconfirmed,Refund
QI00003329,ORD000097603,ITEM0000364366,DS003,SKU0173,Wrong Item,451.68,Picking,P_DS003_027,Unconfirmed,Refund
QI00003330,ORD000097605,ITEM0000364372,DS003,SKU0016,Wrong Item,206.66,Picking,P_DS003_009,Unconfirmed,Refund
QI00003331,ORD000097609,ITEM0000364389,DS003,SKU0278,Missing Item,224.88,Inventory Accuracy / Putaway,P_DS003_027,Unconfirmed,Refund
QI00003332,ORD000097722,ITEM0000364809,DS003,SKU0070,Missing Item,78.06,Inventory Accuracy / Putaway,P_DS003_027,Unconfirmed,Refund
QI00003333,ORD000097742,ITEM0000364885,DS003,SKU0185,Wrong Item,196.9,Shelf Placement / Picking Verification,P_DS003_012,Unconfirmed,Refund
QI00003334,ORD000097748,ITEM0000364911,DS003,SKU0298,Missing Item,79.22,Inventory Accuracy / Putaway,P_DS003_006,Unconfirmed,Replacement
QI00003335,ORD000097789,ITEM0000365059,DS003,SKU0146,Missing Item,18.85,Inventory Accuracy / Putaway,P_DS003_006,Unconfirmed,Replacement
QI00003336,ORD000097800,ITEM0000365112,DS003,SKU0061,Missing Item,378.62,Inventory Accuracy / Putaway,P_DS003_003,Unconfirmed,Refund
QI00003337,ORD000097836,ITEM0000365241,DS003,SKU0019,Wrong Item,277.78,Picking,P_DS003_028,Unconfirmed,Replacement
QI00003338,ORD000097869,ITEM0000365368,DS003,SKU0236,Wrong Item,554.88,Picking,P_DS003_028,Unconfirmed,Refund
QI00003339,ORD000097894,ITEM0000365469,DS003,SKU0232,Damaged Item,274.11,Putaway / Picking Handling,,Unconfirmed,Refund
QI00003340,ORD000097914,ITEM0000365545,DS003,SKU0104,Wrong Item,181.45,Picking,P_DS003_015,Unconfirmed,Refund
QI00003341,ORD000097983,ITEM0000365806,DS003,SKU0021,Damaged Item,774.84,Putaway / Picking Handling,,Unconfirmed,Replacement
QI00003342,ORD000098004,ITEM0000365886,DS003,SKU0031,Missing Item,397.46,Inventory Accuracy / Putaway,P_DS003_012,Unconfirmed,Refund
QI00003343,ORD000098036,ITEM0000366024,DS003,SKU0256,Missing Item,208.54,Inventory Accuracy / Putaway,P_DS003_027,Unconfirmed,Replacement
QI00003344,ORD000098117,ITEM0000366324,DS003,SKU0232,Wrong Item,548.22,Picking,P_DS003_009,Unconfirmed,Replacement
QI00003345,ORD000098134,ITEM0000366383,DS003,SKU0013,Wrong Item,286.53,Shelf Placement / Picking Verification,P_DS003_014,Unconfirmed,Replacement
QI00003346,ORD000098158,ITEM0000366470,DS003,SKU0291,Missing Item,589.56,Inventory Accuracy / Putaway,P_DS003_006,Unconfirmed,Refund
QI00003347,ORD000098183,ITEM0000366555,DS003,SKU0126,Missing Item,488.27,Inventory Accuracy / Putaway,P_DS003_027,Unconfirmed,Refund
QI00003348,ORD000098184,ITEM0000366562,DS003,SKU0085,Missing Item,469.4,Inventory Accuracy / Putaway,P_DS003_003,Unconfirmed,Refund
QI00003349,ORD000098203,ITEM0000366629,DS003,SKU0177,Missing Item,351.44,Inventory Accuracy / Putaway,P_DS003_003,Unconfirmed,Replacement
QI00003350,ORD000098203,ITEM0000366631,DS003,SKU0194,Damaged Item,234.44,Putaway / Picking Handling,,Unconfirmed,Refund
QI00003351,ORD000098218,ITEM0000366680,DS003,SKU0024,Missing Item,370.06,Inventory Accuracy / Putaway,P_DS003_009,Unconfirmed,Refund
QI00003352,ORD000098256,ITEM0000366818,DS003,SKU0029,Missing Item,98.74,Inventory Accuracy / Putaway,P_DS003_024,Unconfirmed,Refund
QI00003353,ORD000098308,ITEM0000367010,DS003,SKU0109,Missing Item,576.34,Inventory Accuracy / Putaway,P_DS003_003,Unconfirmed,Refund
QI00003354,ORD000098318,ITEM0000367047,DS003,SKU0120,Missing Item,29.79,Inventory Accuracy / Putaway,P_DS003_012,Unconfirmed,Refund
QI00003355,ORD000098356,ITEM0000367196,DS003,SKU0021,Wrong Item,387.42,Picking,P_DS003_027,Unconfirmed,Refund
QI00003356,ORD000098378,ITEM0000367287,DS003,SKU0094,Wrong Item,137.58,Shelf Placement / Picking Verification,P_DS003_027,Unconfirmed,Replacement
QI00003357,ORD000098387,ITEM0000367319,DS003,SKU0084,Missing Item,222.04,Inventory Accuracy / Putaway,P_DS003_009,Unconfirmed,Refund
QI00003358,ORD000098388,ITEM0000367321,DS003,SKU0272,Damaged Item,27.35,Putaway / Picking Handling,,Unconfirmed,Refund
QI00003359,ORD000098395,ITEM0000367353,DS003,SKU0216,Missing Item,225.65,Inventory Accuracy / Putaway,P_DS003_006,Unconfirmed,Replacement
QI00003360,ORD000098409,ITEM0000367399,DS003,SKU0148,Missing Item,347.32,Inventory Accuracy / Putaway,P_DS003_027,Unconfirmed,Refund
QI00003361,ORD000098453,ITEM0000367565,DS003,SKU0105,Wrong Item,272.14,Shelf Placement / Picking Verification,P_DS003_024,Unconfirmed,Refund
QI00003362,ORD000098484,ITEM0000367688,DS003,SKU0134,Damaged Item,271.74,Putaway / Picking Handling,,Unconfirmed,Replacement
QI00003363,ORD000098530,ITEM0000367843,DS003,SKU0160,Wrong Item,215.8,Shelf Placement / Picking Verification,P_DS003_009,Unconfirmed,Replacement
QI00003364,ORD000098574,ITEM0000368015,DS003,SKU0081,Damaged Item,87.92,Rider Handling / Last Mile,,Unconfirmed,Refund
QI00003365,ORD000098608,ITEM0000368139,DS003,SKU0070,Missing Item,78.06,Inventory Accuracy / Putaway,P_DS003_003,Unconfirmed,Refund
QI00003366,ORD000098632,ITEM0000368229,DS003,SKU0110,Missing Item,243.19,Inventory Accuracy / Putaway,P_DS003_012,Unconfirmed,Replacement
QI00003367,ORD000098645,ITEM0000368269,DS003,SKU0201,Missing Item,162.36,Inventory Accuracy / Putaway,P_DS003_024,Unconfirmed,Replacement
QI00003368,ORD000098703,ITEM0000368485,DS003,SKU0183,Missing Item,284.0,Inventory Accuracy / Putaway,P_DS003_013,Unconfirmed,Refund
QI00003369,ORD000098714,ITEM0000368532,DS003,SKU0231,Wrong Item,34.56,Picking,P_DS003_025,Unconfirmed,Refund
QI00003370,ORD000098771,ITEM0000368745,DS003,SKU0295,Missing Item,228.23,Inventory Accuracy / Putaway,P_DS003_004,Unconfirmed,Refund
QI00003371,ORD000098790,ITEM0000368815,DS003,SKU0109,Damaged Item,576.34,Putaway / Picking Handling,,Unconfirmed,Refund
QI00003372,ORD000098807,ITEM0000368883,DS003,SKU0166,Missing Item,493.94,Inventory Accuracy / Putaway,P_DS003_007,Unconfirmed,Refund
QI00003373,ORD000098818,ITEM0000368922,DS003,SKU0057,Missing Item,229.0,Inventory Accuracy / Putaway,P_DS003_002,Unconfirmed,Refund
QI00003374,ORD000098844,ITEM0000369016,DS003,SKU0101,Missing Item,520.22,Inventory Accuracy / Putaway,P_DS003_017,Unconfirmed,Refund
QI00003375,ORD000098850,ITEM0000369041,DS003,SKU0105,Wrong Item,272.14,Shelf Placement / Picking Verification,P_DS003_020,Unconfirmed,Refund
QI00003376,ORD000098862,ITEM0000369087,DS003,SKU0142,Damaged Item,54.23,Rider Handling / Last Mile,,Unconfirmed,Replacement
QI00003377,ORD000098881,ITEM0000369161,DS003,SKU0270,Missing Item,511.98,Inventory Accuracy / Putaway,P_DS003_017,Unconfirmed,Replacement
QI00003378,ORD000098962,ITEM0000369463,DS003,SKU0118,Missing Item,46.16,Inventory Accuracy / Putaway,P_DS003_026,Unconfirmed,Refund
QI00003379,ORD000098968,ITEM0000369482,DS003,SKU0006,Missing Item,160.4,Inventory Accuracy / Putaway,P_DS003_032,Unconfirmed,Replacement
QI00003380,ORD000099000,ITEM0000369583,DS003,SKU0300,Damaged Item,551.25,Putaway / Picking Handling,,Unconfirmed,Refund
QI00003381,ORD000099077,ITEM0000369867,DS003,SKU0180,Wrong Item,37.34,Picking,P_DS003_011,Unconfirmed,Refund
QI00003382,ORD000099115,ITEM0000370001,DS003,SKU0143,Damaged Item,201.68,Putaway / Picking Handling,,Unconfirmed,Replacement
QI00003383,ORD000099127,ITEM0000370056,DS003,SKU0158,Missing Item,290.48,Inventory Accuracy / Putaway,P_DS003_023,Unconfirmed,Refund
QI00003384,ORD000099147,ITEM0000370136,DS003,SKU0011,Wrong Item,85.7,Picking,P_DS003_020,Unconfirmed,Replacement
QI00003385,ORD000099159,ITEM0000370186,DS003,SKU0203,Missing Item,130.42,Inventory Accuracy / Putaway,P_DS003_002,Unconfirmed,Refund
QI00003386,ORD000099188,ITEM0000370300,DS003,SKU0287,Missing Item,193.29,Inventory Accuracy / Putaway,P_DS003_005,Unconfirmed,Refund
QI00003387,ORD000099190,ITEM0000370309,DS003,SKU0277,Missing Item,372.81,Inventory Accuracy / Putaway,P_DS003_020,Unconfirmed,Refund
QI00003388,ORD000099220,ITEM0000370424,DS003,SKU0056,Missing Item,234.62,Inventory Accuracy / Putaway,P_DS003_020,Unconfirmed,Refund
QI00003389,ORD000099246,ITEM0000370516,DS003,SKU0166,Damaged Item,493.94,Putaway / Picking Handling,,Unconfirmed,Refund
QI00003390,ORD000099308,ITEM0000370762,DS003,SKU0141,Missing Item,106.65,Inventory Accuracy / Putaway,P_DS003_005,Unconfirmed,Refund
QI00003391,ORD000099402,ITEM0000371118,DS003,SKU0141,Missing Item,319.95,Inventory Accuracy / Putaway,P_DS003_005,Unconfirmed,Refund
QI00003392,ORD000099405,ITEM0000371130,DS003,SKU0065,Missing Item,21.72,Inventory Accuracy / Putaway,P_DS003_005,Unconfirmed,Replacement
QI00003393,ORD000099405,ITEM0000371136,DS003,SKU0018,Missing Item,292.04,Inventory Accuracy / Putaway,P_DS003_005,Unconfirmed,Refund
QI00003394,ORD000099410,ITEM0000371155,DS003,SKU0130,Damaged Item,44.48,Putaway / Picking Handling,,Unconfirmed,Refund
QI00003395,ORD000099414,ITEM0000371168,DS003,SKU0240,Wrong Item,71.04,Shelf Placement / Picking Verification,P_DS003_014,Unconfirmed,Refund
QI00003396,ORD000099414,ITEM0000371169,DS003,SKU0183,Missing Item,142.0,Inventory Accuracy / Putaway,P_DS003_014,Unconfirmed,Refund
QI00003397,ORD000099436,ITEM0000371251,DS003,SKU0278,Damaged Item,449.76,Putaway / Picking Handling,,Unconfirmed,Refund
QI00003398,ORD000099478,ITEM0000371407,DS003,SKU0063,Damaged Item,189.87,Putaway / Picking Handling,,Unconfirmed,Refund
QI00003399,ORD000099506,ITEM0000371518,DS003,SKU0016,Missing Item,206.66,Inventory Accuracy / Putaway,P_DS003_012,Unconfirmed,Replacement
QI00003400,ORD000099547,ITEM0000371665,DS003,SKU0274,Missing Item,382.26,Inventory Accuracy / Putaway,P_DS003_018,Unconfirmed,Refund
QI00003401,ORD000099559,ITEM0000371723,DS003,SKU0064,Wrong Item,689.24,Picking,P_DS003_006,Unconfirmed,Replacement
QI00003402,ORD000099604,ITEM0000371896,DS003,SKU0263,Missing Item,234.1,Inventory Accuracy / Putaway,P_DS003_009,Unconfirmed,Refund
QI00003403,ORD000099652,ITEM0000372067,DS003,SKU0105,Wrong Item,272.14,Shelf Placement / Picking Verification,P_DS003_018,Unconfirmed,Refund
QI00003404,ORD000099676,ITEM0000372161,DS003,SKU0141,Missing Item,213.3,Inventory Accuracy / Putaway,P_DS003_027,Unconfirmed,Refund
QI00003405,ORD000099677,ITEM0000372164,DS003,SKU0219,Wrong Item,344.59,Picking,P_DS003_027,Unconfirmed,Replacement
QI00003406,ORD000099707,ITEM0000372273,DS003,SKU0089,Missing Item,449.22,Inventory Accuracy / Putaway,P_DS003_018,Unconfirmed,Refund
QI00003407,ORD000099721,ITEM0000372321,DS003,SKU0152,Missing Item,606.41,Inventory Accuracy / Putaway,P_DS003_006,Unconfirmed,Refund
QI00003408,ORD000099762,ITEM0000372463,DS003,SKU0040,Missing Item,82.14,Inventory Accuracy / Putaway,P_DS003_030,Unconfirmed,Refund
QI00003409,ORD000099794,ITEM0000372579,DS003,SKU0104,Missing Item,181.45,Inventory Accuracy / Putaway,P_DS003_027,Unconfirmed,Replacement
QI00003410,ORD000099808,ITEM0000372632,DS003,SKU0298,Wrong Item,158.44,Shelf Placement / Picking Verification,P_DS003_021,Unconfirmed,Refund
QI00003411,ORD000099815,ITEM0000372660,DS003,SKU0292,Missing Item,501.99,Inventory Accuracy / Putaway,P_DS003_021,Unconfirmed,Refund
QI00003412,ORD000099821,ITEM0000372677,DS003,SKU0042,Damaged Item,1213.0,Putaway / Picking Handling,,Unconfirmed,Refund
QI00003413,ORD000099821,ITEM0000372678,DS003,SKU0221,Wrong Item,278.54,Picking,P_DS003_012,Unconfirmed,Refund
QI00003414,ORD000099885,ITEM0000372903,DS003,SKU0232,Missing Item,274.11,Inventory Accuracy / Putaway,P_DS003_012,Unconfirmed,Refund
QI00003415,ORD000099916,ITEM0000373029,DS003,SKU0011,Missing Item,257.1,Inventory Accuracy / Putaway,P_DS003_018,Unconfirmed,Refund
QI00003416,ORD000099916,ITEM0000373031,DS003,SKU0296,Missing Item,97.56,Inventory Accuracy / Putaway,P_DS003_018,Unconfirmed,Refund
QI00003417,ORD000099961,ITEM0000373173,DS003,SKU0056,Wrong Item,234.62,Picking,P_DS003_012,Unconfirmed,Refund
QI00003418,ORD000099995,ITEM0000373289,DS003,SKU0141,Missing Item,106.65,Inventory Accuracy / Putaway,P_DS003_021,Unconfirmed,Replacement
QI00003419,ORD000100006,ITEM0000373328,DS003,SKU0024,Damaged Item,1110.18,Putaway / Picking Handling,,Unconfirmed,Refund
QI00003420,ORD000100007,ITEM0000373335,DS003,SKU0114,Wrong Item,233.48,Picking,P_DS003_012,Unconfirmed,Refund
QI00003421,ORD000100036,ITEM0000373443,DS003,SKU0235,Missing Item,653.54,Inventory Accuracy / Putaway,P_DS003_021,Unconfirmed,Replacement
QI00003422,ORD000100044,ITEM0000373475,DS003,SKU0263,Missing Item,468.2,Inventory Accuracy / Putaway,P_DS003_003,Unconfirmed,Refund
QI00003423,ORD000100072,ITEM0000373580,DS003,SKU0105,Damaged Item,272.14,Putaway / Picking Handling,,Unconfirmed,Replacement
QI00003424,ORD000100093,ITEM0000373668,DS003,SKU0018,Wrong Item,292.04,Picking,P_DS003_006,Unconfirmed,Refund
QI00003425,ORD000100098,ITEM0000373688,DS003,SKU0056,Wrong Item,234.62,Picking,P_DS003_021,Unconfirmed,Replacement
QI00003426,ORD000100099,ITEM0000373692,DS003,SKU0276,Missing Item,111.19,Inventory Accuracy / Putaway,P_DS003_018,Unconfirmed,Refund
QI00003427,ORD000100152,ITEM0000373885,DS003,SKU0293,Wrong Item,703.14,Picking,P_DS003_009,Unconfirmed,Refund
QI00003428,ORD000100213,ITEM0000374117,DS003,SKU0286,Missing Item,287.98,Inventory Accuracy / Putaway,P_DS003_021,Unconfirmed,Refund
QI00003429,ORD000100276,ITEM0000374357,DS003,SKU0249,Missing Item,489.26,Inventory Accuracy / Putaway,P_DS003_024,Unconfirmed,Replacement
QI00003430,ORD000100285,ITEM0000374397,DS003,SKU0263,Wrong Item,468.2,Picking,P_DS003_030,Unconfirmed,Refund
QI00003431,ORD000100455,ITEM0000375015,DS003,SKU0035,Damaged Item,311.65,Putaway / Picking Handling,,Unconfirmed,Refund
QI00003432,ORD000100479,ITEM0000375118,DS003,SKU0287,Missing Item,193.29,Inventory Accuracy / Putaway,P_DS003_024,Unconfirmed,Refund
QI00003433,ORD000100507,ITEM0000375219,DS003,SKU0264,Damaged Item,26.89,Putaway / Picking Handling,,Unconfirmed,Refund
QI00003434,ORD000100521,ITEM0000375271,DS003,SKU0214,Wrong Item,137.01,Shelf Placement / Picking Verification,P_DS003_027,Unconfirmed,Refund
QI00003435,ORD000100525,ITEM0000375286,DS003,SKU0096,Missing Item,65.94,Inventory Accuracy / Putaway,P_DS003_030,Unconfirmed,Refund
QI00003436,ORD000100539,ITEM0000375340,DS003,SKU0011,Missing Item,85.7,Inventory Accuracy / Putaway,P_DS003_025,Unconfirmed,Refund
QI00003437,ORD000100549,ITEM0000375372,DS003,SKU0193,Wrong Item,647.18,Picking,P_DS003_010,Unconfirmed,Refund
QI00003438,ORD000100575,ITEM0000375477,DS003,SKU0015,Damaged Item,318.96,Putaway / Picking Handling,,Unconfirmed,Refund
QI00003439,ORD000100584,ITEM0000375509,DS003,SKU0165,Damaged Item,552.3,Putaway / Picking Handling,,Unconfirmed,Refund
QI00003440,ORD000100593,ITEM0000375535,DS003,SKU0152,Missing Item,606.41,Inventory Accuracy / Putaway,P_DS003_025,Unconfirmed,Replacement
QI00003441,ORD000100669,ITEM0000375801,DS003,SKU0061,Missing Item,378.62,Inventory Accuracy / Putaway,P_DS003_004,Unconfirmed,Replacement
QI00003442,ORD000100679,ITEM0000375840,DS003,SKU0187,Missing Item,289.61,Inventory Accuracy / Putaway,P_DS003_001,Unconfirmed,Refund
QI00003443,ORD000100690,ITEM0000375879,DS003,SKU0021,Missing Item,387.42,Inventory Accuracy / Putaway,P_DS003_004,Unconfirmed,Refund
QI00003444,ORD000100786,ITEM0000376237,DS003,SKU0079,Damaged Item,452.12,Putaway / Picking Handling,,Unconfirmed,Refund
QI00003445,ORD000100818,ITEM0000376358,DS003,SKU0129,Wrong Item,21.75,Picking,P_DS003_019,Unconfirmed,Refund
QI00003446,ORD000100826,ITEM0000376388,DS003,SKU0162,Missing Item,63.51,Inventory Accuracy / Putaway,P_DS003_029,Unconfirmed,Refund
QI00003447,ORD000100827,ITEM0000376391,DS003,SKU0221,Missing Item,557.08,Inventory Accuracy / Putaway,P_DS003_017,Unconfirmed,Refund
QI00003448,ORD000100885,ITEM0000376592,DS003,SKU0113,Wrong Item,64.72,Picking,P_DS003_014,Unconfirmed,Refund
QI00003449,ORD000100887,ITEM0000376606,DS003,SKU0244,Damaged Item,67.15,Rider Handling / Last Mile,,Unconfirmed,Refund
QI00003450,ORD000100909,ITEM0000376701,DS003,SKU0080,Missing Item,154.38,Inventory Accuracy / Putaway,P_DS003_008,Unconfirmed,Replacement
QI00003451,ORD000100932,ITEM0000376780,DS003,SKU0112,Missing Item,65.0,Inventory Accuracy / Putaway,P_DS003_014,Unconfirmed,Refund
QI00003452,ORD000100935,ITEM0000376791,DS003,SKU0079,Wrong Item,226.06,Picking,P_DS003_029,Unconfirmed,Replacement
QI00003453,ORD000100937,ITEM0000376799,DS003,SKU0111,Missing Item,1293.48,Inventory Accuracy / Putaway,P_DS003_014,Unconfirmed,Replacement
QI00003454,ORD000100937,ITEM0000376800,DS003,SKU0300,Wrong Item,551.25,Picking,P_DS003_014,Unconfirmed,Refund
QI00003455,ORD000100943,ITEM0000376826,DS003,SKU0168,Missing Item,40.45,Inventory Accuracy / Putaway,P_DS003_014,Unconfirmed,Refund
QI00003456,ORD000101016,ITEM0000377090,DS003,SKU0054,Wrong Item,532.92,Shelf Placement / Picking Verification,P_DS003_011,Unconfirmed,Refund
QI00003457,ORD000101021,ITEM0000377103,DS003,SKU0107,Missing Item,259.77,Inventory Accuracy / Putaway,P_DS003_005,Unconfirmed,Refund
QI00003458,ORD000101026,ITEM0000377125,DS003,SKU0151,Missing Item,103.12,Inventory Accuracy / Putaway,P_DS003_008,Unconfirmed,Refund
QI00003459,ORD000101057,ITEM0000377224,DS003,SKU0018,Missing Item,292.04,Inventory Accuracy / Putaway,P_DS003_017,Unconfirmed,Replacement
QI00003460,ORD000101121,ITEM0000377462,DS003,SKU0005,Missing Item,321.98,Inventory Accuracy / Putaway,P_DS003_005,Unconfirmed,Refund
QI00003461,ORD000101256,ITEM0000377968,DS003,SKU0236,Damaged Item,277.44,Putaway / Picking Handling,,Unconfirmed,Refund
QI00003462,ORD000101306,ITEM0000378152,DS003,SKU0124,Missing Item,230.69,Inventory Accuracy / Putaway,P_DS003_005,Unconfirmed,Replacement
QI00003463,ORD000101322,ITEM0000378204,DS003,SKU0074,Missing Item,467.08,Inventory Accuracy / Putaway,P_DS003_014,Unconfirmed,Refund
QI00003464,ORD000101334,ITEM0000378238,DS003,SKU0257,Damaged Item,865.02,Putaway / Picking Handling,,Unconfirmed,Refund
QI00003465,ORD000101376,ITEM0000378413,DS003,SKU0011,Missing Item,85.7,Inventory Accuracy / Putaway,P_DS003_011,Unconfirmed,Replacement
QI00003466,ORD000101400,ITEM0000378511,DS003,SKU0053,Damaged Item,343.54,Putaway / Picking Handling,,Unconfirmed,Refund
QI00003467,ORD000101444,ITEM0000378678,DS003,SKU0097,Wrong Item,549.06,Picking,P_DS003_029,Unconfirmed,Refund
QI00003468,ORD000101445,ITEM0000378681,DS003,SKU0256,Missing Item,208.54,Inventory Accuracy / Putaway,P_DS003_011,Unconfirmed,Refund
QI00003469,ORD000101457,ITEM0000378725,DS003,SKU0066,Missing Item,435.4,Inventory Accuracy / Putaway,P_DS003_005,Unconfirmed,Refund
QI00003470,ORD000101485,ITEM0000378819,DS003,SKU0099,Missing Item,162.69,Inventory Accuracy / Putaway,P_DS003_018,Unconfirmed,Refund
QI00003471,ORD000101526,ITEM0000378970,DS003,SKU0075,Wrong Item,143.63,Shelf Placement / Picking Verification,P_DS003_032,Unconfirmed,Refund
QI00003472,ORD000101544,ITEM0000379035,DS003,SKU0063,Wrong Item,379.74,Shelf Placement / Picking Verification,P_DS003_029,Unconfirmed,Refund
QI00003473,ORD000101554,ITEM0000379076,DS003,SKU0276,Damaged Item,111.19,Putaway / Picking Handling,,Unconfirmed,Replacement
QI00003474,ORD000101629,ITEM0000379346,DS003,SKU0109,Damaged Item,576.34,Putaway / Picking Handling,,Unconfirmed,Refund
QI00003475,ORD000101662,ITEM0000379481,DS003,SKU0144,Missing Item,82.27,Inventory Accuracy / Putaway,P_DS003_018,Unconfirmed,Refund
QI00003476,ORD000101692,ITEM0000379583,DS003,SKU0006,Missing Item,160.4,Inventory Accuracy / Putaway,P_DS003_018,Unconfirmed,Replacement
QI00003477,ORD000101761,ITEM0000379835,DS003,SKU0133,Missing Item,1329.58,Inventory Accuracy / Putaway,P_DS003_012,Unconfirmed,Refund
QI00003478,ORD000101788,ITEM0000379947,DS003,SKU0081,Damaged Item,43.96,Putaway / Picking Handling,,Unconfirmed,Refund
QI00003479,ORD000101818,ITEM0000380064,DS003,SKU0022,Wrong Item,446.03,Picking,P_DS003_027,Unconfirmed,Refund
QI00003480,ORD000101829,ITEM0000380109,DS003,SKU0119,Damaged Item,182.02,Putaway / Picking Handling,,Unconfirmed,Refund
QI00003481,ORD000101837,ITEM0000380135,DS003,SKU0298,Wrong Item,158.44,Shelf Placement / Picking Verification,P_DS003_003,Unconfirmed,Replacement
QI00003482,ORD000101842,ITEM0000380159,DS003,SKU0060,Missing Item,245.87,Inventory Accuracy / Putaway,P_DS003_015,Unconfirmed,Refund
QI00003483,ORD000101892,ITEM0000380329,DS003,SKU0166,Wrong Item,493.94,Shelf Placement / Picking Verification,P_DS003_021,Unconfirmed,Refund
QI00003484,ORD000101902,ITEM0000380368,DS003,SKU0116,Missing Item,32.73,Inventory Accuracy / Putaway,P_DS003_018,Unconfirmed,Replacement
QI00003485,ORD000101952,ITEM0000380543,DS003,SKU0286,Wrong Item,143.99,Shelf Placement / Picking Verification,P_DS003_021,Unconfirmed,Refund
QI00003486,ORD000101991,ITEM0000380678,DS003,SKU0281,Wrong Item,264.39,Shelf Placement / Picking Verification,P_DS003_006,Unconfirmed,Refund
QI00003487,ORD000102106,ITEM0000381111,DS003,SKU0281,Missing Item,264.39,Inventory Accuracy / Putaway,P_DS003_015,Unconfirmed,Replacement
QI00003488,ORD000102113,ITEM0000381134,DS003,SKU0018,Missing Item,292.04,Inventory Accuracy / Putaway,P_DS003_006,Unconfirmed,Refund
QI00003489,ORD000102140,ITEM0000381239,DS003,SKU0038,Damaged Item,420.41,Putaway / Picking Handling,,Unconfirmed,Refund
QI00003490,ORD000102160,ITEM0000381316,DS003,SKU0141,Missing Item,213.3,Inventory Accuracy / Putaway,P_DS003_015,Unconfirmed,Refund
QI00003491,ORD000102213,ITEM0000381511,DS003,SKU0166,Missing Item,987.88,Inventory Accuracy / Putaway,P_DS003_003,Unconfirmed,Refund
QI00003492,ORD000102214,ITEM0000381513,DS003,SKU0244,Wrong Item,67.15,Picking,P_DS003_003,Unconfirmed,Replacement
QI00003493,ORD000102219,ITEM0000381529,DS003,SKU0079,Missing Item,452.12,Inventory Accuracy / Putaway,P_DS003_003,Unconfirmed,Refund
QI00003494,ORD000102235,ITEM0000381584,DS003,SKU0059,Missing Item,336.59,Inventory Accuracy / Putaway,P_DS003_018,Unconfirmed,Refund
QI00003495,ORD000102235,ITEM0000381585,DS003,SKU0273,Missing Item,303.86,Inventory Accuracy / Putaway,P_DS003_018,Unconfirmed,Replacement
QI00003496,ORD000102237,ITEM0000381593,DS003,SKU0171,Wrong Item,138.36,Picking,P_DS003_018,Unconfirmed,Replacement
QI00003497,ORD000102238,ITEM0000381597,DS003,SKU0128,Missing Item,78.55,Inventory Accuracy / Putaway,P_DS003_021,Unconfirmed,Refund
QI00003498,ORD000102257,ITEM0000381661,DS003,SKU0045,Wrong Item,364.24,Picking,P_DS003_015,Unconfirmed,Refund
QI00003499,ORD000102328,ITEM0000381939,DS003,SKU0002,Damaged Item,130.58,Putaway / Picking Handling,,Unconfirmed,Refund
QI00003500,ORD000102408,ITEM0000382225,DS003,SKU0212,Wrong Item,64.87,Picking,P_DS003_015,Unconfirmed,Refund
QI00003501,ORD000102468,ITEM0000382471,DS003,SKU0006,Missing Item,160.4,Inventory Accuracy / Putaway,P_DS003_006,Unconfirmed,Refund
QI00003502,ORD000102533,ITEM0000382694,DS003,SKU0179,Wrong Item,1471.86,Shelf Placement / Picking Verification,P_DS003_024,Unconfirmed,Refund
QI00003503,ORD000102546,ITEM0000382742,DS003,SKU0244,Damaged Item,67.15,Putaway / Picking Handling,,Unconfirmed,Replacement
QI00003504,ORD000102549,ITEM0000382758,DS003,SKU0296,Missing Item,195.12,Inventory Accuracy / Putaway,P_DS003_024,Unconfirmed,Refund
QI00003505,ORD000102566,ITEM0000382817,DS003,SKU0043,Missing Item,221.22,Inventory Accuracy / Putaway,P_DS003_015,Unconfirmed,Replacement
QI00003506,ORD000102585,ITEM0000382888,DS003,SKU0072,Wrong Item,75.88,Shelf Placement / Picking Verification,P_DS003_018,Unconfirmed,Refund
QI00003507,ORD000102610,ITEM0000382983,DS003,SKU0179,Wrong Item,490.62,Shelf Placement / Picking Verification,P_DS003_018,Unconfirmed,Refund
QI00003508,ORD000102619,ITEM0000383013,DS003,SKU0128,Missing Item,78.55,Inventory Accuracy / Putaway,P_DS003_018,Unconfirmed,Refund
QI00003509,ORD000102630,ITEM0000383049,DS003,SKU0070,Missing Item,156.12,Inventory Accuracy / Putaway,P_DS003_015,Unconfirmed,Refund
QI00003510,ORD000102673,ITEM0000383209,DS004,SKU0160,Missing Item,215.8,Inventory Accuracy / Putaway,P_DS004_007,Unconfirmed,Replacement
QI00003511,ORD000102683,ITEM0000383248,DS004,SKU0148,Damaged Item,347.32,Putaway / Picking Handling,,Unconfirmed,Refund
QI00003512,ORD000102772,ITEM0000383597,DS004,SKU0203,Damaged Item,130.42,Putaway / Picking Handling,,Unconfirmed,Refund
QI00003513,ORD000102775,ITEM0000383612,DS004,SKU0026,Wrong Item,132.27,Picking,P_DS004_013,Unconfirmed,Refund
QI00003514,ORD000102818,ITEM0000383766,DS004,SKU0209,Damaged Item,205.42,Putaway / Picking Handling,,Unconfirmed,Refund
QI00003515,ORD000102836,ITEM0000383839,DS004,SKU0068,Wrong Item,183.41,Picking,P_DS004_013,Unconfirmed,Replacement
QI00003516,ORD000102853,ITEM0000383905,DS004,SKU0021,Missing Item,387.42,Inventory Accuracy / Putaway,P_DS004_013,Unconfirmed,Refund
QI00003517,ORD000102894,ITEM0000384047,DS004,SKU0185,Missing Item,98.45,Inventory Accuracy / Putaway,P_DS004_029,Unconfirmed,Refund
QI00003518,ORD000102929,ITEM0000384184,DS004,SKU0193,Missing Item,647.18,Inventory Accuracy / Putaway,P_DS004_034,Unconfirmed,Refund
QI00003519,ORD000102931,ITEM0000384190,DS004,SKU0165,Damaged Item,552.3,Putaway / Picking Handling,,Unconfirmed,Refund
QI00003520,ORD000102972,ITEM0000384343,DS004,SKU0274,Wrong Item,382.26,Shelf Placement / Picking Verification,P_DS004_032,Unconfirmed,Refund
QI00003521,ORD000103057,ITEM0000384659,DS004,SKU0018,Missing Item,292.04,Inventory Accuracy / Putaway,P_DS004_023,Unconfirmed,Refund
QI00003522,ORD000103093,ITEM0000384794,DS004,SKU0169,Wrong Item,64.01,Picking,P_DS004_008,Unconfirmed,Replacement
QI00003523,ORD000103198,ITEM0000385178,DS004,SKU0109,Missing Item,1152.68,Inventory Accuracy / Putaway,P_DS004_026,Unconfirmed,Replacement
QI00003524,ORD000103242,ITEM0000385340,DS004,SKU0250,Missing Item,390.56,Inventory Accuracy / Putaway,P_DS004_002,Unconfirmed,Replacement
QI00003525,ORD000103299,ITEM0000385549,DS004,SKU0018,Missing Item,292.04,Inventory Accuracy / Putaway,P_DS004_032,Unconfirmed,Replacement
QI00003526,ORD000103382,ITEM0000385845,DS004,SKU0018,Damaged Item,292.04,Putaway / Picking Handling,,Unconfirmed,Refund
QI00003527,ORD000103416,ITEM0000385977,DS004,SKU0051,Missing Item,25.15,Inventory Accuracy / Putaway,P_DS004_002,Unconfirmed,Refund
QI00003528,ORD000103459,ITEM0000386140,DS004,SKU0253,Missing Item,253.2,Inventory Accuracy / Putaway,P_DS004_029,Unconfirmed,Refund
QI00003529,ORD000103504,ITEM0000386298,DS004,SKU0015,Missing Item,318.96,Inventory Accuracy / Putaway,P_DS004_008,Unconfirmed,Refund
QI00003530,ORD000103504,ITEM0000386299,DS004,SKU0071,Wrong Item,120.79,Shelf Placement / Picking Verification,P_DS004_008,Unconfirmed,Refund
QI00003531,ORD000103610,ITEM0000386700,DS004,SKU0295,Missing Item,456.46,Inventory Accuracy / Putaway,P_DS004_014,Unconfirmed,Refund
QI00003532,ORD000103624,ITEM0000386752,DS004,SKU0065,Missing Item,43.44,Inventory Accuracy / Putaway,P_DS004_032,Unconfirmed,Refund
QI00003533,ORD000103645,ITEM0000386833,DS004,SKU0104,Wrong Item,362.9,Picking,P_DS004_035,Unconfirmed,Refund
QI00003534,ORD000103676,ITEM0000386952,DS004,SKU0104,Missing Item,362.9,Inventory Accuracy / Putaway,P_DS004_035,Unconfirmed,Replacement
QI00003535,ORD000103678,ITEM0000386959,DS004,SKU0280,Missing Item,233.69,Inventory Accuracy / Putaway,P_DS004_032,Unconfirmed,Replacement
QI00003536,ORD000103756,ITEM0000387250,DS004,SKU0197,Missing Item,781.74,Inventory Accuracy / Putaway,P_DS004_008,Unconfirmed,Refund
QI00003537,ORD000103774,ITEM0000387312,DS004,SKU0160,Missing Item,431.6,Inventory Accuracy / Putaway,P_DS004_035,Unconfirmed,Refund
QI00003538,ORD000103793,ITEM0000387399,DS004,SKU0151,Missing Item,103.12,Inventory Accuracy / Putaway,P_DS004_029,Unconfirmed,Refund
QI00003539,ORD000103884,ITEM0000387736,DS004,SKU0027,Missing Item,261.37,Inventory Accuracy / Putaway,P_DS004_005,Unconfirmed,Refund
QI00003540,ORD000103907,ITEM0000387822,DS004,SKU0086,Missing Item,373.34,Inventory Accuracy / Putaway,P_DS004_032,Unconfirmed,Refund
QI00003541,ORD000103939,ITEM0000387930,DS004,SKU0015,Missing Item,159.48,Inventory Accuracy / Putaway,P_DS004_006,Unconfirmed,Refund
QI00003542,ORD000103953,ITEM0000387972,DS004,SKU0192,Wrong Item,219.06,Picking,P_DS004_008,Unconfirmed,Refund
QI00003543,ORD000103965,ITEM0000388018,DS004,SKU0185,Missing Item,196.9,Inventory Accuracy / Putaway,P_DS004_012,Unconfirmed,Refund
QI00003544,ORD000103971,ITEM0000388044,DS004,SKU0063,Wrong Item,189.87,Shelf Placement / Picking Verification,P_DS004_006,Unconfirmed,Refund
QI00003545,ORD000104019,ITEM0000388234,DS004,SKU0141,Missing Item,106.65,Inventory Accuracy / Putaway,P_DS004_030,Unconfirmed,Refund
QI00003546,ORD000104029,ITEM0000388270,DS004,SKU0059,Missing Item,336.59,Inventory Accuracy / Putaway,P_DS004_033,Unconfirmed,Refund
QI00003547,ORD000104038,ITEM0000388312,DS004,SKU0228,Wrong Item,352.8,Picking,P_DS004_018,Unconfirmed,Replacement
QI00003548,ORD000104110,ITEM0000388615,DS004,SKU0244,Damaged Item,67.15,Putaway / Picking Handling,,Unconfirmed,Refund
QI00003549,ORD000104140,ITEM0000388721,DS004,SKU0021,Missing Item,387.42,Inventory Accuracy / Putaway,P_DS004_021,Unconfirmed,Refund
QI00003550,ORD000104141,ITEM0000388726,DS004,SKU0018,Missing Item,292.04,Inventory Accuracy / Putaway,P_DS004_009,Unconfirmed,Refund
QI00003551,ORD000104176,ITEM0000388864,DS004,SKU0167,Missing Item,208.98,Inventory Accuracy / Putaway,P_DS004_010,Unconfirmed,Refund
QI00003552,ORD000104219,ITEM0000389031,DS004,SKU0151,Missing Item,103.12,Inventory Accuracy / Putaway,P_DS004_006,Unconfirmed,Refund
QI00003553,ORD000104388,ITEM0000389657,DS004,SKU0141,Missing Item,106.65,Inventory Accuracy / Putaway,P_DS004_009,Unconfirmed,Refund
QI00003554,ORD000104399,ITEM0000389701,DS004,SKU0166,Missing Item,493.94,Inventory Accuracy / Putaway,P_DS004_030,Unconfirmed,Refund
QI00003555,ORD000104408,ITEM0000389730,DS004,SKU0141,Missing Item,106.65,Inventory Accuracy / Putaway,P_DS004_021,Unconfirmed,Refund
QI00003556,ORD000104430,ITEM0000389808,DS004,SKU0022,Missing Item,446.03,Inventory Accuracy / Putaway,P_DS004_033,Unconfirmed,Refund
QI00003557,ORD000104434,ITEM0000389825,DS004,SKU0226,Missing Item,45.28,Inventory Accuracy / Putaway,P_DS004_017,Unconfirmed,Refund
QI00003558,ORD000104440,ITEM0000389845,DS004,SKU0176,Damaged Item,206.65,Putaway / Picking Handling,,Unconfirmed,Refund
QI00003559,ORD000104442,ITEM0000389853,DS004,SKU0253,Missing Item,126.6,Inventory Accuracy / Putaway,P_DS004_017,Unconfirmed,Refund
QI00003560,ORD000104445,ITEM0000389865,DS004,SKU0013,Missing Item,573.06,Inventory Accuracy / Putaway,P_DS004_006,Unconfirmed,Refund
QI00003561,ORD000104464,ITEM0000389931,DS004,SKU0209,Damaged Item,102.71,Rider Handling / Last Mile,,Unconfirmed,Refund
QI00003562,ORD000104468,ITEM0000389944,DS004,SKU0264,Wrong Item,26.89,Picking,P_DS004_006,Unconfirmed,Refund
QI00003563,ORD000104471,ITEM0000389957,DS004,SKU0295,Wrong Item,456.46,Picking,P_DS004_009,Unconfirmed,Refund
QI00003564,ORD000104483,ITEM0000389999,DS004,SKU0119,Damaged Item,182.02,Putaway / Picking Handling,,Unconfirmed,Refund
QI00003565,ORD000104526,ITEM0000390167,DS004,SKU0086,Missing Item,186.67,Inventory Accuracy / Putaway,P_DS004_009,Unconfirmed,Replacement
QI00003566,ORD000104584,ITEM0000390378,DS004,SKU0073,Missing Item,152.37,Inventory Accuracy / Putaway,P_DS004_033,Unconfirmed,Refund
QI00003567,ORD000104637,ITEM0000390582,DS004,SKU0229,Missing Item,235.69,Inventory Accuracy / Putaway,P_DS004_010,Unconfirmed,Refund
QI00003568,ORD000104678,ITEM0000390737,DS004,SKU0101,Wrong Item,520.22,Picking,P_DS004_012,Unconfirmed,Refund
QI00003569,ORD000104724,ITEM0000390922,DS004,SKU0140,Missing Item,472.02,Inventory Accuracy / Putaway,P_DS004_018,Unconfirmed,Replacement
QI00003570,ORD000104760,ITEM0000391071,DS004,SKU0072,Wrong Item,75.88,Shelf Placement / Picking Verification,P_DS004_009,Unconfirmed,Refund
QI00003571,ORD000104786,ITEM0000391161,DS004,SKU0063,Wrong Item,189.87,Shelf Placement / Picking Verification,P_DS004_006,Unconfirmed,Replacement
QI00003572,ORD000104908,ITEM0000391624,DS004,SKU0128,Damaged Item,78.55,Putaway / Picking Handling,,Unconfirmed,Replacement
QI00003573,ORD000104962,ITEM0000391804,DS004,SKU0073,Missing Item,152.37,Inventory Accuracy / Putaway,P_DS004_027,Unconfirmed,Replacement
QI00003574,ORD000104975,ITEM0000391861,DS004,SKU0150,Missing Item,178.21,Inventory Accuracy / Putaway,P_DS004_006,Unconfirmed,Replacement
QI00003575,ORD000105098,ITEM0000392304,DS004,SKU0240,Missing Item,71.04,Inventory Accuracy / Putaway,P_DS004_006,Unconfirmed,Refund
QI00003576,ORD000105135,ITEM0000392423,DS004,SKU0090,Missing Item,521.0,Inventory Accuracy / Putaway,P_DS004_030,Unconfirmed,Replacement
QI00003577,ORD000105154,ITEM0000392500,DS004,SKU0006,Wrong Item,160.4,Shelf Placement / Picking Verification,P_DS004_033,Unconfirmed,Refund
QI00003578,ORD000105170,ITEM0000392564,DS004,SKU0249,Damaged Item,489.26,Putaway / Picking Handling,,Unconfirmed,Refund
QI00003579,ORD000105170,ITEM0000392565,DS004,SKU0286,Wrong Item,287.98,Shelf Placement / Picking Verification,P_DS004_030,Unconfirmed,Refund
QI00003580,ORD000105242,ITEM0000392843,DS004,SKU0093,Wrong Item,172.15,Picking,P_DS004_012,Unconfirmed,Replacement
QI00003581,ORD000105246,ITEM0000392858,DS004,SKU0198,Missing Item,353.83,Inventory Accuracy / Putaway,P_DS004_018,Unconfirmed,Refund
QI00003582,ORD000105248,ITEM0000392863,DS004,SKU0219,Damaged Item,344.59,Putaway / Picking Handling,,Unconfirmed,Refund
QI00003583,ORD000105254,ITEM0000392887,DS004,SKU0070,Damaged Item,156.12,Putaway / Picking Handling,,Unconfirmed,Replacement
QI00003584,ORD000105297,ITEM0000393051,DS004,SKU0120,Missing Item,59.58,Inventory Accuracy / Putaway,P_DS004_009,Unconfirmed,Replacement
QI00003585,ORD000105312,ITEM0000393106,DS004,SKU0014,Missing Item,198.84,Inventory Accuracy / Putaway,P_DS004_016,Unconfirmed,Refund
QI00003586,ORD000105373,ITEM0000393340,DS004,SKU0128,Missing Item,157.1,Inventory Accuracy / Putaway,P_DS004_010,Unconfirmed,Replacement
QI00003587,ORD000105388,ITEM0000393400,DS004,SKU0141,Missing Item,106.65,Inventory Accuracy / Putaway,P_DS004_007,Unconfirmed,Replacement
QI00003588,ORD000105389,ITEM0000393406,DS004,SKU0269,Damaged Item,399.24,Putaway / Picking Handling,,Unconfirmed,Refund
QI00003589,ORD000105426,ITEM0000393521,DS004,SKU0013,Missing Item,859.59,Inventory Accuracy / Putaway,P_DS004_016,Unconfirmed,Replacement
QI00003590,ORD000105442,ITEM0000393571,DS004,SKU0109,Missing Item,576.34,Inventory Accuracy / Putaway,P_DS004_013,Unconfirmed,Refund
QI00003591,ORD000105453,ITEM0000393618,DS004,SKU0185,Wrong Item,98.45,Shelf Placement / Picking Verification,P_DS004_016,Unconfirmed,Refund
QI00003592,ORD000105460,ITEM0000393640,DS004,SKU0152,Missing Item,606.41,Inventory Accuracy / Putaway,P_DS004_013,Unconfirmed,Replacement
QI00003593,ORD000105479,ITEM0000393708,DS004,SKU0208,Missing Item,40.91,Inventory Accuracy / Putaway,P_DS004_022,Unconfirmed,Refund
QI00003594,ORD000105488,ITEM0000393742,DS004,SKU0152,Missing Item,1212.82,Inventory Accuracy / Putaway,P_DS004_028,Unconfirmed,Replacement
QI00003595,ORD000105528,ITEM0000393892,DS004,SKU0208,Missing Item,81.82,Inventory Accuracy / Putaway,P_DS004_020,Unconfirmed,Refund
QI00003596,ORD000105590,ITEM0000394119,DS004,SKU0109,Damaged Item,576.34,Rider Handling / Last Mile,,Unconfirmed,Refund
QI00003597,ORD000105597,ITEM0000394144,DS004,SKU0197,Missing Item,260.58,Inventory Accuracy / Putaway,P_DS004_020,Unconfirmed,Refund
QI00003598,ORD000105616,ITEM0000394234,DS004,SKU0240,Wrong Item,71.04,Shelf Placement / Picking Verification,P_DS004_020,Unconfirmed,Replacement
QI00003599,ORD000105649,ITEM0000394360,DS004,SKU0003,Wrong Item,399.91,Picking,P_DS004_026,Unconfirmed,Replacement
QI00003600,ORD000105683,ITEM0000394477,DS004,SKU0009,Damaged Item,111.32,Putaway / Picking Handling,,Unconfirmed,Refund
QI00003601,ORD000105742,ITEM0000394707,DS004,SKU0263,Missing Item,234.1,Inventory Accuracy / Putaway,P_DS004_002,Unconfirmed,Refund
QI00003602,ORD000105748,ITEM0000394726,DS004,SKU0057,Missing Item,229.0,Inventory Accuracy / Putaway,P_DS004_035,Unconfirmed,Replacement
QI00003603,ORD000105752,ITEM0000394735,DS004,SKU0290,Wrong Item,832.96,Picking,P_DS004_002,Unconfirmed,Replacement
QI00003604,ORD000105772,ITEM0000394808,DS004,SKU0008,Damaged Item,30.69,Putaway / Picking Handling,,Unconfirmed,Refund
QI00003605,ORD000105778,ITEM0000394830,DS004,SKU0064,Wrong Item,344.62,Picking,P_DS004_017,Unconfirmed,Refund
QI00003606,ORD000105786,ITEM0000394857,DS004,SKU0264,Wrong Item,26.89,Picking,P_DS004_029,Unconfirmed,Replacement
QI00003607,ORD000105797,ITEM0000394901,DS004,SKU0106,Missing Item,232.87,Inventory Accuracy / Putaway,P_DS004_020,Unconfirmed,Refund
QI00003608,ORD000105805,ITEM0000394938,DS004,SKU0255,Wrong Item,65.38,Picking,P_DS004_008,Unconfirmed,Replacement
QI00003609,ORD000105834,ITEM0000395043,DS004,SKU0209,Missing Item,205.42,Inventory Accuracy / Putaway,P_DS004_017,Unconfirmed,Refund
QI00003610,ORD000105837,ITEM0000395051,DS004,SKU0096,Damaged Item,131.88,Putaway / Picking Handling,,Unconfirmed,Refund
QI00003611,ORD000105843,ITEM0000395081,DS004,SKU0269,Damaged Item,399.24,Putaway / Picking Handling,,Unconfirmed,Refund
QI00003612,ORD000105923,ITEM0000395354,DS004,SKU0141,Missing Item,213.3,Inventory Accuracy / Putaway,P_DS004_002,Unconfirmed,Refund
QI00003613,ORD000105953,ITEM0000395459,DS004,SKU0043,Missing Item,221.22,Inventory Accuracy / Putaway,P_DS004_023,Unconfirmed,Refund
QI00003614,ORD000105953,ITEM0000395460,DS004,SKU0152,Wrong Item,1212.82,Picking,P_DS004_023,Unconfirmed,Refund
QI00003615,ORD000106011,ITEM0000395680,DS004,SKU0236,Damaged Item,277.44,Putaway / Picking Handling,,Unconfirmed,Refund
QI00003616,ORD000106012,ITEM0000395686,DS004,SKU0005,Missing Item,321.98,Inventory Accuracy / Putaway,P_DS004_017,Unconfirmed,Replacement
QI00003617,ORD000106013,ITEM0000395688,DS004,SKU0085,Missing Item,469.4,Inventory Accuracy / Putaway,P_DS004_008,Unconfirmed,Refund
QI00003618,ORD000106054,ITEM0000395850,DS004,SKU0076,Missing Item,267.05,Inventory Accuracy / Putaway,P_DS004_026,Unconfirmed,Refund
QI00003619,ORD000106081,ITEM0000395955,DS004,SKU0278,Missing Item,449.76,Inventory Accuracy / Putaway,P_DS004_035,Unconfirmed,Refund
QI00003620,ORD000106104,ITEM0000396052,DS004,SKU0160,Wrong Item,215.8,Shelf Placement / Picking Verification,P_DS004_020,Unconfirmed,Refund
QI00003621,ORD000106104,ITEM0000396055,DS004,SKU0209,Damaged Item,102.71,Putaway / Picking Handling,,Unconfirmed,Refund
QI00003622,ORD000106116,ITEM0000396100,DS004,SKU0279,Missing Item,109.67,Inventory Accuracy / Putaway,P_DS004_017,Unconfirmed,Refund
QI00003623,ORD000106133,ITEM0000396160,DS004,SKU0119,Missing Item,182.02,Inventory Accuracy / Putaway,P_DS004_020,Unconfirmed,Refund
QI00003624,ORD000106205,ITEM0000396438,DS004,SKU0281,Wrong Item,264.39,Shelf Placement / Picking Verification,P_DS004_014,Unconfirmed,Refund
QI00003625,ORD000106222,ITEM0000396498,DS004,SKU0166,Damaged Item,987.88,Putaway / Picking Handling,,Unconfirmed,Refund
QI00003626,ORD000106226,ITEM0000396510,DS004,SKU0195,Missing Item,613.68,Inventory Accuracy / Putaway,P_DS004_029,Unconfirmed,Replacement
QI00003627,ORD000106258,ITEM0000396634,DS004,SKU0287,Missing Item,386.58,Inventory Accuracy / Putaway,P_DS004_020,Unconfirmed,Replacement
QI00003628,ORD000106268,ITEM0000396680,DS004,SKU0292,Missing Item,1003.98,Inventory Accuracy / Putaway,P_DS004_008,Unconfirmed,Refund
QI00003629,ORD000106270,ITEM0000396691,DS004,SKU0260,Wrong Item,284.17,Picking,P_DS004_014,Unconfirmed,Refund
QI00003630,ORD000106277,ITEM0000396713,DS004,SKU0193,Missing Item,323.59,Inventory Accuracy / Putaway,P_DS004_029,Unconfirmed,Replacement
QI00003631,ORD000106297,ITEM0000396785,DS004,SKU0140,Missing Item,236.01,Inventory Accuracy / Putaway,P_DS004_017,Unconfirmed,Refund
QI00003632,ORD000106315,ITEM0000396852,DS004,SKU0212,Wrong Item,64.87,Picking,P_DS004_008,Unconfirmed,Refund
QI00003633,ORD000106318,ITEM0000396859,DS004,SKU0058,Damaged Item,264.03,Putaway / Picking Handling,,Unconfirmed,Refund
QI00003634,ORD000106391,ITEM0000397133,DS004,SKU0175,Missing Item,137.34,Inventory Accuracy / Putaway,P_DS004_029,Unconfirmed,Replacement
QI00003635,ORD000106428,ITEM0000397260,DS004,SKU0102,Missing Item,107.01,Inventory Accuracy / Putaway,P_DS004_035,Unconfirmed,Refund
QI00003636,ORD000106467,ITEM0000397381,DS004,SKU0110,Missing Item,486.38,Inventory Accuracy / Putaway,P_DS004_029,Unconfirmed,Refund
QI00003637,ORD000106471,ITEM0000397398,DS004,SKU0171,Wrong Item,69.18,Picking,P_DS004_009,Unconfirmed,Refund
QI00003638,ORD000106488,ITEM0000397455,DS004,SKU0009,Wrong Item,111.32,Picking,P_DS004_008,Unconfirmed,Refund
QI00003639,ORD000106498,ITEM0000397494,DS004,SKU0186,Missing Item,52.03,Inventory Accuracy / Putaway,P_DS004_015,Unconfirmed,Refund
QI00003640,ORD000106514,ITEM0000397554,DS004,SKU0267,Missing Item,400.53,Inventory Accuracy / Putaway,P_DS004_002,Unconfirmed,Refund
QI00003641,ORD000106532,ITEM0000397620,DS004,SKU0098,Missing Item,311.41,Inventory Accuracy / Putaway,P_DS004_008,Unconfirmed,Replacement
QI00003642,ORD000106607,ITEM0000397902,DS004,SKU0180,Missing Item,37.34,Inventory Accuracy / Putaway,P_DS004_009,Unconfirmed,Replacement
QI00003643,ORD000106615,ITEM0000397939,DS004,SKU0287,Wrong Item,193.29,Picking,P_DS004_027,Unconfirmed,Replacement
QI00003644,ORD000106714,ITEM0000398289,DS004,SKU0132,Missing Item,448.24,Inventory Accuracy / Putaway,P_DS004_015,Unconfirmed,Refund
QI00003645,ORD000106727,ITEM0000398333,DS004,SKU0180,Missing Item,37.34,Inventory Accuracy / Putaway,P_DS004_024,Unconfirmed,Refund
QI00003646,ORD000106764,ITEM0000398462,DS004,SKU0199,Wrong Item,138.52,Shelf Placement / Picking Verification,P_DS004_024,Unconfirmed,Refund
QI00003647,ORD000106788,ITEM0000398558,DS004,SKU0195,Missing Item,613.68,Inventory Accuracy / Putaway,P_DS004_024,Unconfirmed,Refund
QI00003648,ORD000106806,ITEM0000398621,DS004,SKU0244,Damaged Item,134.3,Putaway / Picking Handling,,Unconfirmed,Refund
QI00003649,ORD000106808,ITEM0000398625,DS004,SKU0012,Missing Item,230.15,Inventory Accuracy / Putaway,P_DS004_033,Unconfirmed,Refund
QI00003650,ORD000106819,ITEM0000398665,DS004,SKU0109,Missing Item,576.34,Inventory Accuracy / Putaway,P_DS004_024,Unconfirmed,Refund
QI00003651,ORD000106836,ITEM0000398724,DS004,SKU0173,Wrong Item,451.68,Picking,P_DS004_015,Unconfirmed,Refund
QI00003652,ORD000106871,ITEM0000398844,DS004,SKU0033,Missing Item,203.44,Inventory Accuracy / Putaway,P_DS004_021,Unconfirmed,Refund
QI00003653,ORD000106884,ITEM0000398899,DS004,SKU0013,Missing Item,573.06,Inventory Accuracy / Putaway,P_DS004_033,Unconfirmed,Refund
QI00003654,ORD000106900,ITEM0000398960,DS004,SKU0160,Wrong Item,215.8,Shelf Placement / Picking Verification,P_DS004_024,Unconfirmed,Replacement
QI00003655,ORD000106921,ITEM0000399033,DS004,SKU0109,Missing Item,576.34,Inventory Accuracy / Putaway,P_DS004_006,Unconfirmed,Replacement
QI00003656,ORD000106975,ITEM0000399229,DS004,SKU0254,Missing Item,614.08,Inventory Accuracy / Putaway,P_DS004_027,Unconfirmed,Replacement
QI00003657,ORD000106981,ITEM0000399248,DS004,SKU0090,Missing Item,521.0,Inventory Accuracy / Putaway,P_DS004_030,Unconfirmed,Refund
QI00003658,ORD000107011,ITEM0000399356,DS004,SKU0177,Damaged Item,175.72,Putaway / Picking Handling,,Unconfirmed,Refund
QI00003659,ORD000107027,ITEM0000399419,DS004,SKU0001,Missing Item,323.53,Inventory Accuracy / Putaway,P_DS004_027,Unconfirmed,Refund
QI00003660,ORD000107037,ITEM0000399448,DS004,SKU0231,Wrong Item,34.56,Picking,P_DS004_021,Unconfirmed,Refund
QI00003661,ORD000107079,ITEM0000399607,DS004,SKU0034,Wrong Item,251.6,Picking,P_DS004_003,Unconfirmed,Refund
QI00003662,ORD000107138,ITEM0000399821,DS004,SKU0292,Missing Item,501.99,Inventory Accuracy / Putaway,P_DS004_006,Unconfirmed,Refund
QI00003663,ORD000107155,ITEM0000399883,DS004,SKU0188,Missing Item,186.54,Inventory Accuracy / Putaway,P_DS004_024,Unconfirmed,Refund
QI00003664,ORD000107161,ITEM0000399915,DS004,SKU0261,Damaged Item,312.68,Putaway / Picking Handling,,Unconfirmed,Refund
QI00003665,ORD000107213,ITEM0000400115,DS004,SKU0090,Missing Item,781.5,Inventory Accuracy / Putaway,P_DS004_015,Unconfirmed,Refund
QI00003666,ORD000107221,ITEM0000400138,DS004,SKU0188,Missing Item,93.27,Inventory Accuracy / Putaway,P_DS004_006,Unconfirmed,Refund
QI00003667,ORD000107226,ITEM0000400161,DS004,SKU0212,Missing Item,64.87,Inventory Accuracy / Putaway,P_DS004_033,Unconfirmed,Refund
QI00003668,ORD000107261,ITEM0000400283,DS004,SKU0160,Wrong Item,215.8,Shelf Placement / Picking Verification,P_DS004_015,Unconfirmed,Refund
QI00003669,ORD000107283,ITEM0000400363,DS004,SKU0045,Missing Item,364.24,Inventory Accuracy / Putaway,P_DS004_027,Unconfirmed,Replacement
QI00003670,ORD000107319,ITEM0000400495,DS004,SKU0021,Missing Item,1162.26,Inventory Accuracy / Putaway,P_DS004_030,Unconfirmed,Refund
QI00003671,ORD000107326,ITEM0000400525,DS004,SKU0221,Missing Item,278.54,Inventory Accuracy / Putaway,P_DS004_009,Unconfirmed,Refund
QI00003672,ORD000107384,ITEM0000400726,DS004,SKU0114,Damaged Item,233.48,Putaway / Picking Handling,,Unconfirmed,Refund
QI00003673,ORD000107400,ITEM0000400779,DS004,SKU0267,Wrong Item,400.53,Picking,P_DS004_027,Unconfirmed,Refund
QI00003674,ORD000107506,ITEM0000401174,DS004,SKU0238,Missing Item,30.81,Inventory Accuracy / Putaway,P_DS004_006,Unconfirmed,Refund
QI00003675,ORD000107510,ITEM0000401190,DS004,SKU0281,Missing Item,264.39,Inventory Accuracy / Putaway,P_DS004_003,Unconfirmed,Replacement
QI00003676,ORD000107551,ITEM0000401357,DS004,SKU0296,Missing Item,195.12,Inventory Accuracy / Putaway,P_DS004_027,Unconfirmed,Replacement
QI00003677,ORD000107564,ITEM0000401409,DS004,SKU0037,Missing Item,75.95,Inventory Accuracy / Putaway,P_DS004_009,Unconfirmed,Refund
QI00003678,ORD000107578,ITEM0000401453,DS004,SKU0231,Missing Item,34.56,Inventory Accuracy / Putaway,P_DS004_015,Unconfirmed,Refund
QI00003679,ORD000107586,ITEM0000401485,DS004,SKU0188,Missing Item,93.27,Inventory Accuracy / Putaway,P_DS004_006,Unconfirmed,Replacement
QI00003680,ORD000107597,ITEM0000401530,DS004,SKU0291,Missing Item,294.78,Inventory Accuracy / Putaway,P_DS004_027,Unconfirmed,Refund
QI00003681,ORD000107605,ITEM0000401560,DS004,SKU0198,Missing Item,353.83,Inventory Accuracy / Putaway,P_DS004_015,Unconfirmed,Refund
QI00003682,ORD000107727,ITEM0000402028,DS004,SKU0203,Missing Item,130.42,Inventory Accuracy / Putaway,P_DS004_006,Unconfirmed,Refund
QI00003683,ORD000107737,ITEM0000402068,DS004,SKU0070,Missing Item,78.06,Inventory Accuracy / Putaway,P_DS004_007,Unconfirmed,Refund
QI00003684,ORD000107764,ITEM0000402169,DS004,SKU0257,Damaged Item,288.34,Rider Handling / Last Mile,,Unconfirmed,Refund
QI00003685,ORD000107803,ITEM0000402318,DS004,SKU0294,Damaged Item,218.92,Putaway / Picking Handling,,Unconfirmed,Refund
QI00003686,ORD000107861,ITEM0000402544,DS004,SKU0235,Missing Item,1307.08,Inventory Accuracy / Putaway,P_DS004_004,Unconfirmed,Replacement
QI00003687,ORD000107904,ITEM0000402694,DS004,SKU0051,Missing Item,25.15,Inventory Accuracy / Putaway,P_DS004_016,Unconfirmed,Refund
QI00003688,ORD000107916,ITEM0000402738,DS004,SKU0053,Damaged Item,171.77,Putaway / Picking Handling,,Unconfirmed,Refund
QI00003689,ORD000107921,ITEM0000402761,DS004,SKU0198,Wrong Item,353.83,Shelf Placement / Picking Verification,P_DS004_010,Unconfirmed,Replacement
QI00003690,ORD000107924,ITEM0000402774,DS004,SKU0044,Missing Item,392.84,Inventory Accuracy / Putaway,P_DS004_010,Unconfirmed,Refund
QI00003691,ORD000107934,ITEM0000402814,DS004,SKU0024,Damaged Item,370.06,Putaway / Picking Handling,,Unconfirmed,Refund
QI00003692,ORD000107945,ITEM0000402847,DS004,SKU0013,Wrong Item,573.06,Shelf Placement / Picking Verification,P_DS004_016,Unconfirmed,Refund
QI00003693,ORD000107962,ITEM0000402909,DS004,SKU0187,Damaged Item,579.22,Putaway / Picking Handling,,Unconfirmed,Refund
QI00003694,ORD000107987,ITEM0000403009,DS004,SKU0007,Missing Item,83.08,Inventory Accuracy / Putaway,P_DS004_013,Unconfirmed,Refund
QI00003695,ORD000108044,ITEM0000403236,DS004,SKU0015,Missing Item,159.48,Inventory Accuracy / Putaway,P_DS004_011,Unconfirmed,Replacement
QI00003696,ORD000108053,ITEM0000403262,DS004,SKU0071,Damaged Item,120.79,Rider Handling / Last Mile,,Unconfirmed,Refund
QI00003697,ORD000108057,ITEM0000403281,DS004,SKU0225,Wrong Item,138.75,Shelf Placement / Picking Verification,P_DS004_023,Unconfirmed,Refund
QI00003698,ORD000108077,ITEM0000403370,DS004,SKU0015,Damaged Item,159.48,Putaway / Picking Handling,,Unconfirmed,Refund
QI00003699,ORD000108079,ITEM0000403380,DS004,SKU0004,Missing Item,240.08,Inventory Accuracy / Putaway,P_DS004_008,Unconfirmed,Refund
QI00003700,ORD000108106,ITEM0000403459,DS004,SKU0225,Wrong Item,138.75,Shelf Placement / Picking Verification,P_DS004_023,Unconfirmed,Refund
QI00003701,ORD000108130,ITEM0000403537,DS004,SKU0126,Missing Item,488.27,Inventory Accuracy / Putaway,P_DS004_035,Unconfirmed,Refund
QI00003702,ORD000108148,ITEM0000403597,DS004,SKU0018,Missing Item,292.04,Inventory Accuracy / Putaway,P_DS004_002,Unconfirmed,Refund
QI00003703,ORD000108162,ITEM0000403640,DS004,SKU0250,Missing Item,195.28,Inventory Accuracy / Putaway,P_DS004_023,Unconfirmed,Refund
QI00003704,ORD000108177,ITEM0000403685,DS004,SKU0134,Damaged Item,271.74,Putaway / Picking Handling,,Unconfirmed,Refund
QI00003705,ORD000108215,ITEM0000403842,DS004,SKU0286,Wrong Item,431.97,Shelf Placement / Picking Verification,P_DS004_035,Unconfirmed,Refund
QI00003706,ORD000108234,ITEM0000403913,DS004,SKU0013,Missing Item,573.06,Inventory Accuracy / Putaway,P_DS004_011,Unconfirmed,Refund
QI00003707,ORD000108292,ITEM0000404130,DS004,SKU0240,Missing Item,71.04,Inventory Accuracy / Putaway,P_DS004_035,Unconfirmed,Refund
QI00003708,ORD000108357,ITEM0000404400,DS004,SKU0055,Missing Item,436.84,Inventory Accuracy / Putaway,P_DS004_023,Unconfirmed,Replacement
QI00003709,ORD000108387,ITEM0000404497,DS004,SKU0205,Damaged Item,168.31,Putaway / Picking Handling,,Unconfirmed,Refund
QI00003710,ORD000108419,ITEM0000404618,DS004,SKU0297,Missing Item,26.2,Inventory Accuracy / Putaway,P_DS004_032,Unconfirmed,Refund
QI00003711,ORD000108431,ITEM0000404657,DS004,SKU0056,Wrong Item,234.62,Picking,P_DS004_029,Unconfirmed,Refund
QI00003712,ORD000108432,ITEM0000404663,DS004,SKU0171,Missing Item,69.18,Inventory Accuracy / Putaway,P_DS004_020,Unconfirmed,Refund
QI00003713,ORD000108439,ITEM0000404691,DS004,SKU0247,Missing Item,93.98,Inventory Accuracy / Putaway,P_DS004_002,Unconfirmed,Replacement
QI00003714,ORD000108453,ITEM0000404744,DS004,SKU0223,Damaged Item,15.23,Putaway / Picking Handling,,Unconfirmed,Refund
QI00003715,ORD000108527,ITEM0000405029,DS004,SKU0209,Damaged Item,205.42,Rider Handling / Last Mile,,Unconfirmed,Refund
QI00003716,ORD000108556,ITEM0000405146,DS004,SKU0236,Damaged Item,277.44,Rider Handling / Last Mile,,Unconfirmed,Refund
QI00003717,ORD000108560,ITEM0000405161,DS004,SKU0155,Missing Item,350.34,Inventory Accuracy / Putaway,P_DS004_002,Unconfirmed,Refund
QI00003718,ORD000108563,ITEM0000405174,DS004,SKU0269,Wrong Item,399.24,Picking,P_DS004_023,Unconfirmed,Replacement
QI00003719,ORD000108582,ITEM0000405249,DS004,SKU0197,Missing Item,260.58,Inventory Accuracy / Putaway,P_DS004_008,Unconfirmed,Refund
QI00003720,ORD000108587,ITEM0000405274,DS004,SKU0166,Wrong Item,987.88,Shelf Placement / Picking Verification,P_DS004_002,Unconfirmed,Refund
QI00003721,ORD000108601,ITEM0000405342,DS004,SKU0226,Damaged Item,45.28,Putaway / Picking Handling,,Unconfirmed,Refund
QI00003722,ORD000108602,ITEM0000405343,DS004,SKU0104,Missing Item,181.45,Inventory Accuracy / Putaway,P_DS004_002,Unconfirmed,Replacement
QI00003723,ORD000108617,ITEM0000405400,DS004,SKU0122,Damaged Item,260.05,Putaway / Picking Handling,,Unconfirmed,Replacement
QI00003724,ORD000108627,ITEM0000405444,DS004,SKU0141,Missing Item,106.65,Inventory Accuracy / Putaway,P_DS004_014,Unconfirmed,Refund
QI00003725,ORD000108638,ITEM0000405481,DS004,SKU0057,Missing Item,229.0,Inventory Accuracy / Putaway,P_DS004_029,Unconfirmed,Refund
QI00003726,ORD000108638,ITEM0000405482,DS004,SKU0085,Missing Item,938.8,Inventory Accuracy / Putaway,P_DS004_029,Unconfirmed,Refund
QI00003727,ORD000108685,ITEM0000405655,DS004,SKU0153,Wrong Item,134.94,Picking,P_DS004_020,Unconfirmed,Refund
QI00003728,ORD000108692,ITEM0000405685,DS004,SKU0018,Wrong Item,292.04,Picking,P_DS004_002,Unconfirmed,Refund
QI00003729,ORD000108695,ITEM0000405703,DS004,SKU0194,Missing Item,234.44,Inventory Accuracy / Putaway,P_DS004_023,Unconfirmed,Replacement
QI00003730,ORD000108774,ITEM0000405996,DS004,SKU0148,Damaged Item,347.32,Putaway / Picking Handling,,Unconfirmed,Refund
QI00003731,ORD000108801,ITEM0000406099,DS004,SKU0095,Missing Item,112.56,Inventory Accuracy / Putaway,P_DS004_029,Unconfirmed,Refund
QI00003732,ORD000108874,ITEM0000406350,DS004,SKU0016,Wrong Item,206.66,Picking,P_DS004_008,Unconfirmed,Replacement
QI00003733,ORD000108884,ITEM0000406388,DS004,SKU0029,Wrong Item,98.74,Picking,P_DS004_002,Unconfirmed,Refund
QI00003734,ORD000108924,ITEM0000406562,DS004,SKU0006,Wrong Item,160.4,Shelf Placement / Picking Verification,P_DS004_035,Unconfirmed,Refund
QI00003735,ORD000108926,ITEM0000406574,DS004,SKU0085,Damaged Item,938.8,Putaway / Picking Handling,,Unconfirmed,Refund
QI00003736,ORD000108933,ITEM0000406598,DS004,SKU0144,Damaged Item,164.54,Putaway / Picking Handling,,Unconfirmed,Refund
QI00003737,ORD000108963,ITEM0000406708,DS004,SKU0166,Wrong Item,493.94,Shelf Placement / Picking Verification,P_DS004_014,Unconfirmed,Refund
QI00003738,ORD000108964,ITEM0000406713,DS004,SKU0264,Damaged Item,26.89,Putaway / Picking Handling,,Unconfirmed,Replacement
QI00003739,ORD000108967,ITEM0000406722,DS004,SKU0278,Damaged Item,449.76,Putaway / Picking Handling,,Unconfirmed,Refund
QI00003740,ORD000109013,ITEM0000406911,DS004,SKU0292,Damaged Item,1505.97,Putaway / Picking Handling,,Unconfirmed,Replacement
QI00003741,ORD000109045,ITEM0000407013,DS004,SKU0131,Damaged Item,255.32,Putaway / Picking Handling,,Unconfirmed,Refund
QI00003742,ORD000109058,ITEM0000407069,DS004,SKU0191,Missing Item,1978.89,Inventory Accuracy / Putaway,P_DS004_029,Unconfirmed,Refund
QI00003743,ORD000109059,ITEM0000407072,DS004,SKU0064,Missing Item,344.62,Inventory Accuracy / Putaway,P_DS004_014,Unconfirmed,Refund
QI00003744,ORD000109075,ITEM0000407123,DS004,SKU0203,Wrong Item,130.42,Picking,P_DS004_008,Unconfirmed,Refund
QI00003745,ORD000109108,ITEM0000407226,DS004,SKU0229,Missing Item,235.69,Inventory Accuracy / Putaway,P_DS004_032,Unconfirmed,Refund
QI00003746,ORD000109144,ITEM0000407363,DS004,SKU0202,Missing Item,388.42,Inventory Accuracy / Putaway,P_DS004_008,Unconfirmed,Refund
QI00003747,ORD000109154,ITEM0000407401,DS004,SKU0015,Missing Item,159.48,Inventory Accuracy / Putaway,P_DS004_011,Unconfirmed,Refund
QI00003748,ORD000109157,ITEM0000407406,DS004,SKU0113,Missing Item,129.44,Inventory Accuracy / Putaway,P_DS004_029,Unconfirmed,Replacement
QI00003749,ORD000109165,ITEM0000407433,DS004,SKU0143,Wrong Item,201.68,Shelf Placement / Picking Verification,P_DS004_023,Unconfirmed,Replacement
QI00003750,ORD000109171,ITEM0000407459,DS004,SKU0021,Missing Item,774.84,Inventory Accuracy / Putaway,P_DS004_014,Unconfirmed,Refund
QI00003751,ORD000109251,ITEM0000407752,DS004,SKU0109,Damaged Item,576.34,Rider Handling / Last Mile,,Unconfirmed,Refund
QI00003752,ORD000109317,ITEM0000407976,DS004,SKU0016,Wrong Item,413.32,Picking,P_DS004_018,Unconfirmed,Replacement
QI00003753,ORD000109347,ITEM0000408088,DS004,SKU0211,Damaged Item,152.51,Putaway / Picking Handling,,Unconfirmed,Refund
QI00003754,ORD000109355,ITEM0000408117,DS004,SKU0268,Missing Item,441.01,Inventory Accuracy / Putaway,P_DS004_021,Unconfirmed,Refund
QI00003755,ORD000109373,ITEM0000408181,DS004,SKU0282,Wrong Item,241.36,Picking,P_DS004_024,Unconfirmed,Refund
QI00003756,ORD000109393,ITEM0000408270,DS004,SKU0113,Damaged Item,129.44,Putaway / Picking Handling,,Unconfirmed,Refund
QI00003757,ORD000109408,ITEM0000408323,DS004,SKU0193,Missing Item,323.59,Inventory Accuracy / Putaway,P_DS004_033,Unconfirmed,Replacement
QI00003758,ORD000109409,ITEM0000408326,DS004,SKU0137,Wrong Item,787.68,Picking,P_DS004_024,Unconfirmed,Refund
QI00003759,ORD000109518,ITEM0000408764,DS004,SKU0131,Missing Item,510.64,Inventory Accuracy / Putaway,P_DS004_006,Unconfirmed,Refund
QI00003760,ORD000109537,ITEM0000408848,DS004,SKU0209,Damaged Item,102.71,Putaway / Picking Handling,,Unconfirmed,Replacement
QI00003761,ORD000109561,ITEM0000408947,DS004,SKU0141,Missing Item,106.65,Inventory Accuracy / Putaway,P_DS004_033,Unconfirmed,Refund
QI00003762,ORD000109605,ITEM0000409120,DS004,SKU0165,Damaged Item,276.15,Rider Handling / Last Mile,,Unconfirmed,Replacement
QI00003763,ORD000109629,ITEM0000409204,DS004,SKU0195,Damaged Item,1227.36,Putaway / Picking Handling,,Unconfirmed,Replacement
QI00003764,ORD000109633,ITEM0000409216,DS004,SKU0209,Missing Item,205.42,Inventory Accuracy / Putaway,P_DS004_012,Unconfirmed,Refund
QI00003765,ORD000109692,ITEM0000409425,DS004,SKU0141,Missing Item,106.65,Inventory Accuracy / Putaway,P_DS004_027,Unconfirmed,Refund
QI00003766,ORD000109719,ITEM0000409507,DS004,SKU0028,Wrong Item,414.17,Shelf Placement / Picking Verification,P_DS004_006,Unconfirmed,Refund
QI00003767,ORD000109730,ITEM0000409553,DS004,SKU0296,Wrong Item,195.12,Picking,P_DS004_024,Unconfirmed,Replacement
QI00003768,ORD000109788,ITEM0000409771,DS004,SKU0198,Damaged Item,353.83,Putaway / Picking Handling,,Unconfirmed,Refund
QI00003769,ORD000109798,ITEM0000409816,DS004,SKU0104,Missing Item,362.9,Inventory Accuracy / Putaway,P_DS004_033,Unconfirmed,Refund
QI00003770,ORD000109807,ITEM0000409851,DS004,SKU0297,Wrong Item,26.2,Picking,P_DS004_012,Unconfirmed,Refund
QI00003771,ORD000109840,ITEM0000409983,DS004,SKU0131,Missing Item,510.64,Inventory Accuracy / Putaway,P_DS004_024,Unconfirmed,Refund
QI00003772,ORD000109862,ITEM0000410067,DS004,SKU0227,Missing Item,248.05,Inventory Accuracy / Putaway,P_DS004_024,Unconfirmed,Refund
QI00003773,ORD000109864,ITEM0000410072,DS004,SKU0081,Damaged Item,43.96,Rider Handling / Last Mile,,Unconfirmed,Refund
QI00003774,ORD000109882,ITEM0000410135,DS004,SKU0208,Missing Item,81.82,Inventory Accuracy / Putaway,P_DS004_018,Unconfirmed,Refund
QI00003775,ORD000109883,ITEM0000410138,DS004,SKU0130,Missing Item,44.48,Inventory Accuracy / Putaway,P_DS004_018,Unconfirmed,Refund
QI00003776,ORD000109933,ITEM0000410334,DS004,SKU0040,Wrong Item,82.14,Picking,P_DS004_006,Unconfirmed,Refund
QI00003777,ORD000109971,ITEM0000410461,DS004,SKU0029,Missing Item,49.37,Inventory Accuracy / Putaway,P_DS004_018,Unconfirmed,Refund
QI00003778,ORD000109998,ITEM0000410571,DS004,SKU0276,Wrong Item,222.38,Picking,P_DS004_024,Unconfirmed,Refund
QI00003779,ORD000110012,ITEM0000410625,DS004,SKU0243,Missing Item,191.05,Inventory Accuracy / Putaway,P_DS004_015,Unconfirmed,Refund
QI00003780,ORD000110034,ITEM0000410706,DS004,SKU0152,Missing Item,606.41,Inventory Accuracy / Putaway,P_DS004_018,Unconfirmed,Refund
QI00003781,ORD000110067,ITEM0000410828,DS004,SKU0283,Missing Item,174.74,Inventory Accuracy / Putaway,P_DS004_018,Unconfirmed,Refund
QI00003782,ORD000110105,ITEM0000410973,DS004,SKU0269,Damaged Item,399.24,Putaway / Picking Handling,,Unconfirmed,Refund
QI00003783,ORD000110106,ITEM0000410980,DS004,SKU0127,Missing Item,229.21,Inventory Accuracy / Putaway,P_DS004_021,Unconfirmed,Replacement
QI00003784,ORD000110131,ITEM0000411067,DS004,SKU0104,Missing Item,362.9,Inventory Accuracy / Putaway,P_DS004_033,Unconfirmed,Replacement
QI00003785,ORD000110145,ITEM0000411119,DS004,SKU0119,Damaged Item,182.02,Putaway / Picking Handling,,Unconfirmed,Refund
QI00003786,ORD000110189,ITEM0000411265,DS004,SKU0063,Wrong Item,189.87,Shelf Placement / Picking Verification,P_DS004_033,Unconfirmed,Refund
QI00003787,ORD000110243,ITEM0000411451,DS004,SKU0053,Wrong Item,171.77,Picking,P_DS004_024,Unconfirmed,Refund
QI00003788,ORD000110350,ITEM0000411827,DS004,SKU0269,Missing Item,399.24,Inventory Accuracy / Putaway,P_DS004_027,Unconfirmed,Refund
QI00003789,ORD000110368,ITEM0000411900,DS004,SKU0102,Damaged Item,107.01,Putaway / Picking Handling,,Unconfirmed,Replacement
QI00003790,ORD000110369,ITEM0000411904,DS004,SKU0013,Wrong Item,573.06,Shelf Placement / Picking Verification,P_DS004_018,Unconfirmed,Refund
QI00003791,ORD000110514,ITEM0000412456,DS004,SKU0272,Missing Item,54.7,Inventory Accuracy / Putaway,P_DS004_021,Unconfirmed,Refund
QI00003792,ORD000110516,ITEM0000412468,DS004,SKU0006,Damaged Item,320.8,Putaway / Picking Handling,,Unconfirmed,Refund
QI00003793,ORD000110528,ITEM0000412518,DS004,SKU0097,Missing Item,183.02,Inventory Accuracy / Putaway,P_DS004_021,Unconfirmed,Refund
QI00003794,ORD000110549,ITEM0000412597,DS004,SKU0124,Damaged Item,230.69,Putaway / Picking Handling,,Unconfirmed,Replacement
QI00003795,ORD000110575,ITEM0000412692,DS004,SKU0035,Missing Item,311.65,Inventory Accuracy / Putaway,P_DS004_018,Unconfirmed,Refund
QI00003796,ORD000110587,ITEM0000412745,DS004,SKU0166,Wrong Item,493.94,Shelf Placement / Picking Verification,P_DS004_024,Unconfirmed,Refund
QI00003797,ORD000110593,ITEM0000412773,DS004,SKU0131,Damaged Item,255.32,Putaway / Picking Handling,,Unconfirmed,Refund
QI00003798,ORD000110609,ITEM0000412826,DS004,SKU0269,Damaged Item,399.24,Putaway / Picking Handling,,Unconfirmed,Refund
QI00003799,ORD000110610,ITEM0000412830,DS004,SKU0115,Missing Item,141.88,Inventory Accuracy / Putaway,P_DS004_018,Unconfirmed,Replacement
QI00003800,ORD000110671,ITEM0000413068,DS004,SKU0263,Wrong Item,234.1,Picking,P_DS004_009,Unconfirmed,Refund
QI00003801,ORD000110702,ITEM0000413165,DS004,SKU0265,Missing Item,192.92,Inventory Accuracy / Putaway,P_DS004_015,Unconfirmed,Refund
QI00003802,ORD000110704,ITEM0000413175,DS004,SKU0081,Missing Item,43.96,Inventory Accuracy / Putaway,P_DS004_015,Unconfirmed,Refund
QI00003803,ORD000110705,ITEM0000413179,DS004,SKU0174,Missing Item,450.76,Inventory Accuracy / Putaway,P_DS004_015,Unconfirmed,Refund
QI00003804,ORD000110719,ITEM0000413231,DS004,SKU0201,Missing Item,81.18,Inventory Accuracy / Putaway,P_DS004_009,Unconfirmed,Refund
QI00003805,ORD000110769,ITEM0000413422,DS004,SKU0068,Damaged Item,183.41,Putaway / Picking Handling,,Unconfirmed,Refund
QI00003806,ORD000110775,ITEM0000413444,DS004,SKU0028,Missing Item,414.17,Inventory Accuracy / Putaway,P_DS004_028,Unconfirmed,Replacement
QI00003807,ORD000110777,ITEM0000413453,DS004,SKU0148,Missing Item,347.32,Inventory Accuracy / Putaway,P_DS004_028,Unconfirmed,Replacement
QI00003808,ORD000110856,ITEM0000413751,DS004,SKU0191,Missing Item,659.63,Inventory Accuracy / Putaway,P_DS004_010,Unconfirmed,Refund
QI00003809,ORD000110861,ITEM0000413774,DS004,SKU0063,Missing Item,189.87,Inventory Accuracy / Putaway,P_DS004_019,Unconfirmed,Refund
QI00003810,ORD000110877,ITEM0000413825,DS004,SKU0209,Missing Item,102.71,Inventory Accuracy / Putaway,P_DS004_004,Unconfirmed,Refund
QI00003811,ORD000110881,ITEM0000413840,DS004,SKU0141,Wrong Item,106.65,Picking,P_DS004_016,Unconfirmed,Refund
QI00003812,ORD000110895,ITEM0000413897,DS004,SKU0280,Missing Item,467.38,Inventory Accuracy / Putaway,P_DS004_025,Unconfirmed,Refund
QI00003813,ORD000110982,ITEM0000414195,DS004,SKU0018,Damaged Item,584.08,Putaway / Picking Handling,,Unconfirmed,Refund
QI00003814,ORD000111016,ITEM0000414327,DS004,SKU0154,Wrong Item,456.23,Picking,P_DS004_005,Unconfirmed,Refund
QI00003815,ORD000111153,ITEM0000414829,DS004,SKU0251,Damaged Item,177.56,Putaway / Picking Handling,,Unconfirmed,Replacement
QI00003816,ORD000111278,ITEM0000415293,DS004,SKU0141,Missing Item,106.65,Inventory Accuracy / Putaway,P_DS004_023,Unconfirmed,Replacement
QI00003817,ORD000111282,ITEM0000415310,DS004,SKU0021,Missing Item,387.42,Inventory Accuracy / Putaway,P_DS004_035,Unconfirmed,Refund
QI00003818,ORD000111306,ITEM0000415396,DS004,SKU0171,Missing Item,138.36,Inventory Accuracy / Putaway,P_DS004_005,Unconfirmed,Replacement
QI00003819,ORD000111310,ITEM0000415412,DS004,SKU0008,Missing Item,30.69,Inventory Accuracy / Putaway,P_DS004_005,Unconfirmed,Refund
QI00003820,ORD000111359,ITEM0000415580,DS004,SKU0202,Damaged Item,388.42,Putaway / Picking Handling,,Unconfirmed,Refund
QI00003821,ORD000111411,ITEM0000415772,DS004,SKU0018,Missing Item,292.04,Inventory Accuracy / Putaway,P_DS004_026,Unconfirmed,Refund
QI00003822,ORD000111682,ITEM0000416794,DS004,SKU0119,Missing Item,182.02,Inventory Accuracy / Putaway,P_DS004_005,Unconfirmed,Refund
QI00003823,ORD000111703,ITEM0000416876,DS004,SKU0018,Damaged Item,292.04,Putaway / Picking Handling,,Unconfirmed,Refund
QI00003824,ORD000111722,ITEM0000416952,DS004,SKU0045,Missing Item,364.24,Inventory Accuracy / Putaway,P_DS004_023,Unconfirmed,Refund
QI00003825,ORD000111724,ITEM0000416957,DS004,SKU0231,Missing Item,34.56,Inventory Accuracy / Putaway,P_DS004_011,Unconfirmed,Refund
QI00003826,ORD000111733,ITEM0000416989,DS004,SKU0297,Wrong Item,26.2,Picking,P_DS004_017,Unconfirmed,Refund
QI00003827,ORD000111743,ITEM0000417027,DS004,SKU0165,Missing Item,276.15,Inventory Accuracy / Putaway,P_DS004_032,Unconfirmed,Replacement
QI00003828,ORD000111821,ITEM0000417334,DS004,SKU0271,Damaged Item,98.98,Putaway / Picking Handling,,Unconfirmed,Refund
QI00003829,ORD000111824,ITEM0000417344,DS004,SKU0066,Missing Item,435.4,Inventory Accuracy / Putaway,P_DS004_008,Unconfirmed,Refund
QI00003830,ORD000111835,ITEM0000417376,DS004,SKU0244,Damaged Item,67.15,Putaway / Picking Handling,,Unconfirmed,Refund
QI00003831,ORD000111849,ITEM0000417427,DS004,SKU0005,Missing Item,643.96,Inventory Accuracy / Putaway,P_DS004_017,Unconfirmed,Refund
QI00003832,ORD000111857,ITEM0000417451,DS004,SKU0064,Missing Item,344.62,Inventory Accuracy / Putaway,P_DS004_014,Unconfirmed,Refund
QI00003833,ORD000111860,ITEM0000417462,DS004,SKU0018,Damaged Item,584.08,Rider Handling / Last Mile,,Unconfirmed,Refund
QI00003834,ORD000111874,ITEM0000417515,DS004,SKU0270,Missing Item,511.98,Inventory Accuracy / Putaway,P_DS004_023,Unconfirmed,Refund
QI00003835,ORD000111894,ITEM0000417599,DS004,SKU0193,Wrong Item,323.59,Picking,P_DS004_002,Unconfirmed,Replacement
QI00003836,ORD000112002,ITEM0000417995,DS004,SKU0090,Missing Item,260.5,Inventory Accuracy / Putaway,P_DS004_017,Unconfirmed,Replacement
QI00003837,ORD000112010,ITEM0000418026,DS004,SKU0185,Wrong Item,98.45,Shelf Placement / Picking Verification,P_DS004_026,Unconfirmed,Refund
QI00003838,ORD000112081,ITEM0000418307,DS004,SKU0263,Missing Item,234.1,Inventory Accuracy / Putaway,P_DS004_002,Unconfirmed,Refund
QI00003839,ORD000112085,ITEM0000418317,DS004,SKU0218,Missing Item,95.97,Inventory Accuracy / Putaway,P_DS004_023,Unconfirmed,Refund
QI00003840,ORD000112092,ITEM0000418343,DS004,SKU0200,Wrong Item,649.0,Picking,P_DS004_002,Unconfirmed,Replacement
QI00003841,ORD000112162,ITEM0000418606,DS004,SKU0233,Missing Item,159.37,Inventory Accuracy / Putaway,P_DS004_029,Unconfirmed,Replacement
QI00003842,ORD000112242,ITEM0000418900,DS004,SKU0029,Missing Item,49.37,Inventory Accuracy / Putaway,P_DS004_005,Unconfirmed,Refund
QI00003843,ORD000112251,ITEM0000418937,DS004,SKU0044,Missing Item,196.42,Inventory Accuracy / Putaway,P_DS004_014,Unconfirmed,Replacement
QI00003844,ORD000112264,ITEM0000418982,DS004,SKU0253,Missing Item,126.6,Inventory Accuracy / Putaway,P_DS004_008,Unconfirmed,Replacement
QI00003845,ORD000112267,ITEM0000418992,DS004,SKU0085,Wrong Item,469.4,Picking,P_DS004_011,Unconfirmed,Refund
QI00003846,ORD000112280,ITEM0000419049,DS004,SKU0256,Missing Item,208.54,Inventory Accuracy / Putaway,P_DS004_005,Unconfirmed,Refund
QI00003847,ORD000112301,ITEM0000419124,DS004,SKU0011,Missing Item,85.7,Inventory Accuracy / Putaway,P_DS004_032,Unconfirmed,Refund
QI00003848,ORD000112420,ITEM0000419562,DS004,SKU0058,Missing Item,264.03,Inventory Accuracy / Putaway,P_DS004_011,Unconfirmed,Replacement
QI00003849,ORD000112443,ITEM0000419650,DS004,SKU0229,Missing Item,471.38,Inventory Accuracy / Putaway,P_DS004_011,Unconfirmed,Replacement
QI00003850,ORD000112450,ITEM0000419676,DS004,SKU0187,Missing Item,289.61,Inventory Accuracy / Putaway,P_DS004_017,Unconfirmed,Refund
QI00003851,ORD000112454,ITEM0000419690,DS004,SKU0254,Missing Item,307.04,Inventory Accuracy / Putaway,P_DS004_033,Unconfirmed,Refund
QI00003852,ORD000112462,ITEM0000419721,DS004,SKU0141,Wrong Item,213.3,Picking,P_DS004_009,Unconfirmed,Refund
QI00003853,ORD000112502,ITEM0000419869,DS004,SKU0166,Missing Item,987.88,Inventory Accuracy / Putaway,P_DS004_015,Unconfirmed,Refund
QI00003854,ORD000112515,ITEM0000419912,DS004,SKU0028,Missing Item,414.17,Inventory Accuracy / Putaway,P_DS004_012,Unconfirmed,Refund
QI00003855,ORD000112569,ITEM0000420104,DS004,SKU0264,Damaged Item,26.89,Putaway / Picking Handling,,Unconfirmed,Refund
QI00003856,ORD000112571,ITEM0000420114,DS004,SKU0141,Missing Item,106.65,Inventory Accuracy / Putaway,P_DS004_021,Unconfirmed,Replacement
QI00003857,ORD000112587,ITEM0000420167,DS004,SKU0231,Missing Item,34.56,Inventory Accuracy / Putaway,P_DS004_030,Unconfirmed,Refund
QI00003858,ORD000112732,ITEM0000420686,DS004,SKU0183,Missing Item,142.0,Inventory Accuracy / Putaway,P_DS004_012,Unconfirmed,Replacement
QI00003859,ORD000112774,ITEM0000420862,DS004,SKU0273,Missing Item,607.72,Inventory Accuracy / Putaway,P_DS004_024,Unconfirmed,Refund
QI00003860,ORD000112788,ITEM0000420918,DS004,SKU0151,Missing Item,103.12,Inventory Accuracy / Putaway,P_DS004_003,Unconfirmed,Refund
QI00003861,ORD000112804,ITEM0000420988,DS004,SKU0296,Missing Item,292.68,Inventory Accuracy / Putaway,P_DS004_018,Unconfirmed,Refund
QI00003862,ORD000112812,ITEM0000421020,DS004,SKU0194,Missing Item,468.88,Inventory Accuracy / Putaway,P_DS004_015,Unconfirmed,Refund
QI00003863,ORD000112851,ITEM0000421166,DS004,SKU0180,Damaged Item,37.34,Putaway / Picking Handling,,Unconfirmed,Refund
QI00003864,ORD000112912,ITEM0000421402,DS004,SKU0061,Wrong Item,378.62,Picking,P_DS004_033,Unconfirmed,Replacement
QI00003865,ORD000112938,ITEM0000421485,DS004,SKU0231,Wrong Item,34.56,Picking,P_DS004_024,Unconfirmed,Refund
QI00003866,ORD000112949,ITEM0000421523,DS004,SKU0064,Missing Item,344.62,Inventory Accuracy / Putaway,P_DS004_018,Unconfirmed,Refund
QI00003867,ORD000112952,ITEM0000421532,DS004,SKU0087,Missing Item,101.5,Inventory Accuracy / Putaway,P_DS004_030,Unconfirmed,Refund
QI00003868,ORD000112954,ITEM0000421543,DS004,SKU0258,Damaged Item,382.73,Putaway / Picking Handling,,Unconfirmed,Refund
QI00003869,ORD000112979,ITEM0000421633,DS004,SKU0247,Damaged Item,93.98,Putaway / Picking Handling,,Unconfirmed,Refund
QI00003870,ORD000113020,ITEM0000421792,DS004,SKU0284,Wrong Item,497.62,Picking,P_DS004_003,Unconfirmed,Refund
QI00003871,ORD000113041,ITEM0000421856,DS004,SKU0074,Damaged Item,467.08,Putaway / Picking Handling,,Unconfirmed,Refund
QI00003872,ORD000113044,ITEM0000421868,DS004,SKU0084,Missing Item,111.02,Inventory Accuracy / Putaway,P_DS004_030,Unconfirmed,Refund
QI00003873,ORD000113052,ITEM0000421898,DS004,SKU0251,Missing Item,532.68,Inventory Accuracy / Putaway,P_DS004_021,Unconfirmed,Refund
QI00003874,ORD000113087,ITEM0000422030,DS004,SKU0232,Wrong Item,274.11,Picking,P_DS004_018,Unconfirmed,Refund
QI00003875,ORD000113092,ITEM0000422048,DS004,SKU0273,Missing Item,303.86,Inventory Accuracy / Putaway,P_DS004_033,Unconfirmed,Refund
QI00003876,ORD000113094,ITEM0000422061,DS004,SKU0091,Missing Item,307.74,Inventory Accuracy / Putaway,P_DS004_033,Unconfirmed,Refund
QI00003877,ORD000113112,ITEM0000422130,DS004,SKU0070,Damaged Item,78.06,Rider Handling / Last Mile,,Unconfirmed,Refund
QI00003878,ORD000113168,ITEM0000422322,DS004,SKU0115,Wrong Item,283.76,Picking,P_DS004_009,Unconfirmed,Refund
QI00003879,ORD000113210,ITEM0000422483,DS004,SKU0209,Damaged Item,102.71,Putaway / Picking Handling,,Unconfirmed,Refund
QI00003880,ORD000113230,ITEM0000422554,DS004,SKU0072,Wrong Item,75.88,Shelf Placement / Picking Verification,P_DS004_021,Unconfirmed,Refund
QI00003881,ORD000113303,ITEM0000422831,DS004,SKU0207,Damaged Item,349.78,Putaway / Picking Handling,,Unconfirmed,Replacement
QI00003882,ORD000113317,ITEM0000422879,DS004,SKU0004,Missing Item,240.08,Inventory Accuracy / Putaway,P_DS004_015,Unconfirmed,Refund
QI00003883,ORD000113424,ITEM0000423295,DS004,SKU0044,Missing Item,196.42,Inventory Accuracy / Putaway,P_DS004_030,Unconfirmed,Replacement
QI00003884,ORD000113434,ITEM0000423328,DS004,SKU0024,Damaged Item,370.06,Putaway / Picking Handling,,Unconfirmed,Refund
QI00003885,ORD000113439,ITEM0000423348,DS004,SKU0104,Missing Item,362.9,Inventory Accuracy / Putaway,P_DS004_018,Unconfirmed,Replacement
QI00003886,ORD000113448,ITEM0000423382,DS004,SKU0274,Missing Item,764.52,Inventory Accuracy / Putaway,P_DS004_033,Unconfirmed,Replacement
QI00003887,ORD000113453,ITEM0000423402,DS004,SKU0131,Missing Item,765.96,Inventory Accuracy / Putaway,P_DS004_012,Unconfirmed,Refund
QI00003888,ORD000113460,ITEM0000423438,DS004,SKU0198,Wrong Item,353.83,Shelf Placement / Picking Verification,P_DS004_024,Unconfirmed,Replacement
QI00003889,ORD000113527,ITEM0000423667,DS004,SKU0205,Missing Item,336.62,Inventory Accuracy / Putaway,P_DS004_015,Unconfirmed,Replacement
QI00003890,ORD000113543,ITEM0000423727,DS004,SKU0022,Missing Item,446.03,Inventory Accuracy / Putaway,P_DS004_021,Unconfirmed,Replacement
QI00003891,ORD000113610,ITEM0000423998,DS004,SKU0291,Missing Item,294.78,Inventory Accuracy / Putaway,P_DS004_030,Unconfirmed,Refund
QI00003892,ORD000113625,ITEM0000424048,DS004,SKU0113,Wrong Item,64.72,Picking,P_DS004_012,Unconfirmed,Refund
QI00003893,ORD000113650,ITEM0000424149,DS004,SKU0193,Missing Item,323.59,Inventory Accuracy / Putaway,P_DS004_030,Unconfirmed,Refund
QI00003894,ORD000113667,ITEM0000424216,DS004,SKU0195,Missing Item,613.68,Inventory Accuracy / Putaway,P_DS004_015,Unconfirmed,Replacement
QI00003895,ORD000113722,ITEM0000424409,DS004,SKU0287,Wrong Item,193.29,Picking,P_DS004_015,Unconfirmed,Replacement
QI00003896,ORD000113749,ITEM0000424508,DS004,SKU0131,Missing Item,510.64,Inventory Accuracy / Putaway,P_DS004_021,Unconfirmed,Refund
QI00003897,ORD000113792,ITEM0000424661,DS004,SKU0191,Wrong Item,659.63,Picking,P_DS004_030,Unconfirmed,Refund
QI00003898,ORD000113806,ITEM0000424712,DS004,SKU0294,Missing Item,109.46,Inventory Accuracy / Putaway,P_DS004_009,Unconfirmed,Refund
QI00003899,ORD000113807,ITEM0000424715,DS004,SKU0128,Damaged Item,78.55,Putaway / Picking Handling,,Unconfirmed,Refund
QI00003900,ORD000113808,ITEM0000424723,DS004,SKU0080,Missing Item,77.19,Inventory Accuracy / Putaway,P_DS004_024,Unconfirmed,Refund
QI00003901,ORD000113809,ITEM0000424726,DS004,SKU0093,Missing Item,344.3,Inventory Accuracy / Putaway,P_DS004_030,Unconfirmed,Replacement
QI00003902,ORD000113865,ITEM0000424922,DS004,SKU0072,Missing Item,75.88,Inventory Accuracy / Putaway,P_DS004_021,Unconfirmed,Refund
QI00003903,ORD000113973,ITEM0000425310,DS004,SKU0178,Missing Item,250.18,Inventory Accuracy / Putaway,P_DS004_010,Unconfirmed,Refund
QI00003904,ORD000113978,ITEM0000425329,DS004,SKU0057,Missing Item,229.0,Inventory Accuracy / Putaway,P_DS004_010,Unconfirmed,Refund
QI00003905,ORD000114004,ITEM0000425425,DS004,SKU0119,Damaged Item,182.02,Putaway / Picking Handling,,Unconfirmed,Refund
QI00003906,ORD000114053,ITEM0000425609,DS004,SKU0282,Missing Item,482.72,Inventory Accuracy / Putaway,P_DS004_004,Unconfirmed,Refund
QI00003907,ORD000114078,ITEM0000425693,DS004,SKU0058,Missing Item,264.03,Inventory Accuracy / Putaway,P_DS004_016,Unconfirmed,Refund
QI00003908,ORD000114094,ITEM0000425754,DS004,SKU0044,Missing Item,196.42,Inventory Accuracy / Putaway,P_DS004_005,Unconfirmed,Replacement
QI00003909,ORD000114101,ITEM0000425784,DS004,SKU0294,Missing Item,109.46,Inventory Accuracy / Putaway,P_DS004_025,Unconfirmed,Refund
QI00003910,ORD000114102,ITEM0000425792,DS004,SKU0203,Damaged Item,130.42,Putaway / Picking Handling,,Unconfirmed,Refund
QI00003911,ORD000114112,ITEM0000425829,DS004,SKU0131,Missing Item,510.64,Inventory Accuracy / Putaway,P_DS004_010,Unconfirmed,Refund
QI00003912,ORD000114165,ITEM0000426028,DS004,SKU0152,Damaged Item,606.41,Putaway / Picking Handling,,Unconfirmed,Replacement
QI00003913,ORD000114253,ITEM0000426337,DS004,SKU0254,Missing Item,614.08,Inventory Accuracy / Putaway,P_DS004_020,Unconfirmed,Refund
QI00003914,ORD000114261,ITEM0000426375,DS004,SKU0003,Missing Item,399.91,Inventory Accuracy / Putaway,P_DS004_023,Unconfirmed,Refund
QI00003915,ORD000114296,ITEM0000426509,DS004,SKU0192,Missing Item,109.53,Inventory Accuracy / Putaway,P_DS004_002,Unconfirmed,Refund
QI00003916,ORD000114332,ITEM0000426634,DS004,SKU0271,Missing Item,197.96,Inventory Accuracy / Putaway,P_DS004_032,Unconfirmed,Refund
QI00003917,ORD000114334,ITEM0000426641,DS004,SKU0085,Missing Item,938.8,Inventory Accuracy / Putaway,P_DS004_011,Unconfirmed,Replacement
QI00003918,ORD000114338,ITEM0000426659,DS004,SKU0013,Missing Item,573.06,Inventory Accuracy / Putaway,P_DS004_032,Unconfirmed,Replacement
QI00003919,ORD000114384,ITEM0000426832,DS004,SKU0114,Missing Item,116.74,Inventory Accuracy / Putaway,P_DS004_002,Unconfirmed,Refund
QI00003920,ORD000114406,ITEM0000426918,DS004,SKU0176,Damaged Item,413.3,Putaway / Picking Handling,,Unconfirmed,Refund
QI00003921,ORD000114408,ITEM0000426929,DS004,SKU0062,Damaged Item,668.4,Putaway / Picking Handling,,Unconfirmed,Refund
QI00003922,ORD000114417,ITEM0000426958,DS004,SKU0022,Missing Item,892.06,Inventory Accuracy / Putaway,P_DS004_017,Unconfirmed,Replacement
QI00003923,ORD000114468,ITEM0000427150,DS004,SKU0208,Damaged Item,81.82,Putaway / Picking Handling,,Unconfirmed,Refund
QI00003924,ORD000114471,ITEM0000427162,DS004,SKU0102,Missing Item,214.02,Inventory Accuracy / Putaway,P_DS004_002,Unconfirmed,Refund
QI00003925,ORD000114499,ITEM0000427263,DS004,SKU0277,Missing Item,372.81,Inventory Accuracy / Putaway,P_DS004_017,Unconfirmed,Replacement
QI00003926,ORD000114512,ITEM0000427319,DS004,SKU0131,Missing Item,255.32,Inventory Accuracy / Putaway,P_DS004_020,Unconfirmed,Refund
QI00003927,ORD000114528,ITEM0000427386,DS004,SKU0074,Missing Item,233.54,Inventory Accuracy / Putaway,P_DS004_026,Unconfirmed,Refund
QI00003928,ORD000114534,ITEM0000427400,DS004,SKU0064,Missing Item,689.24,Inventory Accuracy / Putaway,P_DS004_011,Unconfirmed,Replacement
QI00003929,ORD000114557,ITEM0000427490,DS004,SKU0062,Damaged Item,334.2,Putaway / Picking Handling,,Unconfirmed,Refund
QI00003930,ORD000114589,ITEM0000427613,DS004,SKU0087,Missing Item,304.5,Inventory Accuracy / Putaway,P_DS004_026,Unconfirmed,Refund
QI00003931,ORD000114612,ITEM0000427691,DS004,SKU0013,Missing Item,286.53,Inventory Accuracy / Putaway,P_DS004_005,Unconfirmed,Refund
QI00003932,ORD000114621,ITEM0000427730,DS004,SKU0002,Missing Item,261.16,Inventory Accuracy / Putaway,P_DS004_011,Unconfirmed,Refund
QI00003933,ORD000114629,ITEM0000427761,DS004,SKU0279,Missing Item,109.67,Inventory Accuracy / Putaway,P_DS004_026,Unconfirmed,Refund
QI00003934,ORD000114638,ITEM0000427792,DS004,SKU0225,Missing Item,138.75,Inventory Accuracy / Putaway,P_DS004_029,Unconfirmed,Refund
QI00003935,ORD000114642,ITEM0000427808,DS004,SKU0297,Missing Item,52.4,Inventory Accuracy / Putaway,P_DS004_029,Unconfirmed,Refund
QI00003936,ORD000114679,ITEM0000427944,DS004,SKU0158,Missing Item,145.24,Inventory Accuracy / Putaway,P_DS004_020,Unconfirmed,Refund
QI00003937,ORD000114683,ITEM0000427959,DS004,SKU0148,Missing Item,694.64,Inventory Accuracy / Putaway,P_DS004_026,Unconfirmed,Refund
QI00003938,ORD000114702,ITEM0000428030,DS004,SKU0084,Wrong Item,111.02,Shelf Placement / Picking Verification,P_DS004_005,Unconfirmed,Refund
QI00003939,ORD000114715,ITEM0000428087,DS004,SKU0073,Damaged Item,152.37,Putaway / Picking Handling,,Unconfirmed,Replacement
QI00003940,ORD000114806,ITEM0000428441,DS004,SKU0187,Missing Item,579.22,Inventory Accuracy / Putaway,P_DS004_026,Unconfirmed,Replacement
QI00003941,ORD000114816,ITEM0000428476,DS004,SKU0247,Missing Item,93.98,Inventory Accuracy / Putaway,P_DS004_017,Unconfirmed,Refund
QI00003942,ORD000114839,ITEM0000428553,DS004,SKU0018,Damaged Item,292.04,Putaway / Picking Handling,,Unconfirmed,Refund
QI00003943,ORD000114848,ITEM0000428572,DS004,SKU0050,Missing Item,513.08,Inventory Accuracy / Putaway,P_DS004_020,Unconfirmed,Replacement
QI00003944,ORD000114886,ITEM0000428711,DS004,SKU0141,Wrong Item,213.3,Picking,P_DS004_032,Unconfirmed,Refund
QI00003945,ORD000114908,ITEM0000428783,DS004,SKU0263,Missing Item,234.1,Inventory Accuracy / Putaway,P_DS004_026,Unconfirmed,Replacement
QI00003946,ORD000114913,ITEM0000428805,DS004,SKU0093,Missing Item,172.15,Inventory Accuracy / Putaway,P_DS004_011,Unconfirmed,Refund
QI00003947,ORD000114960,ITEM0000428966,DS004,SKU0076,Missing Item,267.05,Inventory Accuracy / Putaway,P_DS004_029,Unconfirmed,Refund
QI00003948,ORD000114967,ITEM0000428986,DS004,SKU0026,Missing Item,264.54,Inventory Accuracy / Putaway,P_DS004_011,Unconfirmed,Refund
QI00003949,ORD000115101,ITEM0000429488,DS004,SKU0152,Wrong Item,606.41,Picking,P_DS004_032,Unconfirmed,Replacement
QI00003950,ORD000115155,ITEM0000429664,DS004,SKU0195,Missing Item,613.68,Inventory Accuracy / Putaway,P_DS004_029,Unconfirmed,Refund
QI00003951,ORD000115192,ITEM0000429804,DS004,SKU0177,Missing Item,175.72,Inventory Accuracy / Putaway,P_DS004_002,Unconfirmed,Replacement
QI00003952,ORD000115194,ITEM0000429815,DS004,SKU0245,Missing Item,561.74,Inventory Accuracy / Putaway,P_DS004_011,Unconfirmed,Refund
QI00003953,ORD000115207,ITEM0000429859,DS004,SKU0151,Missing Item,103.12,Inventory Accuracy / Putaway,P_DS004_017,Unconfirmed,Refund
QI00003954,ORD000115220,ITEM0000429911,DS004,SKU0129,Damaged Item,21.75,Putaway / Picking Handling,,Unconfirmed,Replacement
QI00003955,ORD000115222,ITEM0000429916,DS004,SKU0094,Wrong Item,275.16,Shelf Placement / Picking Verification,P_DS004_002,Unconfirmed,Replacement
QI00003956,ORD000115253,ITEM0000430010,DS004,SKU0114,Missing Item,116.74,Inventory Accuracy / Putaway,P_DS004_032,Unconfirmed,Refund
QI00003957,ORD000115278,ITEM0000430107,DS004,SKU0018,Missing Item,584.08,Inventory Accuracy / Putaway,P_DS004_020,Unconfirmed,Refund
QI00003958,ORD000115286,ITEM0000430138,DS004,SKU0111,Damaged Item,431.16,Putaway / Picking Handling,,Unconfirmed,Refund
QI00003959,ORD000115345,ITEM0000430353,DS004,SKU0197,Wrong Item,521.16,Picking,P_DS004_011,Unconfirmed,Refund
QI00003960,ORD000115401,ITEM0000430556,DS004,SKU0081,Damaged Item,87.92,Putaway / Picking Handling,,Unconfirmed,Refund
QI00003961,ORD000115408,ITEM0000430578,DS004,SKU0018,Missing Item,292.04,Inventory Accuracy / Putaway,P_DS004_012,Unconfirmed,Refund
QI00003962,ORD000115459,ITEM0000430760,DS004,SKU0202,Wrong Item,388.42,Picking,P_DS004_003,Unconfirmed,Refund
QI00003963,ORD000115465,ITEM0000430777,DS004,SKU0023,Missing Item,166.93,Inventory Accuracy / Putaway,P_DS004_009,Unconfirmed,Refund
QI00003964,ORD000115500,ITEM0000430909,DS004,SKU0034,Missing Item,251.6,Inventory Accuracy / Putaway,P_DS004_015,Unconfirmed,Refund
QI00003965,ORD000115514,ITEM0000430962,DS004,SKU0060,Damaged Item,245.87,Putaway / Picking Handling,,Unconfirmed,Refund
QI00003966,ORD000115543,ITEM0000431077,DS004,SKU0240,Missing Item,71.04,Inventory Accuracy / Putaway,P_DS004_003,Unconfirmed,Replacement
QI00003967,ORD000115565,ITEM0000431145,DS004,SKU0081,Damaged Item,87.92,Putaway / Picking Handling,,Unconfirmed,Refund
QI00003968,ORD000115579,ITEM0000431193,DS004,SKU0015,Missing Item,159.48,Inventory Accuracy / Putaway,P_DS004_027,Unconfirmed,Refund
QI00003969,ORD000115649,ITEM0000431467,DS004,SKU0141,Missing Item,213.3,Inventory Accuracy / Putaway,P_DS004_027,Unconfirmed,Refund
QI00003970,ORD000115719,ITEM0000431747,DS004,SKU0290,Damaged Item,416.48,Putaway / Picking Handling,,Unconfirmed,Refund
QI00003971,ORD000115759,ITEM0000431904,DS004,SKU0080,Missing Item,77.19,Inventory Accuracy / Putaway,P_DS004_027,Unconfirmed,Refund
QI00003972,ORD000115810,ITEM0000432093,DS004,SKU0221,Missing Item,278.54,Inventory Accuracy / Putaway,P_DS004_003,Unconfirmed,Replacement
QI00003973,ORD000115827,ITEM0000432153,DS004,SKU0063,Missing Item,189.87,Inventory Accuracy / Putaway,P_DS004_009,Unconfirmed,Replacement
QI00003974,ORD000115921,ITEM0000432526,DS004,SKU0298,Damaged Item,79.22,Putaway / Picking Handling,,Unconfirmed,Refund
QI00003975,ORD000115988,ITEM0000432776,DS004,SKU0053,Missing Item,343.54,Inventory Accuracy / Putaway,P_DS004_006,Unconfirmed,Replacement
QI00003976,ORD000116040,ITEM0000432980,DS004,SKU0226,Missing Item,45.28,Inventory Accuracy / Putaway,P_DS004_012,Unconfirmed,Refund
QI00003977,ORD000116042,ITEM0000432993,DS004,SKU0051,Damaged Item,25.15,Putaway / Picking Handling,,Unconfirmed,Replacement
QI00003978,ORD000116058,ITEM0000433057,DS004,SKU0187,Damaged Item,289.61,Putaway / Picking Handling,,Unconfirmed,Refund
QI00003979,ORD000116067,ITEM0000433086,DS004,SKU0290,Missing Item,832.96,Inventory Accuracy / Putaway,P_DS004_024,Unconfirmed,Replacement
QI00003980,ORD000116201,ITEM0000433620,DS004,SKU0250,Missing Item,195.28,Inventory Accuracy / Putaway,P_DS004_006,Unconfirmed,Refund
QI00003981,ORD000116224,ITEM0000433713,DS004,SKU0060,Missing Item,245.87,Inventory Accuracy / Putaway,P_DS004_012,Unconfirmed,Refund
QI00003982,ORD000116262,ITEM0000433853,DS004,SKU0209,Damaged Item,205.42,Putaway / Picking Handling,,Unconfirmed,Refund
QI00003983,ORD000116266,ITEM0000433870,DS004,SKU0179,Wrong Item,490.62,Shelf Placement / Picking Verification,P_DS004_012,Unconfirmed,Refund
QI00003984,ORD000116279,ITEM0000433917,DS004,SKU0043,Missing Item,442.44,Inventory Accuracy / Putaway,P_DS004_021,Unconfirmed,Refund
QI00003985,ORD000116290,ITEM0000433957,DS004,SKU0269,Wrong Item,798.48,Picking,P_DS004_030,Unconfirmed,Refund
QI00003986,ORD000116408,ITEM0000434396,DS004,SKU0297,Missing Item,52.4,Inventory Accuracy / Putaway,P_DS004_009,Unconfirmed,Refund
QI00003987,ORD000116410,ITEM0000434408,DS004,SKU0209,Damaged Item,102.71,Putaway / Picking Handling,,Unconfirmed,Refund
QI00003988,ORD000116466,ITEM0000434621,DS004,SKU0060,Missing Item,245.87,Inventory Accuracy / Putaway,P_DS004_030,Unconfirmed,Refund
QI00003989,ORD000116486,ITEM0000434692,DS004,SKU0240,Missing Item,142.08,Inventory Accuracy / Putaway,P_DS004_018,Unconfirmed,Replacement
QI00003990,ORD000116513,ITEM0000434787,DS004,SKU0257,Damaged Item,288.34,Putaway / Picking Handling,,Unconfirmed,Refund
QI00003991,ORD000116525,ITEM0000434823,DS004,SKU0194,Missing Item,468.88,Inventory Accuracy / Putaway,P_DS004_024,Unconfirmed,Replacement
QI00003992,ORD000116539,ITEM0000434889,DS004,SKU0160,Missing Item,215.8,Inventory Accuracy / Putaway,P_DS004_012,Unconfirmed,Refund
QI00003993,ORD000116593,ITEM0000435102,DS004,SKU0172,Damaged Item,602.72,Putaway / Picking Handling,,Unconfirmed,Refund
QI00003994,ORD000116612,ITEM0000435176,DS004,SKU0022,Damaged Item,446.03,Putaway / Picking Handling,,Unconfirmed,Refund
QI00003995,ORD000116629,ITEM0000435235,DS004,SKU0241,Wrong Item,463.33,Picking,P_DS004_004,Unconfirmed,Replacement
QI00003996,ORD000116673,ITEM0000435405,DS004,SKU0160,Wrong Item,431.6,Shelf Placement / Picking Verification,P_DS004_013,Unconfirmed,Replacement
QI00003997,ORD000116673,ITEM0000435406,DS004,SKU0022,Missing Item,446.03,Inventory Accuracy / Putaway,P_DS004_013,Unconfirmed,Refund
QI00003998,ORD000116685,ITEM0000435455,DS004,SKU0174,Wrong Item,225.38,Picking,P_DS004_004,Unconfirmed,Refund
QI00003999,ORD000116704,ITEM0000435539,DS004,SKU0158,Damaged Item,290.48,Putaway / Picking Handling,,Unconfirmed,Refund
QI00004000,ORD000116710,ITEM0000435564,DS004,SKU0063,Missing Item,189.87,Inventory Accuracy / Putaway,P_DS004_004,Unconfirmed,Refund
QI00004001,ORD000116739,ITEM0000435656,DS004,SKU0188,Wrong Item,186.54,Picking,P_DS004_016,Unconfirmed,Refund
QI00004002,ORD000116750,ITEM0000435694,DS004,SKU0028,Missing Item,414.17,Inventory Accuracy / Putaway,P_DS004_007,Unconfirmed,Refund
QI00004003,ORD000116769,ITEM0000435760,DS004,SKU0216,Damaged Item,225.65,Putaway / Picking Handling,,Unconfirmed,Replacement
QI00004004,ORD000116794,ITEM0000435847,DS004,SKU0013,Missing Item,286.53,Inventory Accuracy / Putaway,P_DS004_019,Unconfirmed,Refund
QI00004005,ORD000116824,ITEM0000435955,DS004,SKU0026,Damaged Item,132.27,Putaway / Picking Handling,,Unconfirmed,Refund
QI00004006,ORD000116866,ITEM0000436101,DS004,SKU0034,Missing Item,251.6,Inventory Accuracy / Putaway,P_DS004_035,Unconfirmed,Refund
QI00004007,ORD000116892,ITEM0000436195,DS004,SKU0025,Wrong Item,541.32,Shelf Placement / Picking Verification,P_DS004_026,Unconfirmed,Refund
QI00004008,ORD000116896,ITEM0000436212,DS004,SKU0127,Wrong Item,229.21,Shelf Placement / Picking Verification,P_DS004_035,Unconfirmed,Refund
QI00004009,ORD000116898,ITEM0000436225,DS004,SKU0148,Missing Item,347.32,Inventory Accuracy / Putaway,P_DS004_011,Unconfirmed,Replacement
QI00004010,ORD000116923,ITEM0000436317,DS004,SKU0198,Damaged Item,707.66,Putaway / Picking Handling,,Unconfirmed,Refund
QI00004011,ORD000116939,ITEM0000436380,DS004,SKU0193,Damaged Item,323.59,Putaway / Picking Handling,,Unconfirmed,Refund
QI00004012,ORD000116944,ITEM0000436401,DS004,SKU0165,Missing Item,276.15,Inventory Accuracy / Putaway,P_DS004_011,Unconfirmed,Refund
QI00004013,ORD000116952,ITEM0000436440,DS004,SKU0130,Missing Item,88.96,Inventory Accuracy / Putaway,P_DS004_023,Unconfirmed,Refund
QI00004014,ORD000117001,ITEM0000436631,DS004,SKU0181,Damaged Item,412.97,Putaway / Picking Handling,,Unconfirmed,Refund
QI00004015,ORD000117003,ITEM0000436642,DS004,SKU0081,Missing Item,43.96,Inventory Accuracy / Putaway,P_DS004_017,Unconfirmed,Replacement
QI00004016,ORD000117015,ITEM0000436679,DS004,SKU0254,Missing Item,307.04,Inventory Accuracy / Putaway,P_DS004_011,Unconfirmed,Replacement
QI00004017,ORD000117042,ITEM0000436786,DS004,SKU0160,Missing Item,431.6,Inventory Accuracy / Putaway,P_DS004_014,Unconfirmed,Refund
QI00004018,ORD000117042,ITEM0000436789,DS004,SKU0226,Wrong Item,45.28,Picking,P_DS004_014,Unconfirmed,Refund
QI00004019,ORD000117050,ITEM0000436824,DS004,SKU0277,Missing Item,745.62,Inventory Accuracy / Putaway,P_DS004_017,Unconfirmed,Refund
QI00004020,ORD000117094,ITEM0000436991,DS004,SKU0102,Damaged Item,107.01,Putaway / Picking Handling,,Unconfirmed,Replacement
QI00004021,ORD000117129,ITEM0000437109,DS004,SKU0180,Missing Item,37.34,Inventory Accuracy / Putaway,P_DS004_020,Unconfirmed,Refund
QI00004022,ORD000117135,ITEM0000437128,DS004,SKU0238,Missing Item,30.81,Inventory Accuracy / Putaway,P_DS004_002,Unconfirmed,Replacement
QI00004023,ORD000117143,ITEM0000437166,DS004,SKU0243,Missing Item,191.05,Inventory Accuracy / Putaway,P_DS004_023,Unconfirmed,Refund
QI00004024,ORD000117151,ITEM0000437193,DS004,SKU0113,Missing Item,64.72,Inventory Accuracy / Putaway,P_DS004_011,Unconfirmed,Refund
QI00004025,ORD000117164,ITEM0000437228,DS004,SKU0222,Missing Item,117.02,Inventory Accuracy / Putaway,P_DS004_032,Unconfirmed,Refund
QI00004026,ORD000117183,ITEM0000437297,DS004,SKU0169,Missing Item,128.02,Inventory Accuracy / Putaway,P_DS004_035,Unconfirmed,Refund
QI00004027,ORD000117206,ITEM0000437386,DS004,SKU0052,Wrong Item,172.63,Picking,P_DS004_023,Unconfirmed,Replacement
QI00004028,ORD000117238,ITEM0000437510,DS004,SKU0291,Missing Item,294.78,Inventory Accuracy / Putaway,P_DS004_032,Unconfirmed,Refund
QI00004029,ORD000117244,ITEM0000437532,DS004,SKU0084,Damaged Item,222.04,Putaway / Picking Handling,,Unconfirmed,Refund
QI00004030,ORD000117275,ITEM0000437647,DS004,SKU0158,Missing Item,145.24,Inventory Accuracy / Putaway,P_DS004_032,Unconfirmed,Refund
QI00004031,ORD000117308,ITEM0000437753,DS004,SKU0188,Damaged Item,93.27,Putaway / Picking Handling,,Unconfirmed,Refund
QI00004032,ORD000117318,ITEM0000437782,DS004,SKU0141,Missing Item,106.65,Inventory Accuracy / Putaway,P_DS004_011,Unconfirmed,Refund
QI00004033,ORD000117351,ITEM0000437918,DS004,SKU0002,Missing Item,130.58,Inventory Accuracy / Putaway,P_DS004_032,Unconfirmed,Refund
QI00004034,ORD000117420,ITEM0000438179,DS004,SKU0267,Wrong Item,400.53,Picking,P_DS004_002,Unconfirmed,Refund
QI00004035,ORD000117427,ITEM0000438208,DS004,SKU0279,Damaged Item,219.34,Putaway / Picking Handling,,Unconfirmed,Refund
QI00004036,ORD000117437,ITEM0000438249,DS004,SKU0261,Missing Item,312.68,Inventory Accuracy / Putaway,P_DS004_032,Unconfirmed,Refund
QI00004037,ORD000117477,ITEM0000438388,DS004,SKU0023,Damaged Item,166.93,Putaway / Picking Handling,,Unconfirmed,Replacement
QI00004038,ORD000117504,ITEM0000438492,DS004,SKU0153,Missing Item,269.88,Inventory Accuracy / Putaway,P_DS004_035,Unconfirmed,Refund
QI00004039,ORD000117506,ITEM0000438502,DS004,SKU0264,Damaged Item,53.78,Putaway / Picking Handling,,Unconfirmed,Replacement
QI00004040,ORD000117510,ITEM0000438517,DS004,SKU0269,Damaged Item,798.48,Putaway / Picking Handling,,Unconfirmed,Refund
QI00004041,ORD000117538,ITEM0000438620,DS004,SKU0114,Missing Item,350.22,Inventory Accuracy / Putaway,P_DS004_017,Unconfirmed,Replacement
QI00004042,ORD000117569,ITEM0000438710,DS004,SKU0131,Wrong Item,255.32,Picking,P_DS004_014,Unconfirmed,Refund
QI00004043,ORD000117587,ITEM0000438783,DS004,SKU0045,Missing Item,364.24,Inventory Accuracy / Putaway,P_DS004_032,Unconfirmed,Refund
QI00004044,ORD000117595,ITEM0000438811,DS004,SKU0295,Missing Item,456.46,Inventory Accuracy / Putaway,P_DS004_035,Unconfirmed,Refund
QI00004045,ORD000117628,ITEM0000438932,DS004,SKU0298,Damaged Item,237.66,Putaway / Picking Handling,,Unconfirmed,Refund
QI00004046,ORD000117634,ITEM0000438960,DS004,SKU0034,Damaged Item,251.6,Putaway / Picking Handling,,Unconfirmed,Refund
QI00004047,ORD000117728,ITEM0000439324,DS004,SKU0011,Damaged Item,85.7,Putaway / Picking Handling,,Unconfirmed,Refund
QI00004048,ORD000117746,ITEM0000439385,DS004,SKU0013,Wrong Item,286.53,Shelf Placement / Picking Verification,P_DS004_032,Unconfirmed,Refund
QI00004049,ORD000117756,ITEM0000439421,DS004,SKU0084,Damaged Item,222.04,Putaway / Picking Handling,,Unconfirmed,Refund
QI00004050,ORD000117758,ITEM0000439429,DS004,SKU0113,Damaged Item,64.72,Putaway / Picking Handling,,Unconfirmed,Refund
QI00004051,ORD000117789,ITEM0000439563,DS004,SKU0127,Wrong Item,229.21,Shelf Placement / Picking Verification,P_DS004_027,Unconfirmed,Replacement
QI00004052,ORD000117799,ITEM0000439599,DS004,SKU0087,Wrong Item,101.5,Picking,P_DS004_009,Unconfirmed,Replacement
QI00004053,ORD000117800,ITEM0000439601,DS004,SKU0047,Missing Item,1740.93,Inventory Accuracy / Putaway,P_DS004_003,Unconfirmed,Refund
QI00004054,ORD000117833,ITEM0000439712,DS004,SKU0295,Damaged Item,456.46,Putaway / Picking Handling,,Unconfirmed,Refund
QI00004055,ORD000117864,ITEM0000439816,DS004,SKU0195,Missing Item,1227.36,Inventory Accuracy / Putaway,P_DS004_021,Unconfirmed,Refund
QI00004056,ORD000117874,ITEM0000439860,DS004,SKU0144,Damaged Item,164.54,Putaway / Picking Handling,,Unconfirmed,Refund
QI00004057,ORD000117900,ITEM0000439954,DS004,SKU0183,Damaged Item,284.0,Putaway / Picking Handling,,Unconfirmed,Replacement
QI00004058,ORD000117903,ITEM0000439964,DS004,SKU0025,Wrong Item,270.66,Shelf Placement / Picking Verification,P_DS004_021,Unconfirmed,Replacement
QI00004059,ORD000117928,ITEM0000440059,DS004,SKU0250,Damaged Item,390.56,Putaway / Picking Handling,,Unconfirmed,Replacement
QI00004060,ORD000117932,ITEM0000440075,DS004,SKU0122,Missing Item,520.1,Inventory Accuracy / Putaway,P_DS004_027,Unconfirmed,Replacement
QI00004061,ORD000117942,ITEM0000440129,DS004,SKU0199,Damaged Item,138.52,Rider Handling / Last Mile,,Unconfirmed,Refund
QI00004062,ORD000117945,ITEM0000440133,DS004,SKU0175,Missing Item,137.34,Inventory Accuracy / Putaway,P_DS004_009,Unconfirmed,Refund
QI00004063,ORD000117945,ITEM0000440134,DS004,SKU0273,Wrong Item,607.72,Picking,P_DS004_009,Unconfirmed,Refund
QI00004064,ORD000117957,ITEM0000440176,DS004,SKU0269,Damaged Item,399.24,Rider Handling / Last Mile,,Unconfirmed,Refund
QI00004065,ORD000117997,ITEM0000440333,DS004,SKU0062,Missing Item,334.2,Inventory Accuracy / Putaway,P_DS004_009,Unconfirmed,Refund
QI00004066,ORD000118012,ITEM0000440383,DS004,SKU0133,Damaged Item,1329.58,Putaway / Picking Handling,,Unconfirmed,Refund
QI00004067,ORD000118045,ITEM0000440501,DS004,SKU0076,Wrong Item,267.05,Picking,P_DS004_009,Unconfirmed,Refund
QI00004068,ORD000118061,ITEM0000440556,DS004,SKU0231,Damaged Item,34.56,Putaway / Picking Handling,,Unconfirmed,Replacement
QI00004069,ORD000118061,ITEM0000440557,DS004,SKU0195,Damaged Item,613.68,Putaway / Picking Handling,,Unconfirmed,Replacement
QI00004070,ORD000118062,ITEM0000440562,DS004,SKU0101,Missing Item,520.22,Inventory Accuracy / Putaway,P_DS004_006,Unconfirmed,Replacement
QI00004071,ORD000118094,ITEM0000440684,DS004,SKU0045,Missing Item,182.12,Inventory Accuracy / Putaway,P_DS004_024,Unconfirmed,Replacement
QI00004072,ORD000118096,ITEM0000440688,DS004,SKU0191,Wrong Item,659.63,Picking,P_DS004_033,Unconfirmed,Refund
QI00004073,ORD000118113,ITEM0000440766,DS004,SKU0166,Wrong Item,493.94,Shelf Placement / Picking Verification,P_DS004_030,Unconfirmed,Refund
QI00004074,ORD000118114,ITEM0000440774,DS004,SKU0166,Damaged Item,493.94,Putaway / Picking Handling,,Unconfirmed,Replacement
QI00004075,ORD000118121,ITEM0000440798,DS004,SKU0081,Damaged Item,43.96,Putaway / Picking Handling,,Unconfirmed,Replacement
QI00004076,ORD000118123,ITEM0000440808,DS004,SKU0082,Damaged Item,868.56,Putaway / Picking Handling,,Unconfirmed,Replacement
QI00004077,ORD000118142,ITEM0000440875,DS004,SKU0007,Wrong Item,166.16,Picking,P_DS004_027,Unconfirmed,Refund
QI00004078,ORD000118189,ITEM0000441035,DS004,SKU0300,Damaged Item,551.25,Putaway / Picking Handling,,Unconfirmed,Refund
QI00004079,ORD000118196,ITEM0000441055,DS004,SKU0183,Damaged Item,142.0,Putaway / Picking Handling,,Unconfirmed,Refund
QI00004080,ORD000118319,ITEM0000441479,DS004,SKU0074,Wrong Item,233.54,Picking,P_DS004_006,Unconfirmed,Replacement
QI00004081,ORD000118327,ITEM0000441511,DS004,SKU0166,Missing Item,493.94,Inventory Accuracy / Putaway,P_DS004_018,Unconfirmed,Replacement
QI00004082,ORD000118338,ITEM0000441544,DS004,SKU0295,Wrong Item,228.23,Picking,P_DS004_003,Unconfirmed,Refund
QI00004083,ORD000118358,ITEM0000441619,DS004,SKU0057,Wrong Item,458.0,Picking,P_DS004_006,Unconfirmed,Refund
QI00004084,ORD000118368,ITEM0000441660,DS004,SKU0266,Wrong Item,218.79,Shelf Placement / Picking Verification,P_DS004_009,Unconfirmed,Refund
QI00004085,ORD000118387,ITEM0000441739,DS004,SKU0015,Damaged Item,318.96,Putaway / Picking Handling,,Unconfirmed,Refund
QI00004086,ORD000118489,ITEM0000442105,DS004,SKU0121,Missing Item,422.82,Inventory Accuracy / Putaway,P_DS004_027,Unconfirmed,Refund
QI00004087,ORD000118548,ITEM0000442337,DS004,SKU0051,Missing Item,75.45,Inventory Accuracy / Putaway,P_DS004_027,Unconfirmed,Replacement
QI00004088,ORD000118580,ITEM0000442467,DS004,SKU0063,Missing Item,189.87,Inventory Accuracy / Putaway,P_DS004_024,Unconfirmed,Refund
QI00004089,ORD000118587,ITEM0000442493,DS004,SKU0221,Missing Item,557.08,Inventory Accuracy / Putaway,P_DS004_003,Unconfirmed,Refund
QI00004090,ORD000118598,ITEM0000442536,DS004,SKU0194,Damaged Item,234.44,Putaway / Picking Handling,,Unconfirmed,Replacement
QI00004091,ORD000118614,ITEM0000442603,DS004,SKU0160,Missing Item,215.8,Inventory Accuracy / Putaway,P_DS004_033,Unconfirmed,Refund
QI00004092,ORD000118647,ITEM0000442725,DS004,SKU0119,Damaged Item,364.04,Putaway / Picking Handling,,Unconfirmed,Refund
QI00004093,ORD000118654,ITEM0000442748,DS004,SKU0160,Wrong Item,215.8,Shelf Placement / Picking Verification,P_DS004_009,Unconfirmed,Replacement
QI00004094,ORD000118661,ITEM0000442770,DS004,SKU0076,Wrong Item,534.1,Picking,P_DS004_006,Unconfirmed,Replacement
QI00004095,ORD000118778,ITEM0000443226,DS004,SKU0051,Wrong Item,25.15,Picking,P_DS004_024,Unconfirmed,Refund
QI00004096,ORD000118824,ITEM0000443376,DS004,SKU0149,Missing Item,91.54,Inventory Accuracy / Putaway,P_DS004_003,Unconfirmed,Refund
QI00004097,ORD000118857,ITEM0000443484,DS004,SKU0174,Damaged Item,225.38,Putaway / Picking Handling,,Unconfirmed,Refund
QI00004098,ORD000118870,ITEM0000443530,DS004,SKU0294,Damaged Item,109.46,Putaway / Picking Handling,,Unconfirmed,Refund
QI00004099,ORD000118876,ITEM0000443553,DS004,SKU0244,Damaged Item,67.15,Putaway / Picking Handling,,Unconfirmed,Refund
QI00004100,ORD000118925,ITEM0000443753,DS004,SKU0013,Missing Item,286.53,Inventory Accuracy / Putaway,P_DS004_021,Unconfirmed,Refund
QI00004101,ORD000118946,ITEM0000443832,DS004,SKU0167,Missing Item,417.96,Inventory Accuracy / Putaway,P_DS004_003,Unconfirmed,Replacement
QI00004102,ORD000118964,ITEM0000443894,DS004,SKU0090,Damaged Item,260.5,Putaway / Picking Handling,,Unconfirmed,Replacement
QI00004103,ORD000118978,ITEM0000443958,DS004,SKU0197,Wrong Item,260.58,Picking,P_DS004_034,Unconfirmed,Refund
QI00004104,ORD000118979,ITEM0000443961,DS004,SKU0141,Missing Item,213.3,Inventory Accuracy / Putaway,P_DS004_003,Unconfirmed,Refund
QI00004105,ORD000119012,ITEM0000444081,DS004,SKU0269,Damaged Item,399.24,Putaway / Picking Handling,,Unconfirmed,Replacement
QI00004106,ORD000119021,ITEM0000444110,DS004,SKU0141,Missing Item,106.65,Inventory Accuracy / Putaway,P_DS004_028,Unconfirmed,Refund
QI00004107,ORD000119064,ITEM0000444262,DS004,SKU0018,Missing Item,292.04,Inventory Accuracy / Putaway,P_DS004_025,Unconfirmed,Refund
QI00004108,ORD000119078,ITEM0000444335,DS004,SKU0143,Damaged Item,403.36,Putaway / Picking Handling,,Unconfirmed,Replacement
QI00004109,ORD000119120,ITEM0000444489,DS004,SKU0293,Wrong Item,234.38,Picking,P_DS004_010,Unconfirmed,Replacement
QI00004110,ORD000119127,ITEM0000444509,DS004,SKU0192,Wrong Item,109.53,Picking,P_DS004_004,Unconfirmed,Refund
QI00004111,ORD000119149,ITEM0000444599,DS004,SKU0176,Missing Item,206.65,Inventory Accuracy / Putaway,P_DS004_001,Unconfirmed,Refund
QI00004112,ORD000119154,ITEM0000444620,DS004,SKU0160,Damaged Item,431.6,Putaway / Picking Handling,,Unconfirmed,Replacement
QI00004113,ORD000119186,ITEM0000444738,DS004,SKU0193,Wrong Item,323.59,Picking,P_DS004_025,Unconfirmed,Refund
QI00004114,ORD000119201,ITEM0000444785,DS004,SKU0134,Missing Item,135.87,Inventory Accuracy / Putaway,P_DS004_010,Unconfirmed,Replacement
QI00004115,ORD000119215,ITEM0000444827,DS004,SKU0281,Wrong Item,264.39,Shelf Placement / Picking Verification,P_DS004_029,Unconfirmed,Replacement
QI00004116,ORD000119255,ITEM0000444966,DS004,SKU0054,Damaged Item,532.92,Putaway / Picking Handling,,Unconfirmed,Refund
QI00004117,ORD000119304,ITEM0000445148,DS004,SKU0291,Wrong Item,294.78,Picking,P_DS004_014,Unconfirmed,Refund
QI00004118,ORD000119339,ITEM0000445272,DS004,SKU0208,Damaged Item,81.82,Putaway / Picking Handling,,Unconfirmed,Refund
QI00004119,ORD000119356,ITEM0000445331,DS004,SKU0244,Damaged Item,67.15,Putaway / Picking Handling,,Unconfirmed,Replacement
QI00004120,ORD000119387,ITEM0000445459,DS004,SKU0199,Damaged Item,138.52,Putaway / Picking Handling,,Unconfirmed,Refund
QI00004121,ORD000119392,ITEM0000445477,DS004,SKU0062,Missing Item,334.2,Inventory Accuracy / Putaway,P_DS004_005,Unconfirmed,Refund
QI00004122,ORD000119394,ITEM0000445488,DS004,SKU0253,Missing Item,126.6,Inventory Accuracy / Putaway,P_DS004_032,Unconfirmed,Replacement
QI00004123,ORD000119404,ITEM0000445528,DS004,SKU0044,Damaged Item,196.42,Putaway / Picking Handling,,Unconfirmed,Refund
QI00004124,ORD000119411,ITEM0000445559,DS004,SKU0013,Missing Item,573.06,Inventory Accuracy / Putaway,P_DS004_011,Unconfirmed,Replacement
QI00004125,ORD000119425,ITEM0000445619,DS004,SKU0066,Damaged Item,435.4,Putaway / Picking Handling,,Unconfirmed,Refund
QI00004126,ORD000119604,ITEM0000446298,DS004,SKU0013,Wrong Item,286.53,Shelf Placement / Picking Verification,P_DS004_029,Unconfirmed,Refund
QI00004127,ORD000119630,ITEM0000446385,DS004,SKU0158,Damaged Item,145.24,Putaway / Picking Handling,,Unconfirmed,Refund
QI00004128,ORD000119653,ITEM0000446469,DS004,SKU0234,Wrong Item,113.91,Picking,P_DS004_008,Unconfirmed,Refund
QI00004129,ORD000119662,ITEM0000446501,DS004,SKU0086,Missing Item,186.67,Inventory Accuracy / Putaway,P_DS004_008,Unconfirmed,Refund
QI00004130,ORD000119668,ITEM0000446523,DS004,SKU0117,Wrong Item,42.66,Picking,P_DS004_008,Unconfirmed,Refund
QI00004131,ORD000119729,ITEM0000446737,DS004,SKU0171,Damaged Item,69.18,Putaway / Picking Handling,,Unconfirmed,Replacement
QI00004132,ORD000119751,ITEM0000446811,DS004,SKU0198,Wrong Item,353.83,Shelf Placement / Picking Verification,P_DS004_032,Unconfirmed,Replacement
QI00004133,ORD000119770,ITEM0000446880,DS004,SKU0281,Wrong Item,264.39,Shelf Placement / Picking Verification,P_DS004_011,Unconfirmed,Refund
QI00004134,ORD000119775,ITEM0000446905,DS004,SKU0194,Wrong Item,234.44,Picking,P_DS004_020,Unconfirmed,Replacement
QI00004135,ORD000119781,ITEM0000446923,DS004,SKU0004,Missing Item,240.08,Inventory Accuracy / Putaway,P_DS004_029,Unconfirmed,Replacement
QI00004136,ORD000119786,ITEM0000446950,DS004,SKU0269,Missing Item,798.48,Inventory Accuracy / Putaway,P_DS004_008,Unconfirmed,Refund
QI00004137,ORD000119849,ITEM0000447181,DS004,SKU0132,Damaged Item,896.48,Putaway / Picking Handling,,Unconfirmed,Refund
QI00004138,ORD000119857,ITEM0000447206,DS004,SKU0152,Missing Item,1212.82,Inventory Accuracy / Putaway,P_DS004_011,Unconfirmed,Refund
QI00004139,ORD000119876,ITEM0000447277,DS004,SKU0195,Missing Item,613.68,Inventory Accuracy / Putaway,P_DS004_032,Unconfirmed,Refund
QI00004140,ORD000119921,ITEM0000447444,DS004,SKU0169,Damaged Item,128.02,Putaway / Picking Handling,,Unconfirmed,Replacement
QI00004141,ORD000119934,ITEM0000447484,DS004,SKU0018,Missing Item,292.04,Inventory Accuracy / Putaway,P_DS004_005,Unconfirmed,Refund
QI00004142,ORD000119953,ITEM0000447550,DS004,SKU0291,Damaged Item,589.56,Putaway / Picking Handling,,Unconfirmed,Replacement
QI00004143,ORD000119954,ITEM0000447553,DS004,SKU0084,Missing Item,111.02,Inventory Accuracy / Putaway,P_DS004_035,Unconfirmed,Replacement
QI00004144,ORD000119982,ITEM0000447657,DS004,SKU0125,Missing Item,219.9,Inventory Accuracy / Putaway,P_DS004_035,Unconfirmed,Refund
QI00004145,ORD000120024,ITEM0000447816,DS004,SKU0212,Missing Item,64.87,Inventory Accuracy / Putaway,P_DS004_029,Unconfirmed,Refund
QI00004146,ORD000120057,ITEM0000447945,DS004,SKU0016,Damaged Item,413.32,Putaway / Picking Handling,,Unconfirmed,Replacement
QI00004147,ORD000120117,ITEM0000448161,DS004,SKU0221,Missing Item,557.08,Inventory Accuracy / Putaway,P_DS004_005,Unconfirmed,Replacement
QI00004148,ORD000120124,ITEM0000448193,DS004,SKU0189,Missing Item,458.54,Inventory Accuracy / Putaway,P_DS004_008,Unconfirmed,Refund
QI00004149,ORD000120151,ITEM0000448293,DS004,SKU0240,Wrong Item,142.08,Shelf Placement / Picking Verification,P_DS004_027,Unconfirmed,Refund
QI00004150,ORD000120160,ITEM0000448322,DS004,SKU0184,Damaged Item,106.02,Putaway / Picking Handling,,Unconfirmed,Replacement
QI00004151,ORD000120163,ITEM0000448331,DS004,SKU0086,Wrong Item,186.67,Picking,P_DS004_012,Unconfirmed,Replacement
QI00004152,ORD000120249,ITEM0000448662,DS004,SKU0236,Damaged Item,277.44,Putaway / Picking Handling,,Unconfirmed,Refund
QI00004153,ORD000120250,ITEM0000448667,DS004,SKU0071,Missing Item,120.79,Inventory Accuracy / Putaway,P_DS004_033,Unconfirmed,Refund
QI00004154,ORD000120270,ITEM0000448741,DS004,SKU0286,Wrong Item,287.98,Shelf Placement / Picking Verification,P_DS004_012,Unconfirmed,Refund
QI00004155,ORD000120293,ITEM0000448842,DS004,SKU0099,Missing Item,162.69,Inventory Accuracy / Putaway,P_DS004_018,Unconfirmed,Refund
QI00004156,ORD000120294,ITEM0000448845,DS004,SKU0015,Damaged Item,159.48,Putaway / Picking Handling,,Unconfirmed,Replacement
QI00004157,ORD000120296,ITEM0000448851,DS004,SKU0085,Missing Item,938.8,Inventory Accuracy / Putaway,P_DS004_027,Unconfirmed,Refund
QI00004158,ORD000120381,ITEM0000449161,DS004,SKU0269,Missing Item,399.24,Inventory Accuracy / Putaway,P_DS004_018,Unconfirmed,Refund
QI00004159,ORD000120396,ITEM0000449224,DS004,SKU0180,Missing Item,37.34,Inventory Accuracy / Putaway,P_DS004_033,Unconfirmed,Refund
QI00004160,ORD000120486,ITEM0000449544,DS004,SKU0169,Damaged Item,64.01,Putaway / Picking Handling,,Unconfirmed,Refund
QI00004161,ORD000120571,ITEM0000449893,DS004,SKU0095,Damaged Item,112.56,Putaway / Picking Handling,,Unconfirmed,Refund
QI00004162,ORD000120601,ITEM0000450006,DS004,SKU0162,Missing Item,127.02,Inventory Accuracy / Putaway,P_DS004_033,Unconfirmed,Replacement
QI00004163,ORD000120611,ITEM0000450048,DS004,SKU0167,Wrong Item,208.98,Picking,P_DS004_021,Unconfirmed,Refund
QI00004164,ORD000120692,ITEM0000450337,DS004,SKU0231,Missing Item,69.12,Inventory Accuracy / Putaway,P_DS004_003,Unconfirmed,Refund
QI00004165,ORD000120710,ITEM0000450414,DS004,SKU0225,Wrong Item,138.75,Shelf Placement / Picking Verification,P_DS004_021,Unconfirmed,Refund
QI00004166,ORD000120719,ITEM0000450453,DS004,SKU0009,Missing Item,111.32,Inventory Accuracy / Putaway,P_DS004_033,Unconfirmed,Refund
QI00004167,ORD000120720,ITEM0000450457,DS004,SKU0013,Missing Item,573.06,Inventory Accuracy / Putaway,P_DS004_024,Unconfirmed,Refund
QI00004168,ORD000120761,ITEM0000450616,DS004,SKU0221,Wrong Item,278.54,Picking,P_DS004_006,Unconfirmed,Replacement
QI00004169,ORD000120762,ITEM0000450617,DS004,SKU0218,Wrong Item,95.97,Shelf Placement / Picking Verification,P_DS004_021,Unconfirmed,Replacement
QI00004170,ORD000120785,ITEM0000450704,DS004,SKU0107,Missing Item,86.59,Inventory Accuracy / Putaway,P_DS004_003,Unconfirmed,Refund
QI00004171,ORD000120801,ITEM0000450767,DS004,SKU0119,Damaged Item,182.02,Putaway / Picking Handling,,Unconfirmed,Refund
QI00004172,ORD000120975,ITEM0000451420,DS004,SKU0298,Missing Item,79.22,Inventory Accuracy / Putaway,P_DS004_015,Unconfirmed,Replacement
QI00004173,ORD000120992,ITEM0000451474,DS004,SKU0114,Missing Item,116.74,Inventory Accuracy / Putaway,P_DS004_012,Unconfirmed,Refund
QI00004174,ORD000121051,ITEM0000451683,DS004,SKU0194,Wrong Item,234.44,Picking,P_DS004_024,Unconfirmed,Refund
QI00004175,ORD000121053,ITEM0000451689,DS004,SKU0274,Wrong Item,382.26,Shelf Placement / Picking Verification,P_DS004_021,Unconfirmed,Refund
QI00004176,ORD000121090,ITEM0000451828,DS004,SKU0018,Damaged Item,292.04,Putaway / Picking Handling,,Unconfirmed,Refund
QI00004177,ORD000121131,ITEM0000451984,DS004,SKU0109,Damaged Item,1729.02,Putaway / Picking Handling,,Unconfirmed,Refund
QI00004178,ORD000121161,ITEM0000452091,DS004,SKU0019,Wrong Item,277.78,Picking,P_DS004_003,Unconfirmed,Refund
QI00004179,ORD000121205,ITEM0000452260,DS004,SKU0281,Missing Item,264.39,Inventory Accuracy / Putaway,P_DS004_033,Unconfirmed,Replacement
QI00004180,ORD000121277,ITEM0000452532,DS004,SKU0139,Missing Item,439.94,Inventory Accuracy / Putaway,P_DS004_027,Unconfirmed,Refund
QI00004181,ORD000121278,ITEM0000452535,DS004,SKU0224,Damaged Item,334.03,Putaway / Picking Handling,,Unconfirmed,Refund
QI00004182,ORD000121358,ITEM0000452816,DS004,SKU0143,Missing Item,201.68,Inventory Accuracy / Putaway,P_DS004_019,Unconfirmed,Refund
QI00004183,ORD000121399,ITEM0000452982,DS004,SKU0180,Damaged Item,37.34,Putaway / Picking Handling,,Unconfirmed,Refund
QI00004184,ORD000121412,ITEM0000453034,DS004,SKU0247,Wrong Item,93.98,Picking,P_DS004_007,Unconfirmed,Refund
QI00004185,ORD000121422,ITEM0000453072,DS004,SKU0158,Missing Item,145.24,Inventory Accuracy / Putaway,P_DS004_007,Unconfirmed,Refund
QI00004186,ORD000121454,ITEM0000453182,DS004,SKU0011,Missing Item,85.7,Inventory Accuracy / Putaway,P_DS004_019,Unconfirmed,Refund
QI00004187,ORD000121467,ITEM0000453226,DS004,SKU0075,Wrong Item,143.63,Shelf Placement / Picking Verification,P_DS004_016,Unconfirmed,Replacement
QI00004188,ORD000121517,ITEM0000453394,DS004,SKU0084,Wrong Item,333.06,Shelf Placement / Picking Verification,P_DS004_016,Unconfirmed,Refund
QI00004189,ORD000121529,ITEM0000453435,DS004,SKU0268,Wrong Item,441.01,Picking,P_DS004_016,Unconfirmed,Refund
QI00004190,ORD000121556,ITEM0000453530,DS004,SKU0104,Wrong Item,181.45,Picking,P_DS004_026,Unconfirmed,Replacement
QI00004191,ORD000121596,ITEM0000453696,DS004,SKU0189,Damaged Item,229.27,Putaway / Picking Handling,,Unconfirmed,Refund
QI00004192,ORD000121622,ITEM0000453788,DS004,SKU0115,Wrong Item,283.76,Picking,P_DS004_008,Unconfirmed,Refund
QI00004193,ORD000121635,ITEM0000453845,DS004,SKU0274,Wrong Item,382.26,Shelf Placement / Picking Verification,P_DS004_002,Unconfirmed,Replacement
QI00004194,ORD000121673,ITEM0000453978,DS004,SKU0281,Missing Item,264.39,Inventory Accuracy / Putaway,P_DS004_026,Unconfirmed,Refund
QI00004195,ORD000121686,ITEM0000454033,DS004,SKU0130,Missing Item,44.48,Inventory Accuracy / Putaway,P_DS004_020,Unconfirmed,Refund
QI00004196,ORD000121690,ITEM0000454046,DS004,SKU0073,Damaged Item,152.37,Putaway / Picking Handling,,Unconfirmed,Refund
QI00004197,ORD000121704,ITEM0000454104,DS004,SKU0263,Damaged Item,234.1,Putaway / Picking Handling,,Unconfirmed,Replacement
QI00004198,ORD000121738,ITEM0000454231,DS004,SKU0160,Missing Item,647.4,Inventory Accuracy / Putaway,P_DS004_029,Unconfirmed,Replacement
QI00004199,ORD000121743,ITEM0000454254,DS004,SKU0205,Missing Item,168.31,Inventory Accuracy / Putaway,P_DS004_032,Unconfirmed,Refund
QI00004200,ORD000121747,ITEM0000454267,DS004,SKU0272,Missing Item,27.35,Inventory Accuracy / Putaway,P_DS004_005,Unconfirmed,Replacement
QI00004201,ORD000121780,ITEM0000454386,DS004,SKU0112,Missing Item,65.0,Inventory Accuracy / Putaway,P_DS004_035,Unconfirmed,Replacement
QI00004202,ORD000121788,ITEM0000454427,DS004,SKU0029,Missing Item,98.74,Inventory Accuracy / Putaway,P_DS004_008,Unconfirmed,Refund
QI00004203,ORD000121812,ITEM0000454523,DS004,SKU0188,Wrong Item,93.27,Picking,P_DS004_029,Unconfirmed,Refund
QI00004204,ORD000121875,ITEM0000454764,DS004,SKU0085,Missing Item,469.4,Inventory Accuracy / Putaway,P_DS004_032,Unconfirmed,Replacement
QI00004205,ORD000121892,ITEM0000454832,DS004,SKU0026,Missing Item,264.54,Inventory Accuracy / Putaway,P_DS004_029,Unconfirmed,Replacement
QI00004206,ORD000121913,ITEM0000454914,DS004,SKU0266,Damaged Item,218.79,Putaway / Picking Handling,,Unconfirmed,Replacement
QI00004207,ORD000121915,ITEM0000454924,DS004,SKU0173,Missing Item,451.68,Inventory Accuracy / Putaway,P_DS004_029,Unconfirmed,Replacement
QI00004208,ORD000121976,ITEM0000455156,DS004,SKU0208,Missing Item,40.91,Inventory Accuracy / Putaway,P_DS004_023,Unconfirmed,Refund
QI00004209,ORD000121989,ITEM0000455211,DS004,SKU0270,Wrong Item,511.98,Picking,P_DS004_020,Unconfirmed,Refund
QI00004210,ORD000122027,ITEM0000455380,DS004,SKU0198,Missing Item,353.83,Inventory Accuracy / Putaway,P_DS004_032,Unconfirmed,Refund
QI00004211,ORD000122044,ITEM0000455448,DS004,SKU0053,Missing Item,171.77,Inventory Accuracy / Putaway,P_DS004_002,Unconfirmed,Refund
QI00004212,ORD000122078,ITEM0000455580,DS004,SKU0011,Missing Item,85.7,Inventory Accuracy / Putaway,P_DS004_008,Unconfirmed,Refund
QI00004213,ORD000122082,ITEM0000455598,DS004,SKU0056,Missing Item,234.62,Inventory Accuracy / Putaway,P_DS004_026,Unconfirmed,Replacement
QI00004214,ORD000122126,ITEM0000455769,DS004,SKU0282,Missing Item,482.72,Inventory Accuracy / Putaway,P_DS004_035,Unconfirmed,Refund
QI00004215,ORD000122158,ITEM0000455895,DS004,SKU0141,Wrong Item,106.65,Picking,P_DS004_008,Unconfirmed,Replacement
QI00004216,ORD000122167,ITEM0000455932,DS004,SKU0269,Wrong Item,399.24,Picking,P_DS004_020,Unconfirmed,Refund
QI00004217,ORD000122195,ITEM0000456035,DS004,SKU0011,Missing Item,85.7,Inventory Accuracy / Putaway,P_DS004_008,Unconfirmed,Refund
QI00004218,ORD000122196,ITEM0000456043,DS004,SKU0008,Damaged Item,30.69,Putaway / Picking Handling,,Unconfirmed,Refund
QI00004219,ORD000122203,ITEM0000456066,DS004,SKU0107,Missing Item,86.59,Inventory Accuracy / Putaway,P_DS004_035,Unconfirmed,Refund
QI00004220,ORD000122213,ITEM0000456111,DS004,SKU0203,Missing Item,130.42,Inventory Accuracy / Putaway,P_DS004_008,Unconfirmed,Refund
QI00004221,ORD000122303,ITEM0000456458,DS004,SKU0219,Damaged Item,344.59,Putaway / Picking Handling,,Unconfirmed,Refund
QI00004222,ORD000122315,ITEM0000456510,DS004,SKU0094,Wrong Item,137.58,Shelf Placement / Picking Verification,P_DS004_005,Unconfirmed,Replacement
QI00004223,ORD000122317,ITEM0000456518,DS004,SKU0029,Missing Item,98.74,Inventory Accuracy / Putaway,P_DS004_032,Unconfirmed,Replacement
QI00004224,ORD000122334,ITEM0000456575,DS004,SKU0105,Missing Item,272.14,Inventory Accuracy / Putaway,P_DS004_020,Unconfirmed,Refund
QI00004225,ORD000122351,ITEM0000456643,DS004,SKU0104,Missing Item,181.45,Inventory Accuracy / Putaway,P_DS004_005,Unconfirmed,Refund
QI00004226,ORD000122396,ITEM0000456793,DS004,SKU0035,Missing Item,311.65,Inventory Accuracy / Putaway,P_DS004_023,Unconfirmed,Refund
QI00004227,ORD000122433,ITEM0000456923,DS004,SKU0270,Wrong Item,511.98,Picking,P_DS004_023,Unconfirmed,Replacement
QI00004228,ORD000122441,ITEM0000456955,DS004,SKU0086,Missing Item,373.34,Inventory Accuracy / Putaway,P_DS004_014,Unconfirmed,Refund
QI00004229,ORD000122455,ITEM0000457016,DS004,SKU0185,Missing Item,98.45,Inventory Accuracy / Putaway,P_DS004_011,Unconfirmed,Refund
QI00004230,ORD000122499,ITEM0000457189,DS004,SKU0264,Wrong Item,26.89,Picking,P_DS004_014,Unconfirmed,Replacement
QI00004231,ORD000122502,ITEM0000457203,DS004,SKU0253,Missing Item,253.2,Inventory Accuracy / Putaway,P_DS004_005,Unconfirmed,Replacement
QI00004232,ORD000122544,ITEM0000457354,DS004,SKU0057,Missing Item,458.0,Inventory Accuracy / Putaway,P_DS004_009,Unconfirmed,Refund
QI00004233,ORD000122571,ITEM0000457452,DS004,SKU0062,Wrong Item,1002.6,Shelf Placement / Picking Verification,P_DS004_030,Unconfirmed,Refund
QI00004234,ORD000122586,ITEM0000457506,DS004,SKU0286,Missing Item,143.99,Inventory Accuracy / Putaway,P_DS004_030,Unconfirmed,Refund
QI00004235,ORD000122662,ITEM0000457783,DS004,SKU0081,Damaged Item,43.96,Rider Handling / Last Mile,,Unconfirmed,Refund
QI00004236,ORD000122676,ITEM0000457826,DS004,SKU0129,Missing Item,21.75,Inventory Accuracy / Putaway,P_DS004_027,Unconfirmed,Refund
QI00004237,ORD000122698,ITEM0000457893,DS004,SKU0021,Missing Item,387.42,Inventory Accuracy / Putaway,P_DS004_030,Unconfirmed,Replacement
QI00004238,ORD000122719,ITEM0000457983,DS004,SKU0006,Missing Item,160.4,Inventory Accuracy / Putaway,P_DS004_009,Unconfirmed,Refund
QI00004239,ORD000122730,ITEM0000458020,DS004,SKU0194,Missing Item,234.44,Inventory Accuracy / Putaway,P_DS004_009,Unconfirmed,Refund
QI00004240,ORD000122740,ITEM0000458061,DS004,SKU0059,Wrong Item,336.59,Shelf Placement / Picking Verification,P_DS004_018,Unconfirmed,Replacement
QI00004241,ORD000122788,ITEM0000458245,DS004,SKU0205,Missing Item,168.31,Inventory Accuracy / Putaway,P_DS004_021,Unconfirmed,Refund
QI00004242,ORD000122803,ITEM0000458303,DS004,SKU0057,Missing Item,229.0,Inventory Accuracy / Putaway,P_DS004_015,Unconfirmed,Replacement
QI00004243,ORD000122846,ITEM0000458467,DS004,SKU0220,Missing Item,182.61,Inventory Accuracy / Putaway,P_DS004_006,Unconfirmed,Refund
QI00004244,ORD000122870,ITEM0000458561,DS004,SKU0013,Missing Item,286.53,Inventory Accuracy / Putaway,P_DS004_006,Unconfirmed,Replacement
QI00004245,ORD000122881,ITEM0000458610,DS004,SKU0018,Damaged Item,292.04,Rider Handling / Last Mile,,Unconfirmed,Replacement
QI00004246,ORD000122908,ITEM0000458697,DS004,SKU0235,Wrong Item,653.54,Picking,P_DS004_012,Unconfirmed,Refund
QI00004247,ORD000122961,ITEM0000458890,DS004,SKU0018,Damaged Item,584.08,Putaway / Picking Handling,,Unconfirmed,Refund
QI00004248,ORD000122986,ITEM0000458976,DS004,SKU0085,Missing Item,469.4,Inventory Accuracy / Putaway,P_DS004_012,Unconfirmed,Refund
QI00004249,ORD000122996,ITEM0000459008,DS004,SKU0071,Missing Item,120.79,Inventory Accuracy / Putaway,P_DS004_018,Unconfirmed,Replacement
QI00004250,ORD000123062,ITEM0000459255,DS004,SKU0160,Missing Item,431.6,Inventory Accuracy / Putaway,P_DS004_018,Unconfirmed,Refund
QI00004251,ORD000123108,ITEM0000459423,DS004,SKU0019,Missing Item,277.78,Inventory Accuracy / Putaway,P_DS004_021,Unconfirmed,Refund
QI00004252,ORD000123147,ITEM0000459561,DS004,SKU0075,Damaged Item,143.63,Putaway / Picking Handling,,Unconfirmed,Refund
QI00004253,ORD000123161,ITEM0000459611,DS004,SKU0132,Missing Item,448.24,Inventory Accuracy / Putaway,P_DS004_021,Unconfirmed,Refund
QI00004254,ORD000123173,ITEM0000459645,DS004,SKU0003,Missing Item,799.82,Inventory Accuracy / Putaway,P_DS004_006,Unconfirmed,Refund
QI00004255,ORD000123212,ITEM0000459781,DS004,SKU0022,Missing Item,446.03,Inventory Accuracy / Putaway,P_DS004_009,Unconfirmed,Refund
QI00004256,ORD000123227,ITEM0000459831,DS004,SKU0134,Wrong Item,271.74,Picking,P_DS004_006,Unconfirmed,Replacement
QI00004257,ORD000123243,ITEM0000459893,DS004,SKU0251,Missing Item,355.12,Inventory Accuracy / Putaway,P_DS004_021,Unconfirmed,Refund
QI00004258,ORD000123269,ITEM0000460010,DS004,SKU0283,Missing Item,87.37,Inventory Accuracy / Putaway,P_DS004_021,Unconfirmed,Refund
QI00004259,ORD000123340,ITEM0000460275,DS004,SKU0277,Missing Item,372.81,Inventory Accuracy / Putaway,P_DS004_021,Unconfirmed,Refund
QI00004260,ORD000123343,ITEM0000460282,DS004,SKU0011,Missing Item,85.7,Inventory Accuracy / Putaway,P_DS004_012,Unconfirmed,Refund
QI00004261,ORD000123345,ITEM0000460294,DS004,SKU0189,Missing Item,458.54,Inventory Accuracy / Putaway,P_DS004_021,Unconfirmed,Replacement
QI00004262,ORD000123392,ITEM0000460469,DS004,SKU0175,Damaged Item,137.34,Putaway / Picking Handling,,Unconfirmed,Refund
QI00004263,ORD000123435,ITEM0000460611,DS004,SKU0281,Wrong Item,528.78,Shelf Placement / Picking Verification,P_DS004_009,Unconfirmed,Replacement
QI00004264,ORD000123465,ITEM0000460732,DS004,SKU0151,Wrong Item,103.12,Picking,P_DS004_012,Unconfirmed,Replacement
QI00004265,ORD000123487,ITEM0000460811,DS004,SKU0193,Missing Item,647.18,Inventory Accuracy / Putaway,P_DS004_006,Unconfirmed,Refund
QI00004266,ORD000123487,ITEM0000460814,DS004,SKU0141,Missing Item,106.65,Inventory Accuracy / Putaway,P_DS004_006,Unconfirmed,Refund
QI00004267,ORD000123539,ITEM0000460999,DS004,SKU0152,Missing Item,606.41,Inventory Accuracy / Putaway,P_DS004_009,Unconfirmed,Refund
QI00004268,ORD000123540,ITEM0000461004,DS004,SKU0050,Missing Item,1026.16,Inventory Accuracy / Putaway,P_DS004_027,Unconfirmed,Replacement
QI00004269,ORD000123546,ITEM0000461018,DS004,SKU0215,Missing Item,695.4,Inventory Accuracy / Putaway,P_DS004_018,Unconfirmed,Refund
QI00004270,ORD000123617,ITEM0000461288,DS004,SKU0160,Wrong Item,215.8,Shelf Placement / Picking Verification,P_DS004_027,Unconfirmed,Refund
QI00004271,ORD000123666,ITEM0000461462,DS004,SKU0131,Missing Item,255.32,Inventory Accuracy / Putaway,P_DS004_012,Unconfirmed,Refund
QI00004272,ORD000123666,ITEM0000461463,DS004,SKU0269,Missing Item,798.48,Inventory Accuracy / Putaway,P_DS004_012,Unconfirmed,Refund
QI00004273,ORD000123676,ITEM0000461497,DS004,SKU0021,Damaged Item,774.84,Putaway / Picking Handling,,Unconfirmed,Refund
QI00004274,ORD000123686,ITEM0000461540,DS004,SKU0021,Missing Item,774.84,Inventory Accuracy / Putaway,P_DS004_015,Unconfirmed,Replacement
QI00004275,ORD000123724,ITEM0000461690,DS004,SKU0076,Missing Item,267.05,Inventory Accuracy / Putaway,P_DS004_009,Unconfirmed,Refund
QI00004276,ORD000123729,ITEM0000461715,DS004,SKU0010,Missing Item,154.59,Inventory Accuracy / Putaway,P_DS004_010,Unconfirmed,Refund
QI00004277,ORD000123781,ITEM0000461923,DS004,SKU0193,Missing Item,323.59,Inventory Accuracy / Putaway,P_DS004_010,Unconfirmed,Refund
QI00004278,ORD000123808,ITEM0000462027,DS004,SKU0153,Wrong Item,134.94,Picking,P_DS004_013,Unconfirmed,Refund
QI00004279,ORD000123811,ITEM0000462035,DS004,SKU0002,Missing Item,261.16,Inventory Accuracy / Putaway,P_DS004_007,Unconfirmed,Refund
QI00004280,ORD000123832,ITEM0000462109,DS004,SKU0181,Missing Item,412.97,Inventory Accuracy / Putaway,P_DS004_022,Unconfirmed,Refund
QI00004281,ORD000123833,ITEM0000462112,DS004,SKU0022,Damaged Item,892.06,Putaway / Picking Handling,,Unconfirmed,Refund
QI00004282,ORD000123843,ITEM0000462148,DS004,SKU0289,Missing Item,82.7,Inventory Accuracy / Putaway,P_DS004_010,Unconfirmed,Refund
QI00004283,ORD000123861,ITEM0000462223,DS004,SKU0090,Wrong Item,260.5,Picking,P_DS004_028,Unconfirmed,Refund
QI00004284,ORD000123870,ITEM0000462256,DS004,SKU0279,Missing Item,109.67,Inventory Accuracy / Putaway,P_DS004_013,Unconfirmed,Replacement
QI00004285,ORD000123873,ITEM0000462264,DS004,SKU0197,Wrong Item,521.16,Picking,P_DS004_016,Unconfirmed,Refund
QI00004286,ORD000123891,ITEM0000462329,DS004,SKU0211,Missing Item,152.51,Inventory Accuracy / Putaway,P_DS004_013,Unconfirmed,Refund
QI00004287,ORD000123895,ITEM0000462345,DS004,SKU0128,Missing Item,78.55,Inventory Accuracy / Putaway,P_DS004_010,Unconfirmed,Refund
QI00004288,ORD000123896,ITEM0000462349,DS004,SKU0205,Wrong Item,336.62,Picking,P_DS004_013,Unconfirmed,Refund
QI00004289,ORD000123906,ITEM0000462380,DS004,SKU0084,Wrong Item,111.02,Shelf Placement / Picking Verification,P_DS004_017,Unconfirmed,Replacement
QI00004290,ORD000123909,ITEM0000462388,DS004,SKU0063,Missing Item,189.87,Inventory Accuracy / Putaway,P_DS004_028,Unconfirmed,Refund
QI00004291,ORD000123931,ITEM0000462459,DS004,SKU0097,Missing Item,183.02,Inventory Accuracy / Putaway,P_DS004_010,Unconfirmed,Refund
QI00004292,ORD000123952,ITEM0000462548,DS004,SKU0134,Missing Item,271.74,Inventory Accuracy / Putaway,P_DS004_020,Unconfirmed,Refund
QI00004293,ORD000123965,ITEM0000462597,DS004,SKU0236,Missing Item,277.44,Inventory Accuracy / Putaway,P_DS004_016,Unconfirmed,Refund
QI00004294,ORD000123966,ITEM0000462600,DS004,SKU0180,Missing Item,37.34,Inventory Accuracy / Putaway,P_DS004_008,Unconfirmed,Refund
QI00004295,ORD000123969,ITEM0000462607,DS004,SKU0273,Missing Item,607.72,Inventory Accuracy / Putaway,P_DS004_017,Unconfirmed,Refund
QI00004296,ORD000123985,ITEM0000462664,DS004,SKU0205,Wrong Item,168.31,Picking,P_DS004_008,Unconfirmed,Replacement
QI00004297,ORD000123998,ITEM0000462704,DS004,SKU0228,Wrong Item,705.6,Picking,P_DS004_005,Unconfirmed,Replacement
QI00004298,ORD000124018,ITEM0000462782,DS004,SKU0022,Missing Item,892.06,Inventory Accuracy / Putaway,P_DS004_023,Unconfirmed,Refund
QI00004299,ORD000124074,ITEM0000462989,DS004,SKU0154,Damaged Item,456.23,Putaway / Picking Handling,,Unconfirmed,Refund
QI00004300,ORD000124081,ITEM0000463012,DS004,SKU0061,Missing Item,378.62,Inventory Accuracy / Putaway,P_DS004_002,Unconfirmed,Replacement
QI00004301,ORD000124111,ITEM0000463139,DS004,SKU0035,Damaged Item,311.65,Putaway / Picking Handling,,Unconfirmed,Refund
QI00004302,ORD000124128,ITEM0000463202,DS004,SKU0160,Missing Item,215.8,Inventory Accuracy / Putaway,P_DS004_029,Unconfirmed,Replacement
QI00004303,ORD000124223,ITEM0000463545,DS004,SKU0274,Missing Item,382.26,Inventory Accuracy / Putaway,P_DS004_023,Unconfirmed,Refund
QI00004304,ORD000124228,ITEM0000463563,DS004,SKU0050,Damaged Item,513.08,Putaway / Picking Handling,,Unconfirmed,Replacement
QI00004305,ORD000124310,ITEM0000463844,DS004,SKU0155,Missing Item,700.68,Inventory Accuracy / Putaway,P_DS004_017,Unconfirmed,Refund
QI00004306,ORD000124329,ITEM0000463923,DS004,SKU0162,Missing Item,127.02,Inventory Accuracy / Putaway,P_DS004_023,Unconfirmed,Refund
QI00004307,ORD000124363,ITEM0000464048,DS004,SKU0193,Missing Item,323.59,Inventory Accuracy / Putaway,P_DS004_023,Unconfirmed,Refund
QI00004308,ORD000124388,ITEM0000464156,DS004,SKU0145,Missing Item,274.34,Inventory Accuracy / Putaway,P_DS004_026,Unconfirmed,Refund
QI00004309,ORD000124401,ITEM0000464201,DS004,SKU0143,Wrong Item,403.36,Shelf Placement / Picking Verification,P_DS004_020,Unconfirmed,Replacement
QI00004310,ORD000124441,ITEM0000464357,DS004,SKU0276,Missing Item,111.19,Inventory Accuracy / Putaway,P_DS004_008,Unconfirmed,Replacement
QI00004311,ORD000124537,ITEM0000464704,DS004,SKU0286,Wrong Item,143.99,Shelf Placement / Picking Verification,P_DS004_026,Unconfirmed,Refund
QI00004312,ORD000124546,ITEM0000464744,DS004,SKU0141,Missing Item,213.3,Inventory Accuracy / Putaway,P_DS004_002,Unconfirmed,Refund
QI00004313,ORD000124573,ITEM0000464845,DS004,SKU0063,Wrong Item,379.74,Shelf Placement / Picking Verification,P_DS004_017,Unconfirmed,Refund
QI00004314,ORD000124605,ITEM0000464961,DS004,SKU0074,Missing Item,233.54,Inventory Accuracy / Putaway,P_DS004_005,Unconfirmed,Refund
QI00004315,ORD000124656,ITEM0000465123,DS004,SKU0059,Wrong Item,336.59,Shelf Placement / Picking Verification,P_DS004_017,Unconfirmed,Refund
QI00004316,ORD000124659,ITEM0000465133,DS004,SKU0253,Missing Item,126.6,Inventory Accuracy / Putaway,P_DS004_005,Unconfirmed,Refund
QI00004317,ORD000124747,ITEM0000465493,DS004,SKU0278,Missing Item,224.88,Inventory Accuracy / Putaway,P_DS004_005,Unconfirmed,Refund
QI00004318,ORD000124754,ITEM0000465521,DS004,SKU0257,Missing Item,288.34,Inventory Accuracy / Putaway,P_DS004_017,Unconfirmed,Refund
QI00004319,ORD000124798,ITEM0000465675,DS004,SKU0102,Wrong Item,214.02,Picking,P_DS004_027,Unconfirmed,Replacement
QI00004320,ORD000124841,ITEM0000465826,DS004,SKU0021,Missing Item,387.42,Inventory Accuracy / Putaway,P_DS004_012,Unconfirmed,Refund
QI00004321,ORD000124866,ITEM0000465926,DS004,SKU0244,Damaged Item,134.3,Putaway / Picking Handling,,Unconfirmed,Refund
QI00004322,ORD000124868,ITEM0000465936,DS004,SKU0063,Wrong Item,189.87,Shelf Placement / Picking Verification,P_DS004_015,Unconfirmed,Refund
QI00004323,ORD000124883,ITEM0000466002,DS004,SKU0156,Missing Item,61.95,Inventory Accuracy / Putaway,P_DS004_015,Unconfirmed,Refund
QI00004324,ORD000124896,ITEM0000466044,DS004,SKU0264,Missing Item,26.89,Inventory Accuracy / Putaway,P_DS004_027,Unconfirmed,Replacement
QI00004325,ORD000124914,ITEM0000466110,DS004,SKU0041,Missing Item,285.9,Inventory Accuracy / Putaway,P_DS004_021,Unconfirmed,Refund
QI00004326,ORD000124938,ITEM0000466188,DS004,SKU0141,Missing Item,213.3,Inventory Accuracy / Putaway,P_DS004_006,Unconfirmed,Refund
QI00004327,ORD000124961,ITEM0000466285,DS004,SKU0096,Damaged Item,131.88,Putaway / Picking Handling,,Unconfirmed,Replacement
QI00004328,ORD000124964,ITEM0000466297,DS004,SKU0281,Wrong Item,264.39,Shelf Placement / Picking Verification,P_DS004_006,Unconfirmed,Refund
QI00004329,ORD000124964,ITEM0000466298,DS004,SKU0273,Missing Item,303.86,Inventory Accuracy / Putaway,P_DS004_006,Unconfirmed,Refund
QI00004330,ORD000125056,ITEM0000466631,DS004,SKU0138,Missing Item,409.79,Inventory Accuracy / Putaway,P_DS004_030,Unconfirmed,Refund
QI00004331,ORD000125082,ITEM0000466725,DS004,SKU0269,Damaged Item,399.24,Putaway / Picking Handling,,Unconfirmed,Replacement
QI00004332,ORD000125095,ITEM0000466769,DS004,SKU0171,Missing Item,69.18,Inventory Accuracy / Putaway,P_DS004_015,Unconfirmed,Refund
QI00004333,ORD000125099,ITEM0000466784,DS004,SKU0119,Missing Item,182.02,Inventory Accuracy / Putaway,P_DS004_027,Unconfirmed,Refund
QI00004334,ORD000125106,ITEM0000466808,DS004,SKU0244,Missing Item,67.15,Inventory Accuracy / Putaway,P_DS004_012,Unconfirmed,Refund
QI00004335,ORD000125118,ITEM0000466848,DS004,SKU0015,Missing Item,159.48,Inventory Accuracy / Putaway,P_DS004_009,Unconfirmed,Replacement
QI00004336,ORD000125146,ITEM0000466948,DS004,SKU0147,Missing Item,317.96,Inventory Accuracy / Putaway,P_DS004_012,Unconfirmed,Refund
QI00004337,ORD000125180,ITEM0000467055,DS004,SKU0152,Missing Item,1212.82,Inventory Accuracy / Putaway,P_DS004_006,Unconfirmed,Refund
QI00004338,ORD000125197,ITEM0000467122,DS004,SKU0240,Wrong Item,142.08,Shelf Placement / Picking Verification,P_DS004_012,Unconfirmed,Refund
QI00004339,ORD000125198,ITEM0000467127,DS004,SKU0126,Wrong Item,488.27,Picking,P_DS004_003,Unconfirmed,Replacement
QI00004340,ORD000125238,ITEM0000467290,DS004,SKU0126,Missing Item,488.27,Inventory Accuracy / Putaway,P_DS004_003,Unconfirmed,Refund
QI00004341,ORD000125248,ITEM0000467325,DS004,SKU0076,Missing Item,534.1,Inventory Accuracy / Putaway,P_DS004_027,Unconfirmed,Replacement
QI00004342,ORD000125306,ITEM0000467527,DS004,SKU0243,Wrong Item,382.1,Picking,P_DS004_033,Unconfirmed,Refund
QI00004343,ORD000125331,ITEM0000467611,DS004,SKU0185,Missing Item,98.45,Inventory Accuracy / Putaway,P_DS004_015,Unconfirmed,Refund
QI00004344,ORD000125350,ITEM0000467682,DS004,SKU0219,Missing Item,344.59,Inventory Accuracy / Putaway,P_DS004_021,Unconfirmed,Refund
QI00004345,ORD000125361,ITEM0000467711,DS004,SKU0119,Wrong Item,364.04,Picking,P_DS004_009,Unconfirmed,Refund
QI00004346,ORD000125366,ITEM0000467732,DS004,SKU0063,Wrong Item,379.74,Shelf Placement / Picking Verification,P_DS004_003,Unconfirmed,Refund
QI00004347,ORD000125450,ITEM0000468046,DS004,SKU0109,Damaged Item,1152.68,Rider Handling / Last Mile,,Unconfirmed,Refund
QI00004348,ORD000125480,ITEM0000468147,DS004,SKU0180,Missing Item,74.68,Inventory Accuracy / Putaway,P_DS004_009,Unconfirmed,Refund
QI00004349,ORD000125495,ITEM0000468198,DS004,SKU0251,Missing Item,177.56,Inventory Accuracy / Putaway,P_DS004_030,Unconfirmed,Replacement
QI00004350,ORD000125501,ITEM0000468215,DS004,SKU0094,Missing Item,137.58,Inventory Accuracy / Putaway,P_DS004_021,Unconfirmed,Replacement
QI00004351,ORD000125511,ITEM0000468248,DS004,SKU0190,Damaged Item,229.14,Putaway / Picking Handling,,Unconfirmed,Refund
QI00004352,ORD000125538,ITEM0000468362,DS004,SKU0006,Wrong Item,160.4,Shelf Placement / Picking Verification,P_DS004_030,Unconfirmed,Refund
QI00004353,ORD000125564,ITEM0000468463,DS004,SKU0238,Missing Item,30.81,Inventory Accuracy / Putaway,P_DS004_006,Unconfirmed,Replacement
QI00004354,ORD000125651,ITEM0000468781,DS004,SKU0081,Missing Item,43.96,Inventory Accuracy / Putaway,P_DS004_012,Unconfirmed,Refund
QI00004355,ORD000125690,ITEM0000468918,DS004,SKU0102,Missing Item,107.01,Inventory Accuracy / Putaway,P_DS004_027,Unconfirmed,Refund
QI00004356,ORD000125709,ITEM0000468989,DS004,SKU0198,Wrong Item,353.83,Shelf Placement / Picking Verification,P_DS004_009,Unconfirmed,Replacement
QI00004357,ORD000125737,ITEM0000469092,DS004,SKU0075,Wrong Item,430.89,Shelf Placement / Picking Verification,P_DS004_027,Unconfirmed,Replacement
QI00004358,ORD000125786,ITEM0000469272,DS004,SKU0085,Damaged Item,469.4,Putaway / Picking Handling,,Unconfirmed,Refund
QI00004359,ORD000125792,ITEM0000469297,DS004,SKU0236,Wrong Item,277.44,Picking,P_DS004_009,Unconfirmed,Refund
QI00004360,ORD000125808,ITEM0000469363,DS004,SKU0212,Missing Item,64.87,Inventory Accuracy / Putaway,P_DS004_027,Unconfirmed,Replacement
QI00004361,ORD000125846,ITEM0000469497,DS004,SKU0296,Missing Item,97.56,Inventory Accuracy / Putaway,P_DS004_013,Unconfirmed,Replacement
QI00004362,ORD000125849,ITEM0000469510,DS004,SKU0240,Wrong Item,71.04,Shelf Placement / Picking Verification,P_DS004_013,Unconfirmed,Refund
QI00004363,ORD000125870,ITEM0000469580,DS004,SKU0150,Damaged Item,178.21,Putaway / Picking Handling,,Unconfirmed,Refund
QI00004364,ORD000125899,ITEM0000469699,DS004,SKU0131,Missing Item,255.32,Inventory Accuracy / Putaway,P_DS004_001,Unconfirmed,Refund
QI00004365,ORD000125985,ITEM0000469991,DS004,SKU0274,Wrong Item,382.26,Shelf Placement / Picking Verification,P_DS004_001,Unconfirmed,Replacement
QI00004366,ORD000125995,ITEM0000470024,DS004,SKU0057,Missing Item,229.0,Inventory Accuracy / Putaway,P_DS004_007,Unconfirmed,Refund
QI00004367,ORD000126033,ITEM0000470166,DS004,SKU0212,Missing Item,64.87,Inventory Accuracy / Putaway,P_DS004_008,Unconfirmed,Refund
QI00004368,ORD000126062,ITEM0000470263,DS004,SKU0281,Missing Item,264.39,Inventory Accuracy / Putaway,P_DS004_020,Unconfirmed,Refund
QI00004369,ORD000126071,ITEM0000470297,DS004,SKU0021,Missing Item,387.42,Inventory Accuracy / Putaway,P_DS004_023,Unconfirmed,Replacement
QI00004370,ORD000126079,ITEM0000470325,DS004,SKU0152,Damaged Item,2425.64,Putaway / Picking Handling,,Unconfirmed,Refund
QI00004371,ORD000126122,ITEM0000470485,DS004,SKU0141,Missing Item,106.65,Inventory Accuracy / Putaway,P_DS004_017,Unconfirmed,Refund
QI00004372,ORD000126170,ITEM0000470663,DS004,SKU0244,Missing Item,134.3,Inventory Accuracy / Putaway,P_DS004_035,Unconfirmed,Replacement
QI00004373,ORD000126201,ITEM0000470788,DS004,SKU0185,Missing Item,196.9,Inventory Accuracy / Putaway,P_DS004_014,Unconfirmed,Replacement
QI00004374,ORD000126237,ITEM0000470943,DS004,SKU0113,Missing Item,64.72,Inventory Accuracy / Putaway,P_DS004_008,Unconfirmed,Refund
QI00004375,ORD000126262,ITEM0000471053,DS004,SKU0104,Missing Item,362.9,Inventory Accuracy / Putaway,P_DS004_023,Unconfirmed,Replacement
QI00004376,ORD000126263,ITEM0000471058,DS004,SKU0189,Missing Item,229.27,Inventory Accuracy / Putaway,P_DS004_002,Unconfirmed,Replacement
QI00004377,ORD000126344,ITEM0000471328,DS004,SKU0055,Wrong Item,436.84,Shelf Placement / Picking Verification,P_DS004_014,Unconfirmed,Refund
QI00004378,ORD000126353,ITEM0000471359,DS004,SKU0136,Wrong Item,188.27,Picking,P_DS004_014,Unconfirmed,Replacement
QI00004379,ORD000126394,ITEM0000471515,DS004,SKU0296,Damaged Item,97.56,Putaway / Picking Handling,,Unconfirmed,Refund
QI00004380,ORD000126398,ITEM0000471531,DS004,SKU0046,Missing Item,368.27,Inventory Accuracy / Putaway,P_DS004_020,Unconfirmed,Replacement
QI00004381,ORD000126429,ITEM0000471647,DS004,SKU0125,Missing Item,219.9,Inventory Accuracy / Putaway,P_DS004_020,Unconfirmed,Refund
QI00004382,ORD000126435,ITEM0000471673,DS004,SKU0286,Missing Item,143.99,Inventory Accuracy / Putaway,P_DS004_014,Unconfirmed,Refund
QI00004383,ORD000126496,ITEM0000471890,DS004,SKU0025,Wrong Item,270.66,Shelf Placement / Picking Verification,P_DS004_023,Unconfirmed,Refund
QI00004384,ORD000126516,ITEM0000471964,DS004,SKU0206,Missing Item,332.76,Inventory Accuracy / Putaway,P_DS004_032,Unconfirmed,Refund
QI00004385,ORD000126531,ITEM0000472033,DS004,SKU0263,Missing Item,234.1,Inventory Accuracy / Putaway,P_DS004_014,Unconfirmed,Refund
QI00004386,ORD000126537,ITEM0000472057,DS004,SKU0106,Missing Item,232.87,Inventory Accuracy / Putaway,P_DS004_011,Unconfirmed,Refund
QI00004387,ORD000126550,ITEM0000472104,DS004,SKU0119,Missing Item,182.02,Inventory Accuracy / Putaway,P_DS004_017,Unconfirmed,Replacement
QI00004388,ORD000126562,ITEM0000472152,DS004,SKU0243,Missing Item,191.05,Inventory Accuracy / Putaway,P_DS004_014,Unconfirmed,Refund
QI00004389,ORD000126652,ITEM0000472489,DS004,SKU0093,Wrong Item,344.3,Picking,P_DS004_014,Unconfirmed,Refund
QI00004390,ORD000126658,ITEM0000472512,DS004,SKU0211,Damaged Item,305.02,Putaway / Picking Handling,,Unconfirmed,Refund
QI00004391,ORD000126749,ITEM0000472870,DS004,SKU0257,Damaged Item,288.34,Putaway / Picking Handling,,Unconfirmed,Replacement
QI00004392,ORD000126770,ITEM0000472942,DS004,SKU0021,Missing Item,387.42,Inventory Accuracy / Putaway,P_DS004_014,Unconfirmed,Replacement
QI00004393,ORD000126858,ITEM0000473284,DS004,SKU0119,Damaged Item,182.02,Putaway / Picking Handling,,Unconfirmed,Refund
QI00004394,ORD000126868,ITEM0000473326,DS004,SKU0209,Damaged Item,102.71,Putaway / Picking Handling,,Unconfirmed,Replacement
QI00004395,ORD000126877,ITEM0000473365,DS004,SKU0013,Wrong Item,286.53,Shelf Placement / Picking Verification,P_DS004_017,Unconfirmed,Replacement
QI00004396,ORD000126904,ITEM0000473483,DS004,SKU0247,Damaged Item,93.98,Putaway / Picking Handling,,Unconfirmed,Refund
QI00004397,ORD000126927,ITEM0000473569,DS004,SKU0029,Missing Item,49.37,Inventory Accuracy / Putaway,P_DS004_002,Unconfirmed,Refund
QI00004398,ORD000126934,ITEM0000473597,DS004,SKU0253,Missing Item,126.6,Inventory Accuracy / Putaway,P_DS004_008,Unconfirmed,Refund
QI00004399,ORD000126939,ITEM0000473611,DS004,SKU0105,Missing Item,272.14,Inventory Accuracy / Putaway,P_DS004_032,Unconfirmed,Refund
QI00004400,ORD000126954,ITEM0000473663,DS004,SKU0065,Wrong Item,21.72,Picking,P_DS004_017,Unconfirmed,Refund
QI00004401,ORD000126955,ITEM0000473670,DS004,SKU0291,Damaged Item,294.78,Putaway / Picking Handling,,Unconfirmed,Refund
QI00004402,ORD000126956,ITEM0000473676,DS004,SKU0012,Damaged Item,230.15,Putaway / Picking Handling,,Unconfirmed,Refund
QI00004403,ORD000126962,ITEM0000473694,DS004,SKU0104,Missing Item,181.45,Inventory Accuracy / Putaway,P_DS004_018,Unconfirmed,Refund
QI00004404,ORD000127024,ITEM0000473914,DS004,SKU0141,Missing Item,106.65,Inventory Accuracy / Putaway,P_DS004_017,Unconfirmed,Refund
QI00004405,ORD000127068,ITEM0000474081,DS004,SKU0236,Missing Item,277.44,Inventory Accuracy / Putaway,P_DS004_024,Unconfirmed,Refund
QI00004406,ORD000127132,ITEM0000474321,DS004,SKU0109,Missing Item,1152.68,Inventory Accuracy / Putaway,P_DS004_003,Unconfirmed,Replacement
QI00004407,ORD000127298,ITEM0000474915,DS004,SKU0130,Missing Item,44.48,Inventory Accuracy / Putaway,P_DS004_026,Unconfirmed,Refund
QI00004408,ORD000127322,ITEM0000475019,DS004,SKU0059,Wrong Item,336.59,Shelf Placement / Picking Verification,P_DS004_026,Unconfirmed,Replacement
QI00004409,ORD000127350,ITEM0000475115,DS004,SKU0021,Damaged Item,387.42,Putaway / Picking Handling,,Unconfirmed,Replacement
QI00004410,ORD000127370,ITEM0000475199,DS004,SKU0079,Wrong Item,452.12,Picking,P_DS004_027,Unconfirmed,Refund
QI00004411,ORD000127398,ITEM0000475314,DS004,SKU0227,Damaged Item,248.05,Putaway / Picking Handling,,Unconfirmed,Refund
QI00004412,ORD000127403,ITEM0000475335,DS004,SKU0021,Wrong Item,774.84,Picking,P_DS004_030,Unconfirmed,Refund
QI00004413,ORD000127500,ITEM0000475683,DS004,SKU0013,Missing Item,286.53,Inventory Accuracy / Putaway,P_DS004_006,Unconfirmed,Replacement
QI00004414,ORD000127522,ITEM0000475752,DS004,SKU0067,Wrong Item,241.76,Shelf Placement / Picking Verification,P_DS004_030,Unconfirmed,Refund
QI00004415,ORD000127576,ITEM0000475954,DS004,SKU0085,Wrong Item,1408.2,Picking,P_DS004_015,Unconfirmed,Refund
QI00004416,ORD000127613,ITEM0000476102,DS004,SKU0131,Missing Item,255.32,Inventory Accuracy / Putaway,P_DS004_006,Unconfirmed,Refund
QI00004417,ORD000127615,ITEM0000476112,DS004,SKU0273,Missing Item,303.86,Inventory Accuracy / Putaway,P_DS004_019,Unconfirmed,Refund
QI00004418,ORD000127650,ITEM0000476258,DS004,SKU0249,Missing Item,489.26,Inventory Accuracy / Putaway,P_DS004_005,Unconfirmed,Refund
QI00004419,ORD000127678,ITEM0000476366,DS004,SKU0076,Missing Item,267.05,Inventory Accuracy / Putaway,P_DS004_024,Unconfirmed,Refund
QI00004420,ORD000127686,ITEM0000476394,DS004,SKU0290,Wrong Item,416.48,Picking,P_DS004_018,Unconfirmed,Refund
QI00004421,ORD000127720,ITEM0000476513,DS004,SKU0062,Damaged Item,334.2,Putaway / Picking Handling,,Unconfirmed,Refund
QI00004422,ORD000127747,ITEM0000476613,DS004,SKU0193,Missing Item,323.59,Inventory Accuracy / Putaway,P_DS004_021,Unconfirmed,Refund
QI00004423,ORD000127791,ITEM0000476771,DS004,SKU0042,Damaged Item,606.5,Putaway / Picking Handling,,Unconfirmed,Refund
QI00004424,ORD000127794,ITEM0000476780,DS004,SKU0269,Damaged Item,399.24,Putaway / Picking Handling,,Unconfirmed,Refund
QI00004425,ORD000127857,ITEM0000477029,DS004,SKU0131,Wrong Item,255.32,Picking,P_DS004_018,Unconfirmed,Refund
QI00004426,ORD000127886,ITEM0000477140,DS004,SKU0165,Missing Item,276.15,Inventory Accuracy / Putaway,P_DS004_021,Unconfirmed,Refund
QI00004427,ORD000127890,ITEM0000477159,DS004,SKU0281,Damaged Item,528.78,Putaway / Picking Handling,,Unconfirmed,Refund
QI00004428,ORD000127956,ITEM0000477375,DS004,SKU0085,Missing Item,938.8,Inventory Accuracy / Putaway,P_DS004_021,Unconfirmed,Replacement
QI00004429,ORD000127970,ITEM0000477436,DS004,SKU0136,Wrong Item,188.27,Picking,P_DS004_006,Unconfirmed,Refund
QI00004430,ORD000127993,ITEM0000477515,DS004,SKU0260,Damaged Item,284.17,Putaway / Picking Handling,,Unconfirmed,Refund
QI00004431,ORD000128105,ITEM0000477910,DS004,SKU0119,Damaged Item,182.02,Putaway / Picking Handling,,Unconfirmed,Replacement
QI00004432,ORD000128119,ITEM0000477960,DS004,SKU0063,Damaged Item,189.87,Putaway / Picking Handling,,Unconfirmed,Refund
QI00004433,ORD000128184,ITEM0000478204,DS004,SKU0208,Damaged Item,40.91,Putaway / Picking Handling,,Unconfirmed,Refund
QI00004434,ORD000128200,ITEM0000478258,DS004,SKU0210,Damaged Item,347.55,Putaway / Picking Handling,,Unconfirmed,Refund
QI00004435,ORD000128216,ITEM0000478319,DS004,SKU0090,Missing Item,260.5,Inventory Accuracy / Putaway,P_DS004_003,Unconfirmed,Refund
QI00004436,ORD000128259,ITEM0000478491,DS004,SKU0148,Missing Item,347.32,Inventory Accuracy / Putaway,P_DS004_003,Unconfirmed,Refund
QI00004437,ORD000128263,ITEM0000478509,DS004,SKU0034,Wrong Item,503.2,Picking,P_DS004_024,Unconfirmed,Replacement
QI00004438,ORD000128283,ITEM0000478578,DS004,SKU0247,Wrong Item,187.96,Picking,P_DS004_015,Unconfirmed,Replacement
QI00004439,ORD000128335,ITEM0000478759,DS004,SKU0160,Missing Item,431.6,Inventory Accuracy / Putaway,P_DS004_018,Unconfirmed,Refund
QI00004440,ORD000128343,ITEM0000478784,DS004,SKU0166,Missing Item,493.94,Inventory Accuracy / Putaway,P_DS004_006,Unconfirmed,Refund
QI00004441,ORD000128376,ITEM0000478905,DS004,SKU0063,Missing Item,379.74,Inventory Accuracy / Putaway,P_DS004_019,Unconfirmed,Refund
QI00004442,ORD000128411,ITEM0000479034,DS004,SKU0119,Missing Item,364.04,Inventory Accuracy / Putaway,P_DS004_031,Unconfirmed,Refund
QI00004443,ORD000128452,ITEM0000479167,DS004,SKU0185,Damaged Item,98.45,Putaway / Picking Handling,,Unconfirmed,Refund
QI00004444,ORD000128470,ITEM0000479236,DS004,SKU0253,Missing Item,253.2,Inventory Accuracy / Putaway,P_DS004_007,Unconfirmed,Refund
QI00004445,ORD000128501,ITEM0000479357,DS004,SKU0200,Missing Item,324.5,Inventory Accuracy / Putaway,P_DS004_028,Unconfirmed,Refund
QI00004446,ORD000128503,ITEM0000479365,DS004,SKU0130,Missing Item,44.48,Inventory Accuracy / Putaway,P_DS004_005,Unconfirmed,Refund
QI00004447,ORD000128510,ITEM0000479397,DS004,SKU0134,Missing Item,135.87,Inventory Accuracy / Putaway,P_DS004_019,Unconfirmed,Refund
QI00004448,ORD000128545,ITEM0000479519,DS004,SKU0036,Missing Item,501.4,Inventory Accuracy / Putaway,P_DS004_035,Unconfirmed,Replacement
QI00004449,ORD000128549,ITEM0000479533,DS004,SKU0141,Missing Item,106.65,Inventory Accuracy / Putaway,P_DS004_002,Unconfirmed,Refund
QI00004450,ORD000128634,ITEM0000479836,DS004,SKU0011,Missing Item,85.7,Inventory Accuracy / Putaway,P_DS004_014,Unconfirmed,Replacement
QI00004451,ORD000128651,ITEM0000479903,DS004,SKU0127,Missing Item,229.21,Inventory Accuracy / Putaway,P_DS004_023,Unconfirmed,Refund
QI00004452,ORD000128753,ITEM0000480277,DS004,SKU0153,Missing Item,134.94,Inventory Accuracy / Putaway,P_DS004_023,Unconfirmed,Refund
QI00004453,ORD000128789,ITEM0000480421,DS004,SKU0168,Missing Item,40.45,Inventory Accuracy / Putaway,P_DS004_011,Unconfirmed,Replacement
QI00004454,ORD000128797,ITEM0000480446,DS004,SKU0264,Missing Item,26.89,Inventory Accuracy / Putaway,P_DS004_032,Unconfirmed,Refund
QI00004455,ORD000128798,ITEM0000480454,DS004,SKU0081,Missing Item,87.92,Inventory Accuracy / Putaway,P_DS004_026,Unconfirmed,Refund
QI00004456,ORD000128811,ITEM0000480501,DS004,SKU0165,Wrong Item,276.15,Picking,P_DS004_008,Unconfirmed,Refund
QI00004457,ORD000128835,ITEM0000480594,DS004,SKU0090,Damaged Item,521.0,Putaway / Picking Handling,,Unconfirmed,Replacement
QI00004458,ORD000128836,ITEM0000480599,DS004,SKU0257,Wrong Item,288.34,Picking,P_DS004_002,Unconfirmed,Replacement
QI00004459,ORD000128873,ITEM0000480734,DS004,SKU0168,Missing Item,121.35,Inventory Accuracy / Putaway,P_DS004_005,Unconfirmed,Refund
QI00004460,ORD000128956,ITEM0000481050,DS004,SKU0151,Wrong Item,103.12,Picking,P_DS004_035,Unconfirmed,Refund
QI00004461,ORD000128959,ITEM0000481067,DS004,SKU0028,Missing Item,414.17,Inventory Accuracy / Putaway,P_DS004_017,Unconfirmed,Replacement
QI00004462,ORD000129005,ITEM0000481237,DS004,SKU0056,Missing Item,234.62,Inventory Accuracy / Putaway,P_DS004_035,Unconfirmed,Replacement
QI00004463,ORD000129029,ITEM0000481322,DS004,SKU0274,Missing Item,764.52,Inventory Accuracy / Putaway,P_DS004_023,Unconfirmed,Refund
QI00004464,ORD000129079,ITEM0000481523,DS004,SKU0080,Missing Item,77.19,Inventory Accuracy / Putaway,P_DS004_008,Unconfirmed,Replacement
QI00004465,ORD000129153,ITEM0000481776,DS004,SKU0286,Wrong Item,143.99,Shelf Placement / Picking Verification,P_DS004_035,Unconfirmed,Refund
QI00004466,ORD000129170,ITEM0000481835,DS004,SKU0193,Missing Item,323.59,Inventory Accuracy / Putaway,P_DS004_023,Unconfirmed,Replacement
QI00004467,ORD000129198,ITEM0000481931,DS004,SKU0234,Missing Item,113.91,Inventory Accuracy / Putaway,P_DS004_017,Unconfirmed,Refund
QI00004468,ORD000129217,ITEM0000482001,DS004,SKU0141,Missing Item,106.65,Inventory Accuracy / Putaway,P_DS004_014,Unconfirmed,Refund
QI00004469,ORD000129236,ITEM0000482077,DS004,SKU0209,Missing Item,102.71,Inventory Accuracy / Putaway,P_DS004_032,Unconfirmed,Refund
QI00004470,ORD000129346,ITEM0000482458,DS004,SKU0222,Missing Item,117.02,Inventory Accuracy / Putaway,P_DS004_002,Unconfirmed,Refund
QI00004471,ORD000129442,ITEM0000482826,DS004,SKU0298,Wrong Item,158.44,Shelf Placement / Picking Verification,P_DS004_023,Unconfirmed,Refund
QI00004472,ORD000129480,ITEM0000482954,DS004,SKU0171,Missing Item,69.18,Inventory Accuracy / Putaway,P_DS004_023,Unconfirmed,Refund
QI00004473,ORD000129495,ITEM0000483005,DS004,SKU0022,Missing Item,446.03,Inventory Accuracy / Putaway,P_DS004_014,Unconfirmed,Refund
QI00004474,ORD000129498,ITEM0000483014,DS004,SKU0180,Missing Item,74.68,Inventory Accuracy / Putaway,P_DS004_002,Unconfirmed,Refund
QI00004475,ORD000129570,ITEM0000483257,DS004,SKU0185,Missing Item,98.45,Inventory Accuracy / Putaway,P_DS004_029,Unconfirmed,Refund
QI00004476,ORD000129576,ITEM0000483276,DS004,SKU0013,Damaged Item,573.06,Putaway / Picking Handling,,Unconfirmed,Refund
QI00004477,ORD000129598,ITEM0000483362,DS004,SKU0013,Wrong Item,573.06,Shelf Placement / Picking Verification,P_DS004_026,Unconfirmed,Replacement
QI00004478,ORD000129598,ITEM0000483365,DS004,SKU0015,Damaged Item,159.48,Putaway / Picking Handling,,Unconfirmed,Refund
QI00004479,ORD000129608,ITEM0000483399,DS004,SKU0173,Wrong Item,225.84,Picking,P_DS004_029,Unconfirmed,Refund
QI00004480,ORD000129651,ITEM0000483568,DS004,SKU0038,Missing Item,420.41,Inventory Accuracy / Putaway,P_DS004_003,Unconfirmed,Replacement
QI00004481,ORD000129669,ITEM0000483635,DS004,SKU0119,Damaged Item,182.02,Putaway / Picking Handling,,Unconfirmed,Refund
QI00004482,ORD000129673,ITEM0000483649,DS004,SKU0063,Missing Item,379.74,Inventory Accuracy / Putaway,P_DS004_009,Unconfirmed,Refund
QI00004483,ORD000129748,ITEM0000483922,DS004,SKU0005,Missing Item,321.98,Inventory Accuracy / Putaway,P_DS004_021,Unconfirmed,Refund
QI00004484,ORD000129774,ITEM0000484030,DS004,SKU0105,Wrong Item,544.28,Shelf Placement / Picking Verification,P_DS004_021,Unconfirmed,Refund
QI00004485,ORD000129809,ITEM0000484145,DS004,SKU0099,Missing Item,325.38,Inventory Accuracy / Putaway,P_DS004_009,Unconfirmed,Replacement
QI00004486,ORD000129840,ITEM0000484255,DS004,SKU0134,Missing Item,135.87,Inventory Accuracy / Putaway,P_DS004_015,Unconfirmed,Refund
QI00004487,ORD000129861,ITEM0000484328,DS004,SKU0085,Missing Item,469.4,Inventory Accuracy / Putaway,P_DS004_009,Unconfirmed,Refund
QI00004488,ORD000129862,ITEM0000484335,DS004,SKU0290,Missing Item,416.48,Inventory Accuracy / Putaway,P_DS004_024,Unconfirmed,Refund
QI00004489,ORD000129917,ITEM0000484569,DS004,SKU0057,Missing Item,229.0,Inventory Accuracy / Putaway,P_DS004_018,Unconfirmed,Refund
QI00004490,ORD000129924,ITEM0000484597,DS004,SKU0018,Missing Item,292.04,Inventory Accuracy / Putaway,P_DS004_033,Unconfirmed,Replacement
QI00004491,ORD000129960,ITEM0000484731,DS004,SKU0128,Missing Item,78.55,Inventory Accuracy / Putaway,P_DS004_024,Unconfirmed,Refund
QI00004492,ORD000129965,ITEM0000484751,DS004,SKU0104,Missing Item,181.45,Inventory Accuracy / Putaway,P_DS004_033,Unconfirmed,Refund
QI00004493,ORD000130007,ITEM0000484912,DS004,SKU0081,Wrong Item,43.96,Picking,P_DS004_009,Unconfirmed,Refund
QI00004494,ORD000130130,ITEM0000485377,DS004,SKU0070,Missing Item,78.06,Inventory Accuracy / Putaway,P_DS004_013,Unconfirmed,Refund
QI00004495,ORD000130131,ITEM0000485381,DS004,SKU0025,Wrong Item,541.32,Shelf Placement / Picking Verification,P_DS004_033,Unconfirmed,Replacement
QI00004496,ORD000130160,ITEM0000485487,DS004,SKU0160,Missing Item,215.8,Inventory Accuracy / Putaway,P_DS004_033,Unconfirmed,Refund
QI00004497,ORD000130166,ITEM0000485512,DS004,SKU0193,Missing Item,647.18,Inventory Accuracy / Putaway,P_DS004_024,Unconfirmed,Replacement
QI00004498,ORD000130200,ITEM0000485643,DS004,SKU0245,Missing Item,561.74,Inventory Accuracy / Putaway,P_DS004_015,Unconfirmed,Refund
QI00004499,ORD000130236,ITEM0000485776,DS004,SKU0085,Missing Item,938.8,Inventory Accuracy / Putaway,P_DS004_012,Unconfirmed,Refund
QI00004500,ORD000130256,ITEM0000485843,DS004,SKU0071,Damaged Item,241.58,Putaway / Picking Handling,,Unconfirmed,Replacement
QI00004501,ORD000130340,ITEM0000486153,DS004,SKU0051,Missing Item,50.3,Inventory Accuracy / Putaway,P_DS004_003,Unconfirmed,Refund
QI00004502,ORD000130349,ITEM0000486186,DS004,SKU0261,Missing Item,312.68,Inventory Accuracy / Putaway,P_DS004_033,Unconfirmed,Refund
QI00004503,ORD000130369,ITEM0000486267,DS004,SKU0212,Missing Item,64.87,Inventory Accuracy / Putaway,P_DS004_027,Unconfirmed,Refund
QI00004504,ORD000130376,ITEM0000486294,DS004,SKU0021,Missing Item,387.42,Inventory Accuracy / Putaway,P_DS004_021,Unconfirmed,Replacement
QI00004505,ORD000130489,ITEM0000486719,DS004,SKU0197,Damaged Item,260.58,Putaway / Picking Handling,,Unconfirmed,Refund
QI00004506,ORD000130525,ITEM0000486840,DS004,SKU0148,Missing Item,347.32,Inventory Accuracy / Putaway,P_DS004_003,Unconfirmed,Refund
QI00004507,ORD000130574,ITEM0000487020,DS004,SKU0034,Missing Item,251.6,Inventory Accuracy / Putaway,P_DS004_033,Unconfirmed,Replacement
QI00004508,ORD000130608,ITEM0000487153,DS004,SKU0264,Wrong Item,53.78,Picking,P_DS004_024,Unconfirmed,Replacement
QI00004509,ORD000130627,ITEM0000487239,DS004,SKU0182,Wrong Item,142.83,Picking,P_DS004_021,Unconfirmed,Refund
QI00004510,ORD000130647,ITEM0000487323,DS004,SKU0119,Wrong Item,364.04,Picking,P_DS004_024,Unconfirmed,Refund
QI00004511,ORD000130679,ITEM0000487427,DS004,SKU0011,Missing Item,85.7,Inventory Accuracy / Putaway,P_DS004_021,Unconfirmed,Refund
QI00004512,ORD000130781,ITEM0000487830,DS004,SKU0225,Missing Item,138.75,Inventory Accuracy / Putaway,P_DS004_024,Unconfirmed,Refund
QI00004513,ORD000130814,ITEM0000487963,DS004,SKU0183,Wrong Item,284.0,Picking,P_DS004_009,Unconfirmed,Refund
QI00004514,ORD000130846,ITEM0000488083,DS004,SKU0074,Wrong Item,467.08,Picking,P_DS004_015,Unconfirmed,Refund
QI00004515,ORD000130849,ITEM0000488091,DS004,SKU0015,Missing Item,159.48,Inventory Accuracy / Putaway,P_DS004_012,Unconfirmed,Replacement
QI00004516,ORD000130863,ITEM0000488141,DS004,SKU0134,Damaged Item,135.87,Putaway / Picking Handling,,Unconfirmed,Refund
QI00004517,ORD000130880,ITEM0000488202,DS004,SKU0130,Damaged Item,44.48,Putaway / Picking Handling,,Unconfirmed,Refund
QI00004518,ORD000130924,ITEM0000488393,DS004,SKU0141,Missing Item,106.65,Inventory Accuracy / Putaway,P_DS004_019,Unconfirmed,Refund
QI00004519,ORD000130935,ITEM0000488434,DS004,SKU0191,Missing Item,659.63,Inventory Accuracy / Putaway,P_DS004_025,Unconfirmed,Replacement
QI00004520,ORD000130954,ITEM0000488512,DS004,SKU0115,Damaged Item,283.76,Putaway / Picking Handling,,Unconfirmed,Refund
QI00004521,ORD000130961,ITEM0000488538,DS004,SKU0234,Wrong Item,227.82,Picking,P_DS004_034,Unconfirmed,Replacement
QI00004522,ORD000130982,ITEM0000488627,DS004,SKU0035,Wrong Item,311.65,Picking,P_DS004_004,Unconfirmed,Refund
QI00004523,ORD000130987,ITEM0000488648,DS004,SKU0200,Damaged Item,324.5,Putaway / Picking Handling,,Unconfirmed,Replacement
QI00004524,ORD000131071,ITEM0000488988,DS004,SKU0119,Damaged Item,364.04,Putaway / Picking Handling,,Unconfirmed,Refund
QI00004525,ORD000131110,ITEM0000489122,DS004,SKU0040,Damaged Item,82.14,Putaway / Picking Handling,,Unconfirmed,Refund
QI00004526,ORD000131143,ITEM0000489253,DS004,SKU0181,Missing Item,412.97,Inventory Accuracy / Putaway,P_DS004_011,Unconfirmed,Refund
QI00004527,ORD000131220,ITEM0000489557,DS004,SKU0226,Damaged Item,45.28,Putaway / Picking Handling,,Unconfirmed,Refund
QI00004528,ORD000131261,ITEM0000489708,DS004,SKU0249,Missing Item,489.26,Inventory Accuracy / Putaway,P_DS004_032,Unconfirmed,Refund
QI00004529,ORD000131264,ITEM0000489716,DS004,SKU0298,Wrong Item,79.22,Shelf Placement / Picking Verification,P_DS004_017,Unconfirmed,Replacement
QI00004530,ORD000131273,ITEM0000489758,DS004,SKU0191,Missing Item,659.63,Inventory Accuracy / Putaway,P_DS004_002,Unconfirmed,Refund
QI00004531,ORD000131281,ITEM0000489793,DS004,SKU0090,Missing Item,260.5,Inventory Accuracy / Putaway,P_DS004_005,Unconfirmed,Replacement
QI00004532,ORD000131282,ITEM0000489797,DS004,SKU0173,Damaged Item,225.84,Putaway / Picking Handling,,Unconfirmed,Refund
QI00004533,ORD000131283,ITEM0000489802,DS004,SKU0083,Missing Item,163.73,Inventory Accuracy / Putaway,P_DS004_026,Unconfirmed,Refund
QI00004534,ORD000131304,ITEM0000489876,DS004,SKU0018,Damaged Item,584.08,Rider Handling / Last Mile,,Unconfirmed,Replacement
QI00004535,ORD000131309,ITEM0000489895,DS004,SKU0075,Wrong Item,143.63,Shelf Placement / Picking Verification,P_DS004_026,Unconfirmed,Refund
QI00004536,ORD000131367,ITEM0000490088,DS004,SKU0024,Missing Item,740.12,Inventory Accuracy / Putaway,P_DS004_029,Unconfirmed,Replacement
QI00004537,ORD000131385,ITEM0000490157,DS004,SKU0244,Damaged Item,67.15,Rider Handling / Last Mile,,Unconfirmed,Refund
QI00004538,ORD000131429,ITEM0000490318,DS004,SKU0150,Damaged Item,178.21,Putaway / Picking Handling,,Unconfirmed,Refund
QI00004539,ORD000131432,ITEM0000490332,DS004,SKU0005,Damaged Item,643.96,Putaway / Picking Handling,,Unconfirmed,Refund
QI00004540,ORD000131433,ITEM0000490336,DS004,SKU0013,Wrong Item,286.53,Shelf Placement / Picking Verification,P_DS004_032,Unconfirmed,Refund
QI00004541,ORD000131440,ITEM0000490368,DS004,SKU0115,Damaged Item,141.88,Putaway / Picking Handling,,Unconfirmed,Replacement
QI00004542,ORD000131454,ITEM0000490425,DS004,SKU0269,Damaged Item,399.24,Putaway / Picking Handling,,Unconfirmed,Refund
QI00004543,ORD000131477,ITEM0000490516,DS004,SKU0160,Missing Item,215.8,Inventory Accuracy / Putaway,P_DS004_023,Unconfirmed,Replacement
QI00004544,ORD000131489,ITEM0000490558,DS004,SKU0298,Wrong Item,79.22,Shelf Placement / Picking Verification,P_DS004_020,Unconfirmed,Refund
QI00004545,ORD000131522,ITEM0000490681,DS004,SKU0092,Missing Item,230.52,Inventory Accuracy / Putaway,P_DS004_023,Unconfirmed,Refund
QI00004546,ORD000131600,ITEM0000490981,DS004,SKU0084,Wrong Item,111.02,Shelf Placement / Picking Verification,P_DS004_017,Unconfirmed,Refund
QI00004547,ORD000131634,ITEM0000491115,DS004,SKU0151,Damaged Item,206.24,Putaway / Picking Handling,,Unconfirmed,Refund
QI00004548,ORD000131678,ITEM0000491274,DS004,SKU0269,Damaged Item,798.48,Putaway / Picking Handling,,Unconfirmed,Refund
QI00004549,ORD000131723,ITEM0000491437,DS004,SKU0243,Missing Item,191.05,Inventory Accuracy / Putaway,P_DS004_017,Unconfirmed,Refund
QI00004550,ORD000131738,ITEM0000491487,DS004,SKU0085,Missing Item,469.4,Inventory Accuracy / Putaway,P_DS004_020,Unconfirmed,Refund
QI00004551,ORD000131767,ITEM0000491589,DS004,SKU0266,Missing Item,218.79,Inventory Accuracy / Putaway,P_DS004_017,Unconfirmed,Refund
QI00004552,ORD000131774,ITEM0000491613,DS004,SKU0103,Missing Item,309.26,Inventory Accuracy / Putaway,P_DS004_020,Unconfirmed,Replacement
QI00004553,ORD000131795,ITEM0000491694,DS004,SKU0108,Missing Item,205.48,Inventory Accuracy / Putaway,P_DS004_005,Unconfirmed,Refund
QI00004554,ORD000131817,ITEM0000491770,DS004,SKU0220,Damaged Item,547.83,Putaway / Picking Handling,,Unconfirmed,Refund
QI00004555,ORD000131834,ITEM0000491849,DS004,SKU0141,Missing Item,106.65,Inventory Accuracy / Putaway,P_DS004_029,Unconfirmed,Refund
QI00004556,ORD000131853,ITEM0000491912,DS004,SKU0022,Wrong Item,446.03,Picking,P_DS004_005,Unconfirmed,Refund
QI00004557,ORD000131875,ITEM0000491989,DS004,SKU0175,Missing Item,137.34,Inventory Accuracy / Putaway,P_DS004_023,Unconfirmed,Refund
QI00004558,ORD000131878,ITEM0000492000,DS004,SKU0173,Wrong Item,225.84,Picking,P_DS004_017,Unconfirmed,Replacement
QI00004559,ORD000131889,ITEM0000492048,DS004,SKU0141,Missing Item,106.65,Inventory Accuracy / Putaway,P_DS004_020,Unconfirmed,Replacement
QI00004560,ORD000131901,ITEM0000492088,DS004,SKU0026,Missing Item,132.27,Inventory Accuracy / Putaway,P_DS004_017,Unconfirmed,Replacement
QI00004561,ORD000131969,ITEM0000492330,DS004,SKU0281,Wrong Item,528.78,Shelf Placement / Picking Verification,P_DS004_023,Unconfirmed,Replacement
QI00004562,ORD000131977,ITEM0000492365,DS004,SKU0181,Missing Item,412.97,Inventory Accuracy / Putaway,P_DS004_020,Unconfirmed,Refund
QI00004563,ORD000131977,ITEM0000492366,DS004,SKU0167,Missing Item,208.98,Inventory Accuracy / Putaway,P_DS004_020,Unconfirmed,Refund
QI00004564,ORD000131979,ITEM0000492376,DS004,SKU0256,Damaged Item,208.54,Rider Handling / Last Mile,,Unconfirmed,Replacement
QI00004565,ORD000132036,ITEM0000492582,DS004,SKU0062,Damaged Item,668.4,Rider Handling / Last Mile,,Unconfirmed,Refund
QI00004566,ORD000132102,ITEM0000492830,DS004,SKU0219,Missing Item,344.59,Inventory Accuracy / Putaway,P_DS004_032,Unconfirmed,Refund
QI00004567,ORD000132113,ITEM0000492879,DS004,SKU0198,Missing Item,353.83,Inventory Accuracy / Putaway,P_DS004_026,Unconfirmed,Refund
QI00004568,ORD000132114,ITEM0000492882,DS004,SKU0021,Missing Item,387.42,Inventory Accuracy / Putaway,P_DS004_023,Unconfirmed,Replacement
QI00004569,ORD000132131,ITEM0000492941,DS004,SKU0097,Missing Item,183.02,Inventory Accuracy / Putaway,P_DS004_011,Unconfirmed,Replacement
QI00004570,ORD000132134,ITEM0000492957,DS004,SKU0173,Damaged Item,451.68,Putaway / Picking Handling,,Unconfirmed,Replacement
QI00004571,ORD000132134,ITEM0000492958,DS004,SKU0203,Missing Item,130.42,Inventory Accuracy / Putaway,P_DS004_029,Unconfirmed,Refund
QI00004572,ORD000132135,ITEM0000492961,DS004,SKU0130,Missing Item,44.48,Inventory Accuracy / Putaway,P_DS004_032,Unconfirmed,Refund
QI00004573,ORD000132155,ITEM0000493039,DS004,SKU0158,Wrong Item,145.24,Picking,P_DS004_032,Unconfirmed,Refund
QI00004574,ORD000132164,ITEM0000493072,DS004,SKU0180,Wrong Item,74.68,Picking,P_DS004_029,Unconfirmed,Refund
QI00004575,ORD000132224,ITEM0000493271,DS004,SKU0115,Damaged Item,283.76,Putaway / Picking Handling,,Unconfirmed,Refund
QI00004576,ORD000132234,ITEM0000493309,DS004,SKU0273,Missing Item,303.86,Inventory Accuracy / Putaway,P_DS004_032,Unconfirmed,Refund
QI00004577,ORD000132237,ITEM0000493321,DS004,SKU0158,Damaged Item,145.24,Putaway / Picking Handling,,Unconfirmed,Replacement
QI00004578,ORD000132301,ITEM0000493539,DS004,SKU0013,Wrong Item,573.06,Shelf Placement / Picking Verification,P_DS004_017,Unconfirmed,Refund
QI00004579,ORD000132317,ITEM0000493603,DS004,SKU0081,Damaged Item,131.88,Rider Handling / Last Mile,,Unconfirmed,Refund
QI00004580,ORD000132385,ITEM0000493851,DS004,SKU0291,Missing Item,294.78,Inventory Accuracy / Putaway,P_DS004_027,Unconfirmed,Refund
QI00004581,ORD000132407,ITEM0000493928,DS004,SKU0232,Damaged Item,548.22,Putaway / Picking Handling,,Unconfirmed,Refund
QI00004582,ORD000132432,ITEM0000494021,DS004,SKU0166,Wrong Item,987.88,Shelf Placement / Picking Verification,P_DS004_009,Unconfirmed,Replacement
QI00004583,ORD000132450,ITEM0000494101,DS004,SKU0240,Damaged Item,71.04,Putaway / Picking Handling,,Unconfirmed,Replacement
QI00004584,ORD000132472,ITEM0000494190,DS004,SKU0151,Damaged Item,103.12,Putaway / Picking Handling,,Unconfirmed,Refund
QI00004585,ORD000132472,ITEM0000494192,DS004,SKU0209,Missing Item,205.42,Inventory Accuracy / Putaway,P_DS004_009,Unconfirmed,Refund
QI00004586,ORD000132518,ITEM0000494355,DS004,SKU0198,Missing Item,353.83,Inventory Accuracy / Putaway,P_DS004_009,Unconfirmed,Refund
QI00004587,ORD000132562,ITEM0000494523,DS004,SKU0185,Wrong Item,98.45,Shelf Placement / Picking Verification,P_DS004_009,Unconfirmed,Refund
QI00004588,ORD000132604,ITEM0000494680,DS004,SKU0016,Damaged Item,206.66,Putaway / Picking Handling,,Unconfirmed,Refund
QI00004589,ORD000132649,ITEM0000494859,DS004,SKU0064,Missing Item,344.62,Inventory Accuracy / Putaway,P_DS004_024,Unconfirmed,Refund
QI00004590,ORD000132658,ITEM0000494893,DS004,SKU0201,Damaged Item,81.18,Putaway / Picking Handling,,Unconfirmed,Refund
QI00004591,ORD000132661,ITEM0000494902,DS004,SKU0015,Damaged Item,318.96,Putaway / Picking Handling,,Unconfirmed,Refund
QI00004592,ORD000132715,ITEM0000495115,DS004,SKU0094,Missing Item,275.16,Inventory Accuracy / Putaway,P_DS004_006,Unconfirmed,Refund
QI00004593,ORD000132725,ITEM0000495162,DS004,SKU0051,Missing Item,25.15,Inventory Accuracy / Putaway,P_DS004_006,Unconfirmed,Refund
QI00004594,ORD000132827,ITEM0000495520,DS004,SKU0064,Missing Item,344.62,Inventory Accuracy / Putaway,P_DS004_015,Unconfirmed,Replacement
QI00004595,ORD000132909,ITEM0000495837,DS004,SKU0158,Missing Item,145.24,Inventory Accuracy / Putaway,P_DS004_027,Unconfirmed,Refund
QI00004596,ORD000132926,ITEM0000495907,DS004,SKU0201,Damaged Item,81.18,Putaway / Picking Handling,,Unconfirmed,Refund
QI00004597,ORD000132934,ITEM0000495935,DS004,SKU0166,Damaged Item,493.94,Putaway / Picking Handling,,Unconfirmed,Refund
QI00004598,ORD000132969,ITEM0000496065,DS004,SKU0057,Missing Item,458.0,Inventory Accuracy / Putaway,P_DS004_015,Unconfirmed,Refund
QI00004599,ORD000132971,ITEM0000496075,DS004,SKU0170,Damaged Item,570.49,Putaway / Picking Handling,,Unconfirmed,Replacement
QI00004600,ORD000132998,ITEM0000496179,DS004,SKU0042,Damaged Item,1213.0,Putaway / Picking Handling,,Unconfirmed,Replacement
QI00004601,ORD000133086,ITEM0000496525,DS004,SKU0011,Missing Item,85.7,Inventory Accuracy / Putaway,P_DS004_024,Unconfirmed,Replacement
QI00004602,ORD000133091,ITEM0000496547,DS004,SKU0206,Damaged Item,166.38,Putaway / Picking Handling,,Unconfirmed,Refund
QI00004603,ORD000133119,ITEM0000496641,DS004,SKU0064,Damaged Item,344.62,Putaway / Picking Handling,,Unconfirmed,Replacement
QI00004604,ORD000133132,ITEM0000496693,DS004,SKU0094,Missing Item,137.58,Inventory Accuracy / Putaway,P_DS004_035,Unconfirmed,Replacement
QI00004605,ORD000133207,ITEM0000496993,DS004,SKU0252,Wrong Item,674.74,Picking,P_DS004_009,Unconfirmed,Replacement
QI00004606,ORD000133236,ITEM0000497112,DS004,SKU0095,Missing Item,112.56,Inventory Accuracy / Putaway,P_DS004_014,Unconfirmed,Refund
QI00004607,ORD000133239,ITEM0000497120,DS004,SKU0141,Missing Item,213.3,Inventory Accuracy / Putaway,P_DS004_012,Unconfirmed,Refund
QI00004608,ORD000133305,ITEM0000497367,DS004,SKU0116,Damaged Item,65.46,Putaway / Picking Handling,,Unconfirmed,Refund
QI00004609,ORD000133329,ITEM0000497453,DS004,SKU0054,Wrong Item,266.46,Shelf Placement / Picking Verification,P_DS004_012,Unconfirmed,Refund
QI00004610,ORD000133332,ITEM0000497467,DS004,SKU0057,Missing Item,458.0,Inventory Accuracy / Putaway,P_DS004_024,Unconfirmed,Refund
QI00004611,ORD000133428,ITEM0000497818,DS004,SKU0274,Wrong Item,764.52,Shelf Placement / Picking Verification,P_DS004_035,Unconfirmed,Refund
QI00004612,ORD000133526,ITEM0000498206,DS004,SKU0279,Missing Item,219.34,Inventory Accuracy / Putaway,P_DS004_014,Unconfirmed,Refund
QI00004613,ORD000133606,ITEM0000498510,DS004,SKU0272,Damaged Item,27.35,Putaway / Picking Handling,,Unconfirmed,Refund
QI00004614,ORD000133649,ITEM0000498675,DS004,SKU0131,Damaged Item,255.32,Putaway / Picking Handling,,Unconfirmed,Refund
QI00004615,ORD000133656,ITEM0000498701,DS004,SKU0264,Wrong Item,26.89,Picking,P_DS004_009,Unconfirmed,Replacement
QI00004616,ORD000133686,ITEM0000498800,DS004,SKU0193,Missing Item,647.18,Inventory Accuracy / Putaway,P_DS004_015,Unconfirmed,Refund
QI00004617,ORD000133700,ITEM0000498846,DS004,SKU0071,Missing Item,241.58,Inventory Accuracy / Putaway,P_DS004_006,Unconfirmed,Refund
QI00004618,ORD000133705,ITEM0000498867,DS004,SKU0176,Damaged Item,206.65,Rider Handling / Last Mile,,Unconfirmed,Refund
QI00004619,ORD000133746,ITEM0000499012,DS004,SKU0287,Damaged Item,193.29,Putaway / Picking Handling,,Unconfirmed,Refund
QI00004620,ORD000133761,ITEM0000499060,DS004,SKU0249,Damaged Item,489.26,Putaway / Picking Handling,,Unconfirmed,Refund
QI00004621,ORD000133777,ITEM0000499123,DS004,SKU0081,Damaged Item,87.92,Putaway / Picking Handling,,Unconfirmed,Refund
QI00004622,ORD000133783,ITEM0000499142,DS004,SKU0269,Damaged Item,399.24,Putaway / Picking Handling,,Unconfirmed,Replacement
QI00004623,ORD000133799,ITEM0000499200,DS004,SKU0051,Missing Item,25.15,Inventory Accuracy / Putaway,P_DS004_009,Unconfirmed,Refund
QI00004624,ORD000133818,ITEM0000499279,DS004,SKU0104,Missing Item,362.9,Inventory Accuracy / Putaway,P_DS004_006,Unconfirmed,Replacement
QI00004625,ORD000133867,ITEM0000499452,DS004,SKU0193,Damaged Item,323.59,Putaway / Picking Handling,,Unconfirmed,Refund
QI00004626,ORD000133909,ITEM0000499613,DS004,SKU0149,Missing Item,91.54,Inventory Accuracy / Putaway,P_DS004_013,Unconfirmed,Refund
QI00004627,ORD000133919,ITEM0000499653,DS004,SKU0185,Wrong Item,196.9,Shelf Placement / Picking Verification,P_DS004_016,Unconfirmed,Replacement
QI00004628,ORD000133919,ITEM0000499656,DS004,SKU0010,Missing Item,154.59,Inventory Accuracy / Putaway,P_DS004_016,Unconfirmed,Refund
QI00004629,ORD000133928,ITEM0000499689,DS004,SKU0277,Missing Item,745.62,Inventory Accuracy / Putaway,P_DS004_004,Unconfirmed,Refund
QI00004630,ORD000133934,ITEM0000499708,DS004,SKU0119,Damaged Item,364.04,Rider Handling / Last Mile,,Unconfirmed,Refund
QI00004631,ORD000133988,ITEM0000499902,DS004,SKU0296,Damaged Item,97.56,Putaway / Picking Handling,,Unconfirmed,Replacement
QI00004632,ORD000134030,ITEM0000500045,DS004,SKU0063,Missing Item,569.61,Inventory Accuracy / Putaway,P_DS004_025,Unconfirmed,Replacement
QI00004633,ORD000134067,ITEM0000500180,DS004,SKU0081,Missing Item,43.96,Inventory Accuracy / Putaway,P_DS004_016,Unconfirmed,Refund
QI00004634,ORD000134112,ITEM0000500333,DS004,SKU0013,Wrong Item,573.06,Shelf Placement / Picking Verification,P_DS004_005,Unconfirmed,Refund
QI00004635,ORD000134123,ITEM0000500373,DS004,SKU0222,Missing Item,58.51,Inventory Accuracy / Putaway,P_DS004_011,Unconfirmed,Refund
QI00004636,ORD000134169,ITEM0000500544,DS004,SKU0160,Missing Item,215.8,Inventory Accuracy / Putaway,P_DS004_017,Unconfirmed,Replacement
QI00004637,ORD000134203,ITEM0000500667,DS004,SKU0025,Wrong Item,541.32,Shelf Placement / Picking Verification,P_DS004_017,Unconfirmed,Refund
QI00004638,ORD000134204,ITEM0000500668,DS004,SKU0029,Damaged Item,49.37,Putaway / Picking Handling,,Unconfirmed,Refund
QI00004639,ORD000134206,ITEM0000500680,DS004,SKU0180,Damaged Item,37.34,Putaway / Picking Handling,,Unconfirmed,Replacement
QI00004640,ORD000134244,ITEM0000500835,DS004,SKU0063,Missing Item,379.74,Inventory Accuracy / Putaway,P_DS004_026,Unconfirmed,Replacement
QI00004641,ORD000134347,ITEM0000501201,DS004,SKU0151,Missing Item,103.12,Inventory Accuracy / Putaway,P_DS004_011,Unconfirmed,Refund
QI00004642,ORD000134349,ITEM0000501208,DS004,SKU0206,Missing Item,166.38,Inventory Accuracy / Putaway,P_DS004_023,Unconfirmed,Replacement
QI00004643,ORD000134350,ITEM0000501211,DS004,SKU0117,Missing Item,42.66,Inventory Accuracy / Putaway,P_DS004_002,Unconfirmed,Replacement
QI00004644,ORD000134363,ITEM0000501258,DS004,SKU0212,Missing Item,64.87,Inventory Accuracy / Putaway,P_DS004_017,Unconfirmed,Refund
QI00004645,ORD000134373,ITEM0000501296,DS004,SKU0134,Missing Item,135.87,Inventory Accuracy / Putaway,P_DS004_002,Unconfirmed,Refund
QI00004646,ORD000134556,ITEM0000501967,DS004,SKU0199,Missing Item,138.52,Inventory Accuracy / Putaway,P_DS004_020,Unconfirmed,Refund
QI00004647,ORD000134600,ITEM0000502115,DS004,SKU0012,Missing Item,460.3,Inventory Accuracy / Putaway,P_DS004_011,Unconfirmed,Refund
QI00004648,ORD000134602,ITEM0000502121,DS004,SKU0290,Wrong Item,832.96,Picking,P_DS004_035,Unconfirmed,Refund
QI00004649,ORD000134604,ITEM0000502126,DS004,SKU0100,Missing Item,382.9,Inventory Accuracy / Putaway,P_DS004_035,Unconfirmed,Refund
QI00004650,ORD000134641,ITEM0000502256,DS004,SKU0160,Missing Item,215.8,Inventory Accuracy / Putaway,P_DS004_035,Unconfirmed,Refund
QI00004651,ORD000134664,ITEM0000502340,DS004,SKU0249,Missing Item,489.26,Inventory Accuracy / Putaway,P_DS004_017,Unconfirmed,Refund
QI00004652,ORD000134704,ITEM0000502490,DS004,SKU0100,Missing Item,382.9,Inventory Accuracy / Putaway,P_DS004_002,Unconfirmed,Refund
QI00004653,ORD000134709,ITEM0000502507,DS004,SKU0183,Missing Item,426.0,Inventory Accuracy / Putaway,P_DS004_014,Unconfirmed,Replacement
QI00004654,ORD000134722,ITEM0000502563,DS004,SKU0013,Wrong Item,286.53,Shelf Placement / Picking Verification,P_DS004_035,Unconfirmed,Refund
QI00004655,ORD000134738,ITEM0000502626,DS004,SKU0026,Damaged Item,264.54,Putaway / Picking Handling,,Unconfirmed,Refund
QI00004656,ORD000134759,ITEM0000502705,DS004,SKU0021,Missing Item,387.42,Inventory Accuracy / Putaway,P_DS004_020,Unconfirmed,Refund
QI00004657,ORD000134791,ITEM0000502825,DS004,SKU0150,Missing Item,178.21,Inventory Accuracy / Putaway,P_DS004_005,Unconfirmed,Refund
QI00004658,ORD000134814,ITEM0000502915,DS004,SKU0269,Missing Item,399.24,Inventory Accuracy / Putaway,P_DS004_017,Unconfirmed,Refund
QI00004659,ORD000134832,ITEM0000502979,DS004,SKU0274,Damaged Item,764.52,Putaway / Picking Handling,,Unconfirmed,Replacement
QI00004660,ORD000134853,ITEM0000503050,DS004,SKU0115,Missing Item,141.88,Inventory Accuracy / Putaway,P_DS004_009,Unconfirmed,Replacement
QI00004661,ORD000134884,ITEM0000503161,DS004,SKU0074,Missing Item,233.54,Inventory Accuracy / Putaway,P_DS004_024,Unconfirmed,Refund
QI00004662,ORD000134918,ITEM0000503282,DS004,SKU0251,Missing Item,355.12,Inventory Accuracy / Putaway,P_DS004_024,Unconfirmed,Refund
QI00004663,ORD000134929,ITEM0000503320,DS004,SKU0253,Wrong Item,379.8,Picking,P_DS004_006,Unconfirmed,Replacement
QI00004664,ORD000134936,ITEM0000503348,DS004,SKU0193,Missing Item,647.18,Inventory Accuracy / Putaway,P_DS004_027,Unconfirmed,Refund
QI00004665,ORD000134972,ITEM0000503477,DS004,SKU0043,Missing Item,221.22,Inventory Accuracy / Putaway,P_DS004_003,Unconfirmed,Refund
QI00004666,ORD000134975,ITEM0000503489,DS004,SKU0071,Damaged Item,120.79,Putaway / Picking Handling,,Unconfirmed,Refund
QI00004667,ORD000134977,ITEM0000503501,DS004,SKU0048,Missing Item,290.12,Inventory Accuracy / Putaway,P_DS004_003,Unconfirmed,Refund
QI00004668,ORD000135002,ITEM0000503601,DS004,SKU0075,Missing Item,287.26,Inventory Accuracy / Putaway,P_DS004_021,Unconfirmed,Refund
QI00004669,ORD000135088,ITEM0000503950,DS004,SKU0038,Damaged Item,840.82,Putaway / Picking Handling,,Unconfirmed,Replacement
QI00004670,ORD000135112,ITEM0000504038,DS004,SKU0131,Missing Item,255.32,Inventory Accuracy / Putaway,P_DS004_003,Unconfirmed,Refund
QI00004671,ORD000135122,ITEM0000504071,DS004,SKU0183,Missing Item,284.0,Inventory Accuracy / Putaway,P_DS004_009,Unconfirmed,Refund
QI00004672,ORD000135150,ITEM0000504158,DS004,SKU0013,Missing Item,286.53,Inventory Accuracy / Putaway,P_DS004_021,Unconfirmed,Refund
QI00004673,ORD000135177,ITEM0000504253,DS004,SKU0203,Wrong Item,130.42,Picking,P_DS004_009,Unconfirmed,Refund
QI00004674,ORD000135200,ITEM0000504328,DS004,SKU0002,Wrong Item,261.16,Picking,P_DS004_024,Unconfirmed,Refund
QI00004675,ORD000135202,ITEM0000504337,DS004,SKU0141,Missing Item,213.3,Inventory Accuracy / Putaway,P_DS004_018,Unconfirmed,Replacement
QI00004676,ORD000135216,ITEM0000504388,DS004,SKU0128,Missing Item,78.55,Inventory Accuracy / Putaway,P_DS004_018,Unconfirmed,Replacement
QI00004677,ORD000135239,ITEM0000504472,DS004,SKU0296,Wrong Item,97.56,Picking,P_DS004_006,Unconfirmed,Replacement
QI00004678,ORD000135247,ITEM0000504502,DS004,SKU0057,Missing Item,229.0,Inventory Accuracy / Putaway,P_DS004_003,Unconfirmed,Refund
QI00004679,ORD000135262,ITEM0000504560,DS004,SKU0018,Damaged Item,584.08,Putaway / Picking Handling,,Unconfirmed,Refund
QI00004680,ORD000135290,ITEM0000504661,DS004,SKU0277,Missing Item,745.62,Inventory Accuracy / Putaway,P_DS004_033,Unconfirmed,Refund
QI00004681,ORD000135300,ITEM0000504703,DS004,SKU0007,Missing Item,166.16,Inventory Accuracy / Putaway,P_DS004_027,Unconfirmed,Replacement
QI00004682,ORD000135336,ITEM0000504848,DS004,SKU0113,Damaged Item,129.44,Putaway / Picking Handling,,Unconfirmed,Replacement
QI00004683,ORD000135341,ITEM0000504872,DS004,SKU0252,Wrong Item,337.37,Picking,P_DS004_006,Unconfirmed,Refund
QI00004684,ORD000135368,ITEM0000504976,DS004,SKU0102,Wrong Item,107.01,Picking,P_DS004_024,Unconfirmed,Replacement
QI00004685,ORD000135450,ITEM0000505294,DS004,SKU0084,Wrong Item,111.02,Shelf Placement / Picking Verification,P_DS004_024,Unconfirmed,Refund
QI00004686,ORD000135530,ITEM0000505594,DS004,SKU0227,Damaged Item,248.05,Putaway / Picking Handling,,Unconfirmed,Refund
QI00004687,ORD000135561,ITEM0000505701,DS004,SKU0064,Missing Item,344.62,Inventory Accuracy / Putaway,P_DS004_024,Unconfirmed,Replacement
QI00004688,ORD000135588,ITEM0000505795,DS004,SKU0073,Missing Item,152.37,Inventory Accuracy / Putaway,P_DS004_021,Unconfirmed,Replacement
QI00004689,ORD000135650,ITEM0000506028,DS004,SKU0287,Missing Item,193.29,Inventory Accuracy / Putaway,P_DS004_006,Unconfirmed,Replacement
QI00004690,ORD000135652,ITEM0000506033,DS004,SKU0148,Missing Item,347.32,Inventory Accuracy / Putaway,P_DS004_021,Unconfirmed,Refund
QI00004691,ORD000135655,ITEM0000506047,DS004,SKU0006,Missing Item,320.8,Inventory Accuracy / Putaway,P_DS004_006,Unconfirmed,Refund
QI00004692,ORD000135657,ITEM0000506058,DS004,SKU0019,Wrong Item,277.78,Picking,P_DS004_003,Unconfirmed,Refund
QI00004693,ORD000135663,ITEM0000506079,DS004,SKU0240,Wrong Item,71.04,Shelf Placement / Picking Verification,P_DS004_033,Unconfirmed,Refund
QI00004694,ORD000135739,ITEM0000506363,DS004,SKU0081,Damaged Item,43.96,Putaway / Picking Handling,,Unconfirmed,Refund
QI00004695,ORD000135750,ITEM0000506399,DS004,SKU0079,Damaged Item,226.06,Putaway / Picking Handling,,Unconfirmed,Refund
QI00004696,ORD000135755,ITEM0000506416,DS004,SKU0084,Wrong Item,111.02,Shelf Placement / Picking Verification,P_DS004_003,Unconfirmed,Refund
QI00004697,ORD000135761,ITEM0000506441,DS004,SKU0208,Missing Item,81.82,Inventory Accuracy / Putaway,P_DS004_021,Unconfirmed,Refund
QI00004698,ORD000135786,ITEM0000506541,DS004,SKU0118,Wrong Item,46.16,Picking,P_DS004_025,Unconfirmed,Replacement
QI00004699,ORD000135852,ITEM0000506774,DS004,SKU0019,Wrong Item,277.78,Picking,P_DS004_034,Unconfirmed,Refund
QI00004700,ORD000135882,ITEM0000506876,DS004,SKU0068,Damaged Item,183.41,Putaway / Picking Handling,,Unconfirmed,Replacement
QI00004701,ORD000135913,ITEM0000506987,DS004,SKU0079,Damaged Item,452.12,Rider Handling / Last Mile,,Unconfirmed,Refund
QI00004702,ORD000135931,ITEM0000507052,DS004,SKU0150,Missing Item,178.21,Inventory Accuracy / Putaway,P_DS004_013,Unconfirmed,Refund
QI00004703,ORD000135941,ITEM0000507092,DS004,SKU0070,Missing Item,78.06,Inventory Accuracy / Putaway,P_DS004_022,Unconfirmed,Replacement
QI00004704,ORD000135984,ITEM0000507260,DS004,SKU0231,Missing Item,34.56,Inventory Accuracy / Putaway,P_DS004_007,Unconfirmed,Refund
QI00004705,ORD000135986,ITEM0000507272,DS004,SKU0272,Missing Item,27.35,Inventory Accuracy / Putaway,P_DS004_032,Unconfirmed,Replacement
QI00004706,ORD000136117,ITEM0000507749,DS004,SKU0147,Missing Item,317.96,Inventory Accuracy / Putaway,P_DS004_032,Unconfirmed,Refund
QI00004707,ORD000136146,ITEM0000507868,DS004,SKU0152,Wrong Item,1212.82,Picking,P_DS004_014,Unconfirmed,Refund
QI00004708,ORD000136213,ITEM0000508142,DS004,SKU0141,Missing Item,106.65,Inventory Accuracy / Putaway,P_DS004_026,Unconfirmed,Replacement
QI00004709,ORD000136222,ITEM0000508184,DS004,SKU0176,Damaged Item,413.3,Putaway / Picking Handling,,Unconfirmed,Refund
QI00004710,ORD000136238,ITEM0000508238,DS004,SKU0160,Wrong Item,215.8,Shelf Placement / Picking Verification,P_DS004_032,Unconfirmed,Refund
QI00004711,ORD000136384,ITEM0000508773,DS004,SKU0160,Wrong Item,215.8,Shelf Placement / Picking Verification,P_DS004_029,Unconfirmed,Replacement
QI00004712,ORD000136404,ITEM0000508836,DS004,SKU0191,Missing Item,659.63,Inventory Accuracy / Putaway,P_DS004_020,Unconfirmed,Refund
QI00004713,ORD000136412,ITEM0000508873,DS004,SKU0285,Missing Item,512.06,Inventory Accuracy / Putaway,P_DS004_008,Unconfirmed,Refund
QI00004714,ORD000136438,ITEM0000508959,DS004,SKU0238,Missing Item,30.81,Inventory Accuracy / Putaway,P_DS004_011,Unconfirmed,Replacement
QI00004715,ORD000136460,ITEM0000509048,DS004,SKU0119,Damaged Item,182.02,Putaway / Picking Handling,,Unconfirmed,Refund
QI00004716,ORD000136484,ITEM0000509132,DS004,SKU0126,Missing Item,488.27,Inventory Accuracy / Putaway,P_DS004_005,Unconfirmed,Refund
QI00004717,ORD000136495,ITEM0000509183,DS004,SKU0104,Missing Item,362.9,Inventory Accuracy / Putaway,P_DS004_008,Unconfirmed,Refund
QI00004718,ORD000136568,ITEM0000509438,DS004,SKU0061,Wrong Item,378.62,Picking,P_DS004_026,Unconfirmed,Refund
QI00004719,ORD000136582,ITEM0000509493,DS004,SKU0015,Missing Item,318.96,Inventory Accuracy / Putaway,P_DS004_032,Unconfirmed,Replacement
QI00004720,ORD000136583,ITEM0000509504,DS004,SKU0195,Missing Item,613.68,Inventory Accuracy / Putaway,P_DS004_020,Unconfirmed,Replacement
QI00004721,ORD000136670,ITEM0000509829,DS004,SKU0261,Missing Item,625.36,Inventory Accuracy / Putaway,P_DS004_035,Unconfirmed,Refund
QI00004722,ORD000136672,ITEM0000509835,DS004,SKU0168,Missing Item,40.45,Inventory Accuracy / Putaway,P_DS004_035,Unconfirmed,Refund
QI00004723,ORD000136695,ITEM0000509915,DS004,SKU0291,Damaged Item,589.56,Putaway / Picking Handling,,Unconfirmed,Refund
QI00004724,ORD000136721,ITEM0000510003,DS004,SKU0229,Wrong Item,235.69,Shelf Placement / Picking Verification,P_DS004_032,Unconfirmed,Refund
QI00004725,ORD000136786,ITEM0000510251,DS004,SKU0111,Damaged Item,862.32,Putaway / Picking Handling,,Unconfirmed,Replacement
QI00004726,ORD000136807,ITEM0000510348,DS004,SKU0047,Missing Item,1160.62,Inventory Accuracy / Putaway,P_DS004_033,Unconfirmed,Refund
QI00004727,ORD000136813,ITEM0000510366,DS004,SKU0085,Damaged Item,938.8,Putaway / Picking Handling,,Unconfirmed,Refund
QI00004728,ORD000136820,ITEM0000510383,DS004,SKU0225,Missing Item,277.5,Inventory Accuracy / Putaway,P_DS004_029,Unconfirmed,Replacement
QI00004729,ORD000136845,ITEM0000510476,DS004,SKU0227,Damaged Item,496.1,Putaway / Picking Handling,,Unconfirmed,Refund
QI00004730,ORD000136904,ITEM0000510689,DS004,SKU0069,Missing Item,181.82,Inventory Accuracy / Putaway,P_DS004_027,Unconfirmed,Refund
QI00004731,ORD000136930,ITEM0000510786,DS004,SKU0280,Wrong Item,233.69,Picking,P_DS004_003,Unconfirmed,Replacement
QI00004732,ORD000136941,ITEM0000510832,DS004,SKU0013,Missing Item,286.53,Inventory Accuracy / Putaway,P_DS004_033,Unconfirmed,Replacement
QI00004733,ORD000136947,ITEM0000510853,DS004,SKU0084,Missing Item,111.02,Inventory Accuracy / Putaway,P_DS004_021,Unconfirmed,Refund
QI00004734,ORD000136950,ITEM0000510863,DS004,SKU0279,Missing Item,109.67,Inventory Accuracy / Putaway,P_DS004_024,Unconfirmed,Refund
QI00004735,ORD000136994,ITEM0000511034,DS004,SKU0193,Missing Item,647.18,Inventory Accuracy / Putaway,P_DS004_024,Unconfirmed,Refund
QI00004736,ORD000137099,ITEM0000511452,DS004,SKU0063,Wrong Item,379.74,Shelf Placement / Picking Verification,P_DS004_015,Unconfirmed,Refund
QI00004737,ORD000137110,ITEM0000511487,DS004,SKU0034,Missing Item,251.6,Inventory Accuracy / Putaway,P_DS004_033,Unconfirmed,Replacement
QI00004738,ORD000137125,ITEM0000511548,DS004,SKU0094,Missing Item,412.74,Inventory Accuracy / Putaway,P_DS004_033,Unconfirmed,Refund
QI00004739,ORD000137142,ITEM0000511611,DS004,SKU0063,Missing Item,189.87,Inventory Accuracy / Putaway,P_DS004_012,Unconfirmed,Replacement
QI00004740,ORD000137174,ITEM0000511735,DS004,SKU0120,Damaged Item,29.79,Putaway / Picking Handling,,Unconfirmed,Refund
QI00004741,ORD000137235,ITEM0000512000,DS004,SKU0256,Wrong Item,208.54,Picking,P_DS004_027,Unconfirmed,Refund
QI00004742,ORD000137236,ITEM0000512004,DS004,SKU0006,Wrong Item,320.8,Shelf Placement / Picking Verification,P_DS004_024,Unconfirmed,Replacement
QI00004743,ORD000137249,ITEM0000512054,DS004,SKU0066,Wrong Item,870.8,Picking,P_DS004_027,Unconfirmed,Refund
QI00004744,ORD000137257,ITEM0000512083,DS004,SKU0286,Damaged Item,143.99,Putaway / Picking Handling,,Unconfirmed,Refund
QI00004745,ORD000137267,ITEM0000512127,DS004,SKU0122,Missing Item,780.15,Inventory Accuracy / Putaway,P_DS004_027,Unconfirmed,Refund
QI00004746,ORD000137282,ITEM0000512190,DS004,SKU0154,Missing Item,456.23,Inventory Accuracy / Putaway,P_DS004_015,Unconfirmed,Refund
QI00004747,ORD000137329,ITEM0000512357,DS004,SKU0082,Damaged Item,434.28,Putaway / Picking Handling,,Unconfirmed,Refund
QI00004748,ORD000137357,ITEM0000512467,DS004,SKU0125,Wrong Item,109.95,Picking,P_DS004_024,Unconfirmed,Refund
QI00004749,ORD000137358,ITEM0000512469,DS004,SKU0128,Wrong Item,78.55,Picking,P_DS004_027,Unconfirmed,Replacement
QI00004750,ORD000137441,ITEM0000512744,DS004,SKU0244,Damaged Item,134.3,Putaway / Picking Handling,,Unconfirmed,Replacement
QI00004751,ORD000137477,ITEM0000512878,DS004,SKU0225,Damaged Item,138.75,Putaway / Picking Handling,,Unconfirmed,Refund
QI00004752,ORD000137482,ITEM0000512899,DS004,SKU0010,Damaged Item,154.59,Putaway / Picking Handling,,Unconfirmed,Refund
QI00004753,ORD000137506,ITEM0000512989,DS004,SKU0150,Missing Item,178.21,Inventory Accuracy / Putaway,P_DS004_024,Unconfirmed,Refund
QI00004754,ORD000137616,ITEM0000513418,DS004,SKU0232,Missing Item,548.22,Inventory Accuracy / Putaway,P_DS004_021,Unconfirmed,Replacement
QI00004755,ORD000137659,ITEM0000513591,DS004,SKU0092,Missing Item,230.52,Inventory Accuracy / Putaway,P_DS004_012,Unconfirmed,Refund
QI00004756,ORD000137728,ITEM0000513857,DS004,SKU0228,Missing Item,352.8,Inventory Accuracy / Putaway,P_DS004_027,Unconfirmed,Refund
QI00004757,ORD000137800,ITEM0000514139,DS004,SKU0062,Wrong Item,334.2,Shelf Placement / Picking Verification,P_DS004_003,Unconfirmed,Refund
QI00004758,ORD000137806,ITEM0000514164,DS004,SKU0011,Missing Item,85.7,Inventory Accuracy / Putaway,P_DS004_012,Unconfirmed,Replacement
QI00004759,ORD000137880,ITEM0000514434,DS004,SKU0274,Missing Item,382.26,Inventory Accuracy / Putaway,P_DS004_024,Unconfirmed,Refund
QI00004760,ORD000137895,ITEM0000514486,DS004,SKU0208,Missing Item,40.91,Inventory Accuracy / Putaway,P_DS004_027,Unconfirmed,Refund
QI00004761,ORD000137915,ITEM0000514558,DS004,SKU0061,Damaged Item,189.31,Putaway / Picking Handling,,Unconfirmed,Refund
QI00004762,ORD000137916,ITEM0000514560,DS004,SKU0034,Missing Item,251.6,Inventory Accuracy / Putaway,P_DS004_015,Unconfirmed,Refund
QI00004763,ORD000137935,ITEM0000514626,DS004,SKU0191,Damaged Item,659.63,Putaway / Picking Handling,,Unconfirmed,Refund
QI00004764,ORD000137956,ITEM0000514709,DS005,SKU0126,Missing Item,488.27,Inventory Accuracy / Putaway,P_DS005_013,Unconfirmed,Refund
QI00004765,ORD000137962,ITEM0000514731,DS005,SKU0266,Missing Item,437.58,Inventory Accuracy / Putaway,P_DS005_016,Unconfirmed,Refund
QI00004766,ORD000138006,ITEM0000514890,DS005,SKU0270,Missing Item,511.98,Inventory Accuracy / Putaway,P_DS005_004,Unconfirmed,Refund
QI00004767,ORD000138043,ITEM0000515028,DS005,SKU0176,Missing Item,206.65,Inventory Accuracy / Putaway,P_DS005_013,Unconfirmed,Refund
QI00004768,ORD000138079,ITEM0000515154,DS005,SKU0023,Missing Item,166.93,Inventory Accuracy / Putaway,P_DS005_019,Unconfirmed,Replacement
QI00004769,ORD000138087,ITEM0000515175,DS005,SKU0225,Wrong Item,138.75,Shelf Placement / Picking Verification,P_DS005_019,Unconfirmed,Refund
QI00004770,ORD000138096,ITEM0000515211,DS005,SKU0248,Missing Item,465.88,Inventory Accuracy / Putaway,P_DS005_019,Unconfirmed,Refund
QI00004771,ORD000138102,ITEM0000515229,DS005,SKU0181,Missing Item,825.94,Inventory Accuracy / Putaway,P_DS005_019,Unconfirmed,Refund
QI00004772,ORD000138111,ITEM0000515263,DS005,SKU0119,Damaged Item,182.02,Putaway / Picking Handling,,Unconfirmed,Refund
QI00004773,ORD000138139,ITEM0000515358,DS005,SKU0195,Wrong Item,613.68,Picking,P_DS005_008,Unconfirmed,Refund
QI00004774,ORD000138155,ITEM0000515415,DS005,SKU0071,Wrong Item,120.79,Shelf Placement / Picking Verification,P_DS005_025,Unconfirmed,Refund
QI00004775,ORD000138169,ITEM0000515464,DS005,SKU0023,Missing Item,166.93,Inventory Accuracy / Putaway,P_DS005_013,Unconfirmed,Replacement
QI00004776,ORD000138183,ITEM0000515524,DS005,SKU0119,Missing Item,182.02,Inventory Accuracy / Putaway,P_DS005_025,Unconfirmed,Refund
QI00004777,ORD000138236,ITEM0000515737,DS005,SKU0082,Missing Item,868.56,Inventory Accuracy / Putaway,P_DS005_029,Unconfirmed,Refund
QI00004778,ORD000138244,ITEM0000515771,DS005,SKU0169,Missing Item,128.02,Inventory Accuracy / Putaway,P_DS005_002,Unconfirmed,Refund
QI00004779,ORD000138249,ITEM0000515791,DS005,SKU0198,Wrong Item,353.83,Shelf Placement / Picking Verification,P_DS005_029,Unconfirmed,Refund
QI00004780,ORD000138294,ITEM0000515958,DS005,SKU0166,Wrong Item,493.94,Shelf Placement / Picking Verification,P_DS005_005,Unconfirmed,Refund
QI00004781,ORD000138299,ITEM0000515984,DS005,SKU0244,Missing Item,67.15,Inventory Accuracy / Putaway,P_DS005_014,Unconfirmed,Refund
QI00004782,ORD000138323,ITEM0000516081,DS005,SKU0176,Wrong Item,206.65,Picking,P_DS005_014,Unconfirmed,Refund
QI00004783,ORD000138329,ITEM0000516107,DS005,SKU0274,Wrong Item,382.26,Shelf Placement / Picking Verification,P_DS005_020,Unconfirmed,Refund
QI00004784,ORD000138345,ITEM0000516156,DS005,SKU0148,Missing Item,347.32,Inventory Accuracy / Putaway,P_DS005_008,Unconfirmed,Refund
QI00004785,ORD000138360,ITEM0000516214,DS005,SKU0188,Missing Item,186.54,Inventory Accuracy / Putaway,P_DS005_026,Unconfirmed,Refund
QI00004786,ORD000138376,ITEM0000516277,DS005,SKU0024,Damaged Item,370.06,Putaway / Picking Handling,,Unconfirmed,Replacement
QI00004787,ORD000138401,ITEM0000516359,DS005,SKU0236,Damaged Item,554.88,Putaway / Picking Handling,,Unconfirmed,Replacement
QI00004788,ORD000138409,ITEM0000516385,DS005,SKU0097,Missing Item,366.04,Inventory Accuracy / Putaway,P_DS005_020,Unconfirmed,Refund
QI00004789,ORD000138430,ITEM0000516466,DS005,SKU0015,Wrong Item,159.48,Picking,P_DS005_014,Unconfirmed,Refund
QI00004790,ORD000138496,ITEM0000516712,DS005,SKU0149,Missing Item,91.54,Inventory Accuracy / Putaway,P_DS005_029,Unconfirmed,Refund
QI00004791,ORD000138498,ITEM0000516717,DS005,SKU0052,Missing Item,345.26,Inventory Accuracy / Putaway,P_DS005_014,Unconfirmed,Refund
QI00004792,ORD000138550,ITEM0000516932,DS005,SKU0294,Missing Item,218.92,Inventory Accuracy / Putaway,P_DS005_029,Unconfirmed,Replacement
QI00004793,ORD000138606,ITEM0000517158,DS005,SKU0092,Missing Item,230.52,Inventory Accuracy / Putaway,P_DS005_026,Unconfirmed,Refund
QI00004794,ORD000138640,ITEM0000517279,DS005,SKU0130,Missing Item,44.48,Inventory Accuracy / Putaway,P_DS005_011,Unconfirmed,Refund
QI00004795,ORD000138656,ITEM0000517353,DS005,SKU0092,Damaged Item,461.04,Putaway / Picking Handling,,Unconfirmed,Refund
QI00004796,ORD000138663,ITEM0000517384,DS005,SKU0034,Wrong Item,251.6,Picking,P_DS005_011,Unconfirmed,Replacement
QI00004797,ORD000138664,ITEM0000517386,DS005,SKU0211,Damaged Item,152.51,Putaway / Picking Handling,,Unconfirmed,Replacement
QI00004798,ORD000138772,ITEM0000517799,DS005,SKU0295,Missing Item,228.23,Inventory Accuracy / Putaway,P_DS005_008,Unconfirmed,Refund
QI00004799,ORD000138773,ITEM0000517803,DS005,SKU0022,Missing Item,446.03,Inventory Accuracy / Putaway,P_DS005_014,Unconfirmed,Refund
QI00004800,ORD000138801,ITEM0000517912,DS005,SKU0108,Missing Item,205.48,Inventory Accuracy / Putaway,P_DS005_014,Unconfirmed,Replacement
QI00004801,ORD000138861,ITEM0000518142,DS005,SKU0020,Missing Item,234.68,Inventory Accuracy / Putaway,P_DS005_009,Unconfirmed,Replacement
QI00004802,ORD000138866,ITEM0000518164,DS005,SKU0173,Damaged Item,225.84,Putaway / Picking Handling,,Unconfirmed,Refund
QI00004803,ORD000138867,ITEM0000518174,DS005,SKU0176,Wrong Item,206.65,Picking,P_DS005_015,Unconfirmed,Refund
QI00004804,ORD000138883,ITEM0000518223,DS005,SKU0198,Wrong Item,353.83,Shelf Placement / Picking Verification,P_DS005_027,Unconfirmed,Refund
QI00004805,ORD000138885,ITEM0000518233,DS005,SKU0212,Missing Item,129.74,Inventory Accuracy / Putaway,P_DS005_006,Unconfirmed,Refund
QI00004806,ORD000138889,ITEM0000518248,DS005,SKU0021,Damaged Item,387.42,Putaway / Picking Handling,,Unconfirmed,Refund
QI00004807,ORD000138927,ITEM0000518406,DS005,SKU0271,Missing Item,197.96,Inventory Accuracy / Putaway,P_DS005_021,Unconfirmed,Replacement
QI00004808,ORD000138935,ITEM0000518441,DS005,SKU0056,Missing Item,234.62,Inventory Accuracy / Putaway,P_DS005_018,Unconfirmed,Refund
QI00004809,ORD000139026,ITEM0000518814,DS005,SKU0095,Damaged Item,225.12,Putaway / Picking Handling,,Unconfirmed,Refund
QI00004810,ORD000139031,ITEM0000518833,DS005,SKU0109,Damaged Item,1152.68,Putaway / Picking Handling,,Unconfirmed,Refund
QI00004811,ORD000139035,ITEM0000518850,DS005,SKU0058,Missing Item,264.03,Inventory Accuracy / Putaway,P_DS005_030,Unconfirmed,Refund
QI00004812,ORD000139037,ITEM0000518854,DS005,SKU0298,Missing Item,79.22,Inventory Accuracy / Putaway,P_DS005_006,Unconfirmed,Refund
QI00004813,ORD000139046,ITEM0000518884,DS005,SKU0221,Missing Item,278.54,Inventory Accuracy / Putaway,P_DS005_012,Unconfirmed,Refund
QI00004814,ORD000139059,ITEM0000518944,DS005,SKU0007,Missing Item,83.08,Inventory Accuracy / Putaway,P_DS005_015,Unconfirmed,Replacement
QI00004815,ORD000139067,ITEM0000518976,DS005,SKU0212,Missing Item,64.87,Inventory Accuracy / Putaway,P_DS005_015,Unconfirmed,Replacement
QI00004816,ORD000139069,ITEM0000518982,DS005,SKU0076,Missing Item,534.1,Inventory Accuracy / Putaway,P_DS005_006,Unconfirmed,Refund
QI00004817,ORD000139071,ITEM0000518986,DS005,SKU0149,Missing Item,91.54,Inventory Accuracy / Putaway,P_DS005_027,Unconfirmed,Replacement
QI00004818,ORD000139109,ITEM0000519111,DS005,SKU0209,Wrong Item,205.42,Picking,P_DS005_030,Unconfirmed,Refund
QI00004819,ORD000139116,ITEM0000519143,DS005,SKU0181,Missing Item,412.97,Inventory Accuracy / Putaway,P_DS005_015,Unconfirmed,Refund
QI00004820,ORD000139118,ITEM0000519148,DS005,SKU0018,Missing Item,292.04,Inventory Accuracy / Putaway,P_DS005_006,Unconfirmed,Replacement
QI00004821,ORD000139137,ITEM0000519225,DS005,SKU0174,Missing Item,225.38,Inventory Accuracy / Putaway,P_DS005_030,Unconfirmed,Refund
QI00004822,ORD000139157,ITEM0000519301,DS005,SKU0013,Wrong Item,286.53,Shelf Placement / Picking Verification,P_DS005_018,Unconfirmed,Replacement
QI00004823,ORD000139262,ITEM0000519651,DS005,SKU0268,Damaged Item,882.02,Putaway / Picking Handling,,Unconfirmed,Refund
QI00004824,ORD000139266,ITEM0000519672,DS005,SKU0018,Damaged Item,292.04,Putaway / Picking Handling,,Unconfirmed,Replacement
QI00004825,ORD000139282,ITEM0000519729,DS005,SKU0135,Missing Item,169.77,Inventory Accuracy / Putaway,P_DS005_012,Unconfirmed,Refund
QI00004826,ORD000139300,ITEM0000519800,DS005,SKU0221,Missing Item,557.08,Inventory Accuracy / Putaway,P_DS005_030,Unconfirmed,Refund
QI00004827,ORD000139350,ITEM0000520008,DS005,SKU0281,Missing Item,264.39,Inventory Accuracy / Putaway,P_DS005_012,Unconfirmed,Replacement
QI00004828,ORD000139372,ITEM0000520087,DS005,SKU0068,Missing Item,550.23,Inventory Accuracy / Putaway,P_DS005_021,Unconfirmed,Refund
QI00004829,ORD000139413,ITEM0000520244,DS005,SKU0057,Missing Item,229.0,Inventory Accuracy / Putaway,P_DS005_012,Unconfirmed,Replacement
QI00004830,ORD000139422,ITEM0000520281,DS005,SKU0071,Missing Item,120.79,Inventory Accuracy / Putaway,P_DS005_018,Unconfirmed,Replacement
QI00004831,ORD000139455,ITEM0000520417,DS005,SKU0013,Missing Item,286.53,Inventory Accuracy / Putaway,P_DS005_018,Unconfirmed,Refund
QI00004832,ORD000139482,ITEM0000520511,DS005,SKU0273,Missing Item,303.86,Inventory Accuracy / Putaway,P_DS005_030,Unconfirmed,Refund
QI00004833,ORD000139505,ITEM0000520589,DS005,SKU0035,Missing Item,311.65,Inventory Accuracy / Putaway,P_DS005_009,Unconfirmed,Refund
QI00004834,ORD000139561,ITEM0000520802,DS005,SKU0245,Wrong Item,280.87,Picking,P_DS005_015,Unconfirmed,Refund
QI00004835,ORD000139583,ITEM0000520877,DS005,SKU0079,Damaged Item,226.06,Putaway / Picking Handling,,Unconfirmed,Refund
QI00004836,ORD000139585,ITEM0000520885,DS005,SKU0154,Missing Item,912.46,Inventory Accuracy / Putaway,P_DS005_015,Unconfirmed,Refund
QI00004837,ORD000139627,ITEM0000521032,DS005,SKU0175,Missing Item,137.34,Inventory Accuracy / Putaway,P_DS005_009,Unconfirmed,Refund
QI00004838,ORD000139652,ITEM0000521123,DS005,SKU0090,Missing Item,260.5,Inventory Accuracy / Putaway,P_DS005_012,Unconfirmed,Refund
QI00004839,ORD000139675,ITEM0000521204,DS005,SKU0241,Wrong Item,463.33,Picking,P_DS005_009,Unconfirmed,Refund
QI00004840,ORD000139741,ITEM0000521448,DS005,SKU0100,Missing Item,191.45,Inventory Accuracy / Putaway,P_DS005_018,Unconfirmed,Refund
QI00004841,ORD000139756,ITEM0000521501,DS005,SKU0063,Missing Item,379.74,Inventory Accuracy / Putaway,P_DS005_012,Unconfirmed,Refund
QI00004842,ORD000139797,ITEM0000521650,DS005,SKU0055,Missing Item,218.42,Inventory Accuracy / Putaway,P_DS005_016,Unconfirmed,Refund
QI00004843,ORD000139843,ITEM0000521823,DS005,SKU0086,Missing Item,186.67,Inventory Accuracy / Putaway,P_DS005_016,Unconfirmed,Refund
QI00004844,ORD000139844,ITEM0000521828,DS005,SKU0294,Missing Item,109.46,Inventory Accuracy / Putaway,P_DS005_016,Unconfirmed,Replacement
QI00004845,ORD000139889,ITEM0000521998,DS005,SKU0141,Wrong Item,106.65,Picking,P_DS005_001,Unconfirmed,Refund
QI00004846,ORD000139889,ITEM0000522002,DS005,SKU0196,Missing Item,479.54,Inventory Accuracy / Putaway,P_DS005_001,Unconfirmed,Replacement
QI00004847,ORD000139908,ITEM0000522078,DS005,SKU0266,Missing Item,218.79,Inventory Accuracy / Putaway,P_DS005_001,Unconfirmed,Replacement
QI00004848,ORD000139909,ITEM0000522087,DS005,SKU0151,Missing Item,103.12,Inventory Accuracy / Putaway,P_DS005_007,Unconfirmed,Refund
QI00004849,ORD000139910,ITEM0000522091,DS005,SKU0222,Damaged Item,117.02,Putaway / Picking Handling,,Unconfirmed,Replacement
QI00004850,ORD000139912,ITEM0000522106,DS005,SKU0056,Missing Item,234.62,Inventory Accuracy / Putaway,P_DS005_001,Unconfirmed,Replacement
QI00004851,ORD000139943,ITEM0000522217,DS005,SKU0286,Missing Item,143.99,Inventory Accuracy / Putaway,P_DS005_016,Unconfirmed,Refund
QI00004852,ORD000139999,ITEM0000522441,DS005,SKU0040,Missing Item,164.28,Inventory Accuracy / Putaway,P_DS005_028,Unconfirmed,Replacement
QI00004853,ORD000140016,ITEM0000522501,DS005,SKU0107,Wrong Item,86.59,Picking,P_DS005_017,Unconfirmed,Refund
QI00004854,ORD000140035,ITEM0000522581,DS005,SKU0166,Missing Item,493.94,Inventory Accuracy / Putaway,P_DS005_026,Unconfirmed,Refund
QI00004855,ORD000140036,ITEM0000522584,DS005,SKU0240,Missing Item,71.04,Inventory Accuracy / Putaway,P_DS005_002,Unconfirmed,Refund
QI00004856,ORD000140041,ITEM0000522607,DS005,SKU0262,Damaged Item,157.52,Putaway / Picking Handling,,Unconfirmed,Replacement
QI00004857,ORD000140073,ITEM0000522726,DS005,SKU0202,Missing Item,388.42,Inventory Accuracy / Putaway,P_DS005_026,Unconfirmed,Refund
QI00004858,ORD000140086,ITEM0000522788,DS005,SKU0011,Missing Item,85.7,Inventory Accuracy / Putaway,P_DS005_020,Unconfirmed,Refund
QI00004859,ORD000140092,ITEM0000522806,DS005,SKU0172,Missing Item,1205.44,Inventory Accuracy / Putaway,P_DS005_005,Unconfirmed,Refund
QI00004860,ORD000140108,ITEM0000522878,DS005,SKU0056,Missing Item,234.62,Inventory Accuracy / Putaway,P_DS005_002,Unconfirmed,Refund
QI00004861,ORD000140120,ITEM0000522925,DS005,SKU0103,Wrong Item,154.63,Picking,P_DS005_014,Unconfirmed,Refund
QI00004862,ORD000140125,ITEM0000522937,DS005,SKU0056,Missing Item,234.62,Inventory Accuracy / Putaway,P_DS005_029,Unconfirmed,Refund
QI00004863,ORD000140142,ITEM0000523005,DS005,SKU0160,Damaged Item,215.8,Putaway / Picking Handling,,Unconfirmed,Replacement
QI00004864,ORD000140172,ITEM0000523122,DS005,SKU0265,Missing Item,192.92,Inventory Accuracy / Putaway,P_DS005_026,Unconfirmed,Refund
QI00004865,ORD000140187,ITEM0000523184,DS005,SKU0130,Missing Item,88.96,Inventory Accuracy / Putaway,P_DS005_005,Unconfirmed,Replacement
QI00004866,ORD000140256,ITEM0000523438,DS005,SKU0070,Missing Item,156.12,Inventory Accuracy / Putaway,P_DS005_005,Unconfirmed,Refund
QI00004867,ORD000140293,ITEM0000523575,DS005,SKU0057,Missing Item,229.0,Inventory Accuracy / Putaway,P_DS005_026,Unconfirmed,Refund
QI00004868,ORD000140314,ITEM0000523660,DS005,SKU0243,Missing Item,191.05,Inventory Accuracy / Putaway,P_DS005_023,Unconfirmed,Refund
QI00004869,ORD000140344,ITEM0000523764,DS005,SKU0089,Missing Item,449.22,Inventory Accuracy / Putaway,P_DS005_002,Unconfirmed,Refund
QI00004870,ORD000140347,ITEM0000523779,DS005,SKU0081,Damaged Item,43.96,Putaway / Picking Handling,,Unconfirmed,Replacement
QI00004871,ORD000140401,ITEM0000523988,DS005,SKU0022,Wrong Item,1338.09,Picking,P_DS005_017,Unconfirmed,Refund
QI00004872,ORD000140406,ITEM0000524007,DS005,SKU0027,Damaged Item,261.37,Putaway / Picking Handling,,Unconfirmed,Refund
QI00004873,ORD000140458,ITEM0000524188,DS005,SKU0267,Wrong Item,400.53,Picking,P_DS005_002,Unconfirmed,Refund
QI00004874,ORD000140460,ITEM0000524194,DS005,SKU0162,Missing Item,63.51,Inventory Accuracy / Putaway,P_DS005_008,Unconfirmed,Refund
QI00004875,ORD000140533,ITEM0000524448,DS005,SKU0006,Missing Item,160.4,Inventory Accuracy / Putaway,P_DS005_029,Unconfirmed,Replacement
QI00004876,ORD000140673,ITEM0000524948,DS005,SKU0072,Wrong Item,75.88,Shelf Placement / Picking Verification,P_DS005_021,Unconfirmed,Refund
QI00004877,ORD000140725,ITEM0000525136,DS005,SKU0273,Missing Item,303.86,Inventory Accuracy / Putaway,P_DS005_030,Unconfirmed,Refund
QI00004878,ORD000140730,ITEM0000525156,DS005,SKU0024,Wrong Item,370.06,Picking,P_DS005_015,Unconfirmed,Replacement
QI00004879,ORD000140747,ITEM0000525229,DS005,SKU0198,Wrong Item,353.83,Shelf Placement / Picking Verification,P_DS005_024,Unconfirmed,Refund
QI00004880,ORD000140753,ITEM0000525247,DS005,SKU0273,Missing Item,303.86,Inventory Accuracy / Putaway,P_DS005_030,Unconfirmed,Refund
QI00004881,ORD000140756,ITEM0000525263,DS005,SKU0136,Damaged Item,188.27,Putaway / Picking Handling,,Unconfirmed,Refund
QI00004882,ORD000140777,ITEM0000525334,DS005,SKU0020,Missing Item,234.68,Inventory Accuracy / Putaway,P_DS005_003,Unconfirmed,Refund
QI00004883,ORD000140814,ITEM0000525488,DS005,SKU0021,Wrong Item,387.42,Picking,P_DS005_015,Unconfirmed,Refund
QI00004884,ORD000140838,ITEM0000525589,DS005,SKU0253,Wrong Item,126.6,Picking,P_DS005_024,Unconfirmed,Refund
QI00004885,ORD000140875,ITEM0000525723,DS005,SKU0105,Wrong Item,272.14,Shelf Placement / Picking Verification,P_DS005_027,Unconfirmed,Refund
QI00004886,ORD000140930,ITEM0000525917,DS005,SKU0246,Wrong Item,192.63,Picking,P_DS005_024,Unconfirmed,Refund
QI00004887,ORD000140956,ITEM0000526006,DS005,SKU0007,Missing Item,83.08,Inventory Accuracy / Putaway,P_DS005_030,Unconfirmed,Replacement
QI00004888,ORD000140964,ITEM0000526038,DS005,SKU0018,Missing Item,292.04,Inventory Accuracy / Putaway,P_DS005_024,Unconfirmed,Refund
QI00004889,ORD000140980,ITEM0000526100,DS005,SKU0170,Missing Item,570.49,Inventory Accuracy / Putaway,P_DS005_009,Unconfirmed,Refund
QI00004890,ORD000140992,ITEM0000526136,DS005,SKU0074,Missing Item,233.54,Inventory Accuracy / Putaway,P_DS005_003,Unconfirmed,Refund
QI00004891,ORD000141029,ITEM0000526265,DS005,SKU0264,Damaged Item,26.89,Putaway / Picking Handling,,Unconfirmed,Refund
QI00004892,ORD000141030,ITEM0000526268,DS005,SKU0114,Missing Item,233.48,Inventory Accuracy / Putaway,P_DS005_006,Unconfirmed,Refund
QI00004893,ORD000141099,ITEM0000526535,DS005,SKU0022,Missing Item,446.03,Inventory Accuracy / Putaway,P_DS005_024,Unconfirmed,Refund
QI00004894,ORD000141103,ITEM0000526552,DS005,SKU0114,Missing Item,116.74,Inventory Accuracy / Putaway,P_DS005_006,Unconfirmed,Refund
QI00004895,ORD000141107,ITEM0000526569,DS005,SKU0151,Missing Item,103.12,Inventory Accuracy / Putaway,P_DS005_003,Unconfirmed,Refund
QI00004896,ORD000141132,ITEM0000526660,DS005,SKU0238,Missing Item,30.81,Inventory Accuracy / Putaway,P_DS005_006,Unconfirmed,Refund
QI00004897,ORD000141149,ITEM0000526727,DS005,SKU0107,Missing Item,173.18,Inventory Accuracy / Putaway,P_DS005_030,Unconfirmed,Refund
QI00004898,ORD000141185,ITEM0000526875,DS005,SKU0180,Missing Item,37.34,Inventory Accuracy / Putaway,P_DS005_021,Unconfirmed,Replacement
QI00004899,ORD000141188,ITEM0000526884,DS005,SKU0287,Missing Item,193.29,Inventory Accuracy / Putaway,P_DS005_030,Unconfirmed,Refund
QI00004900,ORD000141196,ITEM0000526915,DS005,SKU0081,Missing Item,43.96,Inventory Accuracy / Putaway,P_DS005_027,Unconfirmed,Replacement
QI00004901,ORD000141212,ITEM0000526983,DS005,SKU0125,Missing Item,109.95,Inventory Accuracy / Putaway,P_DS005_021,Unconfirmed,Refund
QI00004902,ORD000141216,ITEM0000527000,DS005,SKU0114,Missing Item,233.48,Inventory Accuracy / Putaway,P_DS005_015,Unconfirmed,Replacement
QI00004903,ORD000141238,ITEM0000527076,DS005,SKU0185,Wrong Item,98.45,Shelf Placement / Picking Verification,P_DS005_009,Unconfirmed,Refund
QI00004904,ORD000141244,ITEM0000527107,DS005,SKU0028,Wrong Item,828.34,Shelf Placement / Picking Verification,P_DS005_015,Unconfirmed,Refund
QI00004905,ORD000141269,ITEM0000527197,DS005,SKU0045,Wrong Item,182.12,Picking,P_DS005_030,Unconfirmed,Replacement
QI00004906,ORD000141274,ITEM0000527219,DS005,SKU0193,Damaged Item,323.59,Putaway / Picking Handling,,Unconfirmed,Replacement
QI00004907,ORD000141307,ITEM0000527339,DS005,SKU0028,Wrong Item,828.34,Shelf Placement / Picking Verification,P_DS005_024,Unconfirmed,Refund
QI00004908,ORD000141321,ITEM0000527389,DS005,SKU0226,Missing Item,45.28,Inventory Accuracy / Putaway,P_DS005_009,Unconfirmed,Replacement
QI00004909,ORD000141340,ITEM0000527462,DS005,SKU0191,Missing Item,659.63,Inventory Accuracy / Putaway,P_DS005_021,Unconfirmed,Refund
QI00004910,ORD000141393,ITEM0000527661,DS005,SKU0141,Damaged Item,106.65,Putaway / Picking Handling,,Unconfirmed,Replacement
QI00004911,ORD000141450,ITEM0000527881,DS005,SKU0064,Missing Item,344.62,Inventory Accuracy / Putaway,P_DS005_006,Unconfirmed,Replacement
QI00004912,ORD000141465,ITEM0000527936,DS005,SKU0187,Missing Item,868.83,Inventory Accuracy / Putaway,P_DS005_006,Unconfirmed,Refund
QI00004913,ORD000141484,ITEM0000528001,DS005,SKU0196,Wrong Item,479.54,Shelf Placement / Picking Verification,P_DS005_024,Unconfirmed,Replacement
QI00004914,ORD000141498,ITEM0000528054,DS005,SKU0203,Wrong Item,130.42,Picking,P_DS005_003,Unconfirmed,Refund
QI00004915,ORD000141511,ITEM0000528110,DS005,SKU0143,Damaged Item,403.36,Putaway / Picking Handling,,Unconfirmed,Refund
QI00004916,ORD000141520,ITEM0000528138,DS005,SKU0020,Missing Item,469.36,Inventory Accuracy / Putaway,P_DS005_016,Unconfirmed,Refund
QI00004917,ORD000141520,ITEM0000528139,DS005,SKU0296,Missing Item,97.56,Inventory Accuracy / Putaway,P_DS005_016,Unconfirmed,Refund
QI00004918,ORD000141536,ITEM0000528188,DS005,SKU0106,Missing Item,232.87,Inventory Accuracy / Putaway,P_DS005_025,Unconfirmed,Refund
QI00004919,ORD000141559,ITEM0000528294,DS005,SKU0128,Wrong Item,78.55,Picking,P_DS005_004,Unconfirmed,Refund
QI00004920,ORD000141573,ITEM0000528338,DS005,SKU0149,Missing Item,274.62,Inventory Accuracy / Putaway,P_DS005_013,Unconfirmed,Refund
QI00004921,ORD000141614,ITEM0000528478,DS005,SKU0119,Damaged Item,182.02,Putaway / Picking Handling,,Unconfirmed,Refund
QI00004922,ORD000141626,ITEM0000528528,DS005,SKU0115,Missing Item,283.76,Inventory Accuracy / Putaway,P_DS005_022,Unconfirmed,Replacement
QI00004923,ORD000141630,ITEM0000528536,DS005,SKU0160,Wrong Item,215.8,Shelf Placement / Picking Verification,P_DS005_025,Unconfirmed,Refund
QI00004924,ORD000141637,ITEM0000528555,DS005,SKU0085,Missing Item,938.8,Inventory Accuracy / Putaway,P_DS005_025,Unconfirmed,Refund
QI00004925,ORD000141660,ITEM0000528635,DS005,SKU0011,Damaged Item,85.7,Putaway / Picking Handling,,Unconfirmed,Refund
QI00004926,ORD000141708,ITEM0000528797,DS005,SKU0059,Wrong Item,336.59,Shelf Placement / Picking Verification,P_DS005_020,Unconfirmed,Refund
QI00004927,ORD000141720,ITEM0000528844,DS005,SKU0031,Missing Item,794.92,Inventory Accuracy / Putaway,P_DS005_029,Unconfirmed,Replacement
QI00004928,ORD000141722,ITEM0000528850,DS005,SKU0018,Missing Item,584.08,Inventory Accuracy / Putaway,P_DS005_002,Unconfirmed,Refund
QI00004929,ORD000141742,ITEM0000528923,DS005,SKU0300,Missing Item,1102.5,Inventory Accuracy / Putaway,P_DS005_020,Unconfirmed,Refund
QI00004930,ORD000141783,ITEM0000529091,DS005,SKU0114,Missing Item,116.74,Inventory Accuracy / Putaway,P_DS005_011,Unconfirmed,Refund
QI00004931,ORD000141813,ITEM0000529203,DS005,SKU0081,Damaged Item,43.96,Putaway / Picking Handling,,Unconfirmed,Refund
QI00004932,ORD000141825,ITEM0000529242,DS005,SKU0018,Damaged Item,292.04,Putaway / Picking Handling,,Unconfirmed,Replacement
QI00004933,ORD000141836,ITEM0000529286,DS005,SKU0201,Missing Item,81.18,Inventory Accuracy / Putaway,P_DS005_008,Unconfirmed,Refund
QI00004934,ORD000141843,ITEM0000529307,DS005,SKU0080,Missing Item,77.19,Inventory Accuracy / Putaway,P_DS005_002,Unconfirmed,Refund
QI00004935,ORD000141844,ITEM0000529309,DS005,SKU0024,Damaged Item,370.06,Putaway / Picking Handling,,Unconfirmed,Replacement
QI00004936,ORD000141845,ITEM0000529313,DS005,SKU0266,Wrong Item,218.79,Shelf Placement / Picking Verification,P_DS005_029,Unconfirmed,Replacement
QI00004937,ORD000141858,ITEM0000529361,DS005,SKU0287,Missing Item,193.29,Inventory Accuracy / Putaway,P_DS005_014,Unconfirmed,Refund
QI00004938,ORD000141897,ITEM0000529520,DS005,SKU0151,Missing Item,103.12,Inventory Accuracy / Putaway,P_DS005_014,Unconfirmed,Refund
QI00004939,ORD000141908,ITEM0000529567,DS005,SKU0258,Missing Item,382.73,Inventory Accuracy / Putaway,P_DS005_020,Unconfirmed,Refund
QI00004940,ORD000141935,ITEM0000529682,DS005,SKU0282,Missing Item,241.36,Inventory Accuracy / Putaway,P_DS005_014,Unconfirmed,Refund
QI00004941,ORD000141943,ITEM0000529717,DS005,SKU0238,Missing Item,30.81,Inventory Accuracy / Putaway,P_DS005_011,Unconfirmed,Refund
QI00004942,ORD000141968,ITEM0000529800,DS005,SKU0224,Missing Item,334.03,Inventory Accuracy / Putaway,P_DS005_002,Unconfirmed,Refund
QI00004943,ORD000141978,ITEM0000529848,DS005,SKU0294,Missing Item,218.92,Inventory Accuracy / Putaway,P_DS005_011,Unconfirmed,Refund
QI00004944,ORD000142034,ITEM0000530065,DS005,SKU0224,Damaged Item,1002.09,Putaway / Picking Handling,,Unconfirmed,Refund
QI00004945,ORD000142057,ITEM0000530157,DS005,SKU0170,Missing Item,570.49,Inventory Accuracy / Putaway,P_DS005_029,Unconfirmed,Refund
QI00004946,ORD000142058,ITEM0000530161,DS005,SKU0214,Wrong Item,274.02,Shelf Placement / Picking Verification,P_DS005_008,Unconfirmed,Replacement
QI00004947,ORD000142070,ITEM0000530196,DS005,SKU0056,Missing Item,469.24,Inventory Accuracy / Putaway,P_DS005_014,Unconfirmed,Replacement
QI00004948,ORD000142072,ITEM0000530203,DS005,SKU0082,Missing Item,434.28,Inventory Accuracy / Putaway,P_DS005_023,Unconfirmed,Refund
QI00004949,ORD000142124,ITEM0000530404,DS005,SKU0158,Damaged Item,290.48,Putaway / Picking Handling,,Unconfirmed,Refund
QI00004950,ORD000142134,ITEM0000530441,DS005,SKU0231,Wrong Item,69.12,Picking,P_DS005_011,Unconfirmed,Refund
QI00004951,ORD000142200,ITEM0000530700,DS005,SKU0141,Missing Item,213.3,Inventory Accuracy / Putaway,P_DS005_029,Unconfirmed,Refund
QI00004952,ORD000142216,ITEM0000530753,DS005,SKU0280,Damaged Item,233.69,Putaway / Picking Handling,,Unconfirmed,Refund
QI00004953,ORD000142227,ITEM0000530796,DS005,SKU0203,Missing Item,130.42,Inventory Accuracy / Putaway,P_DS005_011,Unconfirmed,Refund
QI00004954,ORD000142246,ITEM0000530864,DS005,SKU0176,Missing Item,206.65,Inventory Accuracy / Putaway,P_DS005_002,Unconfirmed,Refund
QI00004955,ORD000142257,ITEM0000530903,DS005,SKU0211,Damaged Item,457.53,Putaway / Picking Handling,,Unconfirmed,Refund
QI00004956,ORD000142352,ITEM0000531256,DS005,SKU0160,Wrong Item,215.8,Shelf Placement / Picking Verification,P_DS005_011,Unconfirmed,Refund
QI00004957,ORD000142376,ITEM0000531351,DS005,SKU0119,Missing Item,364.04,Inventory Accuracy / Putaway,P_DS005_008,Unconfirmed,Refund
QI00004958,ORD000142408,ITEM0000531464,DS005,SKU0191,Missing Item,1319.26,Inventory Accuracy / Putaway,P_DS005_011,Unconfirmed,Replacement
QI00004959,ORD000142424,ITEM0000531523,DS005,SKU0114,Missing Item,116.74,Inventory Accuracy / Putaway,P_DS005_020,Unconfirmed,Replacement
QI00004960,ORD000142445,ITEM0000531602,DS005,SKU0269,Damaged Item,399.24,Putaway / Picking Handling,,Unconfirmed,Refund
QI00004961,ORD000142453,ITEM0000531634,DS005,SKU0151,Missing Item,103.12,Inventory Accuracy / Putaway,P_DS005_011,Unconfirmed,Refund
QI00004962,ORD000142459,ITEM0000531656,DS005,SKU0269,Missing Item,399.24,Inventory Accuracy / Putaway,P_DS005_029,Unconfirmed,Replacement
QI00004963,ORD000142501,ITEM0000531805,DS005,SKU0074,Missing Item,233.54,Inventory Accuracy / Putaway,P_DS005_023,Unconfirmed,Refund
QI00004964,ORD000142502,ITEM0000531813,DS005,SKU0084,Damaged Item,111.02,Putaway / Picking Handling,,Unconfirmed,Refund
QI00004965,ORD000142521,ITEM0000531886,DS005,SKU0131,Wrong Item,510.64,Picking,P_DS005_017,Unconfirmed,Refund
QI00004966,ORD000142563,ITEM0000532042,DS005,SKU0145,Missing Item,137.17,Inventory Accuracy / Putaway,P_DS005_024,Unconfirmed,Refund
QI00004967,ORD000142565,ITEM0000532050,DS005,SKU0167,Missing Item,208.98,Inventory Accuracy / Putaway,P_DS005_020,Unconfirmed,Refund
QI00004968,ORD000142609,ITEM0000532198,DS005,SKU0081,Damaged Item,43.96,Rider Handling / Last Mile,,Unconfirmed,Refund
QI00004969,ORD000142614,ITEM0000532221,DS005,SKU0010,Missing Item,154.59,Inventory Accuracy / Putaway,P_DS005_024,Unconfirmed,Refund
QI00004970,ORD000142628,ITEM0000532282,DS005,SKU0104,Missing Item,181.45,Inventory Accuracy / Putaway,P_DS005_030,Unconfirmed,Refund
QI00004971,ORD000142637,ITEM0000532320,DS005,SKU0286,Missing Item,143.99,Inventory Accuracy / Putaway,P_DS005_015,Unconfirmed,Replacement
QI00004972,ORD000142642,ITEM0000532338,DS005,SKU0176,Damaged Item,413.3,Rider Handling / Last Mile,,Unconfirmed,Refund
QI00004973,ORD000142646,ITEM0000532347,DS005,SKU0021,Damaged Item,387.42,Putaway / Picking Handling,,Unconfirmed,Refund
QI00004974,ORD000142664,ITEM0000532415,DS005,SKU0275,Wrong Item,44.18,Picking,P_DS005_003,Unconfirmed,Replacement
QI00004975,ORD000142674,ITEM0000532443,DS005,SKU0253,Missing Item,126.6,Inventory Accuracy / Putaway,P_DS005_024,Unconfirmed,Refund
QI00004976,ORD000142683,ITEM0000532469,DS005,SKU0230,Wrong Item,259.63,Picking,P_DS005_018,Unconfirmed,Refund
QI00004977,ORD000142694,ITEM0000532511,DS005,SKU0122,Missing Item,520.1,Inventory Accuracy / Putaway,P_DS005_021,Unconfirmed,Refund
QI00004978,ORD000142723,ITEM0000532608,DS005,SKU0136,Damaged Item,188.27,Putaway / Picking Handling,,Unconfirmed,Replacement
QI00004979,ORD000142749,ITEM0000532699,DS005,SKU0132,Missing Item,448.24,Inventory Accuracy / Putaway,P_DS005_012,Unconfirmed,Refund
QI00004980,ORD000142790,ITEM0000532856,DS005,SKU0066,Wrong Item,435.4,Picking,P_DS005_018,Unconfirmed,Refund
QI00004981,ORD000142856,ITEM0000533101,DS005,SKU0231,Missing Item,34.56,Inventory Accuracy / Putaway,P_DS005_030,Unconfirmed,Refund
QI00004982,ORD000142859,ITEM0000533106,DS005,SKU0212,Missing Item,64.87,Inventory Accuracy / Putaway,P_DS005_009,Unconfirmed,Refund
QI00004983,ORD000142866,ITEM0000533132,DS005,SKU0057,Missing Item,229.0,Inventory Accuracy / Putaway,P_DS005_009,Unconfirmed,Refund
QI00004984,ORD000142890,ITEM0000533234,DS005,SKU0141,Damaged Item,106.65,Putaway / Picking Handling,,Unconfirmed,Replacement
QI00004985,ORD000143007,ITEM0000533674,DS005,SKU0081,Damaged Item,87.92,Rider Handling / Last Mile,,Unconfirmed,Refund
QI00004986,ORD000143022,ITEM0000533728,DS005,SKU0057,Missing Item,458.0,Inventory Accuracy / Putaway,P_DS005_018,Unconfirmed,Replacement
QI00004987,ORD000143037,ITEM0000533779,DS005,SKU0178,Damaged Item,125.09,Putaway / Picking Handling,,Unconfirmed,Refund
QI00004988,ORD000143096,ITEM0000533992,DS005,SKU0145,Wrong Item,137.17,Shelf Placement / Picking Verification,P_DS005_005,Unconfirmed,Replacement
QI00004989,ORD000143170,ITEM0000534272,DS005,SKU0057,Missing Item,458.0,Inventory Accuracy / Putaway,P_DS005_021,Unconfirmed,Refund
QI00004990,ORD000143223,ITEM0000534466,DS005,SKU0144,Damaged Item,82.27,Putaway / Picking Handling,,Unconfirmed,Refund
QI00004991,ORD000143270,ITEM0000534648,DS005,SKU0051,Missing Item,50.3,Inventory Accuracy / Putaway,P_DS005_005,Unconfirmed,Refund
QI00004992,ORD000143317,ITEM0000534806,DS005,SKU0201,Missing Item,81.18,Inventory Accuracy / Putaway,P_DS005_003,Unconfirmed,Refund
QI00004993,ORD000143318,ITEM0000534808,DS005,SKU0160,Damaged Item,431.6,Putaway / Picking Handling,,Unconfirmed,Replacement
QI00004994,ORD000143330,ITEM0000534856,DS005,SKU0028,Wrong Item,414.17,Shelf Placement / Picking Verification,P_DS005_024,Unconfirmed,Refund
QI00004995,ORD000143347,ITEM0000534909,DS005,SKU0292,Missing Item,501.99,Inventory Accuracy / Putaway,P_DS005_012,Unconfirmed,Refund
QI00004996,ORD000143370,ITEM0000534989,DS005,SKU0006,Missing Item,160.4,Inventory Accuracy / Putaway,P_DS005_015,Unconfirmed,Refund
QI00004997,ORD000143434,ITEM0000535211,DS005,SKU0012,Damaged Item,230.15,Putaway / Picking Handling,,Unconfirmed,Replacement
QI00004998,ORD000143436,ITEM0000535216,DS005,SKU0181,Missing Item,825.94,Inventory Accuracy / Putaway,P_DS005_030,Unconfirmed,Replacement
QI00004999,ORD000143487,ITEM0000535416,DS005,SKU0260,Missing Item,284.17,Inventory Accuracy / Putaway,P_DS005_005,Unconfirmed,Refund
QI00005000,ORD000143502,ITEM0000535477,DS005,SKU0162,Wrong Item,127.02,Picking,P_DS005_018,Unconfirmed,Replacement
QI00005001,ORD000143512,ITEM0000535512,DS005,SKU0269,Missing Item,798.48,Inventory Accuracy / Putaway,P_DS005_021,Unconfirmed,Refund
QI00005002,ORD000143525,ITEM0000535558,DS005,SKU0253,Missing Item,253.2,Inventory Accuracy / Putaway,P_DS005_015,Unconfirmed,Refund
QI00005003,ORD000143528,ITEM0000535570,DS005,SKU0138,Wrong Item,819.58,Shelf Placement / Picking Verification,P_DS005_018,Unconfirmed,Refund
QI00005004,ORD000143530,ITEM0000535578,DS005,SKU0148,Missing Item,694.64,Inventory Accuracy / Putaway,P_DS005_012,Unconfirmed,Refund
QI00005005,ORD000143551,ITEM0000535657,DS005,SKU0120,Damaged Item,59.58,Putaway / Picking Handling,,Unconfirmed,Refund
QI00005006,ORD000143555,ITEM0000535666,DS005,SKU0152,Missing Item,606.41,Inventory Accuracy / Putaway,P_DS005_015,Unconfirmed,Replacement
QI00005007,ORD000143604,ITEM0000535853,DS005,SKU0295,Missing Item,228.23,Inventory Accuracy / Putaway,P_DS005_003,Unconfirmed,Replacement
QI00005008,ORD000143612,ITEM0000535878,DS005,SKU0085,Missing Item,469.4,Inventory Accuracy / Putaway,P_DS005_030,Unconfirmed,Refund
QI00005009,ORD000143615,ITEM0000535887,DS005,SKU0268,Missing Item,441.01,Inventory Accuracy / Putaway,P_DS005_018,Unconfirmed,Refund
QI00005010,ORD000143701,ITEM0000536195,DS005,SKU0281,Missing Item,264.39,Inventory Accuracy / Putaway,P_DS005_021,Unconfirmed,Refund
QI00005011,ORD000143714,ITEM0000536252,DS005,SKU0198,Missing Item,707.66,Inventory Accuracy / Putaway,P_DS005_006,Unconfirmed,Refund
QI00005012,ORD000143757,ITEM0000536415,DS005,SKU0006,Wrong Item,160.4,Shelf Placement / Picking Verification,P_DS005_021,Unconfirmed,Refund
QI00005013,ORD000143761,ITEM0000536434,DS005,SKU0251,Wrong Item,177.56,Picking,P_DS005_024,Unconfirmed,Replacement
QI00005014,ORD000143763,ITEM0000536438,DS005,SKU0209,Missing Item,102.71,Inventory Accuracy / Putaway,P_DS005_030,Unconfirmed,Refund
QI00005015,ORD000143770,ITEM0000536472,DS005,SKU0018,Damaged Item,584.08,Putaway / Picking Handling,,Unconfirmed,Refund
QI00005016,ORD000143774,ITEM0000536486,DS005,SKU0063,Missing Item,189.87,Inventory Accuracy / Putaway,P_DS005_015,Unconfirmed,Refund
QI00005017,ORD000143775,ITEM0000536488,DS005,SKU0022,Wrong Item,446.03,Picking,P_DS005_015,Unconfirmed,Refund
QI00005018,ORD000143788,ITEM0000536547,DS005,SKU0021,Missing Item,387.42,Inventory Accuracy / Putaway,P_DS005_018,Unconfirmed,Refund
QI00005019,ORD000143810,ITEM0000536619,DS005,SKU0141,Missing Item,106.65,Inventory Accuracy / Putaway,P_DS005_019,Unconfirmed,Refund
QI00005020,ORD000143888,ITEM0000536924,DS005,SKU0202,Damaged Item,776.84,Putaway / Picking Handling,,Unconfirmed,Refund
QI00005021,ORD000143961,ITEM0000537201,DS005,SKU0287,Missing Item,193.29,Inventory Accuracy / Putaway,P_DS005_023,Unconfirmed,Refund
QI00005022,ORD000143976,ITEM0000537261,DS005,SKU0013,Missing Item,286.53,Inventory Accuracy / Putaway,P_DS005_029,Unconfirmed,Refund
QI00005023,ORD000143982,ITEM0000537284,DS005,SKU0291,Missing Item,294.78,Inventory Accuracy / Putaway,P_DS005_011,Unconfirmed,Replacement
QI00005024,ORD000143991,ITEM0000537318,DS005,SKU0039,Wrong Item,99.3,Picking,P_DS005_023,Unconfirmed,Refund
QI00005025,ORD000144017,ITEM0000537413,DS005,SKU0015,Wrong Item,159.48,Picking,P_DS005_029,Unconfirmed,Replacement
QI00005026,ORD000144044,ITEM0000537528,DS005,SKU0261,Damaged Item,312.68,Putaway / Picking Handling,,Unconfirmed,Refund
QI00005027,ORD000144050,ITEM0000537549,DS005,SKU0119,Missing Item,182.02,Inventory Accuracy / Putaway,P_DS005_011,Unconfirmed,Refund
QI00005028,ORD000144057,ITEM0000537578,DS005,SKU0020,Wrong Item,234.68,Picking,P_DS005_002,Unconfirmed,Replacement
QI00005029,ORD000144062,ITEM0000537594,DS005,SKU0146,Missing Item,18.85,Inventory Accuracy / Putaway,P_DS005_002,Unconfirmed,Refund
QI00005030,ORD000144108,ITEM0000537768,DS005,SKU0179,Wrong Item,490.62,Shelf Placement / Picking Verification,P_DS005_011,Unconfirmed,Replacement
QI00005031,ORD000144147,ITEM0000537919,DS005,SKU0021,Wrong Item,387.42,Picking,P_DS005_017,Unconfirmed,Refund
QI00005032,ORD000144177,ITEM0000538014,DS005,SKU0149,Wrong Item,91.54,Picking,P_DS005_008,Unconfirmed,Refund
QI00005033,ORD000144359,ITEM0000538713,DS005,SKU0141,Damaged Item,106.65,Putaway / Picking Handling,,Unconfirmed,Refund
QI00005034,ORD000144379,ITEM0000538798,DS005,SKU0041,Missing Item,95.3,Inventory Accuracy / Putaway,P_DS005_029,Unconfirmed,Refund
QI00005035,ORD000144385,ITEM0000538815,DS005,SKU0016,Missing Item,206.66,Inventory Accuracy / Putaway,P_DS005_026,Unconfirmed,Replacement
QI00005036,ORD000144436,ITEM0000538974,DS005,SKU0296,Missing Item,97.56,Inventory Accuracy / Putaway,P_DS005_017,Unconfirmed,Refund
QI00005037,ORD000144438,ITEM0000538986,DS005,SKU0205,Missing Item,168.31,Inventory Accuracy / Putaway,P_DS005_014,Unconfirmed,Refund
QI00005038,ORD000144453,ITEM0000539044,DS005,SKU0072,Damaged Item,75.88,Putaway / Picking Handling,,Unconfirmed,Refund
QI00005039,ORD000144455,ITEM0000539058,DS005,SKU0141,Missing Item,106.65,Inventory Accuracy / Putaway,P_DS005_017,Unconfirmed,Replacement
QI00005040,ORD000144455,ITEM0000539059,DS005,SKU0198,Missing Item,353.83,Inventory Accuracy / Putaway,P_DS005_017,Unconfirmed,Refund
QI00005041,ORD000144478,ITEM0000539141,DS005,SKU0209,Damaged Item,102.71,Putaway / Picking Handling,,Unconfirmed,Refund
QI00005042,ORD000144478,ITEM0000539142,DS005,SKU0253,Missing Item,126.6,Inventory Accuracy / Putaway,P_DS005_023,Unconfirmed,Refund
QI00005043,ORD000144481,ITEM0000539158,DS005,SKU0070,Missing Item,156.12,Inventory Accuracy / Putaway,P_DS005_011,Unconfirmed,Replacement
QI00005044,ORD000144502,ITEM0000539246,DS005,SKU0175,Missing Item,274.68,Inventory Accuracy / Putaway,P_DS005_002,Unconfirmed,Refund
QI00005045,ORD000144508,ITEM0000539273,DS005,SKU0018,Damaged Item,292.04,Putaway / Picking Handling,,Unconfirmed,Refund
QI00005046,ORD000144532,ITEM0000539361,DS005,SKU0053,Damaged Item,171.77,Putaway / Picking Handling,,Unconfirmed,Refund
QI00005047,ORD000144535,ITEM0000539374,DS005,SKU0291,Missing Item,294.78,Inventory Accuracy / Putaway,P_DS005_014,Unconfirmed,Refund
QI00005048,ORD000144559,ITEM0000539460,DS005,SKU0113,Missing Item,64.72,Inventory Accuracy / Putaway,P_DS005_017,Unconfirmed,Replacement
QI00005049,ORD000144569,ITEM0000539494,DS005,SKU0004,Missing Item,480.16,Inventory Accuracy / Putaway,P_DS005_026,Unconfirmed,Replacement
QI00005050,ORD000144586,ITEM0000539574,DS005,SKU0173,Missing Item,225.84,Inventory Accuracy / Putaway,P_DS005_017,Unconfirmed,Refund
QI00005051,ORD000144600,ITEM0000539630,DS005,SKU0038,Wrong Item,840.82,Picking,P_DS005_008,Unconfirmed,Refund
QI00005052,ORD000144647,ITEM0000539806,DS005,SKU0234,Missing Item,113.91,Inventory Accuracy / Putaway,P_DS005_008,Unconfirmed,Refund
QI00005053,ORD000144655,ITEM0000539842,DS005,SKU0114,Damaged Item,233.48,Putaway / Picking Handling,,Unconfirmed,Refund
QI00005054,ORD000144673,ITEM0000539910,DS005,SKU0016,Missing Item,413.32,Inventory Accuracy / Putaway,P_DS005_023,Unconfirmed,Refund
QI00005055,ORD000144675,ITEM0000539918,DS005,SKU0132,Missing Item,896.48,Inventory Accuracy / Putaway,P_DS005_029,Unconfirmed,Refund
QI00005056,ORD000144687,ITEM0000539969,DS005,SKU0013,Missing Item,286.53,Inventory Accuracy / Putaway,P_DS005_011,Unconfirmed,Replacement
QI00005057,ORD000144732,ITEM0000540129,DS005,SKU0263,Missing Item,234.1,Inventory Accuracy / Putaway,P_DS005_026,Unconfirmed,Refund
QI00005058,ORD000144746,ITEM0000540181,DS005,SKU0140,Missing Item,236.01,Inventory Accuracy / Putaway,P_DS005_029,Unconfirmed,Refund
QI00005059,ORD000144748,ITEM0000540189,DS005,SKU0057,Wrong Item,229.0,Picking,P_DS005_011,Unconfirmed,Refund
QI00005060,ORD000144779,ITEM0000540304,DS005,SKU0060,Wrong Item,491.74,Picking,P_DS005_017,Unconfirmed,Refund
QI00005061,ORD000144782,ITEM0000540318,DS005,SKU0295,Missing Item,684.69,Inventory Accuracy / Putaway,P_DS005_017,Unconfirmed,Refund
QI00005062,ORD000144789,ITEM0000540341,DS005,SKU0062,Missing Item,668.4,Inventory Accuracy / Putaway,P_DS005_008,Unconfirmed,Refund
QI00005063,ORD000144814,ITEM0000540428,DS005,SKU0119,Damaged Item,546.06,Putaway / Picking Handling,,Unconfirmed,Refund
QI00005064,ORD000144837,ITEM0000540516,DS005,SKU0015,Wrong Item,159.48,Picking,P_DS005_026,Unconfirmed,Refund
QI00005065,ORD000144848,ITEM0000540560,DS005,SKU0161,Wrong Item,359.45,Picking,P_DS005_008,Unconfirmed,Refund
QI00005066,ORD000144874,ITEM0000540651,DS005,SKU0166,Missing Item,493.94,Inventory Accuracy / Putaway,P_DS005_026,Unconfirmed,Refund
QI00005067,ORD000144893,ITEM0000540718,DS005,SKU0119,Damaged Item,182.02,Putaway / Picking Handling,,Unconfirmed,Replacement
QI00005068,ORD000144941,ITEM0000540889,DS005,SKU0290,Missing Item,416.48,Inventory Accuracy / Putaway,P_DS005_026,Unconfirmed,Replacement
QI00005069,ORD000144952,ITEM0000540930,DS005,SKU0081,Damaged Item,87.92,Putaway / Picking Handling,,Unconfirmed,Replacement
QI00005070,ORD000144967,ITEM0000540990,DS005,SKU0171,Wrong Item,138.36,Picking,P_DS005_008,Unconfirmed,Replacement
QI00005071,ORD000145023,ITEM0000541216,DS005,SKU0009,Missing Item,111.32,Inventory Accuracy / Putaway,P_DS005_026,Unconfirmed,Replacement
QI00005072,ORD000145044,ITEM0000541289,DS005,SKU0051,Missing Item,50.3,Inventory Accuracy / Putaway,P_DS005_015,Unconfirmed,Refund
QI00005073,ORD000145102,ITEM0000541497,DS005,SKU0033,Damaged Item,203.44,Putaway / Picking Handling,,Unconfirmed,Replacement
QI00005074,ORD000145160,ITEM0000541712,DS005,SKU0148,Missing Item,347.32,Inventory Accuracy / Putaway,P_DS005_021,Unconfirmed,Refund
QI00005075,ORD000145161,ITEM0000541718,DS005,SKU0130,Missing Item,44.48,Inventory Accuracy / Putaway,P_DS005_009,Unconfirmed,Refund
QI00005076,ORD000145180,ITEM0000541783,DS005,SKU0125,Missing Item,109.95,Inventory Accuracy / Putaway,P_DS005_024,Unconfirmed,Refund
QI00005077,ORD000145193,ITEM0000541830,DS005,SKU0022,Missing Item,446.03,Inventory Accuracy / Putaway,P_DS005_018,Unconfirmed,Replacement
QI00005078,ORD000145206,ITEM0000541873,DS005,SKU0040,Wrong Item,82.14,Picking,P_DS005_015,Unconfirmed,Replacement
QI00005079,ORD000145237,ITEM0000541998,DS005,SKU0275,Missing Item,44.18,Inventory Accuracy / Putaway,P_DS005_024,Unconfirmed,Replacement
QI00005080,ORD000145306,ITEM0000542249,DS005,SKU0144,Missing Item,82.27,Inventory Accuracy / Putaway,P_DS005_009,Unconfirmed,Refund
QI00005081,ORD000145368,ITEM0000542483,DS005,SKU0226,Missing Item,45.28,Inventory Accuracy / Putaway,P_DS005_013,Unconfirmed,Replacement
QI00005082,ORD000145369,ITEM0000542489,DS005,SKU0199,Wrong Item,138.52,Shelf Placement / Picking Verification,P_DS005_013,Unconfirmed,Replacement
QI00005083,ORD000145389,ITEM0000542563,DS005,SKU0109,Missing Item,1152.68,Inventory Accuracy / Putaway,P_DS005_006,Unconfirmed,Refund
QI00005084,ORD000145392,ITEM0000542571,DS005,SKU0166,Missing Item,493.94,Inventory Accuracy / Putaway,P_DS005_012,Unconfirmed,Replacement
QI00005085,ORD000145401,ITEM0000542602,DS005,SKU0130,Missing Item,44.48,Inventory Accuracy / Putaway,P_DS005_015,Unconfirmed,Refund
QI00005086,ORD000145487,ITEM0000542918,DS005,SKU0180,Missing Item,37.34,Inventory Accuracy / Putaway,P_DS005_012,Unconfirmed,Refund
QI00005087,ORD000145497,ITEM0000542962,DS005,SKU0291,Wrong Item,589.56,Picking,P_DS005_013,Unconfirmed,Refund
QI00005088,ORD000145524,ITEM0000543062,DS005,SKU0152,Missing Item,1212.82,Inventory Accuracy / Putaway,P_DS005_024,Unconfirmed,Refund
QI00005089,ORD000145531,ITEM0000543085,DS005,SKU0273,Missing Item,303.86,Inventory Accuracy / Putaway,P_DS005_006,Unconfirmed,Replacement
QI00005090,ORD000145533,ITEM0000543094,DS005,SKU0269,Damaged Item,399.24,Putaway / Picking Handling,,Unconfirmed,Replacement
QI00005091,ORD000145535,ITEM0000543102,DS005,SKU0132,Missing Item,448.24,Inventory Accuracy / Putaway,P_DS005_015,Unconfirmed,Refund
QI00005092,ORD000145594,ITEM0000543333,DS005,SKU0126,Missing Item,488.27,Inventory Accuracy / Putaway,P_DS005_006,Unconfirmed,Refund
QI00005093,ORD000145597,ITEM0000543347,DS005,SKU0170,Missing Item,1711.47,Inventory Accuracy / Putaway,P_DS005_012,Unconfirmed,Refund
QI00005094,ORD000145614,ITEM0000543406,DS005,SKU0114,Missing Item,116.74,Inventory Accuracy / Putaway,P_DS005_018,Unconfirmed,Refund
QI00005095,ORD000145624,ITEM0000543440,DS005,SKU0154,Missing Item,912.46,Inventory Accuracy / Putaway,P_DS005_018,Unconfirmed,Refund
QI00005096,ORD000145643,ITEM0000543505,DS005,SKU0141,Missing Item,106.65,Inventory Accuracy / Putaway,P_DS005_027,Unconfirmed,Replacement
QI00005097,ORD000145664,ITEM0000543576,DS005,SKU0132,Wrong Item,896.48,Picking,P_DS005_018,Unconfirmed,Refund
QI00005098,ORD000145679,ITEM0000543640,DS005,SKU0229,Wrong Item,235.69,Shelf Placement / Picking Verification,P_DS005_009,Unconfirmed,Refund
QI00005099,ORD000145686,ITEM0000543674,DS005,SKU0018,Damaged Item,292.04,Putaway / Picking Handling,,Unconfirmed,Refund
QI00005100,ORD000145732,ITEM0000543842,DS005,SKU0018,Damaged Item,292.04,Putaway / Picking Handling,,Unconfirmed,Refund
QI00005101,ORD000145738,ITEM0000543861,DS005,SKU0057,Missing Item,229.0,Inventory Accuracy / Putaway,P_DS005_027,Unconfirmed,Refund
QI00005102,ORD000145747,ITEM0000543902,DS005,SKU0095,Missing Item,225.12,Inventory Accuracy / Putaway,P_DS005_015,Unconfirmed,Replacement
QI00005103,ORD000145769,ITEM0000543974,DS005,SKU0212,Missing Item,129.74,Inventory Accuracy / Putaway,P_DS005_012,Unconfirmed,Refund
QI00005104,ORD000145782,ITEM0000544037,DS005,SKU0178,Missing Item,125.09,Inventory Accuracy / Putaway,P_DS005_021,Unconfirmed,Replacement
QI00005105,ORD000145788,ITEM0000544063,DS005,SKU0131,Missing Item,255.32,Inventory Accuracy / Putaway,P_DS005_006,Unconfirmed,Refund
QI00005106,ORD000145828,ITEM0000544221,DS005,SKU0278,Wrong Item,224.88,Picking,P_DS005_006,Unconfirmed,Refund
QI00005107,ORD000145832,ITEM0000544234,DS005,SKU0258,Missing Item,382.73,Inventory Accuracy / Putaway,P_DS005_021,Unconfirmed,Refund
QI00005108,ORD000145835,ITEM0000544248,DS005,SKU0085,Missing Item,938.8,Inventory Accuracy / Putaway,P_DS005_021,Unconfirmed,Replacement
QI00005109,ORD000145845,ITEM0000544284,DS005,SKU0115,Damaged Item,141.88,Putaway / Picking Handling,,Unconfirmed,Refund
QI00005110,ORD000145945,ITEM0000544676,DS005,SKU0066,Missing Item,435.4,Inventory Accuracy / Putaway,P_DS005_009,Unconfirmed,Replacement
QI00005111,ORD000145975,ITEM0000544787,DS005,SKU0212,Missing Item,64.87,Inventory Accuracy / Putaway,P_DS005_009,Unconfirmed,Refund
QI00005112,ORD000146040,ITEM0000545019,DS005,SKU0079,Missing Item,226.06,Inventory Accuracy / Putaway,P_DS005_009,Unconfirmed,Refund
QI00005113,ORD000146047,ITEM0000545049,DS005,SKU0199,Wrong Item,138.52,Shelf Placement / Picking Verification,P_DS005_015,Unconfirmed,Refund
QI00005114,ORD000146084,ITEM0000545194,DS005,SKU0166,Missing Item,493.94,Inventory Accuracy / Putaway,P_DS005_030,Unconfirmed,Replacement
QI00005115,ORD000146093,ITEM0000545226,DS005,SKU0064,Damaged Item,344.62,Putaway / Picking Handling,,Unconfirmed,Refund
QI00005116,ORD000146100,ITEM0000545252,DS005,SKU0239,Missing Item,173.98,Inventory Accuracy / Putaway,P_DS005_018,Unconfirmed,Refund
QI00005117,ORD000146181,ITEM0000545596,DS005,SKU0181,Wrong Item,412.97,Picking,P_DS005_024,Unconfirmed,Replacement
QI00005118,ORD000146227,ITEM0000545773,DS005,SKU0153,Missing Item,134.94,Inventory Accuracy / Putaway,P_DS005_016,Unconfirmed,Replacement
QI00005119,ORD000146235,ITEM0000545810,DS005,SKU0158,Missing Item,145.24,Inventory Accuracy / Putaway,P_DS005_019,Unconfirmed,Replacement
QI00005120,ORD000146277,ITEM0000545961,DS005,SKU0201,Missing Item,81.18,Inventory Accuracy / Putaway,P_DS005_013,Unconfirmed,Replacement
QI00005121,ORD000146292,ITEM0000546020,DS005,SKU0079,Damaged Item,452.12,Putaway / Picking Handling,,Unconfirmed,Refund
QI00005122,ORD000146319,ITEM0000546130,DS005,SKU0131,Damaged Item,255.32,Putaway / Picking Handling,,Unconfirmed,Replacement
QI00005123,ORD000146326,ITEM0000546155,DS005,SKU0246,Damaged Item,192.63,Putaway / Picking Handling,,Unconfirmed,Refund
QI00005124,ORD000146352,ITEM0000546255,DS005,SKU0005,Damaged Item,321.98,Putaway / Picking Handling,,Unconfirmed,Refund
QI00005125,ORD000146354,ITEM0000546265,DS005,SKU0235,Missing Item,653.54,Inventory Accuracy / Putaway,P_DS005_020,Unconfirmed,Refund
QI00005126,ORD000146491,ITEM0000546778,DS005,SKU0104,Wrong Item,181.45,Picking,P_DS005_023,Unconfirmed,Refund
QI00005127,ORD000146575,ITEM0000547105,DS005,SKU0296,Wrong Item,97.56,Picking,P_DS005_017,Unconfirmed,Refund
QI00005128,ORD000146580,ITEM0000547121,DS005,SKU0008,Missing Item,30.69,Inventory Accuracy / Putaway,P_DS005_011,Unconfirmed,Refund
QI00005129,ORD000146586,ITEM0000547140,DS005,SKU0257,Damaged Item,288.34,Putaway / Picking Handling,,Unconfirmed,Refund
QI00005130,ORD000146591,ITEM0000547162,DS005,SKU0296,Damaged Item,97.56,Putaway / Picking Handling,,Unconfirmed,Refund
QI00005131,ORD000146597,ITEM0000547182,DS005,SKU0015,Missing Item,159.48,Inventory Accuracy / Putaway,P_DS005_020,Unconfirmed,Refund
QI00005132,ORD000146654,ITEM0000547410,DS005,SKU0201,Wrong Item,81.18,Picking,P_DS005_008,Unconfirmed,Refund
QI00005133,ORD000146661,ITEM0000547436,DS005,SKU0245,Missing Item,280.87,Inventory Accuracy / Putaway,P_DS005_023,Unconfirmed,Refund
QI00005134,ORD000146677,ITEM0000547486,DS005,SKU0044,Damaged Item,196.42,Putaway / Picking Handling,,Unconfirmed,Refund
QI00005135,ORD000146724,ITEM0000547673,DS005,SKU0081,Missing Item,43.96,Inventory Accuracy / Putaway,P_DS005_005,Unconfirmed,Refund
QI00005136,ORD000146730,ITEM0000547694,DS005,SKU0028,Wrong Item,828.34,Shelf Placement / Picking Verification,P_DS005_017,Unconfirmed,Refund
QI00005137,ORD000146768,ITEM0000547842,DS005,SKU0148,Wrong Item,347.32,Picking,P_DS005_026,Unconfirmed,Replacement
QI00005138,ORD000146771,ITEM0000547851,DS005,SKU0185,Missing Item,98.45,Inventory Accuracy / Putaway,P_DS005_005,Unconfirmed,Refund
QI00005139,ORD000146774,ITEM0000547860,DS005,SKU0274,Wrong Item,382.26,Shelf Placement / Picking Verification,P_DS005_005,Unconfirmed,Refund
QI00005140,ORD000146794,ITEM0000547940,DS005,SKU0111,Damaged Item,431.16,Putaway / Picking Handling,,Unconfirmed,Refund
QI00005141,ORD000146816,ITEM0000548033,DS005,SKU0082,Missing Item,434.28,Inventory Accuracy / Putaway,P_DS005_026,Unconfirmed,Refund
QI00005142,ORD000146844,ITEM0000548128,DS005,SKU0227,Wrong Item,248.05,Picking,P_DS005_011,Unconfirmed,Replacement
QI00005143,ORD000146846,ITEM0000548137,DS005,SKU0018,Wrong Item,292.04,Picking,P_DS005_017,Unconfirmed,Replacement
QI00005144,ORD000146859,ITEM0000548182,DS005,SKU0286,Wrong Item,143.99,Shelf Placement / Picking Verification,P_DS005_017,Unconfirmed,Refund
QI00005145,ORD000146914,ITEM0000548376,DS005,SKU0018,Damaged Item,292.04,Putaway / Picking Handling,,Unconfirmed,Refund
QI00005146,ORD000146919,ITEM0000548400,DS005,SKU0249,Missing Item,489.26,Inventory Accuracy / Putaway,P_DS005_029,Unconfirmed,Refund
QI00005147,ORD000146925,ITEM0000548427,DS005,SKU0269,Damaged Item,798.48,Putaway / Picking Handling,,Unconfirmed,Refund
QI00005148,ORD000146936,ITEM0000548464,DS005,SKU0269,Damaged Item,399.24,Putaway / Picking Handling,,Unconfirmed,Refund
QI00005149,ORD000146948,ITEM0000548521,DS005,SKU0282,Missing Item,241.36,Inventory Accuracy / Putaway,P_DS005_026,Unconfirmed,Replacement
QI00005150,ORD000146955,ITEM0000548544,DS005,SKU0191,Missing Item,1319.26,Inventory Accuracy / Putaway,P_DS005_005,Unconfirmed,Refund
QI00005151,ORD000146991,ITEM0000548687,DS005,SKU0131,Wrong Item,255.32,Picking,P_DS005_008,Unconfirmed,Refund
QI00005152,ORD000147034,ITEM0000548855,DS005,SKU0062,Wrong Item,668.4,Shelf Placement / Picking Verification,P_DS005_029,Unconfirmed,Refund
QI00005153,ORD000147071,ITEM0000548995,DS005,SKU0127,Missing Item,229.21,Inventory Accuracy / Putaway,P_DS005_005,Unconfirmed,Refund
QI00005154,ORD000147078,ITEM0000549025,DS005,SKU0028,Missing Item,414.17,Inventory Accuracy / Putaway,P_DS005_029,Unconfirmed,Refund
QI00005155,ORD000147093,ITEM0000549086,DS005,SKU0152,Missing Item,1212.82,Inventory Accuracy / Putaway,P_DS005_008,Unconfirmed,Replacement
QI00005156,ORD000147114,ITEM0000549167,DS005,SKU0041,Missing Item,95.3,Inventory Accuracy / Putaway,P_DS005_011,Unconfirmed,Replacement
QI00005157,ORD000147173,ITEM0000549403,DS005,SKU0175,Wrong Item,137.34,Picking,P_DS005_020,Unconfirmed,Replacement
QI00005158,ORD000147177,ITEM0000549417,DS005,SKU0015,Wrong Item,159.48,Picking,P_DS005_017,Unconfirmed,Refund
QI00005159,ORD000147179,ITEM0000549424,DS005,SKU0193,Missing Item,323.59,Inventory Accuracy / Putaway,P_DS005_011,Unconfirmed,Replacement
QI00005160,ORD000147241,ITEM0000549654,DS005,SKU0022,Missing Item,446.03,Inventory Accuracy / Putaway,P_DS005_009,Unconfirmed,Refund
QI00005161,ORD000147246,ITEM0000549676,DS005,SKU0282,Missing Item,241.36,Inventory Accuracy / Putaway,P_DS005_030,Unconfirmed,Replacement
QI00005162,ORD000147280,ITEM0000549806,DS005,SKU0084,Wrong Item,111.02,Shelf Placement / Picking Verification,P_DS005_030,Unconfirmed,Refund
QI00005163,ORD000147304,ITEM0000549890,DS005,SKU0104,Damaged Item,362.9,Putaway / Picking Handling,,Unconfirmed,Refund
QI00005164,ORD000147361,ITEM0000550096,DS005,SKU0281,Missing Item,528.78,Inventory Accuracy / Putaway,P_DS005_030,Unconfirmed,Replacement
QI00005165,ORD000147423,ITEM0000550330,DS005,SKU0128,Missing Item,78.55,Inventory Accuracy / Putaway,P_DS005_009,Unconfirmed,Replacement
QI00005166,ORD000147426,ITEM0000550338,DS005,SKU0153,Damaged Item,134.94,Putaway / Picking Handling,,Unconfirmed,Replacement
QI00005167,ORD000147430,ITEM0000550356,DS005,SKU0090,Wrong Item,260.5,Picking,P_DS005_028,Unconfirmed,Refund
QI00005168,ORD000147440,ITEM0000550397,DS005,SKU0130,Missing Item,44.48,Inventory Accuracy / Putaway,P_DS005_021,Unconfirmed,Refund
QI00005169,ORD000147492,ITEM0000550594,DS005,SKU0039,Damaged Item,99.3,Putaway / Picking Handling,,Unconfirmed,Refund
QI00005170,ORD000147518,ITEM0000550691,DS005,SKU0108,Missing Item,205.48,Inventory Accuracy / Putaway,P_DS005_006,Unconfirmed,Refund
QI00005171,ORD000147541,ITEM0000550773,DS005,SKU0015,Missing Item,159.48,Inventory Accuracy / Putaway,P_DS005_009,Unconfirmed,Refund
QI00005172,ORD000147587,ITEM0000550943,DS005,SKU0057,Missing Item,458.0,Inventory Accuracy / Putaway,P_DS005_028,Unconfirmed,Refund
QI00005173,ORD000147630,ITEM0000551105,DS005,SKU0300,Missing Item,551.25,Inventory Accuracy / Putaway,P_DS005_024,Unconfirmed,Replacement
QI00005174,ORD000147672,ITEM0000551261,DS005,SKU0286,Missing Item,143.99,Inventory Accuracy / Putaway,P_DS005_024,Unconfirmed,Refund
QI00005175,ORD000147729,ITEM0000551476,DS005,SKU0108,Missing Item,205.48,Inventory Accuracy / Putaway,P_DS005_003,Unconfirmed,Refund
QI00005176,ORD000147789,ITEM0000551691,DS005,SKU0064,Damaged Item,344.62,Putaway / Picking Handling,,Unconfirmed,Refund
QI00005177,ORD000147792,ITEM0000551703,DS005,SKU0034,Damaged Item,503.2,Putaway / Picking Handling,,Unconfirmed,Refund
QI00005178,ORD000147798,ITEM0000551726,DS005,SKU0126,Missing Item,488.27,Inventory Accuracy / Putaway,P_DS005_028,Unconfirmed,Refund
QI00005179,ORD000147810,ITEM0000551762,DS005,SKU0131,Missing Item,255.32,Inventory Accuracy / Putaway,P_DS005_014,Unconfirmed,Refund
QI00005180,ORD000147824,ITEM0000551813,DS005,SKU0244,Damaged Item,134.3,Putaway / Picking Handling,,Unconfirmed,Refund
QI00005181,ORD000147860,ITEM0000551947,DS005,SKU0018,Missing Item,584.08,Inventory Accuracy / Putaway,P_DS005_003,Unconfirmed,Refund
QI00005182,ORD000147916,ITEM0000552134,DS005,SKU0203,Missing Item,130.42,Inventory Accuracy / Putaway,P_DS005_024,Unconfirmed,Refund
QI00005183,ORD000147920,ITEM0000552147,DS005,SKU0015,Missing Item,159.48,Inventory Accuracy / Putaway,P_DS005_014,Unconfirmed,Refund
QI00005184,ORD000147924,ITEM0000552164,DS005,SKU0252,Missing Item,337.37,Inventory Accuracy / Putaway,P_DS005_028,Unconfirmed,Refund
QI00005185,ORD000147982,ITEM0000552381,DS005,SKU0086,Missing Item,373.34,Inventory Accuracy / Putaway,P_DS005_027,Unconfirmed,Replacement
QI00005186,ORD000147997,ITEM0000552435,DS005,SKU0021,Missing Item,387.42,Inventory Accuracy / Putaway,P_DS005_028,Unconfirmed,Refund
QI00005187,ORD000148005,ITEM0000552463,DS005,SKU0028,Wrong Item,414.17,Shelf Placement / Picking Verification,P_DS005_024,Unconfirmed,Refund
QI00005188,ORD000148048,ITEM0000552648,DS005,SKU0079,Missing Item,452.12,Inventory Accuracy / Putaway,P_DS005_006,Unconfirmed,Refund
QI00005189,ORD000148102,ITEM0000552849,DS005,SKU0074,Damaged Item,233.54,Putaway / Picking Handling,,Unconfirmed,Refund
QI00005190,ORD000148152,ITEM0000553027,DS005,SKU0211,Wrong Item,152.51,Picking,P_DS005_018,Unconfirmed,Replacement
QI00005191,ORD000148220,ITEM0000553263,DS005,SKU0085,Damaged Item,469.4,Putaway / Picking Handling,,Unconfirmed,Replacement
QI00005192,ORD000148254,ITEM0000553367,DS005,SKU0221,Damaged Item,278.54,Putaway / Picking Handling,,Unconfirmed,Refund
QI00005193,ORD000148258,ITEM0000553383,DS005,SKU0198,Missing Item,707.66,Inventory Accuracy / Putaway,P_DS005_004,Unconfirmed,Refund
QI00005194,ORD000148280,ITEM0000553470,DS005,SKU0189,Missing Item,229.27,Inventory Accuracy / Putaway,P_DS005_010,Unconfirmed,Replacement
QI00005195,ORD000148318,ITEM0000553604,DS005,SKU0113,Missing Item,64.72,Inventory Accuracy / Putaway,P_DS005_025,Unconfirmed,Refund
QI00005196,ORD000148350,ITEM0000553721,DS005,SKU0065,Missing Item,21.72,Inventory Accuracy / Putaway,P_DS005_019,Unconfirmed,Refund
QI00005197,ORD000148368,ITEM0000553786,DS005,SKU0016,Missing Item,206.66,Inventory Accuracy / Putaway,P_DS005_025,Unconfirmed,Refund
QI00005198,ORD000148372,ITEM0000553811,DS005,SKU0166,Missing Item,493.94,Inventory Accuracy / Putaway,P_DS005_019,Unconfirmed,Refund
QI00005199,ORD000148397,ITEM0000553924,DS005,SKU0085,Missing Item,469.4,Inventory Accuracy / Putaway,P_DS005_017,Unconfirmed,Replacement
QI00005200,ORD000148410,ITEM0000553967,DS005,SKU0134,Missing Item,271.74,Inventory Accuracy / Putaway,P_DS005_004,Unconfirmed,Refund
QI00005201,ORD000148446,ITEM0000554080,DS005,SKU0160,Missing Item,215.8,Inventory Accuracy / Putaway,P_DS005_023,Unconfirmed,Refund
QI00005202,ORD000148477,ITEM0000554196,DS005,SKU0201,Missing Item,81.18,Inventory Accuracy / Putaway,P_DS005_026,Unconfirmed,Refund
QI00005203,ORD000148477,ITEM0000554197,DS005,SKU0052,Wrong Item,172.63,Picking,P_DS005_026,Unconfirmed,Refund
QI00005204,ORD000148547,ITEM0000554427,DS005,SKU0018,Damaged Item,292.04,Putaway / Picking Handling,,Unconfirmed,Refund
QI00005205,ORD000148564,ITEM0000554484,DS005,SKU0213,Damaged Item,203.78,Putaway / Picking Handling,,Unconfirmed,Refund
QI00005206,ORD000148577,ITEM0000554533,DS005,SKU0064,Missing Item,344.62,Inventory Accuracy / Putaway,P_DS005_020,Unconfirmed,Replacement
QI00005207,ORD000148631,ITEM0000554743,DS005,SKU0193,Wrong Item,323.59,Picking,P_DS005_002,Unconfirmed,Replacement
QI00005208,ORD000148639,ITEM0000554774,DS005,SKU0141,Wrong Item,213.3,Picking,P_DS005_017,Unconfirmed,Replacement
QI00005209,ORD000148644,ITEM0000554793,DS005,SKU0172,Missing Item,602.72,Inventory Accuracy / Putaway,P_DS005_005,Unconfirmed,Refund
QI00005210,ORD000148672,ITEM0000554910,DS005,SKU0226,Damaged Item,45.28,Putaway / Picking Handling,,Unconfirmed,Refund
QI00005211,ORD000148787,ITEM0000555359,DS005,SKU0160,Wrong Item,215.8,Shelf Placement / Picking Verification,P_DS005_017,Unconfirmed,Refund
QI00005212,ORD000148805,ITEM0000555431,DS005,SKU0069,Wrong Item,90.91,Picking,P_DS005_011,Unconfirmed,Refund
QI00005213,ORD000148835,ITEM0000555544,DS005,SKU0244,Damaged Item,67.15,Rider Handling / Last Mile,,Unconfirmed,Refund
QI00005214,ORD000148903,ITEM0000555811,DS005,SKU0119,Damaged Item,182.02,Putaway / Picking Handling,,Unconfirmed,Refund
QI00005215,ORD000148905,ITEM0000555815,DS005,SKU0081,Damaged Item,43.96,Putaway / Picking Handling,,Unconfirmed,Refund
QI00005216,ORD000148905,ITEM0000555817,DS005,SKU0109,Missing Item,576.34,Inventory Accuracy / Putaway,P_DS005_023,Unconfirmed,Refund
QI00005217,ORD000148910,ITEM0000555831,DS005,SKU0013,Missing Item,859.59,Inventory Accuracy / Putaway,P_DS005_020,Unconfirmed,Replacement
QI00005218,ORD000148924,ITEM0000555885,DS005,SKU0290,Damaged Item,416.48,Putaway / Picking Handling,,Unconfirmed,Refund
QI00005219,ORD000148925,ITEM0000555886,DS005,SKU0219,Wrong Item,689.18,Picking,P_DS005_011,Unconfirmed,Refund
QI00005220,ORD000148926,ITEM0000555890,DS005,SKU0166,Wrong Item,493.94,Shelf Placement / Picking Verification,P_DS005_023,Unconfirmed,Refund
QI00005221,ORD000148980,ITEM0000556090,DS005,SKU0076,Damaged Item,267.05,Putaway / Picking Handling,,Unconfirmed,Refund
QI00005222,ORD000148985,ITEM0000556113,DS005,SKU0074,Missing Item,467.08,Inventory Accuracy / Putaway,P_DS005_005,Unconfirmed,Replacement
QI00005223,ORD000149012,ITEM0000556213,DS005,SKU0278,Wrong Item,449.76,Picking,P_DS005_023,Unconfirmed,Refund
QI00005224,ORD000149021,ITEM0000556243,DS005,SKU0064,Missing Item,344.62,Inventory Accuracy / Putaway,P_DS005_011,Unconfirmed,Refund
QI00005225,ORD000149071,ITEM0000556418,DS005,SKU0141,Damaged Item,106.65,Putaway / Picking Handling,,Unconfirmed,Refund
QI00005226,ORD000149124,ITEM0000556611,DS005,SKU0114,Missing Item,116.74,Inventory Accuracy / Putaway,P_DS005_014,Unconfirmed,Refund
QI00005227,ORD000149142,ITEM0000556673,DS005,SKU0036,Damaged Item,501.4,Putaway / Picking Handling,,Unconfirmed,Replacement
QI00005228,ORD000149149,ITEM0000556703,DS005,SKU0276,Missing Item,111.19,Inventory Accuracy / Putaway,P_DS005_021,Unconfirmed,Refund
QI00005229,ORD000149195,ITEM0000556867,DS005,SKU0176,Missing Item,413.3,Inventory Accuracy / Putaway,P_DS005_009,Unconfirmed,Refund
QI00005230,ORD000149198,ITEM0000556880,DS005,SKU0159,Missing Item,671.62,Inventory Accuracy / Putaway,P_DS005_024,Unconfirmed,Refund
QI00005231,ORD000149283,ITEM0000557191,DS005,SKU0080,Wrong Item,154.38,Picking,P_DS005_022,Unconfirmed,Refund
QI00005232,ORD000149345,ITEM0000557403,DS005,SKU0278,Missing Item,449.76,Inventory Accuracy / Putaway,P_DS005_021,Unconfirmed,Replacement
QI00005233,ORD000149434,ITEM0000557742,DS005,SKU0070,Missing Item,78.06,Inventory Accuracy / Putaway,P_DS005_009,Unconfirmed,Refund
QI00005234,ORD000149435,ITEM0000557748,DS005,SKU0208,Missing Item,40.91,Inventory Accuracy / Putaway,P_DS005_003,Unconfirmed,Refund
QI00005235,ORD000149467,ITEM0000557860,DS005,SKU0035,Missing Item,623.3,Inventory Accuracy / Putaway,P_DS005_029,Unconfirmed,Refund
QI00005236,ORD000149473,ITEM0000557873,DS005,SKU0115,Missing Item,283.76,Inventory Accuracy / Putaway,P_DS005_006,Unconfirmed,Replacement
QI00005237,ORD000149501,ITEM0000557968,DS005,SKU0226,Damaged Item,45.28,Putaway / Picking Handling,,Unconfirmed,Refund
QI00005238,ORD000149522,ITEM0000558047,DS005,SKU0224,Missing Item,334.03,Inventory Accuracy / Putaway,P_DS005_030,Unconfirmed,Refund
QI00005239,ORD000149572,ITEM0000558231,DS005,SKU0123,Missing Item,160.32,Inventory Accuracy / Putaway,P_DS005_006,Unconfirmed,Refund
QI00005240,ORD000149588,ITEM0000558297,DS005,SKU0181,Missing Item,825.94,Inventory Accuracy / Putaway,P_DS005_012,Unconfirmed,Refund
QI00005241,ORD000149594,ITEM0000558324,DS005,SKU0140,Missing Item,236.01,Inventory Accuracy / Putaway,P_DS005_021,Unconfirmed,Replacement
QI00005242,ORD000149608,ITEM0000558373,DS005,SKU0021,Missing Item,774.84,Inventory Accuracy / Putaway,P_DS005_009,Unconfirmed,Refund
QI00005243,ORD000149680,ITEM0000558657,DS005,SKU0110,Missing Item,243.19,Inventory Accuracy / Putaway,P_DS005_012,Unconfirmed,Replacement
QI00005244,ORD000149703,ITEM0000558742,DS005,SKU0037,Damaged Item,75.95,Putaway / Picking Handling,,Unconfirmed,Refund
QI00005245,ORD000149703,ITEM0000558743,DS005,SKU0176,Missing Item,206.65,Inventory Accuracy / Putaway,P_DS005_006,Unconfirmed,Refund
QI00005246,ORD000149732,ITEM0000558845,DS005,SKU0176,Damaged Item,206.65,Putaway / Picking Handling,,Unconfirmed,Replacement
QI00005247,ORD000149769,ITEM0000558968,DS005,SKU0152,Damaged Item,1212.82,Putaway / Picking Handling,,Unconfirmed,Replacement
QI00005248,ORD000149769,ITEM0000558970,DS005,SKU0266,Wrong Item,218.79,Shelf Placement / Picking Verification,P_DS005_030,Unconfirmed,Refund
QI00005249,ORD000149776,ITEM0000558994,DS005,SKU0170,Wrong Item,570.49,Picking,P_DS005_009,Unconfirmed,Replacement
QI00005250,ORD000149809,ITEM0000559111,DS005,SKU0249,Missing Item,978.52,Inventory Accuracy / Putaway,P_DS005_009,Unconfirmed,Refund
QI00005251,ORD000149830,ITEM0000559191,DS005,SKU0018,Damaged Item,292.04,Putaway / Picking Handling,,Unconfirmed,Refund
QI00005252,ORD000149843,ITEM0000559240,DS005,SKU0011,Damaged Item,85.7,Putaway / Picking Handling,,Unconfirmed,Replacement
QI00005253,ORD000149848,ITEM0000559255,DS005,SKU0276,Missing Item,111.19,Inventory Accuracy / Putaway,P_DS005_024,Unconfirmed,Replacement
QI00005254,ORD000149852,ITEM0000559276,DS005,SKU0076,Missing Item,267.05,Inventory Accuracy / Putaway,P_DS005_024,Unconfirmed,Replacement
QI00005255,ORD000149852,ITEM0000559277,DS005,SKU0261,Damaged Item,312.68,Putaway / Picking Handling,,Unconfirmed,Refund
QI00005256,ORD000149863,ITEM0000559303,DS005,SKU0092,Wrong Item,230.52,Picking,P_DS005_006,Unconfirmed,Refund
QI00005257,ORD000149929,ITEM0000559549,DS005,SKU0166,Wrong Item,987.88,Shelf Placement / Picking Verification,P_DS005_022,Unconfirmed,Replacement
QI00005258,ORD000149948,ITEM0000559609,DS005,SKU0126,Missing Item,488.27,Inventory Accuracy / Putaway,P_DS005_029,Unconfirmed,Refund
QI00005259,ORD000150029,ITEM0000559901,DS005,SKU0108,Missing Item,205.48,Inventory Accuracy / Putaway,P_DS005_018,Unconfirmed,Refund
QI00005260,ORD000150030,ITEM0000559908,DS005,SKU0275,Missing Item,44.18,Inventory Accuracy / Putaway,P_DS005_018,Unconfirmed,Replacement
QI00005261,ORD000150033,ITEM0000559923,DS005,SKU0146,Damaged Item,37.7,Putaway / Picking Handling,,Unconfirmed,Replacement
QI00005262,ORD000150126,ITEM0000560272,DS005,SKU0195,Wrong Item,613.68,Picking,P_DS005_027,Unconfirmed,Replacement
QI00005263,ORD000150169,ITEM0000560430,DS005,SKU0135,Missing Item,169.77,Inventory Accuracy / Putaway,P_DS005_003,Unconfirmed,Refund
QI00005264,ORD000150183,ITEM0000560488,DS005,SKU0065,Missing Item,43.44,Inventory Accuracy / Putaway,P_DS005_010,Unconfirmed,Refund
QI00005265,ORD000150189,ITEM0000560512,DS005,SKU0081,Missing Item,43.96,Inventory Accuracy / Putaway,P_DS005_010,Unconfirmed,Refund
QI00005266,ORD000150191,ITEM0000560523,DS005,SKU0273,Wrong Item,303.86,Picking,P_DS005_013,Unconfirmed,Refund
QI00005267,ORD000150226,ITEM0000560646,DS005,SKU0018,Damaged Item,292.04,Putaway / Picking Handling,,Unconfirmed,Refund
QI00005268,ORD000150314,ITEM0000560969,DS005,SKU0189,Missing Item,229.27,Inventory Accuracy / Putaway,P_DS005_010,Unconfirmed,Replacement
QI00005269,ORD000150321,ITEM0000560992,DS005,SKU0109,Missing Item,576.34,Inventory Accuracy / Putaway,P_DS005_019,Unconfirmed,Replacement
QI00005270,ORD000150360,ITEM0000561138,DS005,SKU0019,Missing Item,277.78,Inventory Accuracy / Putaway,P_DS005_022,Unconfirmed,Replacement
QI00005271,ORD000150368,ITEM0000561175,DS005,SKU0090,Missing Item,260.5,Inventory Accuracy / Putaway,P_DS005_014,Unconfirmed,Refund
QI00005272,ORD000150376,ITEM0000561207,DS005,SKU0109,Damaged Item,576.34,Putaway / Picking Handling,,Unconfirmed,Refund
QI00005273,ORD000150383,ITEM0000561233,DS005,SKU0291,Missing Item,294.78,Inventory Accuracy / Putaway,P_DS005_020,Unconfirmed,Refund
QI00005274,ORD000150404,ITEM0000561336,DS005,SKU0111,Wrong Item,431.16,Picking,P_DS005_014,Unconfirmed,Refund
QI00005275,ORD000150446,ITEM0000561483,DS005,SKU0173,Missing Item,677.52,Inventory Accuracy / Putaway,P_DS005_005,Unconfirmed,Replacement
QI00005276,ORD000150448,ITEM0000561496,DS005,SKU0243,Damaged Item,382.1,Putaway / Picking Handling,,Unconfirmed,Refund
QI00005277,ORD000150467,ITEM0000561571,DS005,SKU0056,Missing Item,234.62,Inventory Accuracy / Putaway,P_DS005_014,Unconfirmed,Replacement
QI00005278,ORD000150543,ITEM0000561851,DS005,SKU0202,Damaged Item,388.42,Rider Handling / Last Mile,,Unconfirmed,Refund
QI00005279,ORD000150629,ITEM0000562166,DS005,SKU0146,Wrong Item,18.85,Picking,P_DS005_008,Unconfirmed,Replacement
QI00005280,ORD000150630,ITEM0000562172,DS005,SKU0238,Missing Item,30.81,Inventory Accuracy / Putaway,P_DS005_026,Unconfirmed,Refund
QI00005281,ORD000150648,ITEM0000562234,DS005,SKU0071,Wrong Item,120.79,Shelf Placement / Picking Verification,P_DS005_014,Unconfirmed,Refund
QI00005282,ORD000150691,ITEM0000562392,DS005,SKU0125,Missing Item,219.9,Inventory Accuracy / Putaway,P_DS005_011,Unconfirmed,Refund
QI00005283,ORD000150695,ITEM0000562414,DS005,SKU0195,Missing Item,613.68,Inventory Accuracy / Putaway,P_DS005_014,Unconfirmed,Refund
QI00005284,ORD000150711,ITEM0000562480,DS005,SKU0085,Wrong Item,469.4,Picking,P_DS005_011,Unconfirmed,Refund
QI00005285,ORD000150853,ITEM0000563008,DS005,SKU0261,Damaged Item,312.68,Putaway / Picking Handling,,Unconfirmed,Refund
QI00005286,ORD000150866,ITEM0000563060,DS005,SKU0079,Missing Item,226.06,Inventory Accuracy / Putaway,P_DS005_008,Unconfirmed,Refund
QI00005287,ORD000150866,ITEM0000563062,DS005,SKU0231,Missing Item,34.56,Inventory Accuracy / Putaway,P_DS005_008,Unconfirmed,Replacement
QI00005288,ORD000150892,ITEM0000563165,DS005,SKU0141,Missing Item,106.65,Inventory Accuracy / Putaway,P_DS005_014,Unconfirmed,Replacement
QI00005289,ORD000150918,ITEM0000563269,DS005,SKU0151,Missing Item,103.12,Inventory Accuracy / Putaway,P_DS005_017,Unconfirmed,Refund
QI00005290,ORD000150948,ITEM0000563385,DS005,SKU0015,Missing Item,159.48,Inventory Accuracy / Putaway,P_DS005_020,Unconfirmed,Refund
QI00005291,ORD000150960,ITEM0000563427,DS005,SKU0128,Wrong Item,157.1,Picking,P_DS005_005,Unconfirmed,Refund
QI00005292,ORD000150981,ITEM0000563504,DS005,SKU0129,Wrong Item,21.75,Picking,P_DS005_017,Unconfirmed,Replacement
QI00005293,ORD000150997,ITEM0000563571,DS005,SKU0206,Missing Item,166.38,Inventory Accuracy / Putaway,P_DS005_017,Unconfirmed,Refund
QI00005294,ORD000151037,ITEM0000563737,DS005,SKU0057,Missing Item,229.0,Inventory Accuracy / Putaway,P_DS005_029,Unconfirmed,Refund
QI00005295,ORD000151041,ITEM0000563750,DS005,SKU0007,Missing Item,83.08,Inventory Accuracy / Putaway,P_DS005_005,Unconfirmed,Refund
QI00005296,ORD000151045,ITEM0000563764,DS005,SKU0058,Missing Item,264.03,Inventory Accuracy / Putaway,P_DS005_014,Unconfirmed,Refund
QI00005297,ORD000151080,ITEM0000563889,DS005,SKU0013,Missing Item,286.53,Inventory Accuracy / Putaway,P_DS005_015,Unconfirmed,Refund
QI00005298,ORD000151129,ITEM0000564064,DS005,SKU0018,Damaged Item,292.04,Putaway / Picking Handling,,Unconfirmed,Refund
QI00005299,ORD000151130,ITEM0000564065,DS005,SKU0263,Missing Item,234.1,Inventory Accuracy / Putaway,P_DS005_015,Unconfirmed,Refund
QI00005300,ORD000151177,ITEM0000564231,DS005,SKU0086,Missing Item,186.67,Inventory Accuracy / Putaway,P_DS005_016,Unconfirmed,Refund
QI00005301,ORD000151220,ITEM0000564386,DS005,SKU0273,Missing Item,303.86,Inventory Accuracy / Putaway,P_DS005_002,Unconfirmed,Refund
QI00005302,ORD000151225,ITEM0000564404,DS005,SKU0154,Missing Item,912.46,Inventory Accuracy / Putaway,P_DS005_006,Unconfirmed,Refund
QI00005303,ORD000151366,ITEM0000564952,DS005,SKU0094,Wrong Item,137.58,Shelf Placement / Picking Verification,P_DS005_003,Unconfirmed,Refund
QI00005304,ORD000151368,ITEM0000564963,DS005,SKU0144,Wrong Item,82.27,Picking,P_DS005_027,Unconfirmed,Refund
QI00005305,ORD000151378,ITEM0000565000,DS005,SKU0251,Missing Item,177.56,Inventory Accuracy / Putaway,P_DS005_018,Unconfirmed,Refund
QI00005306,ORD000151431,ITEM0000565203,DS005,SKU0111,Missing Item,862.32,Inventory Accuracy / Putaway,P_DS005_016,Unconfirmed,Replacement
QI00005307,ORD000151487,ITEM0000565397,DS005,SKU0141,Missing Item,106.65,Inventory Accuracy / Putaway,P_DS005_023,Unconfirmed,Refund
QI00005308,ORD000151493,ITEM0000565422,DS005,SKU0090,Missing Item,260.5,Inventory Accuracy / Putaway,P_DS005_021,Unconfirmed,Refund
QI00005309,ORD000151511,ITEM0000565485,DS005,SKU0072,Missing Item,75.88,Inventory Accuracy / Putaway,P_DS005_006,Unconfirmed,Replacement
QI00005310,ORD000151608,ITEM0000565860,DS005,SKU0153,Damaged Item,134.94,Putaway / Picking Handling,,Unconfirmed,Refund
QI00005311,ORD000151620,ITEM0000565903,DS005,SKU0010,Wrong Item,309.18,Picking,P_DS005_015,Unconfirmed,Refund
QI00005312,ORD000151634,ITEM0000565968,DS005,SKU0041,Damaged Item,95.3,Putaway / Picking Handling,,Unconfirmed,Refund
QI00005313,ORD000151639,ITEM0000565991,DS005,SKU0029,Damaged Item,49.37,Putaway / Picking Handling,,Unconfirmed,Refund
QI00005314,ORD000151670,ITEM0000566118,DS005,SKU0185,Wrong Item,98.45,Shelf Placement / Picking Verification,P_DS005_002,Unconfirmed,Refund
QI00005315,ORD000151687,ITEM0000566175,DS005,SKU0193,Wrong Item,647.18,Picking,P_DS005_021,Unconfirmed,Replacement
QI00005316,ORD000151719,ITEM0000566287,DS005,SKU0202,Damaged Item,776.84,Putaway / Picking Handling,,Unconfirmed,Refund
QI00005317,ORD000151786,ITEM0000566534,DS005,SKU0047,Missing Item,1160.62,Inventory Accuracy / Putaway,P_DS005_027,Unconfirmed,Refund
QI00005318,ORD000151841,ITEM0000566731,DS005,SKU0114,Missing Item,116.74,Inventory Accuracy / Putaway,P_DS005_015,Unconfirmed,Refund
QI00005319,ORD000151854,ITEM0000566781,DS005,SKU0195,Wrong Item,613.68,Picking,P_DS005_016,Unconfirmed,Refund
QI00005320,ORD000151868,ITEM0000566838,DS005,SKU0119,Missing Item,182.02,Inventory Accuracy / Putaway,P_DS005_015,Unconfirmed,Refund
QI00005321,ORD000151894,ITEM0000566943,DS005,SKU0011,Missing Item,85.7,Inventory Accuracy / Putaway,P_DS005_006,Unconfirmed,Replacement
QI00005322,ORD000151898,ITEM0000566954,DS005,SKU0261,Wrong Item,312.68,Picking,P_DS005_027,Unconfirmed,Refund
QI00005323,ORD000151938,ITEM0000567116,DS005,SKU0101,Wrong Item,1040.44,Picking,P_DS005_016,Unconfirmed,Refund
QI00005324,ORD000151942,ITEM0000567127,DS005,SKU0062,Damaged Item,334.2,Rider Handling / Last Mile,,Unconfirmed,Refund
QI00005325,ORD000151961,ITEM0000567204,DS005,SKU0142,Damaged Item,54.23,Putaway / Picking Handling,,Unconfirmed,Refund
QI00005326,ORD000151977,ITEM0000567256,DS005,SKU0160,Missing Item,215.8,Inventory Accuracy / Putaway,P_DS005_003,Unconfirmed,Replacement
QI00005327,ORD000152026,ITEM0000567439,DS005,SKU0178,Missing Item,125.09,Inventory Accuracy / Putaway,P_DS005_006,Unconfirmed,Refund
QI00005328,ORD000152049,ITEM0000567538,DS005,SKU0122,Missing Item,520.1,Inventory Accuracy / Putaway,P_DS005_006,Unconfirmed,Refund
QI00005329,ORD000152126,ITEM0000567822,DS005,SKU0221,Missing Item,278.54,Inventory Accuracy / Putaway,P_DS005_006,Unconfirmed,Refund
QI00005330,ORD000152147,ITEM0000567913,DS005,SKU0212,Missing Item,64.87,Inventory Accuracy / Putaway,P_DS005_021,Unconfirmed,Refund
QI00005331,ORD000152163,ITEM0000567971,DS005,SKU0115,Missing Item,141.88,Inventory Accuracy / Putaway,P_DS005_028,Unconfirmed,Refund
QI00005332,ORD000152204,ITEM0000568122,DS005,SKU0279,Missing Item,219.34,Inventory Accuracy / Putaway,P_DS005_004,Unconfirmed,Replacement
QI00005333,ORD000152249,ITEM0000568296,DS005,SKU0090,Missing Item,260.5,Inventory Accuracy / Putaway,P_DS005_019,Unconfirmed,Refund
QI00005334,ORD000152255,ITEM0000568323,DS005,SKU0115,Missing Item,141.88,Inventory Accuracy / Putaway,P_DS005_019,Unconfirmed,Replacement
QI00005335,ORD000152260,ITEM0000568341,DS005,SKU0081,Damaged Item,43.96,Putaway / Picking Handling,,Unconfirmed,Refund
QI00005336,ORD000152334,ITEM0000568630,DS005,SKU0047,Missing Item,580.31,Inventory Accuracy / Putaway,P_DS005_026,Unconfirmed,Replacement
QI00005337,ORD000152334,ITEM0000568631,DS005,SKU0018,Wrong Item,584.08,Picking,P_DS005_026,Unconfirmed,Refund
QI00005338,ORD000152353,ITEM0000568697,DS005,SKU0084,Missing Item,222.04,Inventory Accuracy / Putaway,P_DS005_023,Unconfirmed,Refund
QI00005339,ORD000152357,ITEM0000568717,DS005,SKU0257,Wrong Item,288.34,Picking,P_DS005_026,Unconfirmed,Replacement
QI00005340,ORD000152359,ITEM0000568723,DS005,SKU0141,Missing Item,213.3,Inventory Accuracy / Putaway,P_DS005_025,Unconfirmed,Replacement
QI00005341,ORD000152381,ITEM0000568799,DS005,SKU0175,Missing Item,274.68,Inventory Accuracy / Putaway,P_DS005_029,Unconfirmed,Replacement
QI00005342,ORD000152401,ITEM0000568866,DS005,SKU0185,Wrong Item,98.45,Shelf Placement / Picking Verification,P_DS005_029,Unconfirmed,Replacement
QI00005343,ORD000152402,ITEM0000568870,DS005,SKU0063,Wrong Item,189.87,Shelf Placement / Picking Verification,P_DS005_029,Unconfirmed,Refund
QI00005344,ORD000152465,ITEM0000569096,DS005,SKU0131,Wrong Item,255.32,Picking,P_DS005_008,Unconfirmed,Refund
QI00005345,ORD000152513,ITEM0000569256,DS005,SKU0274,Wrong Item,382.26,Shelf Placement / Picking Verification,P_DS005_008,Unconfirmed,Refund
QI00005346,ORD000152517,ITEM0000569275,DS005,SKU0064,Missing Item,344.62,Inventory Accuracy / Putaway,P_DS005_014,Unconfirmed,Refund
QI00005347,ORD000152522,ITEM0000569291,DS005,SKU0016,Missing Item,206.66,Inventory Accuracy / Putaway,P_DS005_008,Unconfirmed,Replacement
QI00005348,ORD000152534,ITEM0000569336,DS005,SKU0034,Damaged Item,251.6,Putaway / Picking Handling,,Unconfirmed,Refund
QI00005349,ORD000152548,ITEM0000569380,DS005,SKU0281,Wrong Item,264.39,Shelf Placement / Picking Verification,P_DS005_023,Unconfirmed,Replacement
QI00005350,ORD000152568,ITEM0000569453,DS005,SKU0092,Missing Item,230.52,Inventory Accuracy / Putaway,P_DS005_008,Unconfirmed,Refund
QI00005351,ORD000152604,ITEM0000569596,DS005,SKU0219,Missing Item,344.59,Inventory Accuracy / Putaway,P_DS005_026,Unconfirmed,Replacement
QI00005352,ORD000152644,ITEM0000569743,DS005,SKU0131,Missing Item,255.32,Inventory Accuracy / Putaway,P_DS005_026,Unconfirmed,Refund
QI00005353,ORD000152721,ITEM0000570011,DS005,SKU0119,Missing Item,182.02,Inventory Accuracy / Putaway,P_DS005_002,Unconfirmed,Refund
QI00005354,ORD000152740,ITEM0000570089,DS005,SKU0085,Missing Item,469.4,Inventory Accuracy / Putaway,P_DS005_020,Unconfirmed,Refund
QI00005355,ORD000152769,ITEM0000570204,DS005,SKU0086,Missing Item,186.67,Inventory Accuracy / Putaway,P_DS005_011,Unconfirmed,Refund
QI00005356,ORD000152792,ITEM0000570287,DS005,SKU0235,Missing Item,653.54,Inventory Accuracy / Putaway,P_DS005_002,Unconfirmed,Refund
QI00005357,ORD000152818,ITEM0000570377,DS005,SKU0063,Wrong Item,189.87,Shelf Placement / Picking Verification,P_DS005_026,Unconfirmed,Refund
QI00005358,ORD000152843,ITEM0000570469,DS005,SKU0176,Damaged Item,206.65,Putaway / Picking Handling,,Unconfirmed,Replacement
QI00005359,ORD000152877,ITEM0000570599,DS005,SKU0264,Missing Item,26.89,Inventory Accuracy / Putaway,P_DS005_008,Unconfirmed,Refund
QI00005360,ORD000152883,ITEM0000570624,DS005,SKU0104,Missing Item,181.45,Inventory Accuracy / Putaway,P_DS005_023,Unconfirmed,Refund
QI00005361,ORD000152911,ITEM0000570716,DS005,SKU0071,Missing Item,241.58,Inventory Accuracy / Putaway,P_DS005_029,Unconfirmed,Replacement
QI00005362,ORD000152952,ITEM0000570860,DS005,SKU0032,Missing Item,403.73,Inventory Accuracy / Putaway,P_DS005_015,Unconfirmed,Refund
QI00005363,ORD000153059,ITEM0000571249,DS005,SKU0006,Wrong Item,160.4,Shelf Placement / Picking Verification,P_DS005_030,Unconfirmed,Replacement
QI00005364,ORD000153120,ITEM0000571472,DS005,SKU0177,Wrong Item,351.44,Picking,P_DS005_006,Unconfirmed,Replacement
QI00005365,ORD000153154,ITEM0000571592,DS005,SKU0021,Wrong Item,387.42,Picking,P_DS005_015,Unconfirmed,Refund
QI00005366,ORD000153170,ITEM0000571650,DS005,SKU0224,Wrong Item,334.03,Picking,P_DS005_027,Unconfirmed,Refund
QI00005367,ORD000153200,ITEM0000571764,DS005,SKU0226,Missing Item,90.56,Inventory Accuracy / Putaway,P_DS005_018,Unconfirmed,Refund
QI00005368,ORD000153231,ITEM0000571880,DS005,SKU0203,Missing Item,130.42,Inventory Accuracy / Putaway,P_DS005_021,Unconfirmed,Refund
QI00005369,ORD000153243,ITEM0000571938,DS005,SKU0013,Wrong Item,286.53,Shelf Placement / Picking Verification,P_DS005_027,Unconfirmed,Refund
QI00005370,ORD000153302,ITEM0000572135,DS005,SKU0153,Damaged Item,134.94,Putaway / Picking Handling,,Unconfirmed,Replacement
QI00005371,ORD000153325,ITEM0000572212,DS005,SKU0075,Missing Item,287.26,Inventory Accuracy / Putaway,P_DS005_018,Unconfirmed,Refund
QI00005372,ORD000153325,ITEM0000572217,DS005,SKU0160,Wrong Item,215.8,Shelf Placement / Picking Verification,P_DS005_018,Unconfirmed,Replacement
QI00005373,ORD000153345,ITEM0000572290,DS005,SKU0211,Missing Item,152.51,Inventory Accuracy / Putaway,P_DS005_018,Unconfirmed,Refund
QI00005374,ORD000153393,ITEM0000572445,DS005,SKU0292,Missing Item,501.99,Inventory Accuracy / Putaway,P_DS005_018,Unconfirmed,Refund
QI00005375,ORD000153446,ITEM0000572630,DS005,SKU0018,Missing Item,292.04,Inventory Accuracy / Putaway,P_DS005_009,Unconfirmed,Replacement
QI00005376,ORD000153476,ITEM0000572734,DS005,SKU0062,Wrong Item,334.2,Shelf Placement / Picking Verification,P_DS005_021,Unconfirmed,Refund
QI00005377,ORD000153515,ITEM0000572885,DS005,SKU0126,Missing Item,488.27,Inventory Accuracy / Putaway,P_DS005_015,Unconfirmed,Replacement
QI00005378,ORD000153518,ITEM0000572897,DS005,SKU0056,Wrong Item,234.62,Picking,P_DS005_012,Unconfirmed,Replacement
QI00005379,ORD000153525,ITEM0000572920,DS005,SKU0264,Damaged Item,26.89,Putaway / Picking Handling,,Unconfirmed,Replacement
QI00005380,ORD000153613,ITEM0000573247,DS005,SKU0269,Damaged Item,399.24,Putaway / Picking Handling,,Unconfirmed,Refund
QI00005381,ORD000153789,ITEM0000573913,DS005,SKU0205,Missing Item,168.31,Inventory Accuracy / Putaway,P_DS005_018,Unconfirmed,Replacement
QI00005382,ORD000153797,ITEM0000573948,DS005,SKU0186,Wrong Item,104.06,Picking,P_DS005_015,Unconfirmed,Refund
QI00005383,ORD000153802,ITEM0000573967,DS005,SKU0024,Damaged Item,370.06,Putaway / Picking Handling,,Unconfirmed,Refund
QI00005384,ORD000153820,ITEM0000574040,DS005,SKU0056,Missing Item,234.62,Inventory Accuracy / Putaway,P_DS005_010,Unconfirmed,Refund
QI00005385,ORD000153883,ITEM0000574265,DS005,SKU0094,Missing Item,137.58,Inventory Accuracy / Putaway,P_DS005_013,Unconfirmed,Refund
QI00005386,ORD000153894,ITEM0000574301,DS005,SKU0141,Missing Item,106.65,Inventory Accuracy / Putaway,P_DS005_016,Unconfirmed,Replacement
QI00005387,ORD000153914,ITEM0000574368,DS005,SKU0294,Damaged Item,109.46,Putaway / Picking Handling,,Unconfirmed,Refund
QI00005388,ORD000153915,ITEM0000574375,DS005,SKU0029,Missing Item,98.74,Inventory Accuracy / Putaway,P_DS005_019,Unconfirmed,Refund
QI00005389,ORD000153952,ITEM0000574514,DS005,SKU0082,Missing Item,434.28,Inventory Accuracy / Putaway,P_DS005_022,Unconfirmed,Replacement
QI00005390,ORD000153992,ITEM0000574675,DS005,SKU0235,Missing Item,1307.08,Inventory Accuracy / Putaway,P_DS005_016,Unconfirmed,Replacement
QI00005391,ORD000154007,ITEM0000574734,DS005,SKU0029,Missing Item,49.37,Inventory Accuracy / Putaway,P_DS005_013,Unconfirmed,Refund
QI00005392,ORD000154035,ITEM0000574856,DS005,SKU0068,Missing Item,183.41,Inventory Accuracy / Putaway,P_DS005_026,Unconfirmed,Refund
QI00005393,ORD000154047,ITEM0000574904,DS005,SKU0107,Missing Item,86.59,Inventory Accuracy / Putaway,P_DS005_017,Unconfirmed,Refund
QI00005394,ORD000154088,ITEM0000575039,DS005,SKU0226,Missing Item,45.28,Inventory Accuracy / Putaway,P_DS005_029,Unconfirmed,Refund
QI00005395,ORD000154189,ITEM0000575395,DS005,SKU0138,Wrong Item,819.58,Shelf Placement / Picking Verification,P_DS005_020,Unconfirmed,Refund
QI00005396,ORD000154281,ITEM0000575765,DS005,SKU0207,Missing Item,349.78,Inventory Accuracy / Putaway,P_DS005_023,Unconfirmed,Replacement
QI00005397,ORD000154304,ITEM0000575858,DS005,SKU0117,Missing Item,42.66,Inventory Accuracy / Putaway,P_DS005_005,Unconfirmed,Replacement
QI00005398,ORD000154318,ITEM0000575906,DS005,SKU0274,Missing Item,382.26,Inventory Accuracy / Putaway,P_DS005_017,Unconfirmed,Replacement
QI00005399,ORD000154341,ITEM0000575994,DS005,SKU0164,Missing Item,221.8,Inventory Accuracy / Putaway,P_DS005_002,Unconfirmed,Replacement
QI00005400,ORD000154343,ITEM0000576005,DS005,SKU0025,Missing Item,270.66,Inventory Accuracy / Putaway,P_DS005_005,Unconfirmed,Replacement
QI00005401,ORD000154354,ITEM0000576049,DS005,SKU0070,Damaged Item,78.06,Putaway / Picking Handling,,Unconfirmed,Refund
QI00005402,ORD000154357,ITEM0000576063,DS005,SKU0090,Missing Item,260.5,Inventory Accuracy / Putaway,P_DS005_002,Unconfirmed,Refund
QI00005403,ORD000154358,ITEM0000576070,DS005,SKU0266,Missing Item,218.79,Inventory Accuracy / Putaway,P_DS005_014,Unconfirmed,Refund
QI00005404,ORD000154397,ITEM0000576229,DS005,SKU0271,Missing Item,197.96,Inventory Accuracy / Putaway,P_DS005_014,Unconfirmed,Refund
QI00005405,ORD000154416,ITEM0000576295,DS005,SKU0047,Missing Item,1160.62,Inventory Accuracy / Putaway,P_DS005_023,Unconfirmed,Replacement
QI00005406,ORD000154418,ITEM0000576297,DS005,SKU0200,Damaged Item,649.0,Putaway / Picking Handling,,Unconfirmed,Refund
QI00005407,ORD000154446,ITEM0000576400,DS005,SKU0077,Damaged Item,190.85,Putaway / Picking Handling,,Unconfirmed,Replacement
QI00005408,ORD000154450,ITEM0000576412,DS005,SKU0291,Missing Item,589.56,Inventory Accuracy / Putaway,P_DS005_008,Unconfirmed,Refund
QI00005409,ORD000154610,ITEM0000577008,DS005,SKU0255,Wrong Item,65.38,Picking,P_DS005_021,Unconfirmed,Replacement
QI00005410,ORD000154640,ITEM0000577115,DS005,SKU0143,Missing Item,201.68,Inventory Accuracy / Putaway,P_DS005_009,Unconfirmed,Refund
QI00005411,ORD000154640,ITEM0000577118,DS005,SKU0208,Missing Item,81.82,Inventory Accuracy / Putaway,P_DS005_009,Unconfirmed,Refund
QI00005412,ORD000154685,ITEM0000577278,DS005,SKU0169,Missing Item,128.02,Inventory Accuracy / Putaway,P_DS005_027,Unconfirmed,Refund
QI00005413,ORD000154691,ITEM0000577304,DS005,SKU0100,Wrong Item,191.45,Picking,P_DS005_015,Unconfirmed,Replacement
QI00005414,ORD000154750,ITEM0000577519,DS005,SKU0142,Damaged Item,108.46,Putaway / Picking Handling,,Unconfirmed,Refund
QI00005415,ORD000154771,ITEM0000577612,DS005,SKU0244,Wrong Item,67.15,Picking,P_DS005_003,Unconfirmed,Replacement
QI00005416,ORD000154796,ITEM0000577705,DS005,SKU0073,Wrong Item,152.37,Picking,P_DS005_012,Unconfirmed,Replacement
QI00005417,ORD000154810,ITEM0000577763,DS005,SKU0051,Missing Item,25.15,Inventory Accuracy / Putaway,P_DS005_006,Unconfirmed,Refund
QI00005418,ORD000154812,ITEM0000577768,DS005,SKU0160,Missing Item,215.8,Inventory Accuracy / Putaway,P_DS005_003,Unconfirmed,Refund
QI00005419,ORD000154843,ITEM0000577890,DS005,SKU0180,Missing Item,37.34,Inventory Accuracy / Putaway,P_DS005_024,Unconfirmed,Replacement
QI00005420,ORD000154934,ITEM0000578244,DS005,SKU0130,Missing Item,44.48,Inventory Accuracy / Putaway,P_DS005_003,Unconfirmed,Refund
QI00005421,ORD000155001,ITEM0000578480,DS005,SKU0141,Missing Item,106.65,Inventory Accuracy / Putaway,P_DS005_009,Unconfirmed,Refund
QI00005422,ORD000155069,ITEM0000578721,DS005,SKU0131,Damaged Item,510.64,Putaway / Picking Handling,,Unconfirmed,Refund
QI00005423,ORD000155071,ITEM0000578732,DS005,SKU0226,Missing Item,90.56,Inventory Accuracy / Putaway,P_DS005_015,Unconfirmed,Replacement
QI00005424,ORD000155083,ITEM0000578780,DS005,SKU0026,Damaged Item,132.27,Putaway / Picking Handling,,Unconfirmed,Refund
QI00005425,ORD000155102,ITEM0000578840,DS005,SKU0198,Missing Item,353.83,Inventory Accuracy / Putaway,P_DS005_006,Unconfirmed,Refund
QI00005426,ORD000155140,ITEM0000578999,DS005,SKU0244,Damaged Item,67.15,Putaway / Picking Handling,,Unconfirmed,Refund
QI00005427,ORD000155159,ITEM0000579073,DS005,SKU0273,Missing Item,303.86,Inventory Accuracy / Putaway,P_DS005_006,Unconfirmed,Refund
QI00005428,ORD000155177,ITEM0000579138,DS005,SKU0281,Missing Item,528.78,Inventory Accuracy / Putaway,P_DS005_006,Unconfirmed,Refund
QI00005429,ORD000155183,ITEM0000579165,DS005,SKU0018,Missing Item,292.04,Inventory Accuracy / Putaway,P_DS005_006,Unconfirmed,Refund
QI00005430,ORD000155217,ITEM0000579292,DS005,SKU0193,Missing Item,323.59,Inventory Accuracy / Putaway,P_DS005_006,Unconfirmed,Replacement
QI00005431,ORD000155245,ITEM0000579393,DS005,SKU0280,Wrong Item,233.69,Picking,P_DS005_021,Unconfirmed,Replacement
QI00005432,ORD000155248,ITEM0000579400,DS005,SKU0063,Wrong Item,189.87,Shelf Placement / Picking Verification,P_DS005_027,Unconfirmed,Refund
QI00005433,ORD000155259,ITEM0000579444,DS005,SKU0051,Damaged Item,25.15,Putaway / Picking Handling,,Unconfirmed,Refund
QI00005434,ORD000155283,ITEM0000579536,DS005,SKU0054,Missing Item,532.92,Inventory Accuracy / Putaway,P_DS005_024,Unconfirmed,Replacement
QI00005435,ORD000155317,ITEM0000579664,DS005,SKU0136,Wrong Item,188.27,Picking,P_DS005_015,Unconfirmed,Replacement
QI00005436,ORD000155325,ITEM0000579687,DS005,SKU0150,Missing Item,178.21,Inventory Accuracy / Putaway,P_DS005_027,Unconfirmed,Refund
QI00005437,ORD000155329,ITEM0000579707,DS005,SKU0015,Missing Item,159.48,Inventory Accuracy / Putaway,P_DS005_024,Unconfirmed,Replacement
QI00005438,ORD000155368,ITEM0000579853,DS005,SKU0154,Wrong Item,456.23,Picking,P_DS005_010,Unconfirmed,Refund
QI00005439,ORD000155441,ITEM0000580133,DS005,SKU0013,Wrong Item,286.53,Shelf Placement / Picking Verification,P_DS005_010,Unconfirmed,Refund
QI00005440,ORD000155468,ITEM0000580229,DS005,SKU0283,Missing Item,87.37,Inventory Accuracy / Putaway,P_DS005_025,Unconfirmed,Refund
QI00005441,ORD000155495,ITEM0000580343,DS005,SKU0197,Damaged Item,260.58,Putaway / Picking Handling,,Unconfirmed,Refund
QI00005442,ORD000155506,ITEM0000580382,DS005,SKU0109,Wrong Item,1729.02,Picking,P_DS005_028,Unconfirmed,Refund
QI00005443,ORD000155521,ITEM0000580443,DS005,SKU0097,Missing Item,366.04,Inventory Accuracy / Putaway,P_DS005_022,Unconfirmed,Refund
QI00005444,ORD000155522,ITEM0000580447,DS005,SKU0286,Missing Item,143.99,Inventory Accuracy / Putaway,P_DS005_025,Unconfirmed,Replacement
QI00005445,ORD000155630,ITEM0000580864,DS005,SKU0166,Wrong Item,987.88,Shelf Placement / Picking Verification,P_DS005_008,Unconfirmed,Refund
QI00005446,ORD000155789,ITEM0000581424,DS005,SKU0270,Missing Item,1023.96,Inventory Accuracy / Putaway,P_DS005_014,Unconfirmed,Replacement
QI00005447,ORD000155845,ITEM0000581617,DS005,SKU0281,Wrong Item,264.39,Shelf Placement / Picking Verification,P_DS005_014,Unconfirmed,Refund
QI00005448,ORD000155876,ITEM0000581733,DS005,SKU0082,Missing Item,868.56,Inventory Accuracy / Putaway,P_DS005_029,Unconfirmed,Refund
QI00005449,ORD000155913,ITEM0000581873,DS005,SKU0283,Missing Item,174.74,Inventory Accuracy / Putaway,P_DS005_011,Unconfirmed,Refund
QI00005450,ORD000155916,ITEM0000581883,DS005,SKU0143,Missing Item,201.68,Inventory Accuracy / Putaway,P_DS005_008,Unconfirmed,Refund
QI00005451,ORD000155955,ITEM0000582033,DS005,SKU0208,Damaged Item,40.91,Putaway / Picking Handling,,Unconfirmed,Refund
QI00005452,ORD000155977,ITEM0000582094,DS005,SKU0270,Missing Item,1023.96,Inventory Accuracy / Putaway,P_DS005_017,Unconfirmed,Refund
QI00005453,ORD000155982,ITEM0000582116,DS005,SKU0271,Wrong Item,98.98,Shelf Placement / Picking Verification,P_DS005_008,Unconfirmed,Replacement
QI00005454,ORD000155988,ITEM0000582133,DS005,SKU0076,Missing Item,1068.2,Inventory Accuracy / Putaway,P_DS005_014,Unconfirmed,Refund
QI00005455,ORD000156035,ITEM0000582312,DS005,SKU0013,Missing Item,573.06,Inventory Accuracy / Putaway,P_DS005_011,Unconfirmed,Refund
QI00005456,ORD000156040,ITEM0000582332,DS005,SKU0195,Missing Item,613.68,Inventory Accuracy / Putaway,P_DS005_011,Unconfirmed,Replacement
QI00005457,ORD000156225,ITEM0000583091,DS005,SKU0201,Missing Item,162.36,Inventory Accuracy / Putaway,P_DS005_027,Unconfirmed,Refund
QI00005458,ORD000156239,ITEM0000583145,DS005,SKU0140,Missing Item,236.01,Inventory Accuracy / Putaway,P_DS005_027,Unconfirmed,Refund
QI00005459,ORD000156252,ITEM0000583196,DS005,SKU0029,Missing Item,49.37,Inventory Accuracy / Putaway,P_DS005_003,Unconfirmed,Replacement
QI00005460,ORD000156258,ITEM0000583216,DS005,SKU0134,Missing Item,271.74,Inventory Accuracy / Putaway,P_DS005_003,Unconfirmed,Refund
QI00005461,ORD000156259,ITEM0000583219,DS005,SKU0231,Missing Item,34.56,Inventory Accuracy / Putaway,P_DS005_003,Unconfirmed,Refund
QI00005462,ORD000156294,ITEM0000583364,DS005,SKU0103,Missing Item,154.63,Inventory Accuracy / Putaway,P_DS005_030,Unconfirmed,Replacement
QI00005463,ORD000156297,ITEM0000583375,DS005,SKU0289,Missing Item,82.7,Inventory Accuracy / Putaway,P_DS005_024,Unconfirmed,Refund
QI00005464,ORD000156355,ITEM0000583607,DS005,SKU0151,Missing Item,206.24,Inventory Accuracy / Putaway,P_DS005_006,Unconfirmed,Refund
QI00005465,ORD000156384,ITEM0000583718,DS005,SKU0094,Wrong Item,137.58,Shelf Placement / Picking Verification,P_DS005_030,Unconfirmed,Refund
QI00005466,ORD000156441,ITEM0000583906,DS005,SKU0250,Missing Item,390.56,Inventory Accuracy / Putaway,P_DS005_003,Unconfirmed,Refund
QI00005467,ORD000156444,ITEM0000583915,DS005,SKU0291,Damaged Item,294.78,Putaway / Picking Handling,,Unconfirmed,Refund
QI00005468,ORD000156582,ITEM0000584422,DS005,SKU0013,Wrong Item,286.53,Shelf Placement / Picking Verification,P_DS005_009,Unconfirmed,Refund
QI00005469,ORD000156609,ITEM0000584514,DS005,SKU0205,Wrong Item,168.31,Picking,P_DS005_009,Unconfirmed,Refund
QI00005470,ORD000156617,ITEM0000584545,DS005,SKU0063,Wrong Item,379.74,Shelf Placement / Picking Verification,P_DS005_015,Unconfirmed,Replacement
QI00005471,ORD000156681,ITEM0000584800,DS005,SKU0140,Damaged Item,236.01,Putaway / Picking Handling,,Unconfirmed,Refund
QI00005472,ORD000156687,ITEM0000584823,DS005,SKU0183,Wrong Item,284.0,Picking,P_DS005_003,Unconfirmed,Replacement
QI00005473,ORD000156691,ITEM0000584835,DS005,SKU0021,Wrong Item,774.84,Picking,P_DS005_003,Unconfirmed,Refund
QI00005474,ORD000156709,ITEM0000584898,DS005,SKU0038,Missing Item,420.41,Inventory Accuracy / Putaway,P_DS005_006,Unconfirmed,Refund
QI00005475,ORD000156765,ITEM0000585098,DS005,SKU0059,Missing Item,336.59,Inventory Accuracy / Putaway,P_DS005_030,Unconfirmed,Refund
QI00005476,ORD000156768,ITEM0000585106,DS005,SKU0138,Missing Item,819.58,Inventory Accuracy / Putaway,P_DS005_030,Unconfirmed,Refund
QI00005477,ORD000156776,ITEM0000585132,DS005,SKU0077,Wrong Item,190.85,Picking,P_DS005_003,Unconfirmed,Refund
QI00005478,ORD000156782,ITEM0000585156,DS005,SKU0232,Damaged Item,548.22,Putaway / Picking Handling,,Unconfirmed,Replacement
QI00005479,ORD000156797,ITEM0000585207,DS005,SKU0260,Missing Item,284.17,Inventory Accuracy / Putaway,P_DS005_009,Unconfirmed,Replacement
QI00005480,ORD000156850,ITEM0000585412,DS005,SKU0206,Damaged Item,166.38,Putaway / Picking Handling,,Unconfirmed,Refund
QI00005481,ORD000156867,ITEM0000585476,DS005,SKU0022,Wrong Item,446.03,Picking,P_DS005_003,Unconfirmed,Refund
QI00005482,ORD000156884,ITEM0000585550,DS005,SKU0144,Missing Item,82.27,Inventory Accuracy / Putaway,P_DS005_003,Unconfirmed,Refund
QI00005483,ORD000156898,ITEM0000585618,DS005,SKU0052,Wrong Item,172.63,Picking,P_DS005_009,Unconfirmed,Replacement
QI00005484,ORD000156908,ITEM0000585662,DS005,SKU0085,Missing Item,938.8,Inventory Accuracy / Putaway,P_DS005_015,Unconfirmed,Refund
QI00005485,ORD000156943,ITEM0000585806,DS005,SKU0292,Missing Item,501.99,Inventory Accuracy / Putaway,P_DS005_027,Unconfirmed,Refund
QI00005486,ORD000156944,ITEM0000585812,DS005,SKU0114,Missing Item,116.74,Inventory Accuracy / Putaway,P_DS005_018,Unconfirmed,Refund
QI00005487,ORD000156965,ITEM0000585907,DS005,SKU0014,Damaged Item,198.84,Putaway / Picking Handling,,Unconfirmed,Refund
QI00005488,ORD000156977,ITEM0000585949,DS005,SKU0179,Wrong Item,490.62,Shelf Placement / Picking Verification,P_DS005_018,Unconfirmed,Replacement
QI00005489,ORD000157123,ITEM0000586481,DS005,SKU0021,Wrong Item,387.42,Picking,P_DS005_027,Unconfirmed,Replacement
QI00005490,ORD000157166,ITEM0000586642,DS005,SKU0265,Missing Item,192.92,Inventory Accuracy / Putaway,P_DS005_010,Unconfirmed,Refund
QI00005491,ORD000157198,ITEM0000586760,DS005,SKU0274,Missing Item,382.26,Inventory Accuracy / Putaway,P_DS005_004,Unconfirmed,Replacement
QI00005492,ORD000157218,ITEM0000586832,DS005,SKU0080,Missing Item,77.19,Inventory Accuracy / Putaway,P_DS005_010,Unconfirmed,Refund
QI00005493,ORD000157375,ITEM0000587406,DS005,SKU0264,Missing Item,26.89,Inventory Accuracy / Putaway,P_DS005_029,Unconfirmed,Replacement
QI00005494,ORD000157405,ITEM0000587516,DS005,SKU0171,Damaged Item,69.18,Putaway / Picking Handling,,Unconfirmed,Refund
QI00005495,ORD000157446,ITEM0000587688,DS005,SKU0105,Wrong Item,272.14,Shelf Placement / Picking Verification,P_DS005_017,Unconfirmed,Refund
QI00005496,ORD000157468,ITEM0000587765,DS005,SKU0294,Missing Item,109.46,Inventory Accuracy / Putaway,P_DS005_014,Unconfirmed,Refund
QI00005497,ORD000157487,ITEM0000587846,DS005,SKU0150,Wrong Item,178.21,Picking,P_DS005_026,Unconfirmed,Replacement
QI00005498,ORD000157579,ITEM0000588160,DS005,SKU0116,Wrong Item,32.73,Picking,P_DS005_014,Unconfirmed,Replacement
QI00005499,ORD000157606,ITEM0000588270,DS005,SKU0049,Missing Item,56.36,Inventory Accuracy / Putaway,P_DS005_017,Unconfirmed,Replacement
QI00005500,ORD000157624,ITEM0000588330,DS005,SKU0078,Missing Item,687.04,Inventory Accuracy / Putaway,P_DS005_014,Unconfirmed,Refund
QI00005501,ORD000157816,ITEM0000589039,DS005,SKU0209,Damaged Item,102.71,Putaway / Picking Handling,,Unconfirmed,Refund
QI00005502,ORD000157820,ITEM0000589057,DS005,SKU0213,Wrong Item,203.78,Shelf Placement / Picking Verification,P_DS005_008,Unconfirmed,Refund
QI00005503,ORD000157828,ITEM0000589082,DS005,SKU0162,Missing Item,63.51,Inventory Accuracy / Putaway,P_DS005_029,Unconfirmed,Replacement
QI00005504,ORD000157923,ITEM0000589431,DS005,SKU0249,Missing Item,489.26,Inventory Accuracy / Putaway,P_DS005_002,Unconfirmed,Refund
QI00005505,ORD000157939,ITEM0000589490,DS005,SKU0143,Wrong Item,201.68,Shelf Placement / Picking Verification,P_DS005_002,Unconfirmed,Replacement
QI00005506,ORD000157957,ITEM0000589549,DS005,SKU0119,Missing Item,182.02,Inventory Accuracy / Putaway,P_DS005_002,Unconfirmed,Refund
QI00005507,ORD000158032,ITEM0000589808,DS005,SKU0070,Damaged Item,78.06,Putaway / Picking Handling,,Unconfirmed,Refund
QI00005508,ORD000158040,ITEM0000589835,DS005,SKU0076,Missing Item,267.05,Inventory Accuracy / Putaway,P_DS005_026,Unconfirmed,Refund
QI00005509,ORD000158059,ITEM0000589892,DS005,SKU0206,Missing Item,166.38,Inventory Accuracy / Putaway,P_DS005_008,Unconfirmed,Replacement
QI00005510,ORD000158069,ITEM0000589926,DS005,SKU0049,Missing Item,56.36,Inventory Accuracy / Putaway,P_DS005_017,Unconfirmed,Refund
QI00005511,ORD000158093,ITEM0000590027,DS005,SKU0090,Missing Item,260.5,Inventory Accuracy / Putaway,P_DS005_009,Unconfirmed,Refund
QI00005512,ORD000158124,ITEM0000590139,DS005,SKU0265,Wrong Item,192.92,Picking,P_DS005_008,Unconfirmed,Refund
QI00005513,ORD000158139,ITEM0000590186,DS005,SKU0263,Missing Item,234.1,Inventory Accuracy / Putaway,P_DS005_009,Unconfirmed,Refund
QI00005514,ORD000158143,ITEM0000590197,DS005,SKU0213,Wrong Item,407.56,Shelf Placement / Picking Verification,P_DS005_029,Unconfirmed,Refund
QI00005515,ORD000158153,ITEM0000590231,DS005,SKU0185,Missing Item,98.45,Inventory Accuracy / Putaway,P_DS005_026,Unconfirmed,Refund
QI00005516,ORD000158231,ITEM0000590506,DS005,SKU0296,Missing Item,97.56,Inventory Accuracy / Putaway,P_DS005_024,Unconfirmed,Refund
QI00005517,ORD000158256,ITEM0000590592,DS005,SKU0294,Wrong Item,109.46,Picking,P_DS005_009,Unconfirmed,Replacement
QI00005518,ORD000158273,ITEM0000590654,DS005,SKU0029,Missing Item,98.74,Inventory Accuracy / Putaway,P_DS005_003,Unconfirmed,Refund
QI00005519,ORD000158273,ITEM0000590655,DS005,SKU0185,Wrong Item,98.45,Shelf Placement / Picking Verification,P_DS005_003,Unconfirmed,Replacement
QI00005520,ORD000158273,ITEM0000590656,DS005,SKU0182,Missing Item,142.83,Inventory Accuracy / Putaway,P_DS005_003,Unconfirmed,Replacement
QI00005521,ORD000158297,ITEM0000590745,DS005,SKU0177,Missing Item,175.72,Inventory Accuracy / Putaway,P_DS005_018,Unconfirmed,Refund
QI00005522,ORD000158356,ITEM0000590951,DS005,SKU0185,Missing Item,98.45,Inventory Accuracy / Putaway,P_DS005_009,Unconfirmed,Refund
QI00005523,ORD000158366,ITEM0000590989,DS005,SKU0097,Missing Item,183.02,Inventory Accuracy / Putaway,P_DS005_013,Unconfirmed,Replacement
QI00005524,ORD000158368,ITEM0000590993,DS005,SKU0006,Missing Item,320.8,Inventory Accuracy / Putaway,P_DS005_015,Unconfirmed,Replacement
QI00005525,ORD000158401,ITEM0000591118,DS005,SKU0143,Damaged Item,403.36,Putaway / Picking Handling,,Unconfirmed,Refund
QI00005526,ORD000158437,ITEM0000591256,DS005,SKU0208,Wrong Item,81.82,Picking,P_DS005_015,Unconfirmed,Replacement
QI00005527,ORD000158474,ITEM0000591413,DS005,SKU0059,Wrong Item,336.59,Shelf Placement / Picking Verification,P_DS005_018,Unconfirmed,Refund
QI00005528,ORD000158479,ITEM0000591435,DS005,SKU0016,Missing Item,206.66,Inventory Accuracy / Putaway,P_DS005_013,Unconfirmed,Refund
QI00005529,ORD000158526,ITEM0000591590,DS005,SKU0299,Wrong Item,92.6,Picking,P_DS005_003,Unconfirmed,Replacement
QI00005530,ORD000158619,ITEM0000591918,DS005,SKU0229,Wrong Item,235.69,Shelf Placement / Picking Verification,P_DS005_015,Unconfirmed,Replacement
QI00005531,ORD000158631,ITEM0000591957,DS005,SKU0090,Damaged Item,260.5,Putaway / Picking Handling,,Unconfirmed,Refund
QI00005532,ORD000158713,ITEM0000592248,DS005,SKU0268,Missing Item,441.01,Inventory Accuracy / Putaway,P_DS005_018,Unconfirmed,Refund
QI00005533,ORD000158726,ITEM0000592296,DS005,SKU0064,Missing Item,344.62,Inventory Accuracy / Putaway,P_DS005_027,Unconfirmed,Refund
QI00005534,ORD000158760,ITEM0000592424,DS005,SKU0085,Missing Item,938.8,Inventory Accuracy / Putaway,P_DS005_018,Unconfirmed,Refund
QI00005535,ORD000158790,ITEM0000592538,DS005,SKU0077,Missing Item,190.85,Inventory Accuracy / Putaway,P_DS005_006,Unconfirmed,Refund
QI00005536,ORD000158806,ITEM0000592597,DS005,SKU0084,Wrong Item,111.02,Shelf Placement / Picking Verification,P_DS005_021,Unconfirmed,Refund
QI00005537,ORD000158825,ITEM0000592670,DS005,SKU0084,Damaged Item,111.02,Putaway / Picking Handling,,Unconfirmed,Refund
QI00005538,ORD000158826,ITEM0000592672,DS005,SKU0018,Missing Item,584.08,Inventory Accuracy / Putaway,P_DS005_015,Unconfirmed,Refund
QI00005539,ORD000158853,ITEM0000592779,DS005,SKU0244,Damaged Item,67.15,Putaway / Picking Handling,,Unconfirmed,Refund
QI00005540,ORD000158950,ITEM0000593149,DS005,SKU0207,Missing Item,174.89,Inventory Accuracy / Putaway,P_DS005_012,Unconfirmed,Refund
QI00005541,ORD000158953,ITEM0000593159,DS005,SKU0298,Wrong Item,79.22,Shelf Placement / Picking Verification,P_DS005_030,Unconfirmed,Refund
QI00005542,ORD000158973,ITEM0000593230,DS005,SKU0246,Wrong Item,192.63,Picking,P_DS005_018,Unconfirmed,Refund
QI00005543,ORD000158993,ITEM0000593307,DS005,SKU0166,Wrong Item,493.94,Shelf Placement / Picking Verification,P_DS005_024,Unconfirmed,Refund
QI00005544,ORD000158994,ITEM0000593312,DS005,SKU0283,Missing Item,87.37,Inventory Accuracy / Putaway,P_DS005_030,Unconfirmed,Replacement
QI00005545,ORD000159037,ITEM0000593478,DS005,SKU0185,Missing Item,196.9,Inventory Accuracy / Putaway,P_DS005_021,Unconfirmed,Refund
QI00005546,ORD000159089,ITEM0000593672,DS005,SKU0154,Missing Item,456.23,Inventory Accuracy / Putaway,P_DS005_024,Unconfirmed,Refund
QI00005547,ORD000159113,ITEM0000593772,DS005,SKU0013,Missing Item,286.53,Inventory Accuracy / Putaway,P_DS005_024,Unconfirmed,Refund
QI00005548,ORD000159129,ITEM0000593826,DS005,SKU0113,Damaged Item,64.72,Putaway / Picking Handling,,Unconfirmed,Refund
QI00005549,ORD000159134,ITEM0000593841,DS005,SKU0051,Missing Item,25.15,Inventory Accuracy / Putaway,P_DS005_003,Unconfirmed,Refund
QI00005550,ORD000159146,ITEM0000593888,DS005,SKU0236,Damaged Item,554.88,Putaway / Picking Handling,,Unconfirmed,Replacement
QI00005551,ORD000159169,ITEM0000593994,DS005,SKU0113,Missing Item,129.44,Inventory Accuracy / Putaway,P_DS005_022,Unconfirmed,Replacement
QI00005552,ORD000159171,ITEM0000594007,DS005,SKU0013,Missing Item,286.53,Inventory Accuracy / Putaway,P_DS005_025,Unconfirmed,Refund
QI00005553,ORD000159174,ITEM0000594020,DS005,SKU0061,Missing Item,189.31,Inventory Accuracy / Putaway,P_DS005_025,Unconfirmed,Refund
QI00005554,ORD000159178,ITEM0000594035,DS005,SKU0170,Missing Item,570.49,Inventory Accuracy / Putaway,P_DS005_001,Unconfirmed,Refund
QI00005555,ORD000159179,ITEM0000594039,DS005,SKU0275,Missing Item,88.36,Inventory Accuracy / Putaway,P_DS005_001,Unconfirmed,Replacement
QI00005556,ORD000159180,ITEM0000594044,DS005,SKU0001,Missing Item,647.06,Inventory Accuracy / Putaway,P_DS005_001,Unconfirmed,Refund
QI00005557,ORD000159188,ITEM0000594070,DS005,SKU0006,Missing Item,320.8,Inventory Accuracy / Putaway,P_DS005_010,Unconfirmed,Replacement
QI00005558,ORD000159213,ITEM0000594160,DS005,SKU0035,Damaged Item,623.3,Putaway / Picking Handling,,Unconfirmed,Refund
QI00005559,ORD000159227,ITEM0000594202,DS005,SKU0065,Damaged Item,21.72,Putaway / Picking Handling,,Unconfirmed,Refund
QI00005560,ORD000159241,ITEM0000594256,DS005,SKU0167,Missing Item,208.98,Inventory Accuracy / Putaway,P_DS005_025,Unconfirmed,Refund
QI00005561,ORD000159251,ITEM0000594290,DS005,SKU0158,Wrong Item,145.24,Picking,P_DS005_025,Unconfirmed,Refund
QI00005562,ORD000159261,ITEM0000594328,DS005,SKU0062,Missing Item,334.2,Inventory Accuracy / Putaway,P_DS005_017,Unconfirmed,Replacement
QI00005563,ORD000159263,ITEM0000594333,DS005,SKU0286,Missing Item,143.99,Inventory Accuracy / Putaway,P_DS005_026,Unconfirmed,Replacement
QI00005564,ORD000159281,ITEM0000594409,DS005,SKU0239,Missing Item,173.98,Inventory Accuracy / Putaway,P_DS005_017,Unconfirmed,Refund
QI00005565,ORD000159311,ITEM0000594531,DS005,SKU0073,Missing Item,152.37,Inventory Accuracy / Putaway,P_DS005_020,Unconfirmed,Refund
QI00005566,ORD000159332,ITEM0000594610,DS005,SKU0022,Missing Item,446.03,Inventory Accuracy / Putaway,P_DS005_017,Unconfirmed,Refund
QI00005567,ORD000159334,ITEM0000594620,DS005,SKU0158,Missing Item,145.24,Inventory Accuracy / Putaway,P_DS005_023,Unconfirmed,Refund
QI00005568,ORD000159398,ITEM0000594860,DS005,SKU0152,Damaged Item,606.41,Putaway / Picking Handling,,Unconfirmed,Refund
QI00005569,ORD000159432,ITEM0000594980,DS005,SKU0064,Missing Item,689.24,Inventory Accuracy / Putaway,P_DS005_029,Unconfirmed,Refund
QI00005570,ORD000159458,ITEM0000595074,DS005,SKU0020,Missing Item,234.68,Inventory Accuracy / Putaway,P_DS005_011,Unconfirmed,Replacement
QI00005571,ORD000159465,ITEM0000595095,DS005,SKU0094,Damaged Item,137.58,Putaway / Picking Handling,,Unconfirmed,Replacement
QI00005572,ORD000159534,ITEM0000595348,DS005,SKU0131,Missing Item,255.32,Inventory Accuracy / Putaway,P_DS005_002,Unconfirmed,Replacement
QI00005573,ORD000159535,ITEM0000595358,DS005,SKU0197,Wrong Item,260.58,Picking,P_DS005_017,Unconfirmed,Refund
QI00005574,ORD000159547,ITEM0000595400,DS005,SKU0158,Damaged Item,145.24,Putaway / Picking Handling,,Unconfirmed,Refund
QI00005575,ORD000159567,ITEM0000595484,DS005,SKU0199,Damaged Item,138.52,Putaway / Picking Handling,,Unconfirmed,Replacement
QI00005576,ORD000159567,ITEM0000595487,DS005,SKU0086,Missing Item,186.67,Inventory Accuracy / Putaway,P_DS005_008,Unconfirmed,Replacement
QI00005577,ORD000159573,ITEM0000595515,DS005,SKU0246,Damaged Item,192.63,Putaway / Picking Handling,,Unconfirmed,Refund
QI00005578,ORD000159574,ITEM0000595516,DS005,SKU0158,Missing Item,290.48,Inventory Accuracy / Putaway,P_DS005_008,Unconfirmed,Replacement
QI00005579,ORD000159646,ITEM0000595787,DS005,SKU0166,Damaged Item,1481.82,Putaway / Picking Handling,,Unconfirmed,Refund
QI00005580,ORD000159658,ITEM0000595827,DS005,SKU0021,Wrong Item,387.42,Picking,P_DS005_008,Unconfirmed,Refund
QI00005581,ORD000159666,ITEM0000595864,DS005,SKU0271,Damaged Item,98.98,Putaway / Picking Handling,,Unconfirmed,Refund
QI00005582,ORD000159685,ITEM0000595942,DS005,SKU0183,Missing Item,284.0,Inventory Accuracy / Putaway,P_DS005_020,Unconfirmed,Refund
QI00005583,ORD000159736,ITEM0000596147,DS005,SKU0270,Missing Item,511.98,Inventory Accuracy / Putaway,P_DS005_020,Unconfirmed,Refund
QI00005584,ORD000159761,ITEM0000596238,DS005,SKU0155,Missing Item,350.34,Inventory Accuracy / Putaway,P_DS005_026,Unconfirmed,Replacement
QI00005585,ORD000159766,ITEM0000596261,DS005,SKU0004,Damaged Item,240.08,Putaway / Picking Handling,,Unconfirmed,Refund
QI00005586,ORD000159774,ITEM0000596300,DS005,SKU0032,Missing Item,403.73,Inventory Accuracy / Putaway,P_DS005_026,Unconfirmed,Refund
QI00005587,ORD000159787,ITEM0000596338,DS005,SKU0283,Missing Item,87.37,Inventory Accuracy / Putaway,P_DS005_023,Unconfirmed,Refund
QI00005588,ORD000159788,ITEM0000596340,DS005,SKU0018,Wrong Item,584.08,Picking,P_DS005_008,Unconfirmed,Refund
QI00005589,ORD000159799,ITEM0000596380,DS005,SKU0295,Wrong Item,228.23,Picking,P_DS005_026,Unconfirmed,Refund
QI00005590,ORD000159809,ITEM0000596417,DS005,SKU0158,Missing Item,145.24,Inventory Accuracy / Putaway,P_DS005_017,Unconfirmed,Refund
QI00005591,ORD000159830,ITEM0000596496,DS005,SKU0271,Missing Item,98.98,Inventory Accuracy / Putaway,P_DS005_011,Unconfirmed,Refund
QI00005592,ORD000159841,ITEM0000596526,DS005,SKU0232,Damaged Item,548.22,Putaway / Picking Handling,,Unconfirmed,Refund
QI00005593,ORD000159860,ITEM0000596586,DS005,SKU0251,Missing Item,532.68,Inventory Accuracy / Putaway,P_DS005_008,Unconfirmed,Replacement
QI00005594,ORD000159881,ITEM0000596659,DS005,SKU0128,Missing Item,78.55,Inventory Accuracy / Putaway,P_DS005_023,Unconfirmed,Refund
QI00005595,ORD000159889,ITEM0000596686,DS005,SKU0150,Missing Item,178.21,Inventory Accuracy / Putaway,P_DS005_002,Unconfirmed,Refund
QI00005596,ORD000159931,ITEM0000596860,DS005,SKU0253,Missing Item,379.8,Inventory Accuracy / Putaway,P_DS005_026,Unconfirmed,Replacement
QI00005597,ORD000159964,ITEM0000596980,DS005,SKU0212,Damaged Item,129.74,Putaway / Picking Handling,,Unconfirmed,Replacement
QI00005598,ORD000159974,ITEM0000597010,DS005,SKU0195,Missing Item,613.68,Inventory Accuracy / Putaway,P_DS005_023,Unconfirmed,Refund
QI00005599,ORD000159986,ITEM0000597058,DS005,SKU0162,Missing Item,127.02,Inventory Accuracy / Putaway,P_DS005_023,Unconfirmed,Replacement
QI00005600,ORD000159998,ITEM0000597110,DS005,SKU0084,Wrong Item,111.02,Shelf Placement / Picking Verification,P_DS005_020,Unconfirmed,Refund
QI00005601,ORD000160046,ITEM0000597281,DS005,SKU0158,Missing Item,290.48,Inventory Accuracy / Putaway,P_DS005_005,Unconfirmed,Refund
QI00005602,ORD000160093,ITEM0000597454,DS005,SKU0081,Wrong Item,87.92,Picking,P_DS005_005,Unconfirmed,Refund
QI00005603,ORD000160137,ITEM0000597614,DS005,SKU0257,Damaged Item,288.34,Putaway / Picking Handling,,Unconfirmed,Refund
QI00005604,ORD000160143,ITEM0000597634,DS005,SKU0011,Missing Item,171.4,Inventory Accuracy / Putaway,P_DS005_023,Unconfirmed,Refund
QI00005605,ORD000160156,ITEM0000597679,DS005,SKU0107,Missing Item,86.59,Inventory Accuracy / Putaway,P_DS005_011,Unconfirmed,Replacement
QI00005606,ORD000160160,ITEM0000597701,DS005,SKU0287,Damaged Item,386.58,Putaway / Picking Handling,,Unconfirmed,Refund
QI00005607,ORD000160184,ITEM0000597779,DS005,SKU0152,Missing Item,606.41,Inventory Accuracy / Putaway,P_DS005_026,Unconfirmed,Replacement
QI00005608,ORD000160200,ITEM0000597833,DS005,SKU0084,Missing Item,111.02,Inventory Accuracy / Putaway,P_DS005_017,Unconfirmed,Refund
QI00005609,ORD000160201,ITEM0000597836,DS005,SKU0022,Missing Item,446.03,Inventory Accuracy / Putaway,P_DS005_029,Unconfirmed,Replacement
QI00005610,ORD000160205,ITEM0000597860,DS005,SKU0186,Missing Item,52.03,Inventory Accuracy / Putaway,P_DS005_011,Unconfirmed,Refund
QI00005611,ORD000160219,ITEM0000597919,DS005,SKU0197,Damaged Item,260.58,Putaway / Picking Handling,,Unconfirmed,Refund
QI00005612,ORD000160234,ITEM0000597977,DS005,SKU0001,Missing Item,323.53,Inventory Accuracy / Putaway,P_DS005_002,Unconfirmed,Replacement
QI00005613,ORD000160235,ITEM0000597980,DS005,SKU0111,Missing Item,431.16,Inventory Accuracy / Putaway,P_DS005_008,Unconfirmed,Refund
QI00005614,ORD000160263,ITEM0000598076,DS005,SKU0253,Missing Item,126.6,Inventory Accuracy / Putaway,P_DS005_029,Unconfirmed,Refund
QI00005615,ORD000160324,ITEM0000598292,DS005,SKU0141,Wrong Item,106.65,Picking,P_DS005_027,Unconfirmed,Refund
QI00005616,ORD000160344,ITEM0000598373,DS005,SKU0263,Damaged Item,234.1,Putaway / Picking Handling,,Unconfirmed,Refund
QI00005617,ORD000160369,ITEM0000598456,DS005,SKU0291,Missing Item,294.78,Inventory Accuracy / Putaway,P_DS005_027,Unconfirmed,Refund
QI00005618,ORD000160378,ITEM0000598484,DS005,SKU0152,Damaged Item,1212.82,Putaway / Picking Handling,,Unconfirmed,Refund
QI00005619,ORD000160382,ITEM0000598500,DS005,SKU0004,Missing Item,480.16,Inventory Accuracy / Putaway,P_DS005_027,Unconfirmed,Refund
QI00005620,ORD000160457,ITEM0000598791,DS005,SKU0166,Missing Item,987.88,Inventory Accuracy / Putaway,P_DS005_028,Unconfirmed,Refund
QI00005621,ORD000160486,ITEM0000598918,DS005,SKU0074,Missing Item,233.54,Inventory Accuracy / Putaway,P_DS005_006,Unconfirmed,Refund
QI00005622,ORD000160517,ITEM0000599035,DS005,SKU0154,Damaged Item,456.23,Putaway / Picking Handling,,Unconfirmed,Refund
QI00005623,ORD000160565,ITEM0000599213,DS005,SKU0070,Damaged Item,78.06,Rider Handling / Last Mile,,Unconfirmed,Refund
QI00005624,ORD000160579,ITEM0000599271,DS005,SKU0023,Damaged Item,166.93,Putaway / Picking Handling,,Unconfirmed,Replacement
QI00005625,ORD000160592,ITEM0000599328,DS005,SKU0143,Damaged Item,201.68,Putaway / Picking Handling,,Unconfirmed,Refund
QI00005626,ORD000160657,ITEM0000599558,DS005,SKU0019,Wrong Item,833.34,Picking,P_DS005_003,Unconfirmed,Refund
QI00005627,ORD000160666,ITEM0000599592,DS005,SKU0027,Missing Item,522.74,Inventory Accuracy / Putaway,P_DS005_027,Unconfirmed,Refund
QI00005628,ORD000160738,ITEM0000599847,DS005,SKU0203,Missing Item,130.42,Inventory Accuracy / Putaway,P_DS005_012,Unconfirmed,Refund
QI00005629,ORD000160754,ITEM0000599901,DS005,SKU0102,Missing Item,107.01,Inventory Accuracy / Putaway,P_DS005_021,Unconfirmed,Refund
QI00005630,ORD000160756,ITEM0000599917,DS005,SKU0178,Wrong Item,250.18,Picking,P_DS005_027,Unconfirmed,Refund
QI00005631,ORD000160789,ITEM0000600052,DS005,SKU0035,Damaged Item,311.65,Putaway / Picking Handling,,Unconfirmed,Refund
QI00005632,ORD000160859,ITEM0000600316,DS005,SKU0002,Wrong Item,130.58,Picking,P_DS005_012,Unconfirmed,Refund
QI00005633,ORD000160859,ITEM0000600320,DS005,SKU0185,Missing Item,98.45,Inventory Accuracy / Putaway,P_DS005_012,Unconfirmed,Refund
QI00005634,ORD000160876,ITEM0000600388,DS005,SKU0044,Damaged Item,196.42,Putaway / Picking Handling,,Unconfirmed,Refund
QI00005635,ORD000160885,ITEM0000600422,DS005,SKU0198,Wrong Item,707.66,Shelf Placement / Picking Verification,P_DS005_028,Unconfirmed,Refund
QI00005636,ORD000160894,ITEM0000600449,DS005,SKU0181,Damaged Item,412.97,Putaway / Picking Handling,,Unconfirmed,Refund
QI00005637,ORD000160898,ITEM0000600473,DS005,SKU0191,Wrong Item,1319.26,Picking,P_DS005_003,Unconfirmed,Refund
QI00005638,ORD000160904,ITEM0000600494,DS005,SKU0244,Damaged Item,134.3,Putaway / Picking Handling,,Unconfirmed,Refund
QI00005639,ORD000160916,ITEM0000600542,DS005,SKU0269,Missing Item,399.24,Inventory Accuracy / Putaway,P_DS005_007,Unconfirmed,Refund
QI00005640,ORD000160942,ITEM0000600642,DS005,SKU0022,Missing Item,446.03,Inventory Accuracy / Putaway,P_DS005_018,Unconfirmed,Replacement
QI00005641,ORD000160945,ITEM0000600657,DS005,SKU0128,Missing Item,157.1,Inventory Accuracy / Putaway,P_DS005_007,Unconfirmed,Refund
QI00005642,ORD000160998,ITEM0000600848,DS005,SKU0081,Damaged Item,43.96,Putaway / Picking Handling,,Unconfirmed,Replacement
QI00005643,ORD000161018,ITEM0000600914,DS005,SKU0011,Missing Item,85.7,Inventory Accuracy / Putaway,P_DS005_027,Unconfirmed,Refund
QI00005644,ORD000161061,ITEM0000601062,DS005,SKU0297,Damaged Item,26.2,Putaway / Picking Handling,,Unconfirmed,Replacement
QI00005645,ORD000161065,ITEM0000601081,DS005,SKU0158,Damaged Item,145.24,Putaway / Picking Handling,,Unconfirmed,Replacement
QI00005646,ORD000161089,ITEM0000601173,DS005,SKU0280,Wrong Item,233.69,Picking,P_DS005_015,Unconfirmed,Refund
QI00005647,ORD000161097,ITEM0000601204,DS005,SKU0221,Missing Item,557.08,Inventory Accuracy / Putaway,P_DS005_007,Unconfirmed,Replacement
QI00005648,ORD000161106,ITEM0000601238,DS005,SKU0253,Missing Item,126.6,Inventory Accuracy / Putaway,P_DS005_021,Unconfirmed,Refund
QI00005649,ORD000161118,ITEM0000601281,DS005,SKU0011,Missing Item,85.7,Inventory Accuracy / Putaway,P_DS005_027,Unconfirmed,Refund
QI00005650,ORD000161151,ITEM0000601398,DS005,SKU0015,Wrong Item,159.48,Picking,P_DS005_018,Unconfirmed,Refund
QI00005651,ORD000161151,ITEM0000601399,DS005,SKU0062,Damaged Item,334.2,Putaway / Picking Handling,,Unconfirmed,Refund
QI00005652,ORD000161169,ITEM0000601457,DS005,SKU0266,Wrong Item,218.79,Shelf Placement / Picking Verification,P_DS005_028,Unconfirmed,Refund
QI00005653,ORD000161183,ITEM0000601509,DS005,SKU0082,Missing Item,434.28,Inventory Accuracy / Putaway,P_DS005_027,Unconfirmed,Refund
QI00005654,ORD000161189,ITEM0000601528,DS005,SKU0076,Damaged Item,267.05,Putaway / Picking Handling,,Unconfirmed,Replacement
QI00005655,ORD000161217,ITEM0000601632,DS005,SKU0244,Damaged Item,134.3,Putaway / Picking Handling,,Unconfirmed,Refund
QI00005656,ORD000161261,ITEM0000601792,DS005,SKU0059,Missing Item,673.18,Inventory Accuracy / Putaway,P_DS005_006,Unconfirmed,Refund
QI00005657,ORD000161264,ITEM0000601806,DS005,SKU0141,Damaged Item,106.65,Putaway / Picking Handling,,Unconfirmed,Refund
QI00005658,ORD000161301,ITEM0000601923,DS005,SKU0236,Missing Item,554.88,Inventory Accuracy / Putaway,P_DS005_009,Unconfirmed,Refund
QI00005659,ORD000161302,ITEM0000601927,DS005,SKU0052,Missing Item,172.63,Inventory Accuracy / Putaway,P_DS005_009,Unconfirmed,Replacement
QI00005660,ORD000161315,ITEM0000601972,DS005,SKU0238,Wrong Item,92.43,Picking,P_DS005_006,Unconfirmed,Replacement
QI00005661,ORD000161334,ITEM0000602045,DS005,SKU0015,Damaged Item,318.96,Putaway / Picking Handling,,Unconfirmed,Replacement
QI00005662,ORD000161336,ITEM0000602053,DS005,SKU0247,Damaged Item,93.98,Putaway / Picking Handling,,Unconfirmed,Refund
QI00005663,ORD000161368,ITEM0000602178,DS005,SKU0166,Missing Item,493.94,Inventory Accuracy / Putaway,P_DS005_018,Unconfirmed,Refund
QI00005664,ORD000161393,ITEM0000602278,DS005,SKU0209,Missing Item,102.71,Inventory Accuracy / Putaway,P_DS005_006,Unconfirmed,Refund
QI00005665,ORD000161438,ITEM0000602458,DS005,SKU0201,Missing Item,162.36,Inventory Accuracy / Putaway,P_DS005_009,Unconfirmed,Refund
QI00005666,ORD000161456,ITEM0000602531,DS005,SKU0263,Missing Item,234.1,Inventory Accuracy / Putaway,P_DS005_006,Unconfirmed,Refund
QI00005667,ORD000161467,ITEM0000602571,DS005,SKU0063,Missing Item,189.87,Inventory Accuracy / Putaway,P_DS005_016,Unconfirmed,Replacement
QI00005668,ORD000161483,ITEM0000602632,DS005,SKU0165,Damaged Item,276.15,Putaway / Picking Handling,,Unconfirmed,Refund
QI00005669,ORD000161537,ITEM0000602849,DS005,SKU0018,Wrong Item,584.08,Picking,P_DS005_028,Unconfirmed,Refund
QI00005670,ORD000161547,ITEM0000602882,DS005,SKU0090,Missing Item,260.5,Inventory Accuracy / Putaway,P_DS005_007,Unconfirmed,Refund
QI00005671,ORD000161550,ITEM0000602893,DS005,SKU0057,Missing Item,458.0,Inventory Accuracy / Putaway,P_DS005_007,Unconfirmed,Refund
QI00005672,ORD000161582,ITEM0000603005,DS005,SKU0043,Wrong Item,442.44,Picking,P_DS005_007,Unconfirmed,Refund
QI00005673,ORD000161593,ITEM0000603044,DS005,SKU0250,Missing Item,195.28,Inventory Accuracy / Putaway,P_DS005_002,Unconfirmed,Refund
QI00005674,ORD000161616,ITEM0000603136,DS005,SKU0072,Missing Item,151.76,Inventory Accuracy / Putaway,P_DS005_002,Unconfirmed,Replacement
QI00005675,ORD000161647,ITEM0000603247,DS005,SKU0285,Wrong Item,1024.12,Picking,P_DS005_010,Unconfirmed,Replacement
QI00005676,ORD000161666,ITEM0000603319,DS005,SKU0113,Wrong Item,129.44,Picking,P_DS005_010,Unconfirmed,Refund
QI00005677,ORD000161709,ITEM0000603498,DS005,SKU0233,Missing Item,159.37,Inventory Accuracy / Putaway,P_DS005_002,Unconfirmed,Refund
QI00005678,ORD000161724,ITEM0000603552,DS005,SKU0266,Wrong Item,218.79,Shelf Placement / Picking Verification,P_DS005_020,Unconfirmed,Refund
QI00005679,ORD000161806,ITEM0000603843,DS005,SKU0084,Missing Item,111.02,Inventory Accuracy / Putaway,P_DS005_005,Unconfirmed,Refund
QI00005680,ORD000161885,ITEM0000604139,DS005,SKU0131,Wrong Item,255.32,Picking,P_DS005_020,Unconfirmed,Replacement
QI00005681,ORD000161890,ITEM0000604156,DS005,SKU0263,Missing Item,234.1,Inventory Accuracy / Putaway,P_DS005_005,Unconfirmed,Refund
QI00005682,ORD000161902,ITEM0000604209,DS005,SKU0253,Missing Item,253.2,Inventory Accuracy / Putaway,P_DS005_014,Unconfirmed,Replacement
QI00005683,ORD000161924,ITEM0000604286,DS005,SKU0011,Missing Item,257.1,Inventory Accuracy / Putaway,P_DS005_014,Unconfirmed,Refund
QI00005684,ORD000161972,ITEM0000604462,DS005,SKU0131,Wrong Item,255.32,Picking,P_DS005_026,Unconfirmed,Replacement
QI00005685,ORD000161978,ITEM0000604483,DS005,SKU0107,Missing Item,173.18,Inventory Accuracy / Putaway,P_DS005_014,Unconfirmed,Refund
QI00005686,ORD000162010,ITEM0000604596,DS005,SKU0070,Missing Item,78.06,Inventory Accuracy / Putaway,P_DS005_002,Unconfirmed,Replacement
QI00005687,ORD000162015,ITEM0000604613,DS005,SKU0050,Missing Item,513.08,Inventory Accuracy / Putaway,P_DS005_011,Unconfirmed,Refund
QI00005688,ORD000162026,ITEM0000604649,DS005,SKU0167,Missing Item,208.98,Inventory Accuracy / Putaway,P_DS005_023,Unconfirmed,Refund
QI00005689,ORD000162039,ITEM0000604695,DS005,SKU0080,Missing Item,77.19,Inventory Accuracy / Putaway,P_DS005_023,Unconfirmed,Refund
QI00005690,ORD000162126,ITEM0000605021,DS005,SKU0198,Missing Item,353.83,Inventory Accuracy / Putaway,P_DS005_023,Unconfirmed,Refund
QI00005691,ORD000162135,ITEM0000605040,DS005,SKU0151,Missing Item,103.12,Inventory Accuracy / Putaway,P_DS005_005,Unconfirmed,Refund
QI00005692,ORD000162156,ITEM0000605119,DS005,SKU0079,Damaged Item,226.06,Putaway / Picking Handling,,Unconfirmed,Replacement
QI00005693,ORD000162191,ITEM0000605254,DS005,SKU0082,Missing Item,868.56,Inventory Accuracy / Putaway,P_DS005_002,Unconfirmed,Refund
QI00005694,ORD000162228,ITEM0000605391,DS005,SKU0128,Missing Item,78.55,Inventory Accuracy / Putaway,P_DS005_014,Unconfirmed,Refund
QI00005695,ORD000162253,ITEM0000605485,DS005,SKU0051,Missing Item,50.3,Inventory Accuracy / Putaway,P_DS005_021,Unconfirmed,Replacement
QI00005696,ORD000162274,ITEM0000605569,DS005,SKU0018,Missing Item,292.04,Inventory Accuracy / Putaway,P_DS005_018,Unconfirmed,Replacement
QI00005697,ORD000162338,ITEM0000605788,DS005,SKU0298,Missing Item,79.22,Inventory Accuracy / Putaway,P_DS005_003,Unconfirmed,Refund
QI00005698,ORD000162339,ITEM0000605790,DS005,SKU0119,Damaged Item,364.04,Putaway / Picking Handling,,Unconfirmed,Refund
QI00005699,ORD000162348,ITEM0000605824,DS005,SKU0296,Missing Item,195.12,Inventory Accuracy / Putaway,P_DS005_012,Unconfirmed,Refund
QI00005700,ORD000162368,ITEM0000605878,DS005,SKU0185,Missing Item,196.9,Inventory Accuracy / Putaway,P_DS005_003,Unconfirmed,Replacement
QI00005701,ORD000162410,ITEM0000606034,DS005,SKU0274,Wrong Item,382.26,Shelf Placement / Picking Verification,P_DS005_024,Unconfirmed,Refund
QI00005702,ORD000162473,ITEM0000606291,DS005,SKU0102,Missing Item,214.02,Inventory Accuracy / Putaway,P_DS005_012,Unconfirmed,Replacement
QI00005703,ORD000162477,ITEM0000606305,DS005,SKU0137,Missing Item,262.56,Inventory Accuracy / Putaway,P_DS005_018,Unconfirmed,Replacement
QI00005704,ORD000162482,ITEM0000606331,DS005,SKU0209,Wrong Item,102.71,Picking,P_DS005_024,Unconfirmed,Refund
QI00005705,ORD000162507,ITEM0000606421,DS005,SKU0267,Missing Item,400.53,Inventory Accuracy / Putaway,P_DS005_024,Unconfirmed,Refund
QI00005706,ORD000162531,ITEM0000606520,DS005,SKU0244,Damaged Item,134.3,Putaway / Picking Handling,,Unconfirmed,Refund
QI00005707,ORD000162533,ITEM0000606528,DS005,SKU0268,Wrong Item,1323.03,Picking,P_DS005_006,Unconfirmed,Refund
QI00005708,ORD000162576,ITEM0000606680,DS005,SKU0170,Missing Item,1140.98,Inventory Accuracy / Putaway,P_DS005_012,Unconfirmed,Refund
QI00005709,ORD000162610,ITEM0000606788,DS005,SKU0232,Wrong Item,274.11,Picking,P_DS005_009,Unconfirmed,Refund
QI00005710,ORD000162674,ITEM0000607045,DS005,SKU0154,Missing Item,456.23,Inventory Accuracy / Putaway,P_DS005_009,Unconfirmed,Refund
QI00005711,ORD000162696,ITEM0000607123,DS005,SKU0001,Wrong Item,323.53,Picking,P_DS005_012,Unconfirmed,Refund
QI00005712,ORD000162763,ITEM0000607384,DS005,SKU0297,Missing Item,26.2,Inventory Accuracy / Putaway,P_DS005_006,Unconfirmed,Replacement
QI00005713,ORD000162766,ITEM0000607391,DS005,SKU0045,Missing Item,546.36,Inventory Accuracy / Putaway,P_DS005_027,Unconfirmed,Replacement
QI00005714,ORD000162774,ITEM0000607425,DS005,SKU0283,Wrong Item,262.11,Picking,P_DS005_018,Unconfirmed,Refund
QI00005715,ORD000162867,ITEM0000607792,DS005,SKU0119,Missing Item,364.04,Inventory Accuracy / Putaway,P_DS005_027,Unconfirmed,Refund
QI00005716,ORD000162874,ITEM0000607826,DS005,SKU0160,Wrong Item,215.8,Shelf Placement / Picking Verification,P_DS005_009,Unconfirmed,Refund
QI00005717,ORD000162945,ITEM0000608098,DS005,SKU0151,Missing Item,103.12,Inventory Accuracy / Putaway,P_DS005_027,Unconfirmed,Refund
QI00005718,ORD000163061,ITEM0000608491,DS005,SKU0149,Missing Item,91.54,Inventory Accuracy / Putaway,P_DS005_027,Unconfirmed,Replacement
QI00005719,ORD000163152,ITEM0000608818,DS005,SKU0218,Missing Item,95.97,Inventory Accuracy / Putaway,P_DS005_012,Unconfirmed,Refund
QI00005720,ORD000163168,ITEM0000608875,DS005,SKU0180,Missing Item,74.68,Inventory Accuracy / Putaway,P_DS005_007,Unconfirmed,Replacement
QI00005721,ORD000163236,ITEM0000609119,DS005,SKU0178,Missing Item,250.18,Inventory Accuracy / Putaway,P_DS005_007,Unconfirmed,Replacement
QI00005722,ORD000163239,ITEM0000609128,DS005,SKU0113,Wrong Item,64.72,Picking,P_DS005_010,Unconfirmed,Replacement
QI00005723,ORD000163243,ITEM0000609146,DS005,SKU0075,Missing Item,143.63,Inventory Accuracy / Putaway,P_DS005_007,Unconfirmed,Refund
QI00005724,ORD000163257,ITEM0000609193,DS005,SKU0200,Missing Item,324.5,Inventory Accuracy / Putaway,P_DS005_007,Unconfirmed,Refund
QI00005725,ORD000163342,ITEM0000609523,DS005,SKU0276,Missing Item,111.19,Inventory Accuracy / Putaway,P_DS005_004,Unconfirmed,Refund
QI00005726,ORD000163366,ITEM0000609621,DS005,SKU0074,Missing Item,233.54,Inventory Accuracy / Putaway,P_DS005_007,Unconfirmed,Replacement
QI00005727,ORD000163389,ITEM0000609702,DS005,SKU0215,Missing Item,347.7,Inventory Accuracy / Putaway,P_DS005_014,Unconfirmed,Refund
QI00005728,ORD000163390,ITEM0000609705,DS005,SKU0180,Wrong Item,37.34,Picking,P_DS005_014,Unconfirmed,Replacement
QI00005729,ORD000163414,ITEM0000609798,DS005,SKU0141,Wrong Item,106.65,Picking,P_DS005_014,Unconfirmed,Refund
QI00005730,ORD000163451,ITEM0000609930,DS005,SKU0109,Missing Item,1152.68,Inventory Accuracy / Putaway,P_DS005_005,Unconfirmed,Refund
QI00005731,ORD000163482,ITEM0000610050,DS005,SKU0052,Missing Item,172.63,Inventory Accuracy / Putaway,P_DS005_008,Unconfirmed,Refund
QI00005732,ORD000163496,ITEM0000610082,DS005,SKU0197,Missing Item,260.58,Inventory Accuracy / Putaway,P_DS005_020,Unconfirmed,Refund
QI00005733,ORD000163519,ITEM0000610178,DS005,SKU0084,Missing Item,333.06,Inventory Accuracy / Putaway,P_DS005_029,Unconfirmed,Refund
QI00005734,ORD000163556,ITEM0000610311,DS005,SKU0018,Damaged Item,584.08,Putaway / Picking Handling,,Unconfirmed,Refund
QI00005735,ORD000163570,ITEM0000610370,DS005,SKU0108,Missing Item,410.96,Inventory Accuracy / Putaway,P_DS005_005,Unconfirmed,Refund
QI00005736,ORD000163575,ITEM0000610391,DS005,SKU0107,Wrong Item,346.36,Picking,P_DS005_008,Unconfirmed,Refund
QI00005737,ORD000163599,ITEM0000610480,DS005,SKU0022,Missing Item,446.03,Inventory Accuracy / Putaway,P_DS005_029,Unconfirmed,Refund
QI00005738,ORD000163664,ITEM0000610716,DS005,SKU0049,Missing Item,112.72,Inventory Accuracy / Putaway,P_DS005_008,Unconfirmed,Refund
QI00005739,ORD000163678,ITEM0000610766,DS005,SKU0173,Missing Item,451.68,Inventory Accuracy / Putaway,P_DS005_005,Unconfirmed,Replacement
QI00005740,ORD000163690,ITEM0000610801,DS005,SKU0114,Missing Item,233.48,Inventory Accuracy / Putaway,P_DS005_014,Unconfirmed,Replacement
QI00005741,ORD000163711,ITEM0000610894,DS005,SKU0027,Missing Item,261.37,Inventory Accuracy / Putaway,P_DS005_014,Unconfirmed,Replacement
QI00005742,ORD000163729,ITEM0000610969,DS005,SKU0028,Wrong Item,414.17,Shelf Placement / Picking Verification,P_DS005_014,Unconfirmed,Refund
QI00005743,ORD000163738,ITEM0000611015,DS005,SKU0022,Missing Item,446.03,Inventory Accuracy / Putaway,P_DS005_029,Unconfirmed,Replacement
QI00005744,ORD000163871,ITEM0000611521,DS005,SKU0027,Missing Item,522.74,Inventory Accuracy / Putaway,P_DS005_024,Unconfirmed,Refund
QI00005745,ORD000163875,ITEM0000611530,DS005,SKU0183,Missing Item,142.0,Inventory Accuracy / Putaway,P_DS005_020,Unconfirmed,Refund
QI00005746,ORD000163919,ITEM0000611696,DS005,SKU0013,Wrong Item,286.53,Shelf Placement / Picking Verification,P_DS005_027,Unconfirmed,Refund
QI00005747,ORD000163930,ITEM0000611747,DS005,SKU0112,Missing Item,65.0,Inventory Accuracy / Putaway,P_DS005_003,Unconfirmed,Refund
QI00005748,ORD000163989,ITEM0000611973,DS005,SKU0294,Missing Item,109.46,Inventory Accuracy / Putaway,P_DS005_018,Unconfirmed,Refund
QI00005749,ORD000164004,ITEM0000612027,DS005,SKU0022,Wrong Item,446.03,Picking,P_DS005_012,Unconfirmed,Refund
QI00005750,ORD000164043,ITEM0000612171,DS005,SKU0191,Damaged Item,659.63,Putaway / Picking Handling,,Unconfirmed,Refund
QI00005751,ORD000164045,ITEM0000612180,DS005,SKU0109,Damaged Item,576.34,Putaway / Picking Handling,,Unconfirmed,Refund
QI00005752,ORD000164052,ITEM0000612209,DS005,SKU0136,Missing Item,188.27,Inventory Accuracy / Putaway,P_DS005_012,Unconfirmed,Replacement
QI00005753,ORD000164078,ITEM0000612300,DS005,SKU0090,Missing Item,260.5,Inventory Accuracy / Putaway,P_DS005_024,Unconfirmed,Refund
QI00005754,ORD000164096,ITEM0000612376,DS005,SKU0243,Missing Item,191.05,Inventory Accuracy / Putaway,P_DS005_024,Unconfirmed,Replacement
QI00005755,ORD000164101,ITEM0000612401,DS005,SKU0210,Missing Item,347.55,Inventory Accuracy / Putaway,P_DS005_027,Unconfirmed,Replacement
QI00005756,ORD000164131,ITEM0000612528,DS005,SKU0150,Wrong Item,178.21,Picking,P_DS005_012,Unconfirmed,Refund
QI00005757,ORD000164131,ITEM0000612530,DS005,SKU0198,Missing Item,353.83,Inventory Accuracy / Putaway,P_DS005_012,Unconfirmed,Refund
QI00005758,ORD000164148,ITEM0000612584,DS005,SKU0253,Missing Item,253.2,Inventory Accuracy / Putaway,P_DS005_027,Unconfirmed,Refund
QI00005759,ORD000164242,ITEM0000612938,DS005,SKU0201,Missing Item,81.18,Inventory Accuracy / Putaway,P_DS005_024,Unconfirmed,Refund
QI00005760,ORD000164254,ITEM0000612978,DS005,SKU0214,Damaged Item,137.01,Putaway / Picking Handling,,Unconfirmed,Refund
QI00005761,ORD000164299,ITEM0000613154,DS005,SKU0093,Missing Item,172.15,Inventory Accuracy / Putaway,P_DS005_003,Unconfirmed,Replacement
QI00005762,ORD000164438,ITEM0000613639,DS005,SKU0238,Missing Item,30.81,Inventory Accuracy / Putaway,P_DS005_003,Unconfirmed,Refund
QI00005763,ORD000164438,ITEM0000613640,DS005,SKU0160,Wrong Item,431.6,Shelf Placement / Picking Verification,P_DS005_003,Unconfirmed,Refund
QI00005764,ORD000164481,ITEM0000613788,DS005,SKU0058,Missing Item,528.06,Inventory Accuracy / Putaway,P_DS005_015,Unconfirmed,Refund
QI00005765,ORD000164515,ITEM0000613918,DS005,SKU0275,Missing Item,44.18,Inventory Accuracy / Putaway,P_DS005_006,Unconfirmed,Refund
QI00005766,ORD000164527,ITEM0000613958,DS005,SKU0195,Wrong Item,1227.36,Picking,P_DS005_003,Unconfirmed,Replacement
QI00005767,ORD000164630,ITEM0000614325,DS005,SKU0244,Missing Item,67.15,Inventory Accuracy / Putaway,P_DS005_006,Unconfirmed,Refund
QI00005768,ORD000164631,ITEM0000614333,DS005,SKU0114,Wrong Item,233.48,Picking,P_DS005_024,Unconfirmed,Refund
QI00005769,ORD000164665,ITEM0000614446,DS005,SKU0188,Missing Item,279.81,Inventory Accuracy / Putaway,P_DS005_024,Unconfirmed,Refund
QI00005770,ORD000164668,ITEM0000614456,DS005,SKU0051,Missing Item,25.15,Inventory Accuracy / Putaway,P_DS005_012,Unconfirmed,Refund
QI00005771,ORD000004207,,DS001,,Wrong Order Handoff,150.0,Drop Zone / Rider Verification,R_DS001_051,Unconfirmed,Refund
QI00005772,ORD000009302,,DS001,,Wrong Order Handoff,150.0,Drop Zone / Rider Verification,R_DS001_164,Unconfirmed,Refund
QI00005773,ORD000010320,,DS001,,Wrong Order Handoff,150.0,Drop Zone / Rider Verification,R_DS001_126,Unconfirmed,Refund
QI00005774,ORD000015498,,DS001,,Wrong Order Handoff,150.0,Drop Zone / Rider Verification,R_DS001_084,Unconfirmed,Refund
QI00005775,ORD000015584,,DS001,,Wrong Order Handoff,150.0,Drop Zone / Rider Verification,R_DS001_129,Unconfirmed,Refund
QI00005776,ORD000029468,,DS001,,Wrong Order Handoff,150.0,Drop Zone / Rider Verification,R_DS001_096,Unconfirmed,Refund
QI00005777,ORD000031946,,DS001,,Wrong Order Handoff,150.0,Drop Zone / Rider Verification,R_DS001_150,Unconfirmed,Refund
QI00005778,ORD000031983,,DS001,,Wrong Order Handoff,150.0,Drop Zone / Rider Verification,R_DS001_024,Unconfirmed,Refund
QI00005779,ORD000033826,,DS001,,Wrong Order Handoff,150.0,Drop Zone / Rider Verification,R_DS001_074,Unconfirmed,Refund
QI00005780,ORD000035028,,DS001,,Wrong Order Handoff,150.0,Drop Zone / Rider Verification,R_DS001_013,Unconfirmed,Refund
QI00005781,ORD000043345,,DS002,,Wrong Order Handoff,150.0,Drop Zone / Rider Verification,R_DS002_143,Unconfirmed,Refund
QI00005782,ORD000043363,,DS002,,Wrong Order Handoff,150.0,Drop Zone / Rider Verification,R_DS002_129,Unconfirmed,Refund
QI00005783,ORD000044762,,DS002,,Wrong Order Handoff,150.0,Drop Zone / Rider Verification,R_DS002_063,Unconfirmed,Refund
QI00005784,ORD000052967,,DS002,,Wrong Order Handoff,150.0,Drop Zone / Rider Verification,R_DS002_071,Unconfirmed,Refund
QI00005785,ORD000058089,,DS002,,Wrong Order Handoff,150.0,Drop Zone / Rider Verification,R_DS002_059,Unconfirmed,Refund
QI00005786,ORD000063114,,DS002,,Wrong Order Handoff,150.0,Drop Zone / Rider Verification,R_DS002_131,Unconfirmed,Refund
QI00005787,ORD000067430,,DS002,,Wrong Order Handoff,150.0,Drop Zone / Rider Verification,R_DS002_007,Unconfirmed,Refund
QI00005788,ORD000072429,,DS003,,Wrong Order Handoff,150.0,Drop Zone / Rider Verification,R_DS003_065,Unconfirmed,Refund
QI00005789,ORD000074058,,DS003,,Wrong Order Handoff,150.0,Drop Zone / Rider Verification,R_DS003_008,Unconfirmed,Refund
QI00005790,ORD000077425,,DS003,,Wrong Order Handoff,150.0,Drop Zone / Rider Verification,R_DS003_039,Unconfirmed,Refund
QI00005791,ORD000079416,,DS003,,Wrong Order Handoff,150.0,Drop Zone / Rider Verification,R_DS003_002,Unconfirmed,Refund
QI00005792,ORD000079827,,DS003,,Wrong Order Handoff,150.0,Drop Zone / Rider Verification,R_DS003_074,Unconfirmed,Refund
QI00005793,ORD000079992,,DS003,,Wrong Order Handoff,150.0,Drop Zone / Rider Verification,R_DS003_030,Unconfirmed,Refund
QI00005794,ORD000080932,,DS003,,Wrong Order Handoff,150.0,Drop Zone / Rider Verification,R_DS003_061,Unconfirmed,Refund
QI00005795,ORD000082865,,DS003,,Wrong Order Handoff,150.0,Drop Zone / Rider Verification,R_DS003_069,Unconfirmed,Refund
QI00005796,ORD000085845,,DS003,,Wrong Order Handoff,150.0,Drop Zone / Rider Verification,R_DS003_116,Unconfirmed,Refund
QI00005797,ORD000090487,,DS003,,Wrong Order Handoff,150.0,Drop Zone / Rider Verification,R_DS003_107,Unconfirmed,Refund
QI00005798,ORD000102330,,DS003,,Wrong Order Handoff,150.0,Drop Zone / Rider Verification,R_DS003_078,Unconfirmed,Refund
QI00005799,ORD000102885,,DS004,,Wrong Order Handoff,150.0,Drop Zone / Rider Verification,R_DS004_008,Unconfirmed,Refund
QI00005800,ORD000116129,,DS004,,Wrong Order Handoff,150.0,Drop Zone / Rider Verification,R_DS004_003,Unconfirmed,Refund
QI00005801,ORD000117496,,DS004,,Wrong Order Handoff,150.0,Drop Zone / Rider Verification,R_DS004_128,Unconfirmed,Refund
QI00005802,ORD000117909,,DS004,,Wrong Order Handoff,150.0,Drop Zone / Rider Verification,R_DS004_012,Unconfirmed,Refund
QI00005803,ORD000124366,,DS004,,Wrong Order Handoff,150.0,Drop Zone / Rider Verification,R_DS004_023,Unconfirmed,Refund
QI00005804,ORD000126846,,DS004,,Wrong Order Handoff,150.0,Drop Zone / Rider Verification,R_DS004_062,Unconfirmed,Refund
QI00005805,ORD000134087,,DS004,,Wrong Order Handoff,150.0,Drop Zone / Rider Verification,R_DS004_056,Unconfirmed,Refund
QI00005806,ORD000136620,,DS004,,Wrong Order Handoff,150.0,Drop Zone / Rider Verification,R_DS004_158,Unconfirmed,Refund
QI00005807,ORD000140123,,DS005,,Wrong Order Handoff,150.0,Drop Zone / Rider Verification,R_DS005_068,Unconfirmed,Refund
QI00005808,ORD000142530,,DS005,,Wrong Order Handoff,150.0,Drop Zone / Rider Verification,R_DS005_003,Unconfirmed,Refund
QI00005809,ORD000157993,,DS005,,Wrong Order Handoff,150.0,Drop Zone / Rider Verification,R_DS005_074,Unconfirmed,Refund
QI00005810,ORD000163777,,DS005,,Wrong Order Handoff,150.0,Drop Zone / Rider Verification,R_DS005_077,Unconfirmed,Refund
