Rider_Shift_ID,Store_ID,Shift_Date,Logged_Hours,Rider_ID,Delivered_Orders,Active_Delivery_Minutes,Round_Trip_Busy_Minutes,Rider_Cost_INR,Rider_Utilization,Orders_Per_Logged_Hour
SH00000032,DS001,2026-07-01,9.0,R_DS001_001,35.0,222.24327870000005,337.4182787,1225.0,0.41156162722222234,3.888888888888889
SH00000033,DS001,2026-07-01,9.0,R_DS001_002,43.0,277.3883252,422.73832519999985,1550.0,0.5136820837037037,4.777777777777778
SH00000034,DS001,2026-07-01,9.0,R_DS001_004,35.0,207.25983471666666,309.1848347166666,1225.0,0.3838145087345679,3.888888888888889
SH00000035,DS001,2026-07-01,9.0,R_DS001_006,42.0,287.66229465,441.31229465,1560.0,0.5327079530555555,4.666666666666667
SH00000036,DS001,2026-07-01,0.0,,0.0,0.0,0.0,0.0,0.0,0.0
SH00000037,DS001,2026-07-01,9.0,R_DS001_008,42.0,268.93141698333335,406.7814169833333,1520.0,0.4980211425617284,4.666666666666667
SH00000038,DS001,2026-07-01,8.833333333333334,R_DS001_009,43.0,294.2712513166667,443.62125130000004,1600.0,0.5552287760691824,4.867924528301886
SH00000039,DS001,2026-07-01,9.0,R_DS001_011,45.0,270.1081484166667,415.8331484166667,1635.0,0.5002002748456791,5.0
SH00000040,DS001,2026-07-01,9.0,R_DS001_012,42.0,283.61776198333337,428.06061911666666,1575.0,0.5252180777469136,4.666666666666667
SH00000041,DS001,2026-07-01,8.666666666666666,R_DS001_014,39.0,265.1880317166667,403.03803171666675,1415.0,0.509976984070513,4.5
SH00000042,DS001,2026-07-01,9.0,R_DS001_015,41.0,268.74404585,421.3619029999999,1545.0,0.49767415898148154,4.555555555555555
SH00000043,DS001,2026-07-01,9.0,R_DS001_016,30.0,183.35079321666663,278.1007932166667,1050.0,0.3395385059567901,3.3333333333333335
SH00000044,DS001,2026-07-01,0.0,,0.0,0.0,0.0,0.0,0.0,0.0
SH00000045,DS001,2026-07-01,9.0,R_DS001_019,27.0,160.0678877833333,241.39288778333338,945.0,0.2964220144135802,3.0
SH00000046,DS001,2026-07-01,9.0,R_DS001_020,42.0,272.2154205833333,415.46542058333347,1525.0,0.5041026307098765,4.666666666666667
SH00000047,DS001,2026-07-01,0.0,,0.0,0.0,0.0,0.0,0.0,0.0
SH00000048,DS001,2026-07-01,9.0,R_DS001_022,21.0,134.72665553333331,203.30165553333336,735.0,0.24949380654320985,2.3333333333333335
SH00000049,DS001,2026-07-01,9.0,R_DS001_023,40.0,258.27687161666665,397.5018716166667,1450.0,0.47829050299382714,4.444444444444445
SH00000050,DS001,2026-07-01,0.0,,0.0,0.0,0.0,0.0,0.0,0.0
SH00000051,DS001,2026-07-01,9.0,R_DS001_026,41.0,247.0140628,381.8640628,1485.0,0.4574334496296296,4.555555555555555
SH00000052,DS001,2026-07-01,9.0,R_DS001_027,42.0,263.2221098833333,407.8292527333333,1580.0,0.4874483516358024,4.666666666666667
SH00000053,DS001,2026-07-01,0.0,,0.0,0.0,0.0,0.0,0.0,0.0
SH00000054,DS001,2026-07-01,9.0,R_DS001_030,39.0,259.2907905999999,392.63721916666685,1485.0,0.4801681307407406,4.333333333333333
SH00000055,DS001,2026-07-01,9.0,R_DS001_032,38.0,238.4145018166667,362.6645018166667,1380.0,0.4415083366975309,4.222222222222222
SH00000056,DS001,2026-07-01,9.0,R_DS001_033,37.0,244.8682886166667,375.3432886166667,1410.0,0.45345979373456796,4.111111111111111
SH00000057,DS001,2026-07-01,9.0,R_DS001_035,36.0,226.46525466666674,345.6402546666666,1305.0,0.41938010123456804,4.0
SH00000058,DS001,2026-07-01,9.0,R_DS001_036,36.0,244.9271192,368.67711920000005,1370.0,0.4535687392592592,4.0
SH00000059,DS001,2026-07-01,9.0,R_DS001_037,18.0,112.45048518333334,168.40048518333336,630.0,0.2082416392283951,2.0
SH00000060,DS001,2026-07-01,8.65,R_DS001_039,35.0,241.05891346666667,370.0839134666667,1340.0,0.4644680413615928,4.0462427745664735
SH00000061,DS001,2026-07-01,0.0,,0.0,0.0,0.0,0.0,0.0,0.0
SH00000062,DS001,2026-07-01,9.0,R_DS001_043,16.0,107.13735513333334,161.91235513333336,560.0,0.19840250950617286,1.7777777777777777
SH00000063,DS001,2026-07-01,9.0,R_DS001_044,36.0,243.66667528333332,368.1166752833334,1320.0,0.4512345838580247,4.0
SH00000064,DS001,2026-07-01,9.0,R_DS001_047,34.0,229.03018103333338,350.3051810333334,1235.0,0.4241299648765433,3.7777777777777777
SH00000065,DS001,2026-07-01,9.0,R_DS001_048,36.0,225.8977409,345.5727409,1385.0,0.41832914981481484,4.0
SH00000066,DS001,2026-07-01,0.0,,0.0,0.0,0.0,0.0,0.0,0.0
SH00000067,DS001,2026-07-01,8.533333333333333,R_DS001_050,30.0,211.3943088666667,318.6693088666666,1095.0,0.4128795095052084,3.515625
SH00000068,DS001,2026-07-01,9.0,R_DS001_051,36.0,227.06420868333333,348.0392086833334,1385.0,0.4204892753395062,4.0
SH00000069,DS001,2026-07-01,9.0,R_DS001_053,33.0,204.70724836666665,318.93224836666667,1205.0,0.3790874969753086,3.6666666666666665
SH00000070,DS001,2026-07-01,9.0,R_DS001_054,34.0,223.5963941666667,338.57139416666666,1310.0,0.41406739660493835,3.7777777777777777
SH00000071,DS001,2026-07-01,9.0,R_DS001_055,11.0,72.47927318333333,113.10427318333335,385.0,0.1342208762654321,1.2222222222222223
SH00000072,DS001,2026-07-01,0.0,,0.0,0.0,0.0,0.0,0.0,0.0
SH00000073,DS001,2026-07-01,9.0,R_DS001_057,33.0,232.80747223333336,352.5074722333333,1270.0,0.43112494858024697,3.6666666666666665
SH00000074,DS001,2026-07-01,8.4,R_DS001_058,9.0,67.0349358,100.50993580000001,315.0,0.133005825,1.0714285714285714
SH00000075,DS001,2026-07-01,9.0,R_DS001_060,36.0,224.59153101666658,344.54153101666657,1385.0,0.4159102426234566,4.0
SH00000076,DS001,2026-07-01,9.0,R_DS001_063,38.0,221.95920223333337,337.75920223333327,1470.0,0.4110355596913581,4.222222222222222
SH00000077,DS001,2026-07-01,9.0,R_DS001_064,10.0,62.58877463333333,93.58877463333334,350.0,0.11590513820987654,1.1111111111111112
SH00000078,DS001,2026-07-01,9.0,R_DS001_065,32.0,208.1268362166667,316.52683621666665,1165.0,0.38542006706790133,3.5555555555555554
SH00000079,DS001,2026-07-01,9.0,R_DS001_067,5.0,36.85972961666666,57.18472961666666,175.0,0.06825875854938271,0.5555555555555556
SH00000080,DS001,2026-07-01,9.0,R_DS001_068,29.0,192.70714013333333,288.9571401333334,1070.0,0.35686507432098763,3.2222222222222223
SH00000081,DS001,2026-07-01,9.0,R_DS001_069,32.0,219.9551481666667,337.05514816666675,1235.0,0.40732434845679016,3.5555555555555554
SH00000082,DS001,2026-07-01,9.0,R_DS001_070,5.0,35.5741434,55.824143400000004,175.0,0.06587804333333333,0.5555555555555556
SH00000083,DS001,2026-07-01,9.0,R_DS001_072,32.0,220.6661763333334,336.9661763333333,1235.0,0.4086410672839507,3.5555555555555554
SH00000084,DS001,2026-07-01,8.316666666666666,R_DS001_074,28.0,190.42889164999997,293.05389165,1035.0,0.38162102535070136,3.366733466933868
SH00000085,DS001,2026-07-01,8.366666666666667,R_DS001_075,37.0,221.01869589999995,333.4436959,1435.0,0.44027628665338636,4.422310756972111
SH00000086,DS001,2026-07-01,9.0,R_DS001_076,5.0,35.64067683333333,54.665676833333336,175.0,0.06600125339506173,0.5555555555555556
SH00000087,DS001,2026-07-01,9.0,R_DS001_077,29.0,188.4899150166667,285.3399150166666,1070.0,0.34905539817901243,3.2222222222222223
SH00000088,DS001,2026-07-01,8.816666666666666,R_DS001_078,33.0,221.7348495,339.3098494999999,1275.0,0.4191585056710775,3.742911153119093
SH00000089,DS001,2026-07-01,9.0,R_DS001_079,3.0,18.485439083333333,29.435439083333335,105.0,0.03423229459876543,0.3333333333333333
SH00000090,DS001,2026-07-01,9.0,R_DS001_081,32.0,209.65030788333334,327.9003078833333,1230.0,0.38824131089506175,3.5555555555555554
SH00000091,DS001,2026-07-01,9.0,R_DS001_082,1.0,7.569075583333333,13.269075583333334,35.0,0.01401680663580247,0.1111111111111111
SH00000092,DS001,2026-07-01,9.0,R_DS001_083,29.0,186.16853435,284.31853435,1065.0,0.34475654509259257,3.2222222222222223
SH00000093,DS001,2026-07-01,9.0,R_DS001_084,34.0,204.44270221666665,319.04270221666667,1315.0,0.37859759669753085,3.7777777777777777
SH00000094,DS001,2026-07-01,8.616666666666667,R_DS001_085,1.0,8.015235283333332,12.415235283333335,35.0,0.015503356447453254,0.11605415860735009
SH00000095,DS001,2026-07-01,9.0,R_DS001_086,28.0,183.79452880000005,277.5445288,1025.0,0.3403602385185186,3.111111111111111
SH00000096,DS001,2026-07-01,0.0,,0.0,0.0,0.0,0.0,0.0,0.0
SH00000097,DS001,2026-07-01,9.0,R_DS001_089,29.0,169.79257785,255.59257784999997,1070.0,0.3144306997222222,3.2222222222222223
SH00000098,DS001,2026-07-01,9.0,R_DS001_090,34.0,214.90196973333335,323.1769697333333,1315.0,0.397966610617284,3.7777777777777777
SH00000099,DS001,2026-07-01,8.783333333333333,R_DS001_091,1.0,6.482765833333334,9.632765833333334,35.0,0.012301263440860216,0.11385199240986718
SH00000100,DS001,2026-07-01,0.0,,0.0,0.0,0.0,0.0,0.0,0.0
SH00000101,DS001,2026-07-01,9.0,R_DS001_093,33.0,208.67327286666665,310.29827285,1285.0,0.3864319867901234,3.6666666666666665
SH00000102,DS001,2026-07-01,9.0,R_DS001_095,25.0,169.53398845000004,258.88398845,920.0,0.31395183046296304,2.7777777777777777
SH00000103,DS001,2026-07-01,0.0,,0.0,0.0,0.0,0.0,0.0,0.0
SH00000104,DS001,2026-07-01,8.016666666666667,R_DS001_098,25.0,164.18703563333335,255.2370356333334,925.0,0.34134518842688844,3.118503118503118
SH00000105,DS001,2026-07-01,9.0,R_DS001_099,31.0,199.26985093333334,305.0698509333333,1200.0,0.36901824246913584,3.4444444444444446
SH00000106,DS001,2026-07-01,9.0,R_DS001_100,1.0,5.533210266666667,9.058210266666666,35.0,0.010246685679012347,0.1111111111111111
SH00000107,DS001,2026-07-01,9.0,R_DS001_102,33.0,200.33974066666661,307.9647406666666,1285.0,0.3709995197530863,3.6666666666666665
SH00000108,DS001,2026-07-01,8.5,R_DS001_103,1.0,7.624515316666666,11.349515316666666,35.0,0.014950030032679737,0.11764705882352941
SH00000109,DS001,2026-07-01,9.0,R_DS001_104,19.0,143.9611578,213.4361578,710.0,0.26659473666666667,2.111111111111111
SH00000110,DS001,2026-07-01,9.0,R_DS001_105,32.0,203.03810866666672,307.88810866666665,1245.0,0.3759964975308643,3.5555555555555554
SH00000111,DS001,2026-07-01,9.0,R_DS001_106,1.0,7.543562966666667,11.418562966666666,35.0,0.013969561049382717,0.1111111111111111
SH00000112,DS001,2026-07-01,8.5,R_DS001_107,22.0,141.30664011666667,214.9066401,820.0,0.2770718433660131,2.588235294117647
SH00000113,DS001,2026-07-01,9.0,R_DS001_109,1.0,5.8861887500000005,8.91118875,35.0,0.010900349537037038,0.1111111111111111
SH00000114,DS001,2026-07-01,9.0,R_DS001_110,21.0,135.45245721666666,207.80245721666668,785.0,0.2508378837345679,2.3333333333333335
SH00000115,DS001,2026-07-01,9.0,R_DS001_111,31.0,199.70701258333332,309.23201258333324,1205.0,0.3698278010802469,3.4444444444444446
SH00000116,DS001,2026-07-01,0.0,,0.0,0.0,0.0,0.0,0.0,0.0
SH00000117,DS001,2026-07-01,9.0,R_DS001_113,14.0,117.13284585,175.40784585,535.0,0.21691267749999998,1.5555555555555556
SH00000118,DS001,2026-07-01,9.0,R_DS001_114,29.0,197.95097579999998,302.2009758,1130.0,0.36657588111111106,3.2222222222222223
SH00000119,DS001,2026-07-01,9.0,R_DS001_116,19.0,114.39576985000001,174.29576985,720.0,0.21184401824074076,2.111111111111111
SH00000120,DS001,2026-07-01,0.0,,0.0,0.0,0.0,0.0,0.0,0.0
SH00000121,DS001,2026-07-01,9.0,R_DS001_119,17.0,104.29323386666667,159.24323386666663,650.0,0.19313561827160494,1.8888888888888888
SH00000122,DS001,2026-07-01,9.0,R_DS001_121,1.0,4.2387815,5.9637815,35.0,0.00784959537037037,0.1111111111111111
SH00000123,DS001,2026-07-01,9.0,R_DS001_123,31.0,193.00037175000003,290.15037175,1205.0,0.3574080958333334,3.4444444444444446
SH00000124,DS001,2026-07-01,9.0,R_DS001_124,1.0,5.762558516666667,9.287558516666667,35.0,0.010671404660493829,0.1111111111111111
SH00000125,DS001,2026-07-01,9.0,R_DS001_125,14.0,99.18574743333333,153.86074743333336,535.0,0.18367731006172838,1.5555555555555556
SH00000126,DS001,2026-07-01,8.233333333333333,R_DS001_126,29.0,195.63071954999998,297.75571955000004,1130.0,0.39601360232793525,3.522267206477733
SH00000127,DS001,2026-07-01,9.0,R_DS001_128,17.0,105.81314330000001,155.13814330000002,650.0,0.19595026537037039,1.8888888888888888
SH00000128,DS001,2026-07-01,9.0,,0.0,0.0,0.0,0.0,0.0,0.0
SH00000129,DS001,2026-07-01,9.0,R_DS001_131,15.0,98.43599396666667,151.83599396666668,580.0,0.1822888777160494,1.6666666666666667
SH00000130,DS001,2026-07-01,9.0,R_DS001_132,31.0,193.05219948333334,294.1021994833334,1215.0,0.35750407311728394,3.4444444444444446
SH00000131,DS001,2026-07-01,8.816666666666666,,0.0,0.0,0.0,0.0,0.0,0.0
SH00000132,DS001,2026-07-01,0.0,,0.0,0.0,0.0,0.0,0.0,0.0
SH00000133,DS001,2026-07-01,9.0,R_DS001_135,29.0,191.44736113333335,292.1223611333334,1130.0,0.3545321502469136,3.2222222222222223
SH00000134,DS001,2026-07-01,8.6,R_DS001_137,16.0,98.7491867166667,151.49918671666666,615.0,0.19137439286175717,1.8604651162790697
SH00000135,DS001,2026-07-01,9.0,R_DS001_138,31.0,184.14396839999998,281.49396839999997,1220.0,0.34100734888888884,3.4444444444444446
SH00000136,DS001,2026-07-01,9.0,,0.0,0.0,0.0,0.0,0.0,0.0
SH00000137,DS001,2026-07-01,9.0,R_DS001_140,15.0,101.76182169999998,157.31182170000002,575.0,0.18844781796296292,1.6666666666666667
SH00000138,DS001,2026-07-01,9.0,R_DS001_141,27.0,177.87322118333336,272.5732211833333,1060.0,0.3293948540432099,3.0
SH00000139,DS001,2026-07-01,9.0,,0.0,0.0,0.0,0.0,0.0,0.0
SH00000140,DS001,2026-07-01,0.0,,0.0,0.0,0.0,0.0,0.0,0.0
SH00000141,DS001,2026-07-01,8.816666666666666,,0.0,0.0,0.0,0.0,0.0,0.0
SH00000142,DS001,2026-07-01,8.716666666666667,R_DS001_146,15.0,103.27873923333334,154.27873923333334,575.0,0.19747368878266414,1.7208413001912046
SH00000143,DS001,2026-07-01,9.0,R_DS001_147,27.0,183.16265464999995,282.81265464999996,1060.0,0.33919010120370363,3.0
SH00000144,DS001,2026-07-01,8.333333333333334,,0.0,0.0,0.0,0.0,0.0,0.0
SH00000145,DS001,2026-07-01,9.0,R_DS001_149,15.0,93.34989781666667,142.72489781666667,580.0,0.1728701811419753,1.6666666666666667
SH00000146,DS001,2026-07-01,0.0,,0.0,0.0,0.0,0.0,0.0,0.0
SH00000147,DS001,2026-07-01,9.0,R_DS001_152,16.0,95.48688265000001,143.33688265,615.0,0.176827560462963,1.7777777777777777
SH00000148,DS001,2026-07-01,9.0,,0.0,0.0,0.0,0.0,0.0,0.0
SH00000149,DS001,2026-07-01,9.0,R_DS001_155,14.0,94.53515191666666,147.23515191666667,540.0,0.1750650961419753,1.5555555555555556
SH00000150,DS001,2026-07-01,9.0,R_DS001_156,27.0,185.3272447,286.05224469999996,1055.0,0.3431986012962963,3.0
SH00000151,DS001,2026-07-01,9.0,R_DS001_158,14.0,88.25652076666668,137.9315207666667,540.0,0.16343800141975312,1.5555555555555556
SH00000152,DS001,2026-07-01,9.0,R_DS001_159,27.0,171.12763548333334,266.6776354833333,1055.0,0.31690302867283954,3.0
SH00000153,DS001,2026-07-01,9.0,,0.0,0.0,0.0,0.0,0.0,0.0
SH00000154,DS001,2026-07-01,9.0,R_DS001_162,27.0,163.3908303,254.61583030000006,1060.0,0.3025756116666667,3.0
SH00000155,DS001,2026-07-01,8.45,,0.0,0.0,0.0,0.0,0.0,0.0
SH00000156,DS001,2026-07-01,8.3,R_DS001_165,26.0,172.21525559999998,260.9402556,1020.0,0.34581376626506016,3.1325301204819276
SH00000186,DS002,2026-07-01,9.0,R_DS002_001,31.0,242.33706071666663,372.0620607166667,1085.0,0.44877233466049377,3.4444444444444446
SH00000187,DS002,2026-07-01,0.0,,0.0,0.0,0.0,0.0,0.0,0.0
SH00000188,DS002,2026-07-01,9.0,R_DS002_004,29.0,215.7020757,327.92707569999993,1015.0,0.39944828833333335,3.2222222222222223
SH00000189,DS002,2026-07-01,9.0,R_DS002_005,41.0,297.63012316666664,457.00512316666664,1490.0,0.5511668947530863,4.555555555555555
SH00000190,DS002,2026-07-01,9.0,R_DS002_006,40.0,306.90228984999993,474.7451469833335,1510.0,0.5683375737962961,4.444444444444445
SH00000191,DS002,2026-07-01,9.0,R_DS002_007,29.0,193.85415253333335,306.62915253333335,1015.0,0.3589891713580247,3.2222222222222223
SH00000192,DS002,2026-07-01,9.0,R_DS002_008,38.0,278.08733723333336,435.46233723333336,1375.0,0.5149765504320988,4.222222222222222
SH00000193,DS002,2026-07-01,0.0,,0.0,0.0,0.0,0.0,0.0,0.0
SH00000194,DS002,2026-07-01,0.0,,0.0,0.0,0.0,0.0,0.0,0.0
SH00000195,DS002,2026-07-01,9.0,R_DS002_012,40.0,296.33723781666663,463.9622377999999,1515.0,0.5487726626234567,4.444444444444445
SH00000196,DS002,2026-07-01,8.616666666666667,R_DS002_013,28.0,185.82769081666666,289.35269081666667,980.0,0.3594346050612508,3.2495164410058024
SH00000197,DS002,2026-07-01,8.516666666666667,R_DS002_014,39.0,253.21058656666668,400.5605865666668,1420.0,0.4955197388780169,4.579256360078277
SH00000198,DS002,2026-07-01,0.0,,0.0,0.0,0.0,0.0,0.0,0.0
SH00000199,DS002,2026-07-01,9.0,R_DS002_016,19.0,143.30611876666666,220.00611876666667,665.0,0.2653817014197531,2.111111111111111
SH00000200,DS002,2026-07-01,9.0,R_DS002_018,39.0,281.6028447333333,442.4349875833332,1490.0,0.5214867495061728,4.333333333333333
SH00000201,DS002,2026-07-01,9.0,R_DS002_019,17.0,128.07608786666665,200.37608786666672,595.0,0.23717794049382715,1.8888888888888888
SH00000202,DS002,2026-07-01,9.0,R_DS002_020,37.0,273.76476303333334,426.9897630333333,1340.0,0.5069717833950618,4.111111111111111
SH00000203,DS002,2026-07-01,0.0,,0.0,0.0,0.0,0.0,0.0,0.0
SH00000204,DS002,2026-07-01,9.0,R_DS002_022,9.0,77.70689146666666,121.78189146666668,315.0,0.1439016508641975,1.0
SH00000205,DS002,2026-07-01,8.416666666666666,R_DS002_023,35.0,259.60692566666665,402.5069256666667,1275.0,0.5140731201320132,4.158415841584159
SH00000206,DS002,2026-07-01,8.55,R_DS002_025,8.0,49.89529771666667,77.22029771666666,280.0,0.09726178892137752,0.935672514619883
SH00000207,DS002,2026-07-01,9.0,R_DS002_027,41.0,277.21562583333326,432.68348296666665,1560.0,0.5133622700617283,4.555555555555555
SH00000208,DS002,2026-07-01,0.0,,0.0,0.0,0.0,0.0,0.0,0.0
SH00000209,DS002,2026-07-01,0.0,,0.0,0.0,0.0,0.0,0.0,0.0
SH00000210,DS002,2026-07-01,9.0,R_DS002_030,37.0,283.3519026333334,449.89475978333337,1400.0,0.524725745617284,4.111111111111111
SH00000211,DS002,2026-07-01,9.0,R_DS002_032,39.0,259.27794755,404.72794755000007,1420.0,0.48014434731481487,4.333333333333333
SH00000212,DS002,2026-07-01,9.0,R_DS002_033,38.0,276.73221575,435.38221575000006,1470.0,0.5124670662037037,4.222222222222222
SH00000213,DS002,2026-07-01,9.0,R_DS002_034,7.0,46.300449533333335,74.32544953333333,245.0,0.08574157320987655,0.7777777777777778
SH00000214,DS002,2026-07-01,0.0,,0.0,0.0,0.0,0.0,0.0,0.0
SH00000215,DS002,2026-07-01,8.633333333333333,R_DS002_036,38.0,276.39658588333333,425.49658588333347,1470.0,0.5335841426319177,4.401544401544402
SH00000216,DS002,2026-07-01,9.0,R_DS002_037,7.0,51.03769035,80.31269035,245.0,0.09451424138888889,0.7777777777777778
SH00000217,DS002,2026-07-01,9.0,R_DS002_039,37.0,271.7085996833333,425.66931398333344,1425.0,0.5031640734876542,4.111111111111111
SH00000218,DS002,2026-07-01,9.0,R_DS002_040,8.0,53.290343549999996,79.99034355,280.0,0.09868582138888889,0.8888888888888888
SH00000219,DS002,2026-07-01,9.0,R_DS002_041,32.0,248.35260444999997,383.32760445,1170.0,0.4599122304629629,3.5555555555555554
SH00000220,DS002,2026-07-01,9.0,R_DS002_042,38.0,260.23007994999995,412.25865138333353,1465.0,0.4819075554629629,4.222222222222222
SH00000221,DS002,2026-07-01,9.0,R_DS002_043,7.0,50.89532723333333,78.99532723333334,245.0,0.09425060598765432,0.7777777777777778
SH00000222,DS002,2026-07-01,9.0,R_DS002_044,34.0,248.77684725000003,382.4518472499999,1245.0,0.46069786527777784,3.7777777777777777
SH00000223,DS002,2026-07-01,9.0,R_DS002_046,6.0,38.18421563333333,60.484215633333335,210.0,0.07071151043209876,0.6666666666666666
SH00000224,DS002,2026-07-01,9.0,R_DS002_047,34.0,242.8912289,371.21622890000003,1235.0,0.449798572037037,3.7777777777777777
SH00000225,DS002,2026-07-01,9.0,R_DS002_048,34.0,265.1626354666667,410.1376354666666,1310.0,0.49104191753086424,3.7777777777777777
SH00000226,DS002,2026-07-01,9.0,R_DS002_049,5.0,35.3689232,54.9439232,175.0,0.06549800592592592,0.5555555555555556
SH00000227,DS002,2026-07-01,9.0,R_DS002_050,32.0,232.85281310000002,369.6028130999999,1165.0,0.4312089131481482,3.5555555555555554
SH00000228,DS002,2026-07-01,8.783333333333333,R_DS002_051,35.0,252.27268579999995,392.17982866666665,1350.0,0.47869579848197336,3.984819734345351
SH00000229,DS002,2026-07-01,0.0,,0.0,0.0,0.0,0.0,0.0,0.0
SH00000230,DS002,2026-07-01,9.0,R_DS002_054,35.0,254.46064206666665,397.87849921666674,1350.0,0.47122341123456785,3.888888888888889
SH00000231,DS002,2026-07-01,9.0,R_DS002_055,4.0,27.101067183333335,41.80106718333334,140.0,0.05018716145061729,0.4444444444444444
SH00000232,DS002,2026-07-01,9.0,R_DS002_056,30.0,217.18290288333336,340.53290288333346,1100.0,0.4021905608950618,3.3333333333333335
SH00000233,DS002,2026-07-01,9.0,R_DS002_057,33.0,254.6872332333333,398.9372332333335,1275.0,0.4716430245061728,3.6666666666666665
SH00000234,DS002,2026-07-01,9.0,R_DS002_058,4.0,30.916467,49.191467,140.0,0.05725271666666667,0.4444444444444444
SH00000235,DS002,2026-07-01,9.0,R_DS002_060,34.0,255.46837753333332,398.04337753333317,1325.0,0.47308958802469137,3.7777777777777777
SH00000236,DS002,2026-07-01,9.0,R_DS002_061,3.0,29.443902216666665,42.043902216666666,105.0,0.05452574484567901,0.3333333333333333
SH00000237,DS002,2026-07-01,9.0,R_DS002_063,35.0,246.96667756666665,388.84167756666665,1360.0,0.4573456991975308,3.888888888888889
SH00000238,DS002,2026-07-01,9.0,R_DS002_064,3.0,25.2667483,39.9917483,105.0,0.046790274629629626,0.3333333333333333
SH00000239,DS002,2026-07-01,0.0,,0.0,0.0,0.0,0.0,0.0,0.0
SH00000240,DS002,2026-07-01,9.0,R_DS002_067,3.0,22.313729266666662,32.43872926666666,105.0,0.041321720864197525,0.3333333333333333
SH00000241,DS002,2026-07-01,9.0,R_DS002_068,32.0,214.19044635,330.71544635000015,1175.0,0.3966489747222222,3.5555555555555554
SH00000242,DS002,2026-07-01,8.45,R_DS002_070,1.0,10.5083076,15.0083076,35.0,0.020726444970414204,0.1183431952662722
SH00000243,DS002,2026-07-01,9.0,R_DS002_071,29.0,199.53285044999998,309.20785044999997,1065.0,0.3695052786111111,3.2222222222222223
SH00000244,DS002,2026-07-01,8.716666666666667,R_DS002_072,33.0,251.0716310833334,388.9466310833333,1280.0,0.4800604800828554,3.78585086042065
SH00000245,DS002,2026-07-01,9.0,R_DS002_075,33.0,259.9725733333333,401.22257333333334,1285.0,0.48143069135802463,3.6666666666666665
SH00000246,DS002,2026-07-01,9.0,R_DS002_076,1.0,10.195815583333333,16.220815583333334,35.0,0.0188811399691358,0.1111111111111111
SH00000247,DS002,2026-07-01,9.0,R_DS002_077,28.0,216.31874151666668,331.06874151666665,1025.0,0.40059026206790127,3.111111111111111
SH00000248,DS002,2026-07-01,9.0,R_DS002_078,35.0,250.0708714333333,387.0458714333334,1360.0,0.4630942063580247,3.888888888888889
SH00000249,DS002,2026-07-01,9.0,R_DS002_079,1.0,3.3462265333333336,4.096226533333334,35.0,0.0061967158024691365,0.1111111111111111
SH00000250,DS002,2026-07-01,9.0,R_DS002_082,1.0,8.452726166666666,12.827726166666668,35.0,0.01565319660493827,0.1111111111111111
SH00000251,DS002,2026-07-01,8.266666666666667,R_DS002_083,27.0,195.24921661666664,299.3742166166667,990.0,0.3936476141465053,3.266129032258064
SH00000252,DS002,2026-07-01,8.45,R_DS002_084,36.0,246.59563179999998,377.6706317999999,1395.0,0.486381916765286,4.260355029585799
SH00000253,DS002,2026-07-01,9.0,R_DS002_085,1.0,10.6788526,16.9038526,35.0,0.019775652962962964,0.1111111111111111
SH00000254,DS002,2026-07-01,0.0,,0.0,0.0,0.0,0.0,0.0,0.0
SH00000255,DS002,2026-07-01,9.0,R_DS002_088,1.0,9.534746033333333,14.909746033333333,35.0,0.01765693709876543,0.1111111111111111
SH00000256,DS002,2026-07-01,9.0,R_DS002_089,28.0,198.59041763333335,309.01541763333336,1030.0,0.367760032654321,3.111111111111111
SH00000257,DS002,2026-07-01,9.0,R_DS002_090,34.0,249.96472426666668,387.88972426666675,1320.0,0.4628976375308642,3.7777777777777777
SH00000258,DS002,2026-07-01,9.0,R_DS002_091,1.0,5.049432166666667,7.949432166666667,35.0,0.009350800308641976,0.1111111111111111
SH00000259,DS002,2026-07-01,9.0,R_DS002_092,29.0,203.20265636666664,313.7526563666667,1075.0,0.3763012154938271,3.2222222222222223
SH00000260,DS002,2026-07-01,9.0,R_DS002_093,33.0,241.06704878333332,372.84204878333327,1280.0,0.4464204607098765,3.6666666666666665
SH00000261,DS002,2026-07-01,9.0,R_DS002_095,25.0,199.95253711666672,317.50253711666664,920.0,0.3702824761419754,2.7777777777777777
SH00000262,DS002,2026-07-01,9.0,R_DS002_096,35.0,241.30777759999998,367.63277759999994,1360.0,0.4468662548148148,3.888888888888889
SH00000263,DS002,2026-07-01,9.0,R_DS002_097,1.0,4.153412483333333,5.878412483333333,35.0,0.007691504598765431,0.1111111111111111
SH00000264,DS002,2026-07-01,9.0,,0.0,0.0,0.0,0.0,0.0,0.0
SH00000265,DS002,2026-07-01,0.0,,0.0,0.0,0.0,0.0,0.0,0.0
SH00000266,DS002,2026-07-01,9.0,,0.0,0.0,0.0,0.0,0.0,0.0
SH00000267,DS002,2026-07-01,9.0,R_DS002_104,27.0,202.2421710333333,312.44217103333335,990.0,0.3745225389506172,3.0
SH00000268,DS002,2026-07-01,9.0,R_DS002_105,32.0,241.69797373333333,378.9729737333333,1250.0,0.4475888402469136,3.5555555555555554
SH00000269,DS002,2026-07-01,9.0,,0.0,0.0,0.0,0.0,0.0,0.0
SH00000270,DS002,2026-07-01,9.0,R_DS002_107,23.0,180.93390194999998,285.2089019500001,850.0,0.33506278138888884,2.5555555555555554
SH00000271,DS002,2026-07-01,9.0,,0.0,0.0,0.0,0.0,0.0,0.0
SH00000272,DS002,2026-07-01,0.0,,0.0,0.0,0.0,0.0,0.0,0.0
SH00000273,DS002,2026-07-01,8.4,R_DS002_111,31.0,227.39560673333335,368.34560673333334,1205.0,0.45118175939153443,3.6904761904761902
SH00000274,DS002,2026-07-01,9.0,,0.0,0.0,0.0,0.0,0.0,0.0
SH00000275,DS002,2026-07-01,9.0,R_DS002_113,25.0,183.22438569999997,278.6993857,925.0,0.3393044179629629,2.7777777777777777
SH00000276,DS002,2026-07-01,9.0,R_DS002_114,33.0,245.3732347,377.8482347000001,1290.0,0.4543948790740741,3.6666666666666665
SH00000277,DS002,2026-07-01,8.5,R_DS002_116,22.0,164.77405294999997,258.04905295000003,815.0,0.32308637833333326,2.588235294117647
SH00000278,DS002,2026-07-01,9.0,R_DS002_117,33.0,237.39222785,373.2922278500001,1290.0,0.4396152367592593,3.6666666666666665
SH00000279,DS002,2026-07-01,9.0,,0.0,0.0,0.0,0.0,0.0,0.0
SH00000280,DS002,2026-07-01,9.0,R_DS002_119,19.0,150.81755994999997,235.44255995,710.0,0.27929177768518515,2.111111111111111
SH00000281,DS002,2026-07-01,9.0,R_DS002_120,31.0,227.92463619999992,356.07463620000004,1220.0,0.4220826596296295,3.4444444444444446
SH00000282,DS002,2026-07-01,0.0,,0.0,0.0,0.0,0.0,0.0,0.0
SH00000283,DS002,2026-07-01,9.0,R_DS002_123,29.0,230.68949975000007,364.91449975,1130.0,0.42720277731481493,3.2222222222222223
SH00000284,DS002,2026-07-01,9.0,R_DS002_125,20.0,155.52901438333333,238.97901438333335,745.0,0.28801669330246915,2.2222222222222223
SH00000285,DS002,2026-07-01,9.0,R_DS002_126,31.0,227.94437276666665,358.96937276666677,1210.0,0.4221192088271605,3.4444444444444446
SH00000286,DS002,2026-07-01,9.0,,0.0,0.0,0.0,0.0,0.0,0.0
SH00000287,DS002,2026-07-01,9.0,R_DS002_128,19.0,144.03913955,221.21413954999997,710.0,0.2667391473148148,2.111111111111111
SH00000288,DS002,2026-07-01,0.0,,0.0,0.0,0.0,0.0,0.0,0.0
SH00000289,DS002,2026-07-01,0.0,,0.0,0.0,0.0,0.0,0.0,0.0
SH00000290,DS002,2026-07-01,9.0,R_DS002_132,36.0,231.34355883333328,354.59355883333336,1415.0,0.42841399783950607,4.0
SH00000291,DS002,2026-07-01,9.0,,0.0,0.0,0.0,0.0,0.0,0.0
SH00000292,DS002,2026-07-01,9.0,R_DS002_134,19.0,138.9394291,214.4894291,715.0,0.2572952390740741,2.111111111111111
SH00000293,DS002,2026-07-01,9.0,R_DS002_135,28.0,230.63118954999993,359.20618955000003,1100.0,0.42709479546296286,3.111111111111111
SH00000294,DS002,2026-07-01,9.0,R_DS002_137,21.0,146.84793341666665,226.19793341666667,790.0,0.2719406174382716,2.3333333333333335
SH00000295,DS002,2026-07-01,0.0,,0.0,0.0,0.0,0.0,0.0,0.0
SH00000296,DS002,2026-07-01,9.0,,0.0,0.0,0.0,0.0,0.0,0.0
SH00000297,DS002,2026-07-01,9.0,R_DS002_140,20.0,131.53490403333333,197.98490403333335,760.0,0.24358315561728394,2.2222222222222223
SH00000298,DS002,2026-07-01,9.0,R_DS002_141,30.0,230.4861045333333,356.38610453333337,1175.0,0.4268261195061728,3.3333333333333335
SH00000299,DS002,2026-07-01,0.0,,0.0,0.0,0.0,0.0,0.0,0.0
SH00000300,DS002,2026-07-01,9.0,R_DS002_144,32.0,225.98451128333335,346.6095112833333,1255.0,0.4184898357098766,3.5555555555555554
SH00000301,DS002,2026-07-01,9.0,,0.0,0.0,0.0,0.0,0.0,0.0
SH00000302,DS002,2026-07-01,9.0,R_DS002_146,19.0,136.28030923333333,213.48030923333332,715.0,0.2523709430246913,2.111111111111111
SH00000303,DS002,2026-07-01,9.0,,0.0,0.0,0.0,0.0,0.0,0.0
SH00000304,DS002,2026-07-01,8.516666666666667,R_DS002_149,17.0,123.01394928333332,193.91394928333338,645.0,0.2407317989889106,1.9960861056751467
SH00000305,DS002,2026-07-01,9.0,,0.0,0.0,0.0,0.0,0.0,0.0
SH00000306,DS002,2026-07-01,9.0,R_DS002_152,16.0,118.03606729999998,184.3110673,605.0,0.21858530981481478,1.7777777777777777
SH00000307,DS002,2026-07-01,9.0,R_DS002_153,31.0,226.76732793333332,356.34232793333325,1215.0,0.4199394961728395,3.4444444444444446
SH00000308,DS002,2026-07-01,0.0,,0.0,0.0,0.0,0.0,0.0,0.0
SH00000336,DS003,2026-07-01,9.0,R_DS003_001,36.0,223.02143123333323,349.8964312166667,1260.0,0.41300265043209855,4.0
SH00000337,DS003,2026-07-01,9.0,R_DS003_002,37.0,269.4499922,416.7249922,1345.0,0.49898146703703705,4.111111111111111
SH00000338,DS003,2026-07-01,9.0,R_DS003_005,42.0,268.9396018666667,403.88960186666674,1520.0,0.49803629975308644,4.666666666666667
SH00000339,DS003,2026-07-01,9.0,R_DS003_006,40.0,296.92570931666677,460.3149950166668,1510.0,0.5498624246604941,4.444444444444445
SH00000340,DS003,2026-07-01,9.0,R_DS003_007,26.0,182.43183244999994,286.38183244999993,910.0,0.33783672675925913,2.888888888888889
SH00000341,DS003,2026-07-01,9.0,R_DS003_008,37.0,255.67519659999994,396.77519660000013,1335.0,0.4734725862962962,4.111111111111111
SH00000342,DS003,2026-07-01,9.0,R_DS003_009,44.0,293.7853142000001,452.9853141999999,1660.0,0.5440468781481483,4.888888888888889
SH00000343,DS003,2026-07-01,9.0,R_DS003_012,43.0,304.58035055,464.98749339999995,1630.0,0.5640376862037036,4.777777777777778
SH00000344,DS003,2026-07-01,9.0,R_DS003_013,23.0,160.70600946666667,251.93100946666664,805.0,0.2976037212345679,2.5555555555555554
SH00000345,DS003,2026-07-01,9.0,R_DS003_014,42.0,259.35097318333334,396.70097318333336,1520.0,0.4802795799691358,4.666666666666667
SH00000346,DS003,2026-07-01,0.0,,0.0,0.0,0.0,0.0,0.0,0.0
SH00000347,DS003,2026-07-01,9.0,R_DS003_016,24.0,170.6681342,259.21813419999995,840.0,0.31605210037037035,2.6666666666666665
SH00000348,DS003,2026-07-01,0.0,,0.0,0.0,0.0,0.0,0.0,0.0
SH00000349,DS003,2026-07-01,0.0,,0.0,0.0,0.0,0.0,0.0,0.0
SH00000350,DS003,2026-07-01,8.766666666666667,R_DS003_020,38.0,251.35208801666664,387.6520880166666,1375.0,0.47785568064005063,4.334600760456273
SH00000351,DS003,2026-07-01,9.0,R_DS003_021,39.0,278.15658315,424.47801171666674,1490.0,0.5151047836111111,4.333333333333333
SH00000352,DS003,2026-07-01,9.0,R_DS003_022,20.0,155.05707698333336,240.55707698333336,700.0,0.28714273515432104,2.2222222222222223
SH00000353,DS003,2026-07-01,9.0,R_DS003_023,36.0,255.3554355666667,394.2054355666668,1310.0,0.47288043623456794,4.0
SH00000354,DS003,2026-07-01,9.0,R_DS003_025,18.0,122.79394711666666,192.21894711666667,630.0,0.22739619836419753,2.0
SH00000355,DS003,2026-07-01,9.0,R_DS003_026,35.0,241.58359768333335,369.4585976833333,1265.0,0.4473770327469136,3.888888888888889
SH00000356,DS003,2026-07-01,0.0,,0.0,0.0,0.0,0.0,0.0,0.0
SH00000357,DS003,2026-07-01,9.0,R_DS003_028,13.0,92.62989906666667,144.3548990666667,455.0,0.1715368501234568,1.4444444444444444
SH00000358,DS003,2026-07-01,9.0,R_DS003_029,34.0,253.25637823333332,395.08137823333317,1230.0,0.46899329302469134,3.7777777777777777
SH00000359,DS003,2026-07-01,9.0,R_DS003_032,34.0,254.17851385000003,390.4535138499999,1230.0,0.47070095157407416,3.7777777777777777
SH00000360,DS003,2026-07-01,8.483333333333333,R_DS003_034,10.0,73.52348571666667,112.59848571666667,350.0,0.14444692675180093,1.1787819253438114
SH00000361,DS003,2026-07-01,9.0,R_DS003_035,35.0,246.14149104999998,389.76649105000007,1270.0,0.45581757601851847,3.888888888888889
SH00000362,DS003,2026-07-01,0.0,,0.0,0.0,0.0,0.0,0.0,0.0
SH00000363,DS003,2026-07-01,9.0,R_DS003_037,10.0,62.1055556,93.6555556,350.0,0.11501028814814815,1.1111111111111112
SH00000364,DS003,2026-07-01,9.0,R_DS003_039,40.0,270.51470083333334,413.4182722666667,1530.0,0.5009531496913581,4.444444444444445
SH00000365,DS003,2026-07-01,9.0,R_DS003_040,9.0,55.585113150000005,89.28511315,315.0,0.10293539472222223,1.0
SH00000366,DS003,2026-07-01,8.366666666666667,R_DS003_041,32.0,213.9249239166667,335.19992391666665,1165.0,0.42614526676626835,3.824701195219123
SH00000367,DS003,2026-07-01,9.0,R_DS003_043,7.0,53.3726025,82.5226025,245.0,0.09883815277777777,0.7777777777777778
SH00000368,DS003,2026-07-01,8.383333333333333,R_DS003_044,29.0,224.60169551666664,352.2516955166666,1055.0,0.44652424555997344,3.459244532803181
SH00000369,DS003,2026-07-01,9.0,R_DS003_046,7.0,48.133661266666664,73.35866126666667,245.0,0.08913640975308641,0.7777777777777778
SH00000370,DS003,2026-07-01,9.0,R_DS003_047,28.0,189.60710986666663,297.5071098666667,1025.0,0.3511242775308641,3.111111111111111
SH00000371,DS003,2026-07-01,0.0,,0.0,0.0,0.0,0.0,0.0,0.0
SH00000372,DS003,2026-07-01,0.0,,0.0,0.0,0.0,0.0,0.0,0.0
SH00000373,DS003,2026-07-01,9.0,R_DS003_050,30.0,204.5613608,316.01136080000003,1090.0,0.3788173348148148,3.3333333333333335
SH00000374,DS003,2026-07-01,9.0,R_DS003_051,38.0,260.39823328333335,405.94109041666667,1460.0,0.4822189505246914,4.222222222222222
SH00000375,DS003,2026-07-01,9.0,R_DS003_053,29.0,198.50397093333333,301.7289709333333,1060.0,0.36759994617283953,3.2222222222222223
SH00000376,DS003,2026-07-01,8.716666666666667,R_DS003_054,40.0,258.61789148333327,393.3428914833333,1545.0,0.49448927625876343,4.588910133843212
SH00000377,DS003,2026-07-01,9.0,R_DS003_055,4.0,25.23954133333333,38.71454133333334,140.0,0.046739891358024685,0.4444444444444444
SH00000378,DS003,2026-07-01,9.0,R_DS003_056,25.0,179.4053519,278.8053519,920.0,0.33223213314814815,2.7777777777777777
SH00000379,DS003,2026-07-01,9.0,R_DS003_057,37.0,264.0118414166667,401.83684141666663,1425.0,0.48891081743827164,4.111111111111111
SH00000380,DS003,2026-07-01,9.0,R_DS003_058,3.0,22.52622385,33.42622385,105.0,0.04171522935185185,0.3333333333333333
SH00000381,DS003,2026-07-01,9.0,R_DS003_060,35.0,256.2495098333333,394.4245098333332,1355.0,0.47453612932098765,3.888888888888889
SH00000382,DS003,2026-07-01,9.0,R_DS003_061,3.0,19.825340233333336,30.42534023333333,105.0,0.03671359302469136,0.3333333333333333
SH00000383,DS003,2026-07-01,0.0,,0.0,0.0,0.0,0.0,0.0,0.0
SH00000384,DS003,2026-07-01,9.0,R_DS003_063,37.0,246.40816005,378.13316004999996,1435.0,0.4563114075,4.111111111111111
SH00000385,DS003,2026-07-01,0.0,,0.0,0.0,0.0,0.0,0.0,0.0
SH00000386,DS003,2026-07-01,9.0,R_DS003_065,22.0,155.22703966666668,242.7020396666667,805.0,0.2874574808641976,2.4444444444444446
SH00000387,DS003,2026-07-01,0.0,,0.0,0.0,0.0,0.0,0.0,0.0
SH00000388,DS003,2026-07-01,8.416666666666666,R_DS003_068,21.0,146.4070449,232.1070449,770.0,0.2899149403960396,2.495049504950495
SH00000389,DS003,2026-07-01,9.0,R_DS003_069,35.0,245.62605206666672,378.4760520666666,1360.0,0.45486305938271615,3.888888888888889
SH00000390,DS003,2026-07-01,8.0,R_DS003_070,3.0,22.16517051666667,32.31517051666666,105.0,0.046177438576388896,0.375
SH00000391,DS003,2026-07-01,9.0,R_DS003_071,21.0,143.28039291666667,222.2303929166667,775.0,0.26533406095679013,2.3333333333333335
SH00000392,DS003,2026-07-01,9.0,R_DS003_072,34.0,247.3760835333333,386.6760835333334,1320.0,0.4581038583950616,3.7777777777777777
SH00000393,DS003,2026-07-01,0.0,,0.0,0.0,0.0,0.0,0.0,0.0
SH00000394,DS003,2026-07-01,9.0,R_DS003_075,35.0,246.6737374166666,380.8237374166667,1360.0,0.45680321743827146,3.888888888888889
SH00000395,DS003,2026-07-01,9.0,R_DS003_076,3.0,24.83852196666667,38.31352196666666,105.0,0.04599726290123457,0.3333333333333333
SH00000396,DS003,2026-07-01,0.0,,0.0,0.0,0.0,0.0,0.0,0.0
SH00000397,DS003,2026-07-01,0.0,,0.0,0.0,0.0,0.0,0.0,0.0
SH00000398,DS003,2026-07-01,9.0,R_DS003_079,2.0,13.606131966666666,19.356131966666666,70.0,0.025196540679012346,0.2222222222222222
SH00000399,DS003,2026-07-01,9.0,R_DS003_081,37.0,238.64309285000007,367.3930928500001,1440.0,0.44193165342592605,4.111111111111111
SH00000400,DS003,2026-07-01,9.0,R_DS003_082,1.0,8.837318100000001,12.862318100000001,35.0,0.01636540388888889,0.1111111111111111
SH00000401,DS003,2026-07-01,0.0,,0.0,0.0,0.0,0.0,0.0,0.0
SH00000402,DS003,2026-07-01,9.0,R_DS003_084,35.0,239.1656397333333,371.4656397333333,1365.0,0.4428993328395061,3.888888888888889
SH00000403,DS003,2026-07-01,9.0,R_DS003_085,1.0,6.994332816666667,10.294332816666667,35.0,0.012952468179012347,0.1111111111111111
SH00000404,DS003,2026-07-01,0.0,,0.0,0.0,0.0,0.0,0.0,0.0
SH00000405,DS003,2026-07-01,9.0,R_DS003_088,1.0,10.967783166666667,17.392783166666668,35.0,0.020310709567901236,0.1111111111111111
SH00000406,DS003,2026-07-01,8.8,R_DS003_089,20.0,132.05873461666667,200.28373461666666,740.0,0.25011123980429295,2.2727272727272725
SH00000407,DS003,2026-07-01,9.0,R_DS003_090,34.0,241.79478349999997,367.91978350000005,1320.0,0.44776811759259255,3.7777777777777777
SH00000408,DS003,2026-07-01,9.0,R_DS003_091,1.0,6.06260205,8.78760205,35.0,0.011227040833333334,0.1111111111111111
SH00000409,DS003,2026-07-01,9.0,R_DS003_092,18.0,130.30056869999999,203.30056869999999,670.0,0.24129734944444442,2.0
SH00000410,DS003,2026-07-01,9.0,R_DS003_093,34.0,244.82874035,371.70374035,1325.0,0.4533865562037037,3.7777777777777777
SH00000411,DS003,2026-07-01,9.0,R_DS003_095,17.0,110.46588055000001,173.11588054999999,630.0,0.204566445462963,1.8888888888888888
SH00000412,DS003,2026-07-01,8.033333333333333,R_DS003_096,33.0,238.24108644999998,366.16608645,1285.0,0.49427611296680496,4.1078838174273855
SH00000413,DS003,2026-07-01,9.0,R_DS003_097,1.0,8.588143433333332,14.613143433333333,35.0,0.015903969320987654,0.1111111111111111
SH00000414,DS003,2026-07-01,9.0,R_DS003_098,14.0,101.52172373333335,157.89672373333335,525.0,0.18800319209876545,1.5555555555555556
SH00000415,DS003,2026-07-01,9.0,R_DS003_099,32.0,244.04647115,376.59647114999984,1235.0,0.45193790953703705,3.5555555555555554
SH00000416,DS003,2026-07-01,8.183333333333334,R_DS003_100,1.0,11.066636783333333,17.116636783333334,35.0,0.02253897511880516,0.12219959266802444
SH00000417,DS003,2026-07-01,9.0,R_DS003_102,34.0,233.53504283333334,363.91004283333336,1325.0,0.43247230154320987,3.7777777777777777
SH00000418,DS003,2026-07-01,9.0,R_DS003_103,1.0,3.73658535,5.836585349999999,35.0,0.0069196025,0.1111111111111111
SH00000419,DS003,2026-07-01,9.0,R_DS003_104,12.0,99.07984943333334,150.6298494333333,455.0,0.183481202654321,1.3333333333333333
SH00000420,DS003,2026-07-01,9.0,R_DS003_105,33.0,244.92411719999993,375.8741172,1285.0,0.45356317999999984,3.6666666666666665
SH00000421,DS003,2026-07-01,0.0,,0.0,0.0,0.0,0.0,0.0,0.0
SH00000422,DS003,2026-07-01,9.0,R_DS003_107,12.0,79.19582511666665,124.77082511666666,455.0,0.14665893540123454,1.3333333333333333
SH00000423,DS003,2026-07-01,0.0,,0.0,0.0,0.0,0.0,0.0,0.0
SH00000424,DS003,2026-07-01,9.0,R_DS003_110,11.0,81.86009385,123.61009384999998,415.0,0.15159276638888888,1.2222222222222223
SH00000425,DS003,2026-07-01,9.0,R_DS003_111,35.0,236.35038138333329,364.0218099499999,1360.0,0.4376858914506172,3.888888888888889
SH00000426,DS003,2026-07-01,9.0,R_DS003_112,1.0,6.5181896833333335,10.668189683333333,35.0,0.01207072163580247,0.1111111111111111
SH00000427,DS003,2026-07-01,0.0,,0.0,0.0,0.0,0.0,0.0,0.0
SH00000428,DS003,2026-07-01,9.0,R_DS003_114,32.0,237.6556509833333,360.2806509833333,1250.0,0.44010305737654315,3.5555555555555554
SH00000429,DS003,2026-07-01,8.55,R_DS003_117,32.0,233.66210860000004,361.9371086,1240.0,0.455481693177388,3.742690058479532
SH00000430,DS003,2026-07-01,9.0,R_DS003_118,1.0,4.377135483333333,5.902135483333334,35.0,0.008105806450617283,0.1111111111111111
SH00000431,DS003,2026-07-01,0.0,,0.0,0.0,0.0,0.0,0.0,0.0
SH00000432,DS003,2026-07-01,9.0,R_DS003_120,35.0,240.17268849999996,366.32268849999997,1365.0,0.4447642379629629,3.888888888888889
SH00000433,DS003,2026-07-01,9.0,R_DS003_121,1.0,7.4836883499999995,11.43368835,35.0,0.013858682129629629,0.1111111111111111
SH00000434,DS003,2026-07-01,9.0,R_DS003_123,31.0,230.83431876666663,351.6593187666666,1210.0,0.42747096067901225,3.4444444444444446
SH00000435,DS003,2026-07-01,9.0,R_DS003_124,1.0,3.3851447333333335,5.010144733333333,35.0,0.0062687865432098765,0.1111111111111111
SH00000436,DS003,2026-07-01,9.0,R_DS003_125,11.0,77.00611026666667,120.58111026666666,420.0,0.14260390790123456,1.2222222222222223
SH00000437,DS003,2026-07-01,8.516666666666667,R_DS003_126,35.0,233.10587554999995,359.35587555,1365.0,0.45617588170254386,4.10958904109589
SH00000438,DS003,2026-07-01,0.0,,0.0,0.0,0.0,0.0,0.0,0.0
SH00000439,DS003,2026-07-01,9.0,R_DS003_128,8.0,59.05268518333333,89.50268518333333,310.0,0.10935682441358024,0.8888888888888888
SH00000440,DS003,2026-07-01,9.0,R_DS003_130,1.0,5.607118900000001,8.7821189,35.0,0.01038355351851852,0.1111111111111111
SH00000441,DS003,2026-07-01,9.0,R_DS003_131,9.0,70.70695665000001,106.48195665,350.0,0.13093880861111112,1.0
SH00000442,DS003,2026-07-01,9.0,R_DS003_132,32.0,230.8520198666667,349.00201986666667,1250.0,0.4275037404938272,3.5555555555555554
SH00000443,DS003,2026-07-01,9.0,R_DS003_133,1.0,4.00857195,7.10857195,35.0,0.007423281388888889,0.1111111111111111
SH00000444,DS003,2026-07-01,9.0,R_DS003_134,7.0,45.77885794999999,68.65385794999999,280.0,0.08477566287037035,0.7777777777777778
SH00000445,DS003,2026-07-01,9.0,R_DS003_135,32.0,223.93844554999998,346.18844555,1250.0,0.41470082509259254,3.5555555555555554
SH00000446,DS003,2026-07-01,9.0,R_DS003_137,6.0,43.9411183,66.6911183,240.0,0.0813724412962963,0.6666666666666666
SH00000447,DS003,2026-07-01,9.0,R_DS003_138,31.0,217.38704058333332,332.0870405833333,1210.0,0.4025685936728395,3.4444444444444446
SH00000448,DS003,2026-07-01,9.0,R_DS003_139,1.0,5.348590416666667,8.498590416666667,35.0,0.009904797067901235,0.1111111111111111
SH00000449,DS003,2026-07-01,9.0,R_DS003_140,5.0,30.96272038333333,45.88772038333333,200.0,0.057338371080246905,0.5555555555555556
SH00000450,DS003,2026-07-01,9.0,R_DS003_141,28.0,206.69055356666664,318.6905535666667,1095.0,0.382760284382716,3.111111111111111
SH00000451,DS003,2026-07-01,9.0,,0.0,0.0,0.0,0.0,0.0,0.0
SH00000452,DS003,2026-07-01,9.0,R_DS003_144,30.0,204.5688366166667,313.0688366166666,1175.0,0.3788311789197531,3.3333333333333335
SH00000453,DS003,2026-07-01,9.0,,0.0,0.0,0.0,0.0,0.0,0.0
SH00000484,DS004,2026-07-01,9.0,R_DS004_001,29.0,230.13737981666665,358.0623798166667,1015.0,0.4261803329938271,3.2222222222222223
SH00000485,DS004,2026-07-01,9.0,R_DS004_002,38.0,294.5166837333333,457.7416837333334,1375.0,0.5454012661728395,4.222222222222222
SH00000486,DS004,2026-07-01,0.0,,0.0,0.0,0.0,0.0,0.0,0.0
SH00000487,DS004,2026-07-01,0.0,,0.0,0.0,0.0,0.0,0.0,0.0
SH00000488,DS004,2026-07-01,9.0,R_DS004_006,40.0,303.70423316666665,479.3078045833334,1535.0,0.5624152466049382,4.444444444444445
SH00000489,DS004,2026-07-01,9.0,R_DS004_007,30.0,220.8489287333334,347.3489287333333,1050.0,0.4089794976543211,3.3333333333333335
SH00000490,DS004,2026-07-01,9.0,R_DS004_008,40.0,285.75238128333336,444.37738128333336,1455.0,0.5291710764506173,4.444444444444445
SH00000491,DS004,2026-07-01,9.0,R_DS004_009,41.0,305.0223687166668,477.1009401333333,1570.0,0.5648562383641977,4.555555555555555
SH00000492,DS004,2026-07-01,9.0,R_DS004_011,37.0,282.39462335,444.5446233333334,1345.0,0.5229530062037038,4.111111111111111
SH00000493,DS004,2026-07-01,9.0,R_DS004_012,36.0,300.75089569999994,467.6758956999999,1385.0,0.5569461031481481,4.0
SH00000494,DS004,2026-07-01,9.0,R_DS004_013,28.0,208.1605093166667,326.98550931666665,980.0,0.38548242466049387,3.111111111111111
SH00000495,DS004,2026-07-01,9.0,R_DS004_014,37.0,289.5495943666667,454.0245943666665,1345.0,0.5362029525308643,4.111111111111111
SH00000496,DS004,2026-07-01,8.483333333333333,R_DS004_016,24.0,176.02196173333334,269.82196173333335,840.0,0.34581917825802233,2.8290766208251474
SH00000497,DS004,2026-07-01,7.766666666666667,R_DS004_020,34.0,247.08634586666673,394.06134586666667,1245.0,0.5302282100143063,4.377682403433476
SH00000498,DS004,2026-07-01,9.0,R_DS004_021,40.0,292.58914724999994,463.93914724999996,1540.0,0.5418317541666665,4.444444444444445
SH00000499,DS004,2026-07-01,9.0,R_DS004_022,26.0,173.28650705,264.31150704999993,910.0,0.3209009389814815,2.888888888888889
SH00000500,DS004,2026-07-01,9.0,R_DS004_023,39.0,278.1040253666666,436.9040253666668,1420.0,0.5150074543827159,4.333333333333333
SH00000501,DS004,2026-07-01,9.0,R_DS004_025,18.0,133.40575208333334,200.7807520833333,630.0,0.2470476890432099,2.0
SH00000502,DS004,2026-07-01,9.0,R_DS004_027,37.0,293.27573824999996,457.92573824999994,1435.0,0.5431032189814814,4.111111111111111
SH00000503,DS004,2026-07-01,0.0,,0.0,0.0,0.0,0.0,0.0,0.0
SH00000504,DS004,2026-07-01,9.0,R_DS004_032,38.0,290.80723075,444.93223075000003,1380.0,0.5385319087962962,4.222222222222222
SH00000505,DS004,2026-07-01,9.0,R_DS004_033,42.0,294.5277751333333,452.0527751333334,1615.0,0.5454218058024691,4.666666666666667
SH00000506,DS004,2026-07-01,9.0,R_DS004_034,16.0,115.22855226666667,177.65355226666665,560.0,0.21338620790123458,1.7777777777777777
SH00000507,DS004,2026-07-01,9.0,R_DS004_035,37.0,269.88428269999997,419.3092827,1350.0,0.49978570870370365,4.111111111111111
SH00000508,DS004,2026-07-01,9.0,R_DS004_036,38.0,283.3358090333333,439.4108090333334,1465.0,0.524695942654321,4.222222222222222
SH00000509,DS004,2026-07-01,9.0,R_DS004_037,14.0,109.04968854999998,167.64968855,490.0,0.20194386768518516,1.5555555555555556
SH00000510,DS004,2026-07-01,9.0,R_DS004_039,40.0,291.17168499999985,453.67168499999997,1550.0,0.5392068240740738,4.444444444444445
SH00000511,DS004,2026-07-01,9.0,R_DS004_040,13.0,93.59078415,143.74078415,455.0,0.17331626694444446,1.4444444444444444
SH00000512,DS004,2026-07-01,9.0,R_DS004_041,34.0,267.8369513666666,423.2369513666667,1235.0,0.49599435438271594,3.7777777777777777
SH00000513,DS004,2026-07-01,8.366666666666667,R_DS004_042,34.0,278.4787286833333,438.22872868333326,1330.0,0.5547385033532536,4.063745019920319
SH00000514,DS004,2026-07-01,9.0,R_DS004_043,9.0,76.84925316666667,123.42425316666666,315.0,0.14231343179012346,1.0
SH00000515,DS004,2026-07-01,9.0,R_DS004_044,34.0,254.7052246166666,393.10522461666665,1245.0,0.47167634188271595,3.7777777777777777
SH00000516,DS004,2026-07-01,9.0,R_DS004_046,6.0,44.45420231666667,68.60420231666667,210.0,0.08232259688271605,0.6666666666666666
SH00000517,DS004,2026-07-01,9.0,R_DS004_047,34.0,272.5391701666666,425.08917016666663,1245.0,0.5047021669753086,3.7777777777777777
SH00000518,DS004,2026-07-01,9.0,R_DS004_048,35.0,277.55731206666667,434.88231206666666,1355.0,0.5139950223456791,3.888888888888889
SH00000519,DS004,2026-07-01,9.0,R_DS004_049,6.0,44.929159033333335,68.45415903333333,210.0,0.0832021463580247,0.6666666666666666
SH00000520,DS004,2026-07-01,9.0,R_DS004_050,36.0,273.65156585,425.22656585000004,1310.0,0.5067621589814815,4.0
SH00000521,DS004,2026-07-01,9.0,R_DS004_051,35.0,281.1952292666666,435.39522926666666,1355.0,0.5207319060493826,3.888888888888889
SH00000522,DS004,2026-07-01,9.0,R_DS004_053,30.0,242.81901298333332,378.29401298333346,1090.0,0.44966483885802466,3.3333333333333335
SH00000523,DS004,2026-07-01,9.0,R_DS004_054,36.0,270.0410373333334,425.6160373333333,1400.0,0.5000759950617285,4.0
SH00000524,DS004,2026-07-01,9.0,R_DS004_055,5.0,42.861016516666666,67.33601651666667,175.0,0.07937225280864198,0.5555555555555556
SH00000525,DS004,2026-07-01,9.0,R_DS004_056,30.0,236.65484814999996,361.77984815,1095.0,0.4382497187962962,3.3333333333333335
SH00000526,DS004,2026-07-01,8.466666666666667,R_DS004_057,34.0,271.4756414666666,424.19349860000005,1320.0,0.5344008690288713,4.015748031496063
SH00000527,DS004,2026-07-01,9.0,R_DS004_058,5.0,37.985847150000005,59.28584715,175.0,0.0703441613888889,0.5555555555555556
SH00000528,DS004,2026-07-01,9.0,R_DS004_060,33.0,267.90202559999994,418.90202560000006,1290.0,0.4961148622222221,3.6666666666666665
SH00000529,DS004,2026-07-01,9.0,R_DS004_061,5.0,40.659174033333336,63.084174033333326,175.0,0.07529476672839507,0.5555555555555556
SH00000530,DS004,2026-07-01,9.0,R_DS004_062,32.0,229.00639358333333,360.3063935833334,1175.0,0.4240859140432099,3.5555555555555554
SH00000531,DS004,2026-07-01,9.0,R_DS004_063,32.0,262.8807858166667,411.83078581666655,1240.0,0.4868162700308642,3.5555555555555554
SH00000532,DS004,2026-07-01,8.366666666666667,R_DS004_064,3.0,24.878911916666667,38.97891191666667,105.0,0.04955958549136786,0.3585657370517928
SH00000533,DS004,2026-07-01,8.183333333333334,R_DS004_065,27.0,223.5688302333333,353.4938302333333,995.0,0.4553336664630006,3.29938900203666
SH00000534,DS004,2026-07-01,9.0,R_DS004_067,5.0,34.1717321,50.871732099999996,175.0,0.06328098537037037,0.5555555555555556
SH00000535,DS004,2026-07-01,9.0,R_DS004_068,27.0,219.1471828833333,345.52218288333336,995.0,0.4058281164506172,3.0
SH00000536,DS004,2026-07-01,9.0,R_DS004_071,28.0,215.8762555,329.72625550000004,1030.0,0.39977084351851855,3.111111111111111
SH00000537,DS004,2026-07-01,9.0,R_DS004_072,32.0,262.84514505,408.07014505000006,1250.0,0.4867502686111111,3.5555555555555554
SH00000538,DS004,2026-07-01,9.0,R_DS004_074,27.0,213.05957691666663,331.8345769166667,995.0,0.3945547720679012,3.0
SH00000539,DS004,2026-07-01,9.0,R_DS004_075,34.0,259.5801193166667,404.6051193166667,1320.0,0.4807039246604939,3.7777777777777777
SH00000540,DS004,2026-07-01,9.0,R_DS004_076,4.0,31.097569216666667,51.14756921666667,140.0,0.05758809114197531,0.4444444444444444
SH00000541,DS004,2026-07-01,9.0,R_DS004_077,26.0,211.24580191666664,330.42080191666656,950.0,0.39119592947530857,2.888888888888889
SH00000542,DS004,2026-07-01,9.0,R_DS004_079,2.0,12.81745025,20.16745025,70.0,0.02373601898148148,0.2222222222222222
SH00000543,DS004,2026-07-01,9.0,R_DS004_081,34.0,262.8707858333334,409.1207858333333,1335.0,0.48679775154321,3.7777777777777777
SH00000544,DS004,2026-07-01,9.0,R_DS004_082,2.0,10.835646883333332,16.785646883333335,70.0,0.020066012746913577,0.2222222222222222
SH00000545,DS004,2026-07-01,9.0,R_DS004_083,25.0,190.34953070000003,305.9495307,925.0,0.352499130925926,2.7777777777777777
SH00000546,DS004,2026-07-01,9.0,R_DS004_084,33.0,261.1133886166667,407.8383886166666,1290.0,0.48354331225308655,3.6666666666666665
SH00000547,DS004,2026-07-01,9.0,R_DS004_085,1.0,5.3560346,8.7810346,35.0,0.009918582592592593,0.1111111111111111
SH00000548,DS004,2026-07-01,9.0,R_DS004_086,26.0,194.7873139166667,301.01231391666664,960.0,0.3607172479938272,2.888888888888889
SH00000549,DS004,2026-07-01,9.0,,0.0,0.0,0.0,0.0,0.0,0.0
SH00000550,DS004,2026-07-01,9.0,R_DS004_089,23.0,185.74477373333335,293.6197737333333,855.0,0.3439718032098766,2.5555555555555554
SH00000551,DS004,2026-07-01,9.0,R_DS004_090,38.0,268.9292282833333,410.63637115,1475.0,0.4980170894135802,4.222222222222222
SH00000552,DS004,2026-07-01,9.0,,0.0,0.0,0.0,0.0,0.0,0.0
SH00000553,DS004,2026-07-01,9.0,R_DS004_092,24.0,186.98758306666667,292.2875830666667,890.0,0.34627330197530864,2.6666666666666665
SH00000554,DS004,2026-07-01,9.0,R_DS004_095,23.0,178.75027633333332,288.9752763333333,860.0,0.33101903024691354,2.5555555555555554
SH00000555,DS004,2026-07-01,9.0,R_DS004_096,32.0,254.79796410000003,398.72296410000007,1255.0,0.4718480816666667,3.5555555555555554
SH00000556,DS004,2026-07-01,9.0,,0.0,0.0,0.0,0.0,0.0,0.0
SH00000557,DS004,2026-07-01,8.75,R_DS004_098,24.0,184.43220846666665,290.33220846666666,890.0,0.3512994446984127,2.742857142857143
SH00000558,DS004,2026-07-01,9.0,R_DS004_099,34.0,261.00888341666666,405.7838834166666,1335.0,0.4833497841049383,3.7777777777777777
SH00000559,DS004,2026-07-01,0.0,,0.0,0.0,0.0,0.0,0.0,0.0
SH00000560,DS004,2026-07-01,0.0,,0.0,0.0,0.0,0.0,0.0,0.0
SH00000561,DS004,2026-07-01,9.0,,0.0,0.0,0.0,0.0,0.0,0.0
SH00000562,DS004,2026-07-01,9.0,R_DS004_104,22.0,169.16404419999998,267.5140442,815.0,0.3132667485185185,2.4444444444444446
SH00000563,DS004,2026-07-01,9.0,R_DS004_105,33.0,258.0760032,401.45100319999995,1285.0,0.47791852444444444,3.6666666666666665
SH00000564,DS004,2026-07-01,9.0,R_DS004_107,22.0,170.51396933333336,268.58896933333335,820.0,0.31576660987654326,2.4444444444444446
SH00000565,DS004,2026-07-01,9.0,,0.0,0.0,0.0,0.0,0.0,0.0
SH00000566,DS004,2026-07-01,0.0,,0.0,0.0,0.0,0.0,0.0,0.0
SH00000567,DS004,2026-07-01,9.0,R_DS004_111,32.0,256.44395384999996,401.81895385000007,1255.0,0.4748962108333333,3.5555555555555554
SH00000568,DS004,2026-07-01,0.0,,0.0,0.0,0.0,0.0,0.0,0.0
SH00000569,DS004,2026-07-01,0.0,,0.0,0.0,0.0,0.0,0.0,0.0
SH00000570,DS004,2026-07-01,9.0,R_DS004_114,35.0,248.16503425000002,390.3650342499999,1375.0,0.45956487824074077,3.888888888888889
SH00000571,DS004,2026-07-01,9.0,R_DS004_116,22.0,170.14349631666664,265.5684963166667,820.0,0.31508054873456787,2.4444444444444446
SH00000572,DS004,2026-07-01,9.0,,0.0,0.0,0.0,0.0,0.0,0.0
SH00000573,DS004,2026-07-01,9.0,R_DS004_119,21.0,159.21591176666666,245.16591176666665,790.0,0.2948442810493827,2.3333333333333335
SH00000574,DS004,2026-07-01,9.0,R_DS004_120,32.0,258.77006688333324,401.0450668833334,1250.0,0.47920382756172825,3.5555555555555554
SH00000575,DS004,2026-07-01,9.0,,0.0,0.0,0.0,0.0,0.0,0.0
SH00000576,DS004,2026-07-01,9.0,R_DS004_123,37.0,254.43360726666668,401.9586072666666,1455.0,0.4711733467901235,4.111111111111111
SH00000577,DS004,2026-07-01,9.0,,0.0,0.0,0.0,0.0,0.0,0.0
SH00000578,DS004,2026-07-01,9.0,R_DS004_126,31.0,257.6885018833333,400.8135018833333,1210.0,0.47720092941358017,3.4444444444444446
SH00000579,DS004,2026-07-01,9.0,,0.0,0.0,0.0,0.0,0.0,0.0
SH00000580,DS004,2026-07-01,9.0,R_DS004_128,20.0,148.13355650000003,230.23355650000002,745.0,0.274321400925926,2.2222222222222223
SH00000581,DS004,2026-07-01,9.0,R_DS004_131,16.0,128.17241464999998,202.29741465,605.0,0.23735632342592589,1.7777777777777777
SH00000582,DS004,2026-07-01,9.0,R_DS004_132,35.0,255.91764055000007,398.8176405500001,1370.0,0.4739215565740742,3.888888888888889
SH00000583,DS004,2026-07-01,9.0,,0.0,0.0,0.0,0.0,0.0,0.0
SH00000584,DS004,2026-07-01,9.0,R_DS004_134,17.0,137.53529891666665,213.73529891666666,640.0,0.2546949979938271,1.8888888888888888
SH00000585,DS004,2026-07-01,9.0,R_DS004_135,31.0,244.44940973333334,385.44940973333337,1215.0,0.4526840920987654,3.4444444444444446
SH00000586,DS004,2026-07-01,9.0,R_DS004_137,19.0,131.15200535,202.00200535000002,720.0,0.24287408398148147,2.111111111111111
SH00000587,DS004,2026-07-01,9.0,R_DS004_138,33.0,252.85342425,398.07842425000007,1300.0,0.4682470819444444,3.6666666666666665
SH00000588,DS004,2026-07-01,0.0,,0.0,0.0,0.0,0.0,0.0,0.0
SH00000589,DS004,2026-07-01,9.0,R_DS004_140,17.0,128.47109691666668,196.67109691666667,650.0,0.23790943873456794,1.8888888888888888
SH00000590,DS004,2026-07-01,0.0,,0.0,0.0,0.0,0.0,0.0,0.0
SH00000591,DS004,2026-07-01,9.0,,0.0,0.0,0.0,0.0,0.0,0.0
SH00000592,DS004,2026-07-01,9.0,R_DS004_144,36.0,245.5056765500001,385.7556765499999,1405.0,0.45464014175925943,4.0
SH00000593,DS004,2026-07-01,0.0,,0.0,0.0,0.0,0.0,0.0,0.0
SH00000594,DS004,2026-07-01,9.0,R_DS004_146,16.0,125.73094585,200.98094585,605.0,0.2328350849074074,1.7777777777777777
SH00000595,DS004,2026-07-01,9.0,,0.0,0.0,0.0,0.0,0.0,0.0
SH00000596,DS004,2026-07-01,0.0,,0.0,0.0,0.0,0.0,0.0,0.0
SH00000597,DS004,2026-07-01,8.383333333333333,,0.0,0.0,0.0,0.0,0.0,0.0
SH00000598,DS004,2026-07-01,9.0,R_DS004_152,14.0,119.76458779999997,189.96458780000003,535.0,0.22178627370370366,1.5555555555555556
SH00000599,DS004,2026-07-01,9.0,R_DS004_153,33.0,252.1134458,398.13844579999994,1290.0,0.46687675148148144,3.6666666666666665
SH00000600,DS004,2026-07-01,0.0,,0.0,0.0,0.0,0.0,0.0,0.0
SH00000601,DS004,2026-07-01,9.0,R_DS004_155,15.0,113.97883610000002,177.1538361,575.0,0.21107191870370376,1.6666666666666667
SH00000602,DS004,2026-07-01,9.0,R_DS004_156,36.0,255.72641624999994,396.57641624999985,1415.0,0.4735674374999999,4.0
SH00000603,DS004,2026-07-01,9.0,R_DS004_158,14.0,118.77802220000001,181.37802220000003,535.0,0.2199593003703704,1.5555555555555556
SH00000604,DS004,2026-07-01,9.0,R_DS004_159,32.0,251.51109123333336,387.41109123333337,1265.0,0.46576128006172846,3.5555555555555554
SH00000605,DS004,2026-07-01,9.0,,0.0,0.0,0.0,0.0,0.0,0.0
SH00000632,DS005,2026-07-01,9.0,R_DS005_002,40.0,255.54392611666665,389.89392611666665,1450.0,0.47322949280864196,4.444444444444445
SH00000633,DS005,2026-07-01,9.0,R_DS005_004,32.0,217.09550594999996,327.07050595000004,1120.0,0.4020287147222221,3.5555555555555554
SH00000634,DS005,2026-07-01,0.0,,0.0,0.0,0.0,0.0,0.0,0.0
SH00000635,DS005,2026-07-01,0.0,,0.0,0.0,0.0,0.0,0.0,0.0
SH00000636,DS005,2026-07-01,9.0,R_DS005_007,29.0,197.95721773333332,307.85721773333336,1015.0,0.3665874402469136,3.2222222222222223
SH00000637,DS005,2026-07-01,9.0,R_DS005_009,46.0,275.51863676666676,420.9114939166668,1705.0,0.5102196977160496,5.111111111111111
SH00000638,DS005,2026-07-01,9.0,R_DS005_012,43.0,267.42707226666664,406.4449293999999,1600.0,0.49523531901234563,4.777777777777778
SH00000639,DS005,2026-07-01,9.0,R_DS005_013,31.0,188.41471178333336,293.6647117833334,1085.0,0.34891613293209883,3.4444444444444446
SH00000640,DS005,2026-07-01,9.0,R_DS005_014,42.0,246.32487388333342,375.6998738833334,1520.0,0.45615717385802484,4.666666666666667
SH00000641,DS005,2026-07-01,8.266666666666667,R_DS005_015,42.0,264.20967101666673,397.3989567333333,1555.0,0.5326807883400538,5.080645161290322
SH00000642,DS005,2026-07-01,9.0,R_DS005_016,22.0,146.88884095000003,227.46384095,770.0,0.2720163721296297,2.4444444444444446
SH00000643,DS005,2026-07-01,8.4,R_DS005_018,40.0,252.37466203333335,392.04966203333345,1515.0,0.5007433770502646,4.761904761904762
SH00000644,DS005,2026-07-01,9.0,R_DS005_019,23.0,140.72109729999997,214.4710973,805.0,0.26059462462962957,2.5555555555555554
SH00000645,DS005,2026-07-01,9.0,R_DS005_020,37.0,252.5316958,389.70669580000003,1335.0,0.4676512885185185,4.111111111111111
SH00000646,DS005,2026-07-01,9.0,R_DS005_021,39.0,256.0020663166667,387.36278059999995,1460.0,0.4740779005864198,4.333333333333333
SH00000647,DS005,2026-07-01,9.0,R_DS005_022,18.0,116.30555203333333,178.28055203333335,630.0,0.21538065191358025,2.0
SH00000648,DS005,2026-07-01,8.4,R_DS005_026,37.0,220.53150183333332,330.83150183333345,1340.0,0.4375625036375661,4.404761904761904
SH00000649,DS005,2026-07-01,9.0,R_DS005_027,42.0,258.6260794833333,388.4796509166666,1575.0,0.478937184228395,4.666666666666667
SH00000650,DS005,2026-07-01,0.0,,0.0,0.0,0.0,0.0,0.0,0.0
SH00000651,DS005,2026-07-01,9.0,R_DS005_030,38.0,239.40107125,358.0903569666667,1440.0,0.44333531712962965,4.222222222222222
SH00000652,DS005,2026-07-01,9.0,R_DS005_032,34.0,217.86853471666672,332.66853471666656,1235.0,0.40346024947530873,3.7777777777777777
SH00000653,DS005,2026-07-01,9.0,R_DS005_033,38.0,224.62875834999997,349.8216154833333,1440.0,0.4159791821296296,4.222222222222222
SH00000654,DS005,2026-07-01,9.0,R_DS005_034,12.0,76.14379951666666,113.11879951666667,420.0,0.1410070361419753,1.3333333333333333
SH00000655,DS005,2026-07-01,9.0,R_DS005_035,35.0,213.61852879999998,324.39352879999996,1265.0,0.3955898681481481,3.888888888888889
SH00000656,DS005,2026-07-01,9.0,R_DS005_036,36.0,219.34538128333332,331.6525241333334,1370.0,0.40619515052469135,4.0
SH00000657,DS005,2026-07-01,9.0,R_DS005_037,11.0,64.46683985,100.51683984999998,385.0,0.11938303675925926,1.2222222222222223
SH00000658,DS005,2026-07-01,9.0,R_DS005_039,33.0,223.7728673833333,342.47286738333344,1260.0,0.41439419885802464,3.6666666666666665
SH00000659,DS005,2026-07-01,8.333333333333334,R_DS005_040,9.0,51.023546883333324,78.19854688333332,315.0,0.10204709376666664,1.0799999999999998
SH00000660,DS005,2026-07-01,9.0,R_DS005_041,35.0,217.3835993,331.25859930000007,1270.0,0.4025622209259259,3.888888888888889
SH00000661,DS005,2026-07-01,9.0,R_DS005_042,35.0,209.8505029333334,319.92550293333323,1350.0,0.3886120424691359,3.888888888888889
SH00000662,DS005,2026-07-01,8.533333333333333,R_DS005_043,8.0,50.78612035,75.21112035,280.0,0.09919164130859374,0.9375
SH00000663,DS005,2026-07-01,9.0,R_DS005_044,31.0,204.64450666666667,306.0445066666667,1130.0,0.3789713086419753,3.4444444444444446
SH00000664,DS005,2026-07-01,9.0,R_DS005_046,7.0,43.65488573333333,66.95488573333333,245.0,0.08084238098765431,0.7777777777777778
SH00000665,DS005,2026-07-01,9.0,R_DS005_047,30.0,182.7104821,282.08548210000004,1095.0,0.33835274462962966,3.3333333333333335
SH00000666,DS005,2026-07-01,9.0,R_DS005_048,31.0,196.60872068333333,297.9587206833334,1195.0,0.3640902234876543,3.4444444444444446
SH00000667,DS005,2026-07-01,9.0,R_DS005_049,6.0,43.76758903333333,66.89258903333334,210.0,0.08105109080246913,0.6666666666666666
SH00000668,DS005,2026-07-01,9.0,R_DS005_050,27.0,174.67228598333332,267.2722859833333,990.0,0.3234671962654321,3.0
SH00000669,DS005,2026-07-01,9.0,R_DS005_053,28.0,175.65103380000002,269.0010338,1035.0,0.32527969222222225,3.111111111111111
SH00000670,DS005,2026-07-01,9.0,R_DS005_054,33.0,206.24703631666668,312.44703631666675,1270.0,0.3819389561419753,3.6666666666666665
SH00000671,DS005,2026-07-01,9.0,R_DS005_055,5.0,28.133943900000002,41.35894389999999,175.0,0.05209989611111111,0.5555555555555556
SH00000672,DS005,2026-07-01,0.0,,0.0,0.0,0.0,0.0,0.0,0.0
SH00000673,DS005,2026-07-01,9.0,R_DS005_057,30.0,191.12937053333334,290.00437053333326,1160.0,0.35394327876543213,3.3333333333333335
SH00000674,DS005,2026-07-01,8.783333333333333,R_DS005_058,2.0,15.302695449999998,23.802695449999998,70.0,0.02903737277039848,0.22770398481973436
SH00000675,DS005,2026-07-01,8.316666666666666,R_DS005_060,30.0,190.93459829999998,296.3345982999999,1160.0,0.38263446553106206,3.6072144288577155
SH00000676,DS005,2026-07-01,9.0,R_DS005_061,2.0,14.291963066666668,20.466963066666665,70.0,0.02646659827160494,0.2222222222222222
SH00000677,DS005,2026-07-01,8.383333333333333,R_DS005_062,26.0,166.07062933333333,250.59562933333336,955.0,0.33016029688535453,3.1013916500994037
SH00000678,DS005,2026-07-01,9.0,R_DS005_063,28.0,194.4484850166667,289.8484850166667,1080.0,0.3600897870679013,3.111111111111111
SH00000679,DS005,2026-07-01,9.0,R_DS005_064,2.0,9.287381466666666,14.287381466666666,70.0,0.017198854567901233,0.2222222222222222
SH00000680,DS005,2026-07-01,9.0,R_DS005_065,25.0,144.25045691666662,220.2004569166666,925.0,0.26713047577160487,2.7777777777777777
SH00000681,DS005,2026-07-01,9.0,R_DS005_067,2.0,9.761935966666666,14.261935966666666,70.0,0.018077659197530863,0.2222222222222222
SH00000682,DS005,2026-07-01,9.0,R_DS005_068,24.0,159.43249041666667,239.20749041666664,885.0,0.2952453526234568,2.6666666666666665
SH00000683,DS005,2026-07-01,9.0,R_DS005_069,29.0,187.84306321666665,280.81806321666676,1120.0,0.3478575244753086,3.2222222222222223
SH00000684,DS005,2026-07-01,9.0,R_DS005_070,1.0,7.735025233333333,11.960025233333333,35.0,0.014324120802469135,0.1111111111111111
SH00000685,DS005,2026-07-01,9.0,R_DS005_071,23.0,143.62142373333333,216.37142373333333,855.0,0.2659655995061728,2.5555555555555554
SH00000686,DS005,2026-07-01,9.0,R_DS005_072,29.0,172.66412013333337,256.81412013333335,1135.0,0.319748370617284,3.2222222222222223
SH00000687,DS005,2026-07-01,9.0,R_DS005_074,20.0,127.68048844999998,199.13048844999997,745.0,0.23644534898148145,2.2222222222222223
SH00000688,DS005,2026-07-01,8.516666666666667,R_DS005_075,29.0,177.19973306666668,266.3247330666666,1130.0,0.3467705148075669,3.405088062622309
SH00000689,DS005,2026-07-01,9.0,R_DS005_076,1.0,7.904788333333333,12.829788333333333,35.0,0.014638496913580247,0.1111111111111111
SH00000690,DS005,2026-07-01,9.0,R_DS005_077,19.0,126.45806013333332,193.48306013333334,710.0,0.23418159283950615,2.111111111111111
SH00000691,DS005,2026-07-01,9.0,R_DS005_078,29.0,164.92669063333335,251.2766906333334,1135.0,0.30541979746913583,3.2222222222222223
SH00000692,DS005,2026-07-01,9.0,R_DS005_079,1.0,5.122469466666667,8.322469466666666,35.0,0.009486054567901235,0.1111111111111111
SH00000693,DS005,2026-07-01,9.0,R_DS005_081,28.0,173.98550503333334,256.88550503333335,1105.0,0.32219537969135803,3.111111111111111
SH00000694,DS005,2026-07-01,9.0,R_DS005_082,1.0,4.9669893,7.5169893000000005,35.0,0.009198128333333333,0.1111111111111111
SH00000695,DS005,2026-07-01,9.0,R_DS005_083,16.0,101.45008441666667,153.42508441666666,605.0,0.18787052669753088,1.7777777777777777
SH00000696,DS005,2026-07-01,9.0,R_DS005_084,25.0,155.08759625,232.56259625,990.0,0.2871992523148148,2.7777777777777777
SH00000697,DS005,2026-07-01,0.0,,0.0,0.0,0.0,0.0,0.0,0.0
SH00000698,DS005,2026-07-01,0.0,,0.0,0.0,0.0,0.0,0.0,0.0
SH00000699,DS005,2026-07-01,9.0,R_DS005_088,1.0,7.76789665,11.39289665,35.0,0.014384993796296297,0.1111111111111111
SH00000700,DS005,2026-07-01,9.0,R_DS005_089,15.0,98.78821500000002,151.588215,570.0,0.18294113888888894,1.6666666666666667
SH00000701,DS005,2026-07-01,9.0,R_DS005_090,24.0,166.69119413333337,257.0911941333333,940.0,0.3086873965432099,2.6666666666666665
SH00000702,DS005,2026-07-01,9.0,R_DS005_092,11.0,82.671758,126.89675799999999,420.0,0.15309584814814814,1.2222222222222223
SH00000703,DS005,2026-07-01,0.0,,0.0,0.0,0.0,0.0,0.0,0.0
SH00000704,DS005,2026-07-01,9.0,R_DS005_095,12.0,78.96696655000001,126.96696654999998,460.0,0.14623512324074076,1.3333333333333333
SH00000705,DS005,2026-07-01,9.0,R_DS005_096,25.0,156.18976983333334,236.9647698333333,990.0,0.2892403145061729,2.7777777777777777
SH00000706,DS005,2026-07-01,9.0,R_DS005_098,12.0,79.61845995000002,120.89345995,460.0,0.14744159250000002,1.3333333333333333
SH00000707,DS005,2026-07-01,9.0,R_DS005_099,23.0,152.39553006666668,235.27053006666665,910.0,0.2822139445679013,2.5555555555555554
SH00000708,DS005,2026-07-01,9.0,R_DS005_100,1.0,6.275048533333333,9.200048533333334,35.0,0.011620460246913579,0.1111111111111111
SH00000709,DS005,2026-07-01,0.0,,0.0,0.0,0.0,0.0,0.0,0.0
SH00000710,DS005,2026-07-01,9.0,R_DS005_103,1.0,7.7716022,13.2466022,35.0,0.014391855925925926,0.1111111111111111
SH00000711,DS005,2026-07-01,9.0,R_DS005_104,13.0,74.8535532,116.8785532,500.0,0.1386176911111111,1.4444444444444444
SH00000712,DS005,2026-07-01,9.0,R_DS005_105,22.0,156.24472029999998,236.09472029999998,870.0,0.2893420746296296,2.4444444444444446
SH00000713,DS005,2026-07-01,9.0,R_DS005_106,1.0,5.058929050000001,7.90892905,35.0,0.00936838712962963,0.1111111111111111
SH00000714,DS005,2026-07-01,9.0,R_DS005_107,12.0,67.69669283333333,100.27169283333332,460.0,0.1253642459876543,1.3333333333333333
SH00000715,DS005,2026-07-01,9.0,,0.0,0.0,0.0,0.0,0.0,0.0
SH00000716,DS005,2026-07-01,8.416666666666666,R_DS005_110,11.0,70.00843725,103.88343724999997,425.0,0.1386305688118812,1.306930693069307
SH00000717,DS005,2026-07-01,0.0,,0.0,0.0,0.0,0.0,0.0,0.0
SH00000718,DS005,2026-07-01,9.0,,0.0,0.0,0.0,0.0,0.0,0.0
SH00000719,DS005,2026-07-01,9.0,R_DS005_113,8.0,51.96510206666667,77.11510206666667,315.0,0.09623167049382716,0.8888888888888888
SH00000720,DS005,2026-07-01,9.0,R_DS005_114,24.0,151.05344170000004,225.42844169999998,950.0,0.2797285957407408,2.6666666666666665
SH00000721,DS005,2026-07-01,9.0,R_DS005_116,6.0,36.216273216666664,57.39127321666667,240.0,0.06706717262345678,0.6666666666666666
SH00000722,DS005,2026-07-01,9.0,R_DS005_117,25.0,151.46064984999998,226.7106498333333,990.0,0.28048268490740735,2.7777777777777777
SH00000723,DS005,2026-07-01,0.0,,0.0,0.0,0.0,0.0,0.0,0.0
SH00000724,DS005,2026-07-01,8.7,R_DS005_119,4.0,32.474506,51.099506000000005,160.0,0.06221169731800766,0.4597701149425288
SH00000725,DS005,2026-07-01,9.0,R_DS005_120,22.0,151.1473684,227.92236839999998,870.0,0.27990253407407406,2.4444444444444446
SH00000726,DS005,2026-07-01,9.0,,0.0,0.0,0.0,0.0,0.0,0.0
SH00000727,DS005,2026-07-01,9.0,R_DS005_123,26.0,151.58968773333334,223.93968773333333,1025.0,0.2807216439506173,2.888888888888889
SH00000728,DS005,2026-07-01,9.0,,0.0,0.0,0.0,0.0,0.0,0.0
SH00000729,DS005,2026-07-01,8.616666666666667,R_DS005_125,4.0,30.287056166666666,46.187056166666665,160.0,0.0585823136686009,0.46421663442940037
SH00000730,DS005,2026-07-01,9.0,R_DS005_126,24.0,147.04045200000002,221.19045199999996,950.0,0.2722971333333334,2.6666666666666665
SH00000731,DS005,2026-07-01,9.0,,0.0,0.0,0.0,0.0,0.0,0.0
SH00000732,DS005,2026-07-01,0.0,,0.0,0.0,0.0,0.0,0.0,0.0
SH00000733,DS005,2026-07-01,0.0,,0.0,0.0,0.0,0.0,0.0,0.0
SH00000734,DS005,2026-07-01,9.0,,0.0,0.0,0.0,0.0,0.0,0.0
SH00000735,DS005,2026-07-01,9.0,R_DS005_135,25.0,151.99169525000002,228.21669525,990.0,0.28146610231481484,2.7777777777777777
SH00000767,DS001,2026-07-02,0.0,,0.0,0.0,0.0,0.0,0.0,0.0
SH00000768,DS001,2026-07-02,0.0,,0.0,0.0,0.0,0.0,0.0,0.0
SH00000769,DS001,2026-07-02,9.0,R_DS001_005,45.0,268.31675993333334,404.36675988333326,1400.0,0.49688288876543213,5.0
SH00000770,DS001,2026-07-02,9.0,R_DS001_006,50.0,296.8221818333333,439.3221818166668,1685.0,0.5496707070987653,5.555555555555555
SH00000771,DS001,2026-07-02,0.0,,0.0,0.0,0.0,0.0,0.0,0.0
SH00000772,DS001,2026-07-02,9.0,R_DS001_010,35.0,203.45616913333333,309.6133119833334,1050.0,0.3767706835802469,3.888888888888889
SH00000773,DS001,2026-07-02,9.0,R_DS001_012,49.0,287.43160080000007,432.2994579666665,1645.0,0.5322807422222223,5.444444444444445
SH00000774,DS001,2026-07-02,9.0,R_DS001_013,33.0,202.81346749999994,298.49203888333335,990.0,0.37558049537037025,3.6666666666666665
SH00000775,DS001,2026-07-02,9.0,R_DS001_014,45.0,266.8896829666666,398.97539725000007,1405.0,0.4942401536419752,5.0
SH00000776,DS001,2026-07-02,0.0,,0.0,0.0,0.0,0.0,0.0,0.0
SH00000777,DS001,2026-07-02,9.0,R_DS001_016,29.0,182.8455820333333,274.4312963333333,870.0,0.33860292969135797,3.2222222222222223
SH00000778,DS001,2026-07-02,8.516666666666667,R_DS001_019,26.0,173.80080270000002,260.82223128333334,780.0,0.3401189876712329,3.0528375733855184
SH00000779,DS001,2026-07-02,9.0,R_DS001_020,47.0,258.41727653333334,388.53156220000005,1470.0,0.4785505120987654,5.222222222222222
SH00000780,DS001,2026-07-02,9.0,R_DS001_022,23.0,129.5129537,194.0986680166667,690.0,0.23983880314814815,2.5555555555555554
SH00000781,DS001,2026-07-02,9.0,R_DS001_023,46.0,257.27955010000005,390.8224072333333,1430.0,0.47644361129629637,5.111111111111111
SH00000782,DS001,2026-07-02,9.0,R_DS001_024,46.0,282.79843933333336,430.90201079999997,1540.0,0.523700813580247,5.111111111111111
SH00000783,DS001,2026-07-02,9.0,R_DS001_026,44.0,264.4626002333334,396.8054573333334,1375.0,0.4897455559876544,4.888888888888889
SH00000784,DS001,2026-07-02,9.0,R_DS001_027,48.0,280.3283539666667,421.5212110833334,1610.0,0.5191265814197532,5.333333333333333
SH00000785,DS001,2026-07-02,9.0,R_DS001_028,18.0,102.56834756666667,154.44691906666665,540.0,0.18994138438271607,2.0
SH00000786,DS001,2026-07-02,9.0,R_DS001_029,44.0,251.5688154166667,377.89024404999986,1370.0,0.4658681766975309,4.888888888888889
SH00000787,DS001,2026-07-02,9.0,R_DS001_031,18.0,98.31005411666666,147.16719696666667,540.0,0.18205565577160493,2.0
SH00000788,DS001,2026-07-02,9.0,R_DS001_033,49.0,277.7112052000001,419.8790623500001,1655.0,0.5142800096296298,5.444444444444445
SH00000789,DS001,2026-07-02,0.0,,0.0,0.0,0.0,0.0,0.0,0.0
SH00000790,DS001,2026-07-02,9.0,R_DS001_035,41.0,235.29369731666668,351.69369733333326,1295.0,0.4357290691049383,4.555555555555555
SH00000791,DS001,2026-07-02,0.0,,0.0,0.0,0.0,0.0,0.0,0.0
SH00000792,DS001,2026-07-02,9.0,R_DS001_037,18.0,100.79127036666668,148.34127036666666,540.0,0.18665050067901237,2.0
SH00000793,DS001,2026-07-02,9.0,R_DS001_038,39.0,233.72568493333338,352.69711351666666,1225.0,0.4328253424691359,4.333333333333333
SH00000794,DS001,2026-07-02,9.0,R_DS001_040,14.0,77.32183083333334,117.56468798333334,420.0,0.14318857561728396,1.5555555555555556
SH00000795,DS001,2026-07-02,9.0,R_DS001_041,41.0,230.16696353333336,346.0741064,1280.0,0.42623511765432104,4.555555555555555
SH00000796,DS001,2026-07-02,9.0,R_DS001_042,41.0,258.08971660000003,390.6361452,1390.0,0.4779439196296297,4.555555555555555
SH00000797,DS001,2026-07-02,8.633333333333333,R_DS001_043,12.0,75.92215828333333,112.95072970000001,360.0,0.14656787313384814,1.38996138996139
SH00000798,DS001,2026-07-02,9.0,R_DS001_044,38.0,221.41012233333325,330.11726516666664,1195.0,0.41001874506172825,4.222222222222222
SH00000799,DS001,2026-07-02,9.0,R_DS001_045,44.0,261.4943084333333,395.0371656,1490.0,0.48424871932098756,4.888888888888889
SH00000800,DS001,2026-07-02,0.0,,0.0,0.0,0.0,0.0,0.0,0.0
SH00000801,DS001,2026-07-02,9.0,R_DS001_049,10.0,58.19056761666667,85.9619962,300.0,0.10776031040123457,1.1111111111111112
SH00000802,DS001,2026-07-02,9.0,R_DS001_050,38.0,217.3144537833333,324.4787395333333,1200.0,0.40243417367283946,4.222222222222222
SH00000803,DS001,2026-07-02,9.0,R_DS001_051,44.0,252.83553546666658,385.3819640666666,1495.0,0.4682139545679011,4.888888888888889
SH00000804,DS001,2026-07-02,9.0,R_DS001_052,8.0,49.956500516666665,74.68507193333333,240.0,0.09251203799382715,0.8888888888888888
SH00000805,DS001,2026-07-02,9.0,R_DS001_054,44.0,258.8460551333334,384.2246265666666,1495.0,0.47934454654320996,4.888888888888889
SH00000806,DS001,2026-07-02,9.0,R_DS001_055,4.0,25.617858866666666,37.31785886666667,120.0,0.04744047938271605,0.4444444444444444
SH00000807,DS001,2026-07-02,0.0,,0.0,0.0,0.0,0.0,0.0,0.0
SH00000808,DS001,2026-07-02,0.0,,0.0,0.0,0.0,0.0,0.0,0.0
SH00000809,DS001,2026-07-02,0.0,,0.0,0.0,0.0,0.0,0.0,0.0
SH00000810,DS001,2026-07-02,9.0,R_DS001_059,34.0,197.40861124999998,297.2443255,1080.0,0.3655715023148148,3.7777777777777777
SH00000811,DS001,2026-07-02,8.05,R_DS001_061,5.0,24.63716265,34.944305533333335,150.0,0.05100861832298136,0.6211180124223602
SH00000812,DS001,2026-07-02,9.0,R_DS001_062,31.0,201.26686949999998,302.55972668333334,975.0,0.37271642499999996,3.4444444444444446
SH00000813,DS001,2026-07-02,9.0,R_DS001_063,41.0,237.83800528333327,361.29871955000004,1390.0,0.4404407505246912,4.555555555555555
SH00000814,DS001,2026-07-02,9.0,R_DS001_064,4.0,23.115176299999998,34.3651763,120.0,0.04280588203703704,0.4444444444444444
SH00000815,DS001,2026-07-02,9.0,R_DS001_065,34.0,189.2749016666667,288.0820444833333,1075.0,0.3505090771604939,3.7777777777777777
SH00000816,DS001,2026-07-02,0.0,,0.0,0.0,0.0,0.0,0.0,0.0
SH00000817,DS001,2026-07-02,8.45,R_DS001_068,30.0,190.75781556666666,290.85067268333336,950.0,0.3762481569362262,3.550295857988166
SH00000818,DS001,2026-07-02,9.0,R_DS001_069,46.0,241.1493864,361.87795781666676,1550.0,0.4465729377777778,5.111111111111111
SH00000819,DS001,2026-07-02,9.0,R_DS001_070,3.0,16.354843983333332,24.2191297,90.0,0.03028674811728395,0.3333333333333333
SH00000820,DS001,2026-07-02,9.0,R_DS001_071,32.0,180.2071875666667,273.85004474999994,1015.0,0.33371701401234577,3.5555555555555554
SH00000821,DS001,2026-07-02,8.5,R_DS001_072,42.0,237.8210404833333,356.3853262000001,1420.0,0.46631576565359467,4.9411764705882355
SH00000822,DS001,2026-07-02,9.0,R_DS001_073,4.0,20.000518433333333,29.279089850000002,120.0,0.03703799709876543,0.4444444444444444
SH00000823,DS001,2026-07-02,0.0,,0.0,0.0,0.0,0.0,0.0,0.0
SH00000824,DS001,2026-07-02,0.0,,0.0,0.0,0.0,0.0,0.0,0.0
SH00000825,DS001,2026-07-02,9.0,R_DS001_078,39.0,245.10654529999994,368.51368813333335,1310.0,0.4539010098148147,4.333333333333333
SH00000826,DS001,2026-07-02,9.0,R_DS001_079,3.0,22.042459283333336,33.22817356666666,90.0,0.04081936904320988,0.3333333333333333
SH00000827,DS001,2026-07-02,8.283333333333333,R_DS001_080,30.0,179.5467856666667,265.04678564999995,950.0,0.3612611381623072,3.6217303822937628
SH00000828,DS001,2026-07-02,9.0,R_DS001_082,2.0,10.556942716666667,15.099799866666665,60.0,0.019549893919753085,0.2222222222222222
SH00000829,DS001,2026-07-02,9.0,R_DS001_083,30.0,176.06895735,261.78324303333335,955.0,0.3260536247222222,3.3333333333333335
SH00000830,DS001,2026-07-02,0.0,,0.0,0.0,0.0,0.0,0.0,0.0
SH00000831,DS001,2026-07-02,9.0,,0.0,0.0,0.0,0.0,0.0,0.0
SH00000832,DS001,2026-07-02,9.0,R_DS001_086,28.0,166.37920148333336,248.70777288333335,895.0,0.30810963237654326,3.111111111111111
SH00000833,DS001,2026-07-02,8.55,R_DS001_087,43.0,238.77380631666668,352.8595205333334,1460.0,0.4654460162118259,5.029239766081871
SH00000834,DS001,2026-07-02,9.0,R_DS001_089,28.0,162.3168835,245.95259783333333,900.0,0.30058682129629627,3.111111111111111
SH00000835,DS001,2026-07-02,9.0,R_DS001_090,42.0,232.76285130000002,344.72713699999997,1425.0,0.43104231722222225,4.666666666666667
SH00000836,DS001,2026-07-02,9.0,,0.0,0.0,0.0,0.0,0.0,0.0
SH00000837,DS001,2026-07-02,9.0,R_DS001_092,27.0,157.66355409999997,237.69926839999997,860.0,0.2919695446296296,3.0
SH00000838,DS001,2026-07-02,9.0,R_DS001_093,37.0,232.14005968333336,352.7186310999999,1250.0,0.4298889994135803,4.111111111111111
SH00000839,DS001,2026-07-02,9.0,,0.0,0.0,0.0,0.0,0.0,0.0
SH00000840,DS001,2026-07-02,0.0,,0.0,0.0,0.0,0.0,0.0,0.0
SH00000841,DS001,2026-07-02,0.0,,0.0,0.0,0.0,0.0,0.0,0.0
SH00000842,DS001,2026-07-02,9.0,R_DS001_098,23.0,147.1362077833333,222.73620783333328,735.0,0.2724744588580246,2.5555555555555554
SH00000843,DS001,2026-07-02,9.0,R_DS001_099,38.0,228.07188071666664,343.03616644999994,1290.0,0.4223553346604938,4.222222222222222
SH00000844,DS001,2026-07-02,8.166666666666666,,0.0,0.0,0.0,0.0,0.0,0.0
SH00000845,DS001,2026-07-02,0.0,,0.0,0.0,0.0,0.0,0.0,0.0
SH00000846,DS001,2026-07-02,9.0,,0.0,0.0,0.0,0.0,0.0,0.0
SH00000847,DS001,2026-07-02,9.0,R_DS001_104,23.0,142.75900905,214.33043765000002,745.0,0.26436853527777776,2.5555555555555554
SH00000848,DS001,2026-07-02,9.0,,0.0,0.0,0.0,0.0,0.0,0.0
SH00000849,DS001,2026-07-02,0.0,,0.0,0.0,0.0,0.0,0.0,0.0
SH00000850,DS001,2026-07-02,0.0,,0.0,0.0,0.0,0.0,0.0,0.0
SH00000851,DS001,2026-07-02,9.0,R_DS001_110,24.0,137.19743716666667,207.31172284999994,775.0,0.25406932808641974,2.6666666666666665
SH00000852,DS001,2026-07-02,9.0,R_DS001_111,42.0,223.80837771666663,337.8083776833334,1425.0,0.4144599587345678,4.666666666666667
SH00000853,DS001,2026-07-02,9.0,,0.0,0.0,0.0,0.0,0.0,0.0
SH00000854,DS001,2026-07-02,9.0,R_DS001_113,22.0,131.93261090000001,197.18261095000003,715.0,0.24431964981481485,2.4444444444444446
SH00000855,DS001,2026-07-02,9.0,,0.0,0.0,0.0,0.0,0.0,0.0
SH00000856,DS001,2026-07-02,0.0,,0.0,0.0,0.0,0.0,0.0,0.0
SH00000857,DS001,2026-07-02,9.0,,0.0,0.0,0.0,0.0,0.0,0.0
SH00000858,DS001,2026-07-02,9.0,R_DS001_119,22.0,112.40713903333332,168.72142479999997,720.0,0.2081613685802469,2.4444444444444446
SH00000859,DS001,2026-07-02,9.0,R_DS001_120,39.0,222.69926696666667,336.95640978333336,1330.0,0.4124060499382716,4.333333333333333
SH00000860,DS001,2026-07-02,9.0,,0.0,0.0,0.0,0.0,0.0,0.0
SH00000861,DS001,2026-07-02,9.0,R_DS001_122,21.0,114.43812796666667,172.05955648333332,690.0,0.21192245919753086,2.3333333333333335
SH00000862,DS001,2026-07-02,9.0,,0.0,0.0,0.0,0.0,0.0,0.0
SH00000863,DS001,2026-07-02,9.0,R_DS001_125,21.0,112.36561163333334,169.7513259,690.0,0.20808446598765434,2.3333333333333335
SH00000864,DS001,2026-07-02,9.0,R_DS001_126,39.0,230.0406245333333,345.47633885000005,1315.0,0.4260011565432098,4.333333333333333
SH00000865,DS001,2026-07-02,9.0,,0.0,0.0,0.0,0.0,0.0,0.0
SH00000866,DS001,2026-07-02,0.0,,0.0,0.0,0.0,0.0,0.0,0.0
SH00000867,DS001,2026-07-02,9.0,R_DS001_129,40.0,228.81833601666665,343.0326217666667,1360.0,0.4237376592901234,4.444444444444445
SH00000868,DS001,2026-07-02,9.0,R_DS001_131,19.0,104.63021046666665,159.14449618333336,625.0,0.19375964901234566,2.111111111111111
SH00000869,DS001,2026-07-02,9.0,R_DS001_132,38.0,225.79167028333327,339.5773845166667,1290.0,0.4181327227469135,4.222222222222222
SH00000870,DS001,2026-07-02,9.0,,0.0,0.0,0.0,0.0,0.0,0.0
SH00000871,DS001,2026-07-02,9.0,R_DS001_134,17.0,104.94457778333333,161.30172063333336,560.0,0.19434181070987652,1.8888888888888888
SH00000872,DS001,2026-07-02,9.0,R_DS001_135,39.0,223.16207475000007,332.4906462666666,1320.0,0.413263101388889,4.333333333333333
SH00000873,DS001,2026-07-02,0.0,,0.0,0.0,0.0,0.0,0.0,0.0
SH00000874,DS001,2026-07-02,9.0,R_DS001_138,36.0,207.51386368333337,311.2924350833332,1225.0,0.38428493274691367,4.0
SH00000875,DS001,2026-07-02,0.0,,0.0,0.0,0.0,0.0,0.0,0.0
SH00000876,DS001,2026-07-02,0.0,,0.0,0.0,0.0,0.0,0.0,0.0
SH00000877,DS001,2026-07-02,9.0,R_DS001_141,38.0,212.66678370000002,317.7310694,1300.0,0.3938273772222223,4.222222222222222
SH00000878,DS001,2026-07-02,9.0,,0.0,0.0,0.0,0.0,0.0,0.0
SH00000879,DS001,2026-07-02,8.433333333333334,R_DS001_143,18.0,102.48108673333334,155.92394383333334,600.0,0.20253179196310936,2.1343873517786562
SH00000880,DS001,2026-07-02,9.0,,0.0,0.0,0.0,0.0,0.0,0.0
SH00000881,DS001,2026-07-02,0.0,,0.0,0.0,0.0,0.0,0.0,0.0
SH00000882,DS001,2026-07-02,9.0,R_DS001_147,38.0,213.10378668333334,320.18235811666665,1295.0,0.3946366420061729,4.222222222222222
SH00000883,DS001,2026-07-02,9.0,,0.0,0.0,0.0,0.0,0.0,0.0
SH00000884,DS001,2026-07-02,9.0,R_DS001_149,17.0,100.64820424999999,154.49820425,565.0,0.1863855634259259,1.8888888888888888
SH00000885,DS001,2026-07-02,9.0,R_DS001_150,35.0,210.90578186666664,322.65578186666664,1195.0,0.39056626271604933,3.888888888888889
SH00000886,DS001,2026-07-02,9.0,R_DS001_152,16.0,106.89946278333332,161.02803419999998,525.0,0.19796196811728392,1.7777777777777777
SH00000887,DS001,2026-07-02,9.0,R_DS001_153,34.0,219.22135088333332,323.2570652166667,1160.0,0.4059654645987654,3.7777777777777777
SH00000888,DS001,2026-07-02,9.0,,0.0,0.0,0.0,0.0,0.0,0.0
SH00000889,DS001,2026-07-02,9.0,R_DS001_155,16.0,100.04841791666665,147.64127508333334,530.0,0.18527484799382712,1.7777777777777777
SH00000890,DS001,2026-07-02,9.0,R_DS001_156,39.0,204.54394855000004,305.1510913333334,1335.0,0.3787850899074075,4.333333333333333
SH00000891,DS001,2026-07-02,0.0,,0.0,0.0,0.0,0.0,0.0,0.0
SH00000892,DS001,2026-07-02,8.65,R_DS001_159,36.0,203.89821478333334,309.43392903333336,1235.0,0.39286746586384075,4.161849710982659
SH00000893,DS001,2026-07-02,9.0,,0.0,0.0,0.0,0.0,0.0,0.0
SH00000894,DS001,2026-07-02,9.0,R_DS001_161,13.0,76.72129138333332,116.1070057,445.0,0.14207646552469133,1.4444444444444444
SH00000895,DS001,2026-07-02,9.0,R_DS001_162,34.0,207.16442996666672,309.9144300166667,1165.0,0.38363783327160506,3.7777777777777777
SH00000896,DS001,2026-07-02,9.0,,0.0,0.0,0.0,0.0,0.0,0.0
SH00000897,DS001,2026-07-02,0.0,,0.0,0.0,0.0,0.0,0.0,0.0
SH00000927,DS002,2026-07-02,9.0,R_DS002_001,34.0,227.77718174999995,344.87361035,1030.0,0.4218095958333333,3.7777777777777777
SH00000928,DS002,2026-07-02,9.0,R_DS002_002,41.0,270.4587688499999,416.64448303333313,1285.0,0.5008495719444442,4.555555555555555
SH00000929,DS002,2026-07-02,9.0,R_DS002_003,47.0,309.6352436166666,475.1709579166666,1590.0,0.5733985992901234,5.222222222222222
SH00000930,DS002,2026-07-02,9.0,R_DS002_005,41.0,265.26498025000006,411.6221230166666,1280.0,0.4912314449074075,4.555555555555555
SH00000931,DS002,2026-07-02,9.0,R_DS002_007,29.0,191.80028964999997,295.96814680000006,880.0,0.355185721574074,3.2222222222222223
SH00000932,DS002,2026-07-02,9.0,R_DS002_008,43.0,260.50713425,398.4214199500001,1340.0,0.4824206189814814,4.777777777777778
SH00000933,DS002,2026-07-02,9.0,R_DS002_009,50.0,304.92970340000005,464.33684626666656,1695.0,0.564684635925926,5.555555555555555
SH00000934,DS002,2026-07-02,9.0,R_DS002_010,27.0,181.15882728333335,278.06954161666664,820.0,0.33547930978395063,3.0
SH00000935,DS002,2026-07-02,0.0,,0.0,0.0,0.0,0.0,0.0,0.0
SH00000936,DS002,2026-07-02,8.733333333333333,R_DS002_013,25.0,171.03693188333335,260.26907480000006,755.0,0.32640635855597966,2.8625954198473287
SH00000937,DS002,2026-07-02,9.0,R_DS002_014,39.0,258.8906494833334,394.1692209333333,1215.0,0.4794271286728396,4.333333333333333
SH00000938,DS002,2026-07-02,9.0,R_DS002_015,47.0,307.96991543333326,466.1877725333334,1590.0,0.5703146582098764,5.222222222222222
SH00000939,DS002,2026-07-02,9.0,R_DS002_016,23.0,162.23419851666668,246.69134133333336,700.0,0.3004337009567902,2.5555555555555554
SH00000940,DS002,2026-07-02,8.466666666666667,R_DS002_017,39.0,235.92034891666665,369.29177748333325,1215.0,0.46441013566272965,4.606299212598425
SH00000941,DS002,2026-07-02,9.0,R_DS002_019,19.0,125.37935255000002,192.3614953833333,580.0,0.23218398620370376,2.111111111111111
SH00000942,DS002,2026-07-02,0.0,,0.0,0.0,0.0,0.0,0.0,0.0
SH00000943,DS002,2026-07-02,0.0,,0.0,0.0,0.0,0.0,0.0,0.0
SH00000944,DS002,2026-07-02,9.0,R_DS002_023,36.0,248.62680536666664,380.88394825000006,1130.0,0.4604200099382716,4.0
SH00000945,DS002,2026-07-02,9.0,R_DS002_024,46.0,306.3572916999999,463.7180059833333,1555.0,0.5673283179629628,5.111111111111111
SH00000946,DS002,2026-07-02,9.0,R_DS002_026,38.0,256.4242573166667,390.6742572666667,1185.0,0.47485973577160495,4.222222222222222
SH00000947,DS002,2026-07-02,9.0,R_DS002_028,17.0,105.66513150000002,162.36513148333333,520.0,0.19567616944444446,1.8888888888888888
SH00000948,DS002,2026-07-02,8.483333333333333,R_DS002_029,39.0,232.93105440000002,347.6596258333334,1230.0,0.4576248612966602,4.597249508840865
SH00000949,DS002,2026-07-02,9.0,R_DS002_030,45.0,290.5965183333334,445.9322325666665,1525.0,0.5381417006172841,5.0
SH00000950,DS002,2026-07-02,9.0,R_DS002_031,14.0,78.31695493333332,122.40981206666666,435.0,0.14503139802469134,1.5555555555555556
SH00000951,DS002,2026-07-02,9.0,R_DS002_033,43.0,302.54982743333323,460.60697030000006,1460.0,0.5602774582098764,4.777777777777778
SH00000952,DS002,2026-07-02,0.0,,0.0,0.0,0.0,0.0,0.0,0.0
SH00000953,DS002,2026-07-02,9.0,R_DS002_035,37.0,229.85289020000002,347.32431883333334,1155.0,0.4256535003703704,4.111111111111111
SH00000954,DS002,2026-07-02,0.0,,0.0,0.0,0.0,0.0,0.0,0.0
SH00000955,DS002,2026-07-02,9.0,R_DS002_037,11.0,81.48833198333332,125.15261766666667,340.0,0.15090431848765432,1.2222222222222223
SH00000956,DS002,2026-07-02,8.266666666666667,R_DS002_040,9.0,59.417173266666666,95.73860183333333,270.0,0.11979268803763439,1.0887096774193548
SH00000957,DS002,2026-07-02,0.0,,0.0,0.0,0.0,0.0,0.0,0.0
SH00000958,DS002,2026-07-02,9.0,R_DS002_042,40.0,274.34454813333343,422.33026243333336,1355.0,0.508045459506173,4.444444444444445
SH00000959,DS002,2026-07-02,9.0,R_DS002_044,35.0,217.7027937333334,339.18136519999996,1100.0,0.4031533217283952,3.888888888888889
SH00000960,DS002,2026-07-02,9.0,R_DS002_045,43.0,273.1078704666667,415.43644189999986,1470.0,0.5057553156790124,4.777777777777778
SH00000961,DS002,2026-07-02,9.0,R_DS002_047,36.0,211.40340224999997,322.78911660000006,1135.0,0.3914877819444444,4.0
SH00000962,DS002,2026-07-02,9.0,R_DS002_048,40.0,267.6220820166666,419.5292249333333,1365.0,0.49559644817901216,4.444444444444445
SH00000963,DS002,2026-07-02,9.0,R_DS002_049,11.0,73.65695933333333,118.66767363333334,340.0,0.13640177654320987,1.2222222222222223
SH00000964,DS002,2026-07-02,9.0,R_DS002_050,35.0,209.8621526833333,326.73358124999993,1110.0,0.3886336160802469,3.888888888888889
SH00000965,DS002,2026-07-02,0.0,,0.0,0.0,0.0,0.0,0.0,0.0
SH00000966,DS002,2026-07-02,9.0,R_DS002_052,9.0,53.3814209,81.89927803333333,280.0,0.09885448314814815,1.0
SH00000967,DS002,2026-07-02,0.0,,0.0,0.0,0.0,0.0,0.0,0.0
SH00000968,DS002,2026-07-02,9.0,R_DS002_055,10.0,65.86250608333333,100.55536321666665,315.0,0.12196760385802469,1.1111111111111112
SH00000969,DS002,2026-07-02,9.0,R_DS002_056,32.0,197.54692609999995,301.1969261666667,1015.0,0.36582764092592585,3.5555555555555554
SH00000970,DS002,2026-07-02,9.0,R_DS002_057,39.0,275.88781795000006,410.05210371666675,1325.0,0.5109033665740742,4.333333333333333
SH00000971,DS002,2026-07-02,9.0,R_DS002_058,6.0,48.90255141666667,76.10969428333334,190.0,0.09056028040123457,0.6666666666666666
SH00000972,DS002,2026-07-02,9.0,R_DS002_059,29.0,197.7827978166667,295.9042263666667,915.0,0.3662644404012346,3.2222222222222223
SH00000973,DS002,2026-07-02,9.0,R_DS002_061,5.0,35.68308916666667,53.36880346666666,165.0,0.06607979475308642,0.5555555555555556
SH00000974,DS002,2026-07-02,9.0,R_DS002_062,29.0,190.32774250000003,285.34202823333334,915.0,0.35245878240740747,3.2222222222222223
SH00000975,DS002,2026-07-02,9.0,R_DS002_063,42.0,270.31693569999993,415.92407854999993,1440.0,0.5005869179629628,4.666666666666667
SH00000976,DS002,2026-07-02,9.0,R_DS002_064,4.0,30.825707516666668,47.6114218,130.0,0.05708464354938272,0.4444444444444444
SH00000977,DS002,2026-07-02,9.0,R_DS002_065,25.0,174.05217408333334,269.28074556666667,795.0,0.32231884089506174,2.7777777777777777
SH00000978,DS002,2026-07-02,9.0,R_DS002_068,26.0,159.85744933333334,241.62887790000002,830.0,0.2960323135802469,2.888888888888889
SH00000979,DS002,2026-07-02,9.0,R_DS002_069,39.0,266.6947405,404.0947405499999,1340.0,0.4938791490740741,4.333333333333333
SH00000980,DS002,2026-07-02,8.35,R_DS002_070,3.0,25.47433925,37.549339249999996,100.0,0.050846984530938125,0.3592814371257485
SH00000981,DS002,2026-07-02,9.0,R_DS002_071,26.0,159.46962253333334,245.07676533333333,830.0,0.29531411580246913,2.888888888888889
SH00000982,DS002,2026-07-02,9.0,R_DS002_072,39.0,266.4484462833333,410.94130350000006,1330.0,0.4934230486728394,4.333333333333333
SH00000983,DS002,2026-07-02,9.0,R_DS002_073,3.0,21.446357666666664,33.81778623333334,95.0,0.039715477160493826,0.3333333333333333
SH00000984,DS002,2026-07-02,9.0,R_DS002_075,40.0,269.2331840333333,415.04389825000004,1370.0,0.49857997043209873,4.444444444444445
SH00000985,DS002,2026-07-02,9.0,R_DS002_076,3.0,19.731519083333332,30.374376233333336,100.0,0.036539850154320985,0.3333333333333333
SH00000986,DS002,2026-07-02,8.566666666666666,R_DS002_077,26.0,156.50658923333333,232.42801780000005,830.0,0.30448752769131,3.035019455252918
SH00000987,DS002,2026-07-02,9.0,R_DS002_080,23.0,158.90248609999998,246.80248608333332,735.0,0.2942638631481481,2.5555555555555554
SH00000988,DS002,2026-07-02,8.466666666666667,R_DS002_082,1.0,9.503998816666666,14.603998816666666,30.0,0.01870865908792651,0.11811023622047244
SH00000989,DS002,2026-07-02,9.0,R_DS002_083,24.0,141.17939568333333,212.02225284999997,775.0,0.26144332533950615,2.6666666666666665
SH00000990,DS002,2026-07-02,0.0,,0.0,0.0,0.0,0.0,0.0,0.0
SH00000991,DS002,2026-07-02,0.0,,0.0,0.0,0.0,0.0,0.0,0.0
SH00000992,DS002,2026-07-02,9.0,R_DS002_089,21.0,130.68566546666668,202.4713797166667,680.0,0.2420104916049383,2.3333333333333335
SH00000993,DS002,2026-07-02,9.0,R_DS002_090,41.0,268.3126476500001,408.2947905499999,1410.0,0.4968752734259261,4.555555555555555
SH00000994,DS002,2026-07-02,9.0,R_DS002_091,3.0,22.77184865,36.343277216666664,100.0,0.042170090092592594,0.3333333333333333
SH00000995,DS002,2026-07-02,8.35,R_DS002_092,19.0,130.76044115,196.37472691666667,615.0,0.2609988845309381,2.2754491017964074
SH00000996,DS002,2026-07-02,9.0,R_DS002_093,42.0,260.4471486166667,394.11857721666655,1435.0,0.4823095344753087,4.666666666666667
SH00000997,DS002,2026-07-02,9.0,R_DS002_094,3.0,22.865533133333333,33.697676,100.0,0.04234357987654321,0.3333333333333333
SH00000998,DS002,2026-07-02,9.0,R_DS002_096,39.0,258.344796,400.43765321666666,1325.0,0.4784162888888888,4.333333333333333
SH00000999,DS002,2026-07-02,9.0,R_DS002_097,2.0,15.847306683333334,22.947306683333334,70.0,0.029346864228395064,0.2222222222222222
SH00001000,DS002,2026-07-02,0.0,,0.0,0.0,0.0,0.0,0.0,0.0
SH00001001,DS002,2026-07-02,9.0,R_DS002_099,38.0,257.0912456166667,399.29124565000006,1290.0,0.4760948992901235,4.222222222222222
SH00001002,DS002,2026-07-02,9.0,R_DS002_100,2.0,19.27291233333333,28.637198050000002,65.0,0.03569057839506172,0.2222222222222222
SH00001003,DS002,2026-07-02,9.0,R_DS002_103,3.0,15.754156949999999,25.604156950000004,105.0,0.02917436472222222,0.3333333333333333
SH00001004,DS002,2026-07-02,9.0,R_DS002_104,18.0,119.57761628333334,185.49190195,585.0,0.221440030154321,2.0
SH00001005,DS002,2026-07-02,9.0,R_DS002_106,2.0,12.771421216666665,19.771421216666667,70.0,0.023650780030864196,0.2222222222222222
SH00001006,DS002,2026-07-02,9.0,R_DS002_107,16.0,105.96829411666667,160.11829409999999,520.0,0.19623758169753086,1.7777777777777777
SH00001007,DS002,2026-07-02,9.0,R_DS002_108,41.0,266.96219793333336,405.01576933333337,1410.0,0.494374440617284,4.555555555555555
SH00001008,DS002,2026-07-02,9.0,R_DS002_110,16.0,111.18471625000001,167.39185915000002,525.0,0.2058976226851852,1.7777777777777777
SH00001009,DS002,2026-07-02,9.0,R_DS002_111,42.0,254.55913663333334,386.66627948333337,1435.0,0.47140580858024694,4.666666666666667
SH00001010,DS002,2026-07-02,0.0,,0.0,0.0,0.0,0.0,0.0,0.0
SH00001011,DS002,2026-07-02,9.0,R_DS002_113,16.0,102.51576456666666,156.81576461666668,525.0,0.18984400845679011,1.7777777777777777
SH00001012,DS002,2026-07-02,9.0,R_DS002_114,38.0,254.98528165,395.8138530666665,1300.0,0.4721949660185185,4.222222222222222
SH00001013,DS002,2026-07-02,8.566666666666666,,0.0,0.0,0.0,0.0,0.0,0.0
SH00001014,DS002,2026-07-02,9.0,R_DS002_118,3.0,17.638744950000003,27.224459233333334,100.0,0.032664342500000006,0.3333333333333333
SH00001015,DS002,2026-07-02,9.0,R_DS002_119,15.0,99.02294651666666,151.60866076666665,495.0,0.18337582688271606,1.6666666666666667
SH00001016,DS002,2026-07-02,9.0,R_DS002_120,41.0,254.60044340000005,388.97901484999994,1405.0,0.47148230259259266,4.555555555555555
SH00001017,DS002,2026-07-02,0.0,,0.0,0.0,0.0,0.0,0.0,0.0
SH00001018,DS002,2026-07-02,9.0,R_DS002_122,13.0,94.50606223333335,149.44891944999998,425.0,0.17501122635802474,1.4444444444444444
SH00001019,DS002,2026-07-02,9.0,R_DS002_124,2.0,16.561617666666667,24.811617666666667,70.0,0.030669662345679014,0.2222222222222222
SH00001020,DS002,2026-07-02,9.0,R_DS002_125,14.0,93.13564331666669,143.7070719,460.0,0.17247341354938275,1.5555555555555556
SH00001021,DS002,2026-07-02,9.0,R_DS002_126,35.0,249.73056878333335,383.53056881666674,1205.0,0.46246401626543215,3.888888888888889
SH00001022,DS002,2026-07-02,9.0,R_DS002_127,2.0,17.1924778,27.7424778,70.0,0.03183792185185185,0.2222222222222222
SH00001023,DS002,2026-07-02,9.0,R_DS002_128,11.0,76.29788833333333,119.17645975,370.0,0.14129238580246914,1.2222222222222223
SH00001024,DS002,2026-07-02,0.0,,0.0,0.0,0.0,0.0,0.0,0.0
SH00001025,DS002,2026-07-02,9.0,R_DS002_131,14.0,80.25746578333334,119.64318005000001,465.0,0.14862493663580248,1.5555555555555556
SH00001026,DS002,2026-07-02,9.0,R_DS002_132,39.0,250.58968373333343,389.9075409333334,1340.0,0.4640549698765434,4.333333333333333
SH00001027,DS002,2026-07-02,9.0,R_DS002_133,2.0,14.055445033333331,22.880445033333334,70.0,0.026028601913580245,0.2222222222222222
SH00001028,DS002,2026-07-02,8.4,R_DS002_134,10.0,81.85900950000001,123.66615233333332,335.0,0.16241866964285717,1.1904761904761905
SH00001029,DS002,2026-07-02,0.0,,0.0,0.0,0.0,0.0,0.0,0.0
SH00001030,DS002,2026-07-02,9.0,R_DS002_136,3.0,18.408896516666665,25.958896516666666,105.0,0.03409054910493827,0.3333333333333333
SH00001031,DS002,2026-07-02,9.0,R_DS002_138,38.0,243.78310620000005,375.44024909999996,1305.0,0.45145019666666675,4.222222222222222
SH00001032,DS002,2026-07-02,9.0,R_DS002_139,2.0,12.585766483333334,21.035766483333333,70.0,0.023306974969135804,0.2222222222222222
SH00001033,DS002,2026-07-02,9.0,R_DS002_140,14.0,72.14165340000001,106.36308198333333,470.0,0.13359565444444446,1.5555555555555556
SH00001034,DS002,2026-07-02,9.0,R_DS002_142,3.0,15.79931816666667,23.470746733333332,100.0,0.029257996604938278,0.3333333333333333
SH00001035,DS002,2026-07-02,9.0,R_DS002_143,10.0,66.72456073333333,99.4674179,335.0,0.12356400135802469,1.1111111111111112
SH00001036,DS002,2026-07-02,9.0,R_DS002_145,2.0,13.220660233333334,19.670660233333333,70.0,0.02448270413580247,0.2222222222222222
SH00001037,DS002,2026-07-02,9.0,R_DS002_146,9.0,61.81863766666667,93.04006623333335,300.0,0.11447895864197531,1.0
SH00001038,DS002,2026-07-02,9.0,R_DS002_147,37.0,247.30943614999998,376.4380075833334,1270.0,0.4579804373148148,4.111111111111111
SH00001039,DS002,2026-07-02,0.0,,0.0,0.0,0.0,0.0,0.0,0.0
SH00001040,DS002,2026-07-02,9.0,R_DS002_149,9.0,61.658821399999994,93.2659643,300.0,0.11418300259259258,1.0
SH00001041,DS002,2026-07-02,9.0,R_DS002_150,36.0,243.14765359999996,372.68336793333333,1240.0,0.4502734325925925,4.0
SH00001042,DS002,2026-07-02,0.0,,0.0,0.0,0.0,0.0,0.0,0.0
SH00001043,DS002,2026-07-02,9.0,R_DS002_154,2.0,18.427539466666666,28.00253946666667,70.0,0.03412507308641975,0.2222222222222222
SH00001044,DS002,2026-07-02,0.0,,0.0,0.0,0.0,0.0,0.0,0.0
SH00001072,DS003,2026-07-02,9.0,R_DS003_001,34.0,215.40935755000004,325.81292903333326,1030.0,0.39890621768518525,3.7777777777777777
SH00001073,DS003,2026-07-02,9.0,R_DS003_002,44.0,254.67318931666676,393.1231893666667,1370.0,0.4716170172530866,4.888888888888889
SH00001074,DS003,2026-07-02,9.0,R_DS003_003,49.0,300.1202605499999,451.2452605500001,1655.0,0.5557782602777775,5.444444444444445
SH00001075,DS003,2026-07-02,9.0,R_DS003_005,40.0,262.8745740333333,400.91743118333335,1245.0,0.486804766728395,4.444444444444445
SH00001076,DS003,2026-07-02,9.0,R_DS003_006,47.0,293.2901828333334,450.43661138333334,1595.0,0.5431299682098767,5.222222222222222
SH00001077,DS003,2026-07-02,9.0,R_DS003_008,40.0,256.6651834000001,391.38661195000003,1240.0,0.4753058951851854,4.444444444444445
SH00001078,DS003,2026-07-02,9.0,R_DS003_009,40.0,274.9545896833333,420.59387534999996,1340.0,0.5091751660802469,4.444444444444445
SH00001079,DS003,2026-07-02,9.0,R_DS003_010,32.0,205.2992632666667,307.1135489833333,965.0,0.3801838208641976,3.5555555555555554
SH00001080,DS003,2026-07-02,9.0,R_DS003_013,26.0,163.54635086666667,253.99635086666666,785.0,0.3028636127160494,2.888888888888889
SH00001081,DS003,2026-07-02,0.0,,0.0,0.0,0.0,0.0,0.0,0.0
SH00001082,DS003,2026-07-02,9.0,R_DS003_016,23.0,141.35513508333332,222.36584939999997,695.0,0.2617687686728395,2.5555555555555554
SH00001083,DS003,2026-07-02,9.0,R_DS003_017,40.0,249.49936960000002,379.6350839000001,1240.0,0.46203586962962967,4.444444444444445
SH00001084,DS003,2026-07-02,9.0,R_DS003_019,23.0,146.2475282666667,220.49752828333334,695.0,0.2708287560493828,2.5555555555555554
SH00001085,DS003,2026-07-02,8.433333333333334,R_DS003_020,39.0,245.89445243333333,371.61588105000004,1215.0,0.4859574158761528,4.624505928853755
SH00001086,DS003,2026-07-02,9.0,R_DS003_021,44.0,287.8940647666666,436.13692185000025,1485.0,0.5331371569753085,4.888888888888889
SH00001087,DS003,2026-07-02,9.0,R_DS003_023,38.0,240.42885756666666,367.00742903333327,1185.0,0.4452386251234568,4.222222222222222
SH00001088,DS003,2026-07-02,9.0,R_DS003_024,42.0,281.71205569999995,429.24776999999995,1420.0,0.5216889920370369,4.666666666666667
SH00001089,DS003,2026-07-02,9.0,R_DS003_026,38.0,231.19064006666667,349.51921151666664,1190.0,0.4281308149382716,4.222222222222222
SH00001090,DS003,2026-07-02,9.0,R_DS003_027,40.0,259.6369367166666,400.66907955,1340.0,0.4808091420679011,4.444444444444445
SH00001091,DS003,2026-07-02,9.0,R_DS003_028,18.0,121.89146885000001,182.68789748333333,545.0,0.22572494231481482,2.0
SH00001092,DS003,2026-07-02,9.0,R_DS003_029,34.0,227.83267243333336,350.72552948333333,1065.0,0.4219123563580247,3.7777777777777777
SH00001093,DS003,2026-07-02,8.266666666666667,R_DS003_030,38.0,241.89355726666665,362.9221287,1280.0,0.48768862352150527,4.596774193548387
SH00001094,DS003,2026-07-02,0.0,,0.0,0.0,0.0,0.0,0.0,0.0
SH00001095,DS003,2026-07-02,8.533333333333333,R_DS003_033,40.0,239.53698581666666,368.02270004999997,1345.0,0.46784567542317707,4.6875
SH00001096,DS003,2026-07-02,9.0,R_DS003_034,14.0,94.06206936666666,143.6084979,425.0,0.17418901734567901,1.5555555555555556
SH00001097,DS003,2026-07-02,9.0,R_DS003_035,34.0,224.27481069999996,341.4248106833333,1065.0,0.41532372351851843,3.7777777777777777
SH00001098,DS003,2026-07-02,9.0,R_DS003_037,13.0,91.75488943333333,143.79417515,395.0,0.16991646191358026,1.4444444444444444
SH00001099,DS003,2026-07-02,9.0,R_DS003_041,34.0,207.2120788333334,324.1049359666667,1065.0,0.3837260719135804,3.7777777777777777
SH00001100,DS003,2026-07-02,9.0,R_DS003_042,42.0,257.1045642,391.7831356000001,1410.0,0.4761195633333334,4.666666666666667
SH00001101,DS003,2026-07-02,8.416666666666666,R_DS003_043,9.0,54.77919213333333,80.70776356666667,270.0,0.10847364778877888,1.0693069306930694
SH00001102,DS003,2026-07-02,9.0,R_DS003_044,33.0,196.26439985000002,297.27868556666664,1045.0,0.36345259231481486,3.6666666666666665
SH00001103,DS003,2026-07-02,8.75,R_DS003_045,37.0,239.62749204999997,364.08463485,1250.0,0.4564333181904761,4.228571428571429
SH00001104,DS003,2026-07-02,9.0,R_DS003_047,30.0,195.85181286666668,295.2589557333333,940.0,0.36268854234567904,3.3333333333333335
SH00001105,DS003,2026-07-02,9.0,R_DS003_048,39.0,237.28702635,361.1870263666667,1320.0,0.43942041916666663,4.333333333333333
SH00001106,DS003,2026-07-02,9.0,R_DS003_049,9.0,59.499994900000004,91.04999488333334,275.0,0.11018517574074074,1.0
SH00001107,DS003,2026-07-02,9.0,R_DS003_050,32.0,193.9236905333333,293.54511906666664,1005.0,0.35911794543209874,3.5555555555555554
SH00001108,DS003,2026-07-02,9.0,R_DS003_051,40.0,242.16317501666668,368.52746068333335,1350.0,0.4484503241049383,4.444444444444445
SH00001109,DS003,2026-07-02,9.0,R_DS003_052,8.0,47.510219166666666,73.99236201666668,245.0,0.08798188734567901,0.8888888888888888
SH00001110,DS003,2026-07-02,9.0,R_DS003_054,40.0,233.14850093333334,352.9342151666667,1355.0,0.43175648320987653,4.444444444444445
SH00001111,DS003,2026-07-02,9.0,R_DS003_055,7.0,45.056516083333335,72.45294463333333,215.0,0.08343799274691359,0.7777777777777778
SH00001112,DS003,2026-07-02,9.0,R_DS003_056,30.0,179.13454081666669,271.34168368333326,950.0,0.3317306311419753,3.3333333333333335
SH00001113,DS003,2026-07-02,9.0,R_DS003_057,39.0,238.29675696666663,354.50389986666664,1320.0,0.44129029067901226,4.333333333333333
SH00001114,DS003,2026-07-02,9.0,R_DS003_058,9.0,49.210306333333335,73.26744921666666,280.0,0.09113019691358025,1.0
SH00001115,DS003,2026-07-02,9.0,R_DS003_061,8.0,47.525324116666674,73.63603843333333,245.0,0.08800985947530865,0.8888888888888888
SH00001116,DS003,2026-07-02,0.0,,0.0,0.0,0.0,0.0,0.0,0.0
SH00001117,DS003,2026-07-02,9.0,R_DS003_064,4.0,25.4000156,39.22858703333333,125.0,0.04703706592592592,0.4444444444444444
SH00001118,DS003,2026-07-02,9.0,R_DS003_065,27.0,176.0539090833333,262.1539090833333,850.0,0.32602575756172836,3.0
SH00001119,DS003,2026-07-02,0.0,,0.0,0.0,0.0,0.0,0.0,0.0
SH00001120,DS003,2026-07-02,9.0,R_DS003_068,26.0,151.50003061666672,233.91431629999997,825.0,0.2805556122530865,2.888888888888889
SH00001121,DS003,2026-07-02,9.0,R_DS003_070,2.0,12.001231650000001,16.490517366666666,65.0,0.022224503055555556,0.2222222222222222
SH00001122,DS003,2026-07-02,9.0,R_DS003_072,40.0,234.46357165,354.2064287666667,1360.0,0.43419179935185187,4.444444444444445
SH00001123,DS003,2026-07-02,9.0,R_DS003_073,2.0,13.0442906,20.194290600000002,65.0,0.024156093703703703,0.2222222222222222
SH00001124,DS003,2026-07-02,9.0,R_DS003_075,39.0,231.27684826666663,359.0982769,1315.0,0.4282904597530864,4.333333333333333
SH00001125,DS003,2026-07-02,9.0,R_DS003_076,3.0,20.355681216666667,30.719966933333332,100.0,0.03769570595679012,0.3333333333333333
SH00001126,DS003,2026-07-02,0.0,,0.0,0.0,0.0,0.0,0.0,0.0
SH00001127,DS003,2026-07-02,9.0,R_DS003_080,25.0,158.66095265000004,236.72523835,800.0,0.29381657898148156,2.7777777777777777
SH00001128,DS003,2026-07-02,0.0,,0.0,0.0,0.0,0.0,0.0,0.0
SH00001129,DS003,2026-07-02,0.0,,0.0,0.0,0.0,0.0,0.0,0.0
SH00001130,DS003,2026-07-02,9.0,R_DS003_086,25.0,162.36962264999997,247.20533688333333,795.0,0.30068448638888884,2.7777777777777777
SH00001131,DS003,2026-07-02,9.0,R_DS003_087,38.0,236.60949871666662,355.0237844833332,1280.0,0.4381657383641974,4.222222222222222
SH00001132,DS003,2026-07-02,9.0,R_DS003_089,25.0,163.30787381666667,242.72215951666664,800.0,0.30242198854938274,2.7777777777777777
SH00001133,DS003,2026-07-02,9.0,R_DS003_090,36.0,232.56925673333333,353.704971,1220.0,0.4306838087654321,4.0
SH00001134,DS003,2026-07-02,9.0,R_DS003_091,2.0,13.449954583333334,19.110668866666664,65.0,0.024907323302469135,0.2222222222222222
SH00001135,DS003,2026-07-02,8.616666666666667,R_DS003_092,23.0,134.31433893333332,201.10719605,735.0,0.2597956265635074,2.6692456479690523
SH00001136,DS003,2026-07-02,9.0,R_DS003_093,39.0,231.32307541666668,350.3802183333333,1320.0,0.4283760655864198,4.333333333333333
SH00001137,DS003,2026-07-02,9.0,R_DS003_094,2.0,15.796563416666666,24.760849133333338,65.0,0.02925289521604938,0.2222222222222222
SH00001138,DS003,2026-07-02,9.0,R_DS003_096,40.0,232.56312729999996,354.44884158333326,1360.0,0.4306724579629629,4.444444444444445
SH00001139,DS003,2026-07-02,8.35,R_DS003_097,1.0,7.277927533333334,11.002927533333333,35.0,0.01452680146373919,0.11976047904191617
SH00001140,DS003,2026-07-02,9.0,R_DS003_098,22.0,128.89174851666664,191.59174856666667,715.0,0.2386884231790123,2.4444444444444446
SH00001141,DS003,2026-07-02,8.366666666666667,R_DS003_099,39.0,222.94953601666666,344.40667886666665,1325.0,0.44412258170650726,4.661354581673306
SH00001142,DS003,2026-07-02,9.0,R_DS003_100,2.0,8.9490052,12.774005199999998,70.0,0.016572231851851853,0.2222222222222222
SH00001143,DS003,2026-07-02,9.0,R_DS003_101,19.0,129.57804506666668,197.6566165166667,610.0,0.2399593427160494,2.111111111111111
SH00001144,DS003,2026-07-02,0.0,,0.0,0.0,0.0,0.0,0.0,0.0
SH00001145,DS003,2026-07-02,9.0,R_DS003_104,17.0,103.43336089999998,158.95478948333337,555.0,0.19154326092592588,1.8888888888888888
SH00001146,DS003,2026-07-02,9.0,R_DS003_105,37.0,220.96377830000003,339.61377831666664,1260.0,0.4091921820370371,4.111111111111111
SH00001147,DS003,2026-07-02,9.0,R_DS003_106,1.0,6.267150183333333,9.642150183333333,35.0,0.011605833672839506,0.1111111111111111
SH00001148,DS003,2026-07-02,9.0,R_DS003_107,17.0,86.26069908333332,128.98927046666668,560.0,0.15974203533950615,1.8888888888888888
SH00001149,DS003,2026-07-02,0.0,,0.0,0.0,0.0,0.0,0.0,0.0
SH00001150,DS003,2026-07-02,9.0,R_DS003_110,12.0,72.51380158333333,111.6638016,405.0,0.1342848177469136,1.3333333333333333
SH00001151,DS003,2026-07-02,9.0,R_DS003_112,1.0,8.102041916666668,12.452041916666667,35.0,0.015003781327160496,0.1111111111111111
SH00001152,DS003,2026-07-02,9.0,R_DS003_114,39.0,225.9896667333333,342.17538110000004,1325.0,0.4184993828395061,4.333333333333333
SH00001153,DS003,2026-07-02,9.0,R_DS003_115,1.0,6.326787883333334,9.826787883333333,35.0,0.011716273858024692,0.1111111111111111
SH00001154,DS003,2026-07-02,9.0,R_DS003_117,33.0,221.50925435000008,342.94496858333326,1125.0,0.4102023228703705,3.6666666666666665
SH00001155,DS003,2026-07-02,9.0,R_DS003_118,1.0,7.070344216666667,11.545344216666667,35.0,0.0130932300308642,0.1111111111111111
SH00001156,DS003,2026-07-02,9.0,R_DS003_119,12.0,65.89612514999999,98.57469653333332,405.0,0.12202986138888887,1.3333333333333333
SH00001157,DS003,2026-07-02,9.0,R_DS003_120,37.0,220.83453608333332,334.9202504000001,1260.0,0.4089528445987654,4.111111111111111
SH00001158,DS003,2026-07-02,9.0,R_DS003_122,9.0,60.597986133333336,90.16941471666667,310.0,0.11221849283950618,1.0
SH00001159,DS003,2026-07-02,9.0,R_DS003_124,2.0,7.372519733333334,10.122519733333334,70.0,0.013652814320987656,0.2222222222222222
SH00001160,DS003,2026-07-02,9.0,R_DS003_125,9.0,52.03777185,79.2092004,310.0,0.09636624416666667,1.0
SH00001161,DS003,2026-07-02,9.0,R_DS003_126,36.0,225.38660480000004,341.7437475833334,1225.0,0.41738260148148154,4.0
SH00001162,DS003,2026-07-02,0.0,,0.0,0.0,0.0,0.0,0.0,0.0
SH00001163,DS003,2026-07-02,9.0,R_DS003_128,9.0,55.918406233333336,81.58983476666667,305.0,0.10355260413580247,1.0
SH00001164,DS003,2026-07-02,9.0,R_DS003_131,7.0,44.197438383333335,66.99743835,245.0,0.08184710811728395,0.7777777777777778
SH00001165,DS003,2026-07-02,9.0,R_DS003_132,36.0,222.51059816666668,341.1391695166667,1225.0,0.41205666327160495,4.0
SH00001166,DS003,2026-07-02,8.266666666666667,R_DS003_133,1.0,12.1776572,18.952657199999997,35.0,0.02455172822580645,0.12096774193548386
SH00001167,DS003,2026-07-02,0.0,,0.0,0.0,0.0,0.0,0.0,0.0
SH00001168,DS003,2026-07-02,9.0,R_DS003_135,34.0,223.99931403333332,341.96359971666664,1155.0,0.4148135445061728,3.7777777777777777
SH00001169,DS003,2026-07-02,9.0,R_DS003_136,1.0,6.893611233333333,10.943611233333334,35.0,0.012765946728395062,0.1111111111111111
SH00001170,DS003,2026-07-02,9.0,R_DS003_138,39.0,227.2022407333333,340.9236693833334,1330.0,0.4207448902469135,4.333333333333333
SH00001171,DS003,2026-07-02,9.0,R_DS003_139,2.0,11.600760866666668,18.39718943333333,65.0,0.021482890493827164,0.2222222222222222
SH00001172,DS003,2026-07-02,0.0,,0.0,0.0,0.0,0.0,0.0,0.0
SH00001173,DS003,2026-07-02,0.0,,0.0,0.0,0.0,0.0,0.0,0.0
SH00001174,DS003,2026-07-02,9.0,R_DS003_142,2.0,12.254882833333333,17.829882833333333,70.0,0.022694227469135804,0.2222222222222222
SH00001175,DS003,2026-07-02,9.0,R_DS003_143,7.0,44.337053433333324,68.2941963,245.0,0.08210565450617283,0.7777777777777778
SH00001176,DS003,2026-07-02,9.0,R_DS003_145,2.0,12.810710333333333,18.110710333333333,70.0,0.023723537654320986,0.2222222222222222
SH00001207,DS004,2026-07-02,9.0,R_DS004_001,35.0,236.51504153333337,368.5614701166668,1075.0,0.4379908176543211,3.888888888888889
SH00001208,DS004,2026-07-02,9.0,R_DS004_002,40.0,270.1504603833334,421.45760329999996,1250.0,0.5002786303395063,4.444444444444445
SH00001209,DS004,2026-07-02,9.0,R_DS004_003,44.0,284.84338375,438.43266945000005,1460.0,0.5274877476851851,4.888888888888889
SH00001210,DS004,2026-07-02,0.0,,0.0,0.0,0.0,0.0,0.0,0.0
SH00001211,DS004,2026-07-02,9.0,R_DS004_006,41.0,287.52315925,444.4874449666666,1375.0,0.5324502949074074,4.555555555555555
SH00001212,DS004,2026-07-02,0.0,,0.0,0.0,0.0,0.0,0.0,0.0
SH00001213,DS004,2026-07-02,9.0,R_DS004_009,40.0,282.05800005000003,436.22585713333336,1335.0,0.5223296297222223,4.444444444444445
SH00001214,DS004,2026-07-02,9.0,R_DS004_010,32.0,224.72348861666666,343.84134573333336,985.0,0.4161546085493827,3.5555555555555554
SH00001215,DS004,2026-07-02,9.0,R_DS004_012,41.0,285.3697395166667,433.14116801666665,1360.0,0.5284624805864198,4.555555555555555
SH00001216,DS004,2026-07-02,9.0,R_DS004_013,28.0,193.13742094999998,295.7088495333333,865.0,0.35766189064814813,3.111111111111111
SH00001217,DS004,2026-07-02,9.0,R_DS004_014,39.0,267.95598125000004,415.8988383833333,1215.0,0.4962147800925927,4.333333333333333
SH00001218,DS004,2026-07-02,9.0,R_DS004_015,38.0,280.95147744999997,433.29790601666656,1270.0,0.5202805137962963,4.222222222222222
SH00001219,DS004,2026-07-02,0.0,,0.0,0.0,0.0,0.0,0.0,0.0
SH00001220,DS004,2026-07-02,9.0,R_DS004_017,40.0,267.9988215666666,409.4916787166665,1245.0,0.4962941140123456,4.444444444444445
SH00001221,DS004,2026-07-02,9.0,R_DS004_019,25.0,183.93594098333332,273.0145123666666,770.0,0.34062211293209876,2.7777777777777777
SH00001222,DS004,2026-07-02,8.65,R_DS004_020,37.0,268.10265673333333,408.35265675,1155.0,0.5165754464996789,4.277456647398844
SH00001223,DS004,2026-07-02,9.0,R_DS004_021,41.0,283.16917070000005,431.2834563499999,1370.0,0.5243873531481482,4.555555555555555
SH00001224,DS004,2026-07-02,9.0,R_DS004_022,21.0,146.36339793333335,227.71696941666673,650.0,0.2710433295061729,2.3333333333333335
SH00001225,DS004,2026-07-02,9.0,R_DS004_023,41.0,262.78747311666666,405.4589016833333,1275.0,0.4866434687345679,4.555555555555555
SH00001226,DS004,2026-07-02,9.0,R_DS004_024,36.0,264.7052918333333,411.2767204166668,1195.0,0.49019498487654317,4.0
SH00001227,DS004,2026-07-02,8.616666666666667,R_DS004_026,37.0,256.3280863166667,399.87808635000016,1150.0,0.49579900641521607,4.294003868471953
SH00001228,DS004,2026-07-02,9.0,R_DS004_027,38.0,258.77751885000004,398.95251888333337,1260.0,0.4792176275000001,4.222222222222222
SH00001229,DS004,2026-07-02,8.55,R_DS004_028,17.0,108.58652915,171.49724345,530.0,0.21166964746588696,1.9883040935672514
SH00001230,DS004,2026-07-02,9.0,R_DS004_029,38.0,262.6410155166667,390.82672981666667,1190.0,0.4863722509567902,4.222222222222222
SH00001231,DS004,2026-07-02,9.0,R_DS004_030,36.0,255.37962015000008,386.8653344333335,1185.0,0.47292522250000013,4.0
SH00001232,DS004,2026-07-02,9.0,R_DS004_031,16.0,116.43287794999999,178.72930648333335,500.0,0.21561644064814814,1.7777777777777777
SH00001233,DS004,2026-07-02,0.0,,0.0,0.0,0.0,0.0,0.0,0.0
SH00001234,DS004,2026-07-02,8.683333333333334,R_DS004_034,15.0,94.89778344999999,146.06921204999998,460.0,0.18214545767754317,1.727447216890595
SH00001235,DS004,2026-07-02,9.0,R_DS004_035,35.0,248.10499208333337,384.7549920166666,1095.0,0.45945368904320993,3.888888888888889
SH00001236,DS004,2026-07-02,9.0,R_DS004_036,35.0,239.42282911666666,369.08711486666675,1155.0,0.44337560947530863,3.888888888888889
SH00001237,DS004,2026-07-02,9.0,R_DS004_037,15.0,95.94588941666666,145.83517513333334,470.0,0.17767757299382714,1.6666666666666667
SH00001238,DS004,2026-07-02,9.0,R_DS004_038,34.0,242.71737024999996,372.10308448333336,1065.0,0.449476611574074,3.7777777777777777
SH00001239,DS004,2026-07-02,9.0,R_DS004_040,13.0,92.5949493,142.934235,405.0,0.17147212833333333,1.4444444444444444
SH00001240,DS004,2026-07-02,9.0,R_DS004_041,35.0,230.00519441666665,353.54090865,1100.0,0.42593554521604937,3.888888888888889
SH00001241,DS004,2026-07-02,9.0,R_DS004_042,34.0,231.32052348333332,356.9562377166667,1135.0,0.4283713397839506,3.7777777777777777
SH00001242,DS004,2026-07-02,9.0,R_DS004_043,14.0,98.43981663333332,150.03624518333336,440.0,0.18229595672839505,1.5555555555555556
SH00001243,DS004,2026-07-02,9.0,R_DS004_044,33.0,226.09353776666666,350.9149662833333,1035.0,0.41869173660493825,3.6666666666666665
SH00001244,DS004,2026-07-02,9.0,R_DS004_045,39.0,239.26934719999997,363.6622043666667,1290.0,0.44309138370370366,4.333333333333333
SH00001245,DS004,2026-07-02,9.0,R_DS004_047,31.0,224.50207975000004,345.42350831666664,975.0,0.4157445921296297,3.4444444444444446
SH00001246,DS004,2026-07-02,0.0,,0.0,0.0,0.0,0.0,0.0,0.0
SH00001247,DS004,2026-07-02,9.0,R_DS004_049,11.0,73.49194646666666,113.98480363333334,350.0,0.13609619716049381,1.2222222222222223
SH00001248,DS004,2026-07-02,9.0,R_DS004_050,29.0,209.2848781333333,320.0705924166667,915.0,0.38756458913580244,3.2222222222222223
SH00001249,DS004,2026-07-02,9.0,R_DS004_051,35.0,220.55205291666667,341.30205293333336,1160.0,0.4084297276234568,3.888888888888889
SH00001250,DS004,2026-07-02,9.0,R_DS004_052,10.0,77.22852465,122.58209606666667,320.0,0.14301578638888887,1.1111111111111112
SH00001251,DS004,2026-07-02,9.0,R_DS004_054,34.0,225.0722565,346.6472564333333,1145.0,0.416800475,3.7777777777777777
SH00001252,DS004,2026-07-02,9.0,R_DS004_056,28.0,194.16924901666667,303.4763919,890.0,0.3595726833641975,3.111111111111111
SH00001253,DS004,2026-07-02,9.0,R_DS004_058,8.0,54.004028049999995,87.36117089999999,255.0,0.10000745935185185,0.8888888888888888
SH00001254,DS004,2026-07-02,9.0,R_DS004_059,29.0,197.3014867,299.9229153,910.0,0.36537312351851853,3.2222222222222223
SH00001255,DS004,2026-07-02,9.0,R_DS004_061,6.0,49.518510066666664,75.88279575000001,195.0,0.09170094456790123,0.6666666666666666
SH00001256,DS004,2026-07-02,9.0,R_DS004_062,28.0,192.10317035000003,294.74602751666663,880.0,0.3557466117592593,3.111111111111111
SH00001257,DS004,2026-07-02,9.0,R_DS004_063,33.0,225.41600758333334,349.1445789833333,1100.0,0.4174370510802469,3.6666666666666665
SH00001258,DS004,2026-07-02,9.0,R_DS004_065,29.0,186.93016001666666,292.08016000000003,910.0,0.34616696299382715,3.2222222222222223
SH00001259,DS004,2026-07-02,9.0,R_DS004_066,33.0,211.1431457166667,321.5645743500001,1105.0,0.39100582540123463,3.6666666666666665
SH00001260,DS004,2026-07-02,9.0,R_DS004_069,31.0,205.2336450666666,319.98364505,1035.0,0.3800623056790122,3.4444444444444446
SH00001261,DS004,2026-07-02,8.8,R_DS004_070,5.0,38.2352113,60.913782733333335,160.0,0.07241517291666667,0.5681818181818181
SH00001262,DS004,2026-07-02,9.0,R_DS004_071,28.0,185.7572991,286.7287276333333,890.0,0.34399499833333336,3.111111111111111
SH00001263,DS004,2026-07-02,9.0,R_DS004_072,32.0,207.43074418333333,318.5593156,1075.0,0.38413100774691356,3.5555555555555554
SH00001264,DS004,2026-07-02,9.0,R_DS004_073,7.0,57.06793901666667,88.37865330000001,230.0,0.10568136854938272,0.7777777777777778
SH00001265,DS004,2026-07-02,9.0,R_DS004_075,29.0,197.52575416666667,310.51861124999994,975.0,0.36578843364197533,3.2222222222222223
SH00001266,DS004,2026-07-02,9.0,R_DS004_076,6.0,45.194515700000004,70.7945157,195.0,0.0836935475925926,0.6666666666666666
SH00001267,DS004,2026-07-02,0.0,,0.0,0.0,0.0,0.0,0.0,0.0
SH00001268,DS004,2026-07-02,9.0,R_DS004_078,27.0,183.64971253333334,284.0639981833334,925.0,0.3400920602469136,3.0
SH00001269,DS004,2026-07-02,9.0,R_DS004_079,5.0,36.76731006666667,60.74945291666666,165.0,0.0680876112345679,0.5555555555555556
SH00001270,DS004,2026-07-02,9.0,R_DS004_080,26.0,178.11595523333332,273.40881235,820.0,0.32984436154320984,2.888888888888889
SH00001271,DS004,2026-07-02,8.033333333333333,R_DS004_082,5.0,38.55557626666666,63.30557626666666,165.0,0.07999082213001382,0.6224066390041494
SH00001272,DS004,2026-07-02,9.0,R_DS004_083,26.0,192.77061098333337,289.39203956666665,825.0,0.3569826129320988,2.888888888888889
SH00001273,DS004,2026-07-02,8.266666666666667,R_DS004_084,27.0,190.44136556666672,291.54136558333335,915.0,0.38395436606182803,3.266129032258064
SH00001274,DS004,2026-07-02,8.716666666666667,R_DS004_085,5.0,36.9148196,55.82910531666667,165.0,0.07058282906309751,0.5736137667304015
SH00001275,DS004,2026-07-02,9.0,R_DS004_086,25.0,178.61930796666667,274.6407365,785.0,0.3307764962345679,2.7777777777777777
SH00001276,DS004,2026-07-02,9.0,R_DS004_087,30.0,189.49396400000006,288.2153926333334,1015.0,0.35091474814814827,3.3333333333333335
SH00001277,DS004,2026-07-02,9.0,R_DS004_089,22.0,173.16860953333335,268.7614666833333,700.0,0.32068261024691364,2.4444444444444446
SH00001278,DS004,2026-07-02,9.0,R_DS004_090,28.0,182.32211953333334,288.80069095,955.0,0.33763355469135803,3.111111111111111
SH00001279,DS004,2026-07-02,9.0,R_DS004_092,22.0,170.07559858333332,259.3898843166666,700.0,0.314954812191358,2.4444444444444446
SH00001280,DS004,2026-07-02,9.0,R_DS004_093,28.0,181.22495231666667,282.17495235,950.0,0.3356017635493827,3.111111111111111
SH00001281,DS004,2026-07-02,8.116666666666667,R_DS004_094,5.0,31.92471706666667,49.26757421666667,170.0,0.06555383381245723,0.6160164271047227
SH00001282,DS004,2026-07-02,9.0,R_DS004_096,27.0,187.92934958333328,290.10077820000004,915.0,0.3480173140432098,3.0
SH00001283,DS004,2026-07-02,9.0,R_DS004_098,26.0,164.2103925666667,251.89610685,835.0,0.3040933195679013,2.888888888888889
SH00001284,DS004,2026-07-02,9.0,R_DS004_099,28.0,189.70372751666665,289.83944183333335,960.0,0.35130319910493824,3.111111111111111
SH00001285,DS004,2026-07-02,9.0,R_DS004_100,5.0,31.006590566666663,49.71730485,170.0,0.05741961216049382,0.5555555555555556
SH00001286,DS004,2026-07-02,9.0,R_DS004_101,18.0,142.81362968333332,220.4279154,575.0,0.2644696845987654,2.0
SH00001287,DS004,2026-07-02,9.0,R_DS004_103,5.0,37.247274450000006,55.49013158333334,165.0,0.06897643416666668,0.5555555555555556
SH00001288,DS004,2026-07-02,9.0,R_DS004_104,21.0,155.76693955,241.54551098333334,670.0,0.28845729546296295,2.3333333333333335
SH00001289,DS004,2026-07-02,9.0,R_DS004_105,29.0,183.65126124999998,280.5084041,995.0,0.3400949282407407,3.2222222222222223
SH00001290,DS004,2026-07-02,9.0,R_DS004_106,4.0,32.77111261666667,54.353255483333335,135.0,0.06068724558641976,0.4444444444444444
SH00001291,DS004,2026-07-02,9.0,R_DS004_107,20.0,134.11929275000003,212.71929271666667,645.0,0.2483690606481482,2.2222222222222223
SH00001292,DS004,2026-07-02,9.0,R_DS004_108,26.0,175.24841953333333,268.20556235,885.0,0.3245341102469136,2.888888888888889
SH00001293,DS004,2026-07-02,0.0,,0.0,0.0,0.0,0.0,0.0,0.0
SH00001294,DS004,2026-07-02,9.0,R_DS004_111,26.0,179.47961061666666,277.30103916666667,885.0,0.33236964929012347,2.888888888888889
SH00001295,DS004,2026-07-02,9.0,R_DS004_112,4.0,31.38268121666667,49.26482408333333,135.0,0.058116076327160496,0.4444444444444444
SH00001296,DS004,2026-07-02,9.0,R_DS004_113,17.0,130.81077598333334,199.8964902,550.0,0.2422421777469136,1.8888888888888888
SH00001297,DS004,2026-07-02,8.316666666666666,R_DS004_114,27.0,178.9203808,278.58466653333335,925.0,0.35855787735470945,3.246492985971944
SH00001298,DS004,2026-07-02,9.0,R_DS004_115,6.0,36.46988395,56.34131251666667,205.0,0.06753682212962964,0.6666666666666666
SH00001299,DS004,2026-07-02,9.0,R_DS004_117,24.0,177.63822966666663,272.4382297,815.0,0.32895968456790114,2.6666666666666665
SH00001300,DS004,2026-07-02,0.0,,0.0,0.0,0.0,0.0,0.0,0.0
SH00001301,DS004,2026-07-02,8.666666666666666,R_DS004_119,14.0,113.17549209999997,175.89692066666666,455.0,0.21764517711538456,1.6153846153846154
SH00001302,DS004,2026-07-02,9.0,R_DS004_120,25.0,174.8287599833333,268.0216171166666,855.0,0.3237569629320987,2.7777777777777777
SH00001303,DS004,2026-07-02,9.0,R_DS004_121,5.0,37.78273705,60.28273705000001,170.0,0.06996803157407408,0.5555555555555556
SH00001304,DS004,2026-07-02,9.0,R_DS004_122,17.0,87.83269746666667,134.88984031666666,565.0,0.16265314345679013,1.8888888888888888
SH00001305,DS004,2026-07-02,9.0,R_DS004_124,5.0,43.13213953333334,67.0642824,165.0,0.0798743324691358,0.5555555555555556
SH00001306,DS004,2026-07-02,9.0,R_DS004_125,14.0,94.56012023333332,145.79583449999998,455.0,0.1751113337654321,1.5555555555555556
SH00001307,DS004,2026-07-02,0.0,,0.0,0.0,0.0,0.0,0.0,0.0
SH00001308,DS004,2026-07-02,9.0,R_DS004_127,4.0,30.806746250000003,49.42103196666666,135.0,0.0570495300925926,0.4444444444444444
SH00001309,DS004,2026-07-02,9.0,R_DS004_128,13.0,79.81050334999999,120.67478903333331,425.0,0.1477972284259259,1.4444444444444444
SH00001310,DS004,2026-07-02,9.0,R_DS004_131,13.0,73.97398696666669,107.91684408333333,430.0,0.13698886475308644,1.4444444444444444
SH00001311,DS004,2026-07-02,9.0,R_DS004_132,25.0,184.76305989999994,286.52734566666663,855.0,0.3421538146296295,2.7777777777777777
SH00001312,DS004,2026-07-02,9.0,R_DS004_133,5.0,36.48342088333333,54.88699231666667,170.0,0.06756189052469136,0.5555555555555556
SH00001313,DS004,2026-07-02,8.55,R_DS004_134,8.0,70.60219075,107.63076218333333,265.0,0.13762610282651072,0.935672514619883
SH00001314,DS004,2026-07-02,9.0,R_DS004_135,22.0,168.57093275,256.3423613,755.0,0.3121683939814815,2.4444444444444446
SH00001315,DS004,2026-07-02,9.0,R_DS004_136,4.0,27.16883015,42.56883015,135.0,0.05031264842592593,0.4444444444444444
SH00001316,DS004,2026-07-02,9.0,R_DS004_138,25.0,168.87327721666668,261.7875629166667,845.0,0.3127282911419753,2.7777777777777777
SH00001317,DS004,2026-07-02,0.0,,0.0,0.0,0.0,0.0,0.0,0.0
SH00001318,DS004,2026-07-02,9.0,R_DS004_140,9.0,70.34190770000001,109.04190773333335,300.0,0.13026279203703706,1.0
SH00001319,DS004,2026-07-02,9.0,R_DS004_141,25.0,160.41159041666668,250.45444755000003,860.0,0.29705850077160495,2.7777777777777777
SH00001320,DS004,2026-07-02,9.0,R_DS004_143,9.0,72.70563555,108.61992126666667,300.0,0.13464006583333332,1.0
SH00001321,DS004,2026-07-02,0.0,,0.0,0.0,0.0,0.0,0.0,0.0
SH00001322,DS004,2026-07-02,9.0,R_DS004_146,9.0,65.70048415,99.68619846666667,305.0,0.12166756324074073,1.0
SH00001323,DS004,2026-07-02,9.0,R_DS004_147,27.0,167.32861928333332,255.14290494999997,930.0,0.3098678134876543,3.0
SH00001324,DS004,2026-07-02,8.383333333333333,R_DS004_148,1.0,10.0677395,15.1927395,35.0,0.020015386679920477,0.11928429423459246
SH00001325,DS004,2026-07-02,9.0,R_DS004_149,9.0,57.60452694999999,91.33309836666666,305.0,0.1066750499074074,1.0
SH00001326,DS004,2026-07-02,0.0,,0.0,0.0,0.0,0.0,0.0,0.0
SH00001327,DS004,2026-07-02,8.15,R_DS004_152,9.0,57.33510596666667,87.50653455,295.0,0.11724970545330607,1.1042944785276072
SH00001328,DS004,2026-07-02,9.0,R_DS004_153,23.0,165.26669051666667,251.8595476333334,790.0,0.3060494268827161,2.5555555555555554
SH00001329,DS004,2026-07-02,9.0,R_DS004_154,5.0,26.13334316666667,39.233343166666664,175.0,0.048395079938271614,0.5555555555555556
SH00001330,DS004,2026-07-02,9.0,R_DS004_156,24.0,165.71535181666667,254.94392323333335,820.0,0.3068802811419753,2.6666666666666665
SH00001331,DS004,2026-07-02,9.0,R_DS004_157,3.0,27.476825283333334,43.52682528333333,105.0,0.05088300978395062,0.3333333333333333
SH00001332,DS004,2026-07-02,9.0,R_DS004_159,23.0,161.51582346666666,246.03010918333334,790.0,0.29910337679012344,2.5555555555555554
SH00001333,DS004,2026-07-02,0.0,,0.0,0.0,0.0,0.0,0.0,0.0
SH00001360,DS005,2026-07-02,9.0,R_DS005_001,30.0,171.27422218333334,262.4956506666667,900.0,0.31717448552469135,3.3333333333333335
SH00001361,DS005,2026-07-02,8.533333333333333,R_DS005_002,43.0,237.0414619,355.1986046666667,1340.0,0.4629716052734375,5.0390625
SH00001362,DS005,2026-07-02,9.0,R_DS005_003,45.0,267.67850556666673,405.13207695000006,1490.0,0.495700936234568,5.0
SH00001363,DS005,2026-07-02,9.0,R_DS005_005,43.0,242.0639203166667,361.5710632166668,1340.0,0.4482665191049383,4.777777777777778
SH00001364,DS005,2026-07-02,9.0,R_DS005_006,45.0,272.7097385833333,402.4490243333333,1495.0,0.5050180344135802,5.0
SH00001365,DS005,2026-07-02,9.0,R_DS005_007,27.0,153.09524133333335,226.93809845000004,810.0,0.28350970617283955,3.0
SH00001366,DS005,2026-07-02,9.0,R_DS005_008,42.0,245.67869698333337,367.69298261666677,1310.0,0.4549605499691359,4.666666666666667
SH00001367,DS005,2026-07-02,9.0,R_DS005_009,43.0,255.80667150000002,378.4316714833333,1420.0,0.47371605833333336,4.777777777777778
SH00001368,DS005,2026-07-02,9.0,R_DS005_010,22.0,117.14826364999999,177.14826366666662,660.0,0.21694122898148147,2.4444444444444446
SH00001369,DS005,2026-07-02,9.0,R_DS005_013,17.0,104.42496898333333,151.91068323333334,510.0,0.193379572191358,1.8888888888888888
SH00001370,DS005,2026-07-02,9.0,R_DS005_014,42.0,229.2283094666666,344.1711665666666,1310.0,0.4244968693827159,4.666666666666667
SH00001371,DS005,2026-07-02,0.0,,0.0,0.0,0.0,0.0,0.0,0.0
SH00001372,DS005,2026-07-02,9.0,R_DS005_016,17.0,89.08899543333335,131.28185253333334,510.0,0.16497962117283954,1.8888888888888888
SH00001373,DS005,2026-07-02,0.0,,0.0,0.0,0.0,0.0,0.0,0.0
SH00001374,DS005,2026-07-02,9.0,R_DS005_019,11.0,54.181202666666664,79.53120266666667,330.0,0.10033556049382715,1.2222222222222223
SH00001375,DS005,2026-07-02,9.0,R_DS005_020,39.0,226.35742935,337.1431436166667,1220.0,0.4191804247222222,4.333333333333333
SH00001376,DS005,2026-07-02,9.0,R_DS005_021,44.0,244.63921721666662,366.9856457833333,1465.0,0.45303558743827155,4.888888888888889
SH00001377,DS005,2026-07-02,9.0,R_DS005_022,10.0,56.500639549999995,83.39349666666668,300.0,0.10463081398148147,1.1111111111111112
SH00001378,DS005,2026-07-02,9.0,R_DS005_023,36.0,195.51432478333336,290.6143247666665,1135.0,0.3620635644135803,4.0
SH00001379,DS005,2026-07-02,9.0,R_DS005_024,39.0,238.54191318333326,362.9990560333334,1305.0,0.44174428367283936,4.333333333333333
SH00001380,DS005,2026-07-02,9.0,R_DS005_026,34.0,206.20173435,313.13030574999993,1070.0,0.38185506361111116,3.7777777777777777
SH00001381,DS005,2026-07-02,8.566666666666666,R_DS005_027,39.0,208.03090460000004,322.5344759999999,1300.0,0.40472938638132305,4.552529182879377
SH00001382,DS005,2026-07-02,9.0,R_DS005_028,9.0,44.35600303333334,68.9774316,270.0,0.0821407463580247,1.0
SH00001383,DS005,2026-07-02,9.0,R_DS005_029,34.0,185.81009158333336,275.85294876666666,1075.0,0.3440927621913581,3.7777777777777777
SH00001384,DS005,2026-07-02,9.0,R_DS005_030,39.0,207.2013782333333,312.84423536666657,1300.0,0.38370625598765423,4.333333333333333
SH00001385,DS005,2026-07-02,9.0,R_DS005_031,7.0,37.4475346,58.276106033333335,210.0,0.06934728629629629,0.7777777777777778
SH00001386,DS005,2026-07-02,9.0,R_DS005_033,37.0,205.73690645000002,305.14404941666663,1230.0,0.3809942712037037,4.111111111111111
SH00001387,DS005,2026-07-02,9.0,R_DS005_034,5.0,33.25288008333334,51.274308633333334,150.0,0.0615794075617284,0.5555555555555556
SH00001388,DS005,2026-07-02,9.0,R_DS005_035,29.0,170.00838171666666,249.29409593333332,915.0,0.31483033651234565,3.2222222222222223
SH00001389,DS005,2026-07-02,0.0,,0.0,0.0,0.0,0.0,0.0,0.0
SH00001390,DS005,2026-07-02,8.416666666666666,R_DS005_037,5.0,26.603771066666667,39.91091395,150.0,0.05268073478547856,0.5940594059405941
SH00001391,DS005,2026-07-02,9.0,R_DS005_041,29.0,160.04929238333332,237.98500663333337,920.0,0.2963875784876543,3.2222222222222223
SH00001392,DS005,2026-07-02,9.0,R_DS005_042,36.0,195.65226703333335,290.7736956666667,1200.0,0.3623190130246914,4.0
SH00001393,DS005,2026-07-02,9.0,R_DS005_043,3.0,17.6007362,25.250736183333334,90.0,0.03259395592592593,0.3333333333333333
SH00001394,DS005,2026-07-02,8.716666666666667,R_DS005_045,36.0,201.69282865,304.0999714833333,1200.0,0.3856459438814531,4.130019120458891
SH00001395,DS005,2026-07-02,9.0,R_DS005_047,28.0,164.9941103333333,246.55125318333336,890.0,0.3055446487654321,3.111111111111111
SH00001396,DS005,2026-07-02,9.0,R_DS005_048,33.0,200.06736671666664,295.46736668333335,1105.0,0.3704951235493827,3.6666666666666665
SH00001397,DS005,2026-07-02,9.0,R_DS005_049,1.0,5.058197866666666,8.101055016666667,30.0,0.009367033086419752,0.1111111111111111
SH00001398,DS005,2026-07-02,9.0,R_DS005_050,26.0,145.87045559999999,218.53474128333332,825.0,0.2701304733333333,2.888888888888889
SH00001399,DS005,2026-07-02,9.0,R_DS005_051,32.0,183.3215091,274.88579483333336,1080.0,0.3394842761111111,3.5555555555555554
SH00001400,DS005,2026-07-02,9.0,R_DS005_052,1.0,3.1637146,4.278000316666667,30.0,0.005858730740740741,0.1111111111111111
SH00001401,DS005,2026-07-02,8.833333333333334,R_DS005_054,30.0,158.06745595,241.72459883333335,1020.0,0.2982404829245283,3.3962264150943393
SH00001402,DS005,2026-07-02,0.0,,0.0,0.0,0.0,0.0,0.0,0.0
SH00001403,DS005,2026-07-02,0.0,,0.0,0.0,0.0,0.0,0.0,0.0
SH00001404,DS005,2026-07-02,9.0,R_DS005_061,1.0,8.395084116666666,12.830798399999999,30.0,0.015546452067901234,0.1111111111111111
SH00001405,DS005,2026-07-02,9.0,R_DS005_062,25.0,139.7541999166667,209.0970571,795.0,0.25880407391975313,2.7777777777777777
SH00001406,DS005,2026-07-02,9.0,R_DS005_063,29.0,166.35749161666666,240.3074916333333,990.0,0.3080694289197531,3.2222222222222223
SH00001407,DS005,2026-07-02,9.0,R_DS005_064,1.0,3.0745221833333334,4.767379333333333,30.0,0.005693559598765432,0.1111111111111111
SH00001408,DS005,2026-07-02,9.0,R_DS005_065,20.0,113.05899905000001,169.78042765,645.0,0.20936851675925927,2.2222222222222223
SH00001409,DS005,2026-07-02,9.0,R_DS005_066,30.0,165.58040830000004,244.11612265,1025.0,0.3066303857407408,3.3333333333333335
SH00001410,DS005,2026-07-02,9.0,R_DS005_068,21.0,112.46320608333335,165.88463465,670.0,0.2082651964506173,2.3333333333333335
SH00001411,DS005,2026-07-02,0.0,,0.0,0.0,0.0,0.0,0.0,0.0
SH00001412,DS005,2026-07-02,9.0,R_DS005_070,1.0,3.0641704499999998,4.949884733333334,30.0,0.005674389722222221,0.1111111111111111
SH00001413,DS005,2026-07-02,9.0,R_DS005_071,16.0,99.51586859999999,150.21586861666665,515.0,0.18428864555555555,1.7777777777777777
SH00001414,DS005,2026-07-02,9.0,R_DS005_072,29.0,154.27810918333333,229.92096631666666,990.0,0.285700202191358,3.2222222222222223
SH00001415,DS005,2026-07-02,9.0,R_DS005_073,1.0,6.800412566666666,9.843269716666667,30.0,0.012593356604938271,0.1111111111111111
SH00001416,DS005,2026-07-02,9.0,R_DS005_075,29.0,156.2264658,230.41218005,995.0,0.28930827,3.2222222222222223
SH00001417,DS005,2026-07-02,9.0,R_DS005_076,1.0,5.4876073,8.316178733333334,30.0,0.01016223574074074,0.1111111111111111
SH00001418,DS005,2026-07-02,9.0,R_DS005_077,18.0,104.67332693333333,159.5304698,580.0,0.19383949432098765,2.0
SH00001419,DS005,2026-07-02,9.0,R_DS005_078,27.0,140.18059151666668,207.85202010000003,935.0,0.2595936879938272,3.0
SH00001420,DS005,2026-07-02,9.0,R_DS005_079,1.0,7.485151983333334,12.220866266666667,30.0,0.013861392561728397,0.1111111111111111
SH00001421,DS005,2026-07-02,9.0,R_DS005_080,15.0,83.43933848333333,122.69648135,495.0,0.1545172934876543,1.6666666666666667
SH00001422,DS005,2026-07-02,9.0,R_DS005_083,13.0,64.52139933333333,97.88568509999998,425.0,0.11948407283950617,1.4444444444444444
SH00001423,DS005,2026-07-02,9.0,R_DS005_084,27.0,140.87806311666665,213.47806308333327,930.0,0.2608853020679012,3.0
SH00001424,DS005,2026-07-02,9.0,R_DS005_085,1.0,7.079842066666667,9.929842066666668,30.0,0.01311081864197531,0.1111111111111111
SH00001425,DS005,2026-07-02,0.0,,0.0,0.0,0.0,0.0,0.0,0.0
SH00001426,DS005,2026-07-02,9.0,R_DS005_087,25.0,150.31146356666667,226.55432066666665,860.0,0.27835456216049387,2.7777777777777777
SH00001427,DS005,2026-07-02,9.0,R_DS005_090,28.0,146.8717858166667,220.9289286666667,965.0,0.27198478854938274,3.111111111111111
SH00001428,DS005,2026-07-02,9.0,R_DS005_091,1.0,4.2366130166666665,5.586613016666666,30.0,0.007845579660493826,0.1111111111111111
SH00001429,DS005,2026-07-02,9.0,R_DS005_092,12.0,62.731829766666664,94.7246869,395.0,0.11617005512345678,1.3333333333333333
SH00001430,DS005,2026-07-02,0.0,,0.0,0.0,0.0,0.0,0.0,0.0
SH00001431,DS005,2026-07-02,0.0,,0.0,0.0,0.0,0.0,0.0,0.0
SH00001432,DS005,2026-07-02,9.0,R_DS005_096,24.0,140.86101656666668,215.81815943333334,830.0,0.2608537343827161,2.6666666666666665
SH00001433,DS005,2026-07-02,9.0,,0.0,0.0,0.0,0.0,0.0,0.0
SH00001434,DS005,2026-07-02,0.0,,0.0,0.0,0.0,0.0,0.0,0.0
SH00001435,DS005,2026-07-02,9.0,R_DS005_099,24.0,137.85333216666666,204.36761793333335,825.0,0.2552839484567901,2.6666666666666665
SH00001436,DS005,2026-07-02,9.0,,0.0,0.0,0.0,0.0,0.0,0.0
SH00001437,DS005,2026-07-02,8.533333333333333,R_DS005_101,10.0,62.61130913333334,92.82559486666666,330.0,0.12228771315104169,1.171875
SH00001438,DS005,2026-07-02,9.0,,0.0,0.0,0.0,0.0,0.0,0.0
SH00001439,DS005,2026-07-02,9.0,R_DS005_104,9.0,50.00408806666667,74.92551661666668,300.0,0.09260016308641976,1.0
SH00001440,DS005,2026-07-02,9.0,R_DS005_105,23.0,125.63645256666668,188.4221669166667,800.0,0.23266009734567902,2.5555555555555554
SH00001441,DS005,2026-07-02,9.0,,0.0,0.0,0.0,0.0,0.0,0.0
SH00001442,DS005,2026-07-02,9.0,R_DS005_107,5.0,31.525519466666665,45.711233750000005,165.0,0.05838059160493827,0.5555555555555556
SH00001443,DS005,2026-07-02,9.0,R_DS005_108,22.0,129.21788056666665,192.38930911666662,765.0,0.23929237141975307,2.4444444444444446
SH00001444,DS005,2026-07-02,9.0,R_DS005_110,5.0,22.43983935,35.061267916666665,170.0,0.04155525805555556,0.5555555555555556
SH00001445,DS005,2026-07-02,9.0,,0.0,0.0,0.0,0.0,0.0,0.0
SH00001446,DS005,2026-07-02,9.0,R_DS005_113,3.0,17.295377483333333,26.2096632,100.0,0.03202847682098765,0.3333333333333333
SH00001447,DS005,2026-07-02,8.45,R_DS005_114,23.0,123.65201588333333,186.3305873166667,800.0,0.24388957767915848,2.7218934911242605
SH00001448,DS005,2026-07-02,9.0,,0.0,0.0,0.0,0.0,0.0,0.0
SH00001449,DS005,2026-07-02,9.0,,0.0,0.0,0.0,0.0,0.0,0.0
SH00001450,DS005,2026-07-02,9.0,R_DS005_119,3.0,18.00561713333333,25.99847426666667,100.0,0.03334373543209876,0.3333333333333333
SH00001451,DS005,2026-07-02,9.0,R_DS005_120,21.0,121.42416516666668,186.84559371666668,735.0,0.2248595651234568,2.3333333333333335
SH00001452,DS005,2026-07-02,9.0,,0.0,0.0,0.0,0.0,0.0,0.0
SH00001453,DS005,2026-07-02,0.0,,0.0,0.0,0.0,0.0,0.0,0.0
SH00001454,DS005,2026-07-02,8.366666666666667,R_DS005_126,19.0,114.45793963333334,174.84365386666667,665.0,0.228003863811421,2.2709163346613543
SH00001455,DS005,2026-07-02,9.0,,0.0,0.0,0.0,0.0,0.0,0.0
SH00001456,DS005,2026-07-02,0.0,,0.0,0.0,0.0,0.0,0.0,0.0
SH00001457,DS005,2026-07-02,9.0,R_DS005_129,19.0,115.16026061666668,171.98883209999997,665.0,0.21325974188271607,2.111111111111111
SH00001458,DS005,2026-07-02,8.433333333333334,R_DS005_132,21.0,105.16209185,159.01209183333333,735.0,0.20783022104743082,2.4901185770750986
SH00001459,DS005,2026-07-02,9.0,,0.0,0.0,0.0,0.0,0.0,0.0
SH00001460,DS005,2026-07-02,8.383333333333333,R_DS005_135,18.0,104.1329684,153.29011133333333,630.0,0.20702379403578527,2.1471172962226643
SH00001492,DS001,2026-07-03,0.0,,0.0,0.0,0.0,0.0,0.0,0.0
SH00001493,DS001,2026-07-03,9.0,R_DS001_002,38.0,300.37160381666666,478.7966037666668,1590.0,0.556243710771605,4.222222222222222
SH00001494,DS001,2026-07-03,8.266666666666667,R_DS001_003,40.0,286.4203404999999,443.44534045,1730.0,0.5774603639112901,4.838709677419354
SH00001495,DS001,2026-07-03,9.0,R_DS001_004,28.0,203.45262698333332,319.3597699,1120.0,0.37676412404320986,3.111111111111111
SH00001496,DS001,2026-07-03,0.0,,0.0,0.0,0.0,0.0,0.0,0.0
SH00001497,DS001,2026-07-03,0.0,,0.0,0.0,0.0,0.0,0.0,0.0
SH00001498,DS001,2026-07-03,9.0,R_DS001_009,41.0,306.3529574333333,479.62438601666673,1770.0,0.5673202915432098,4.555555555555555
SH00001499,DS001,2026-07-03,9.0,R_DS001_010,26.0,209.60802210000003,336.0258792333333,1040.0,0.3881630038888889,2.888888888888889
SH00001500,DS001,2026-07-03,9.0,R_DS001_011,35.0,304.92038020000007,470.52038023333336,1450.0,0.5646673707407409,3.888888888888889
SH00001501,DS001,2026-07-03,9.0,R_DS001_013,26.0,192.31489330000002,298.2577504,1040.0,0.35613869129629633,2.888888888888889
SH00001502,DS001,2026-07-03,9.0,R_DS001_014,32.0,304.45946305,477.9023201833335,1335.0,0.563813820462963,3.5555555555555554
SH00001503,DS001,2026-07-03,9.0,R_DS001_015,39.0,296.41968906666665,462.37326046666675,1695.0,0.5489253501234568,4.333333333333333
SH00001504,DS001,2026-07-03,9.0,R_DS001_016,23.0,153.51032833333335,238.39961403333334,920.0,0.28427838580246917,2.5555555555555554
SH00001505,DS001,2026-07-03,9.0,R_DS001_017,39.0,297.8697485166666,463.0518913166667,1630.0,0.5516106454012345,4.333333333333333
SH00001506,DS001,2026-07-03,0.0,,0.0,0.0,0.0,0.0,0.0,0.0
SH00001507,DS001,2026-07-03,9.0,R_DS001_020,41.0,292.0218256166667,462.6361112666667,1710.0,0.5407811585493828,4.555555555555555
SH00001508,DS001,2026-07-03,9.0,R_DS001_021,42.0,296.85763753333333,461.36478041666675,1820.0,0.5497363658024691,4.666666666666667
SH00001509,DS001,2026-07-03,9.0,R_DS001_022,19.0,165.93937716666667,259.4429485333333,760.0,0.3072951429012346,2.111111111111111
SH00001510,DS001,2026-07-03,9.0,R_DS001_023,39.0,294.10121418333335,461.01907129999995,1625.0,0.544631878117284,4.333333333333333
SH00001511,DS001,2026-07-03,9.0,R_DS001_024,37.0,301.2089815000001,464.55898153333334,1615.0,0.5577944101851854,4.111111111111111
SH00001512,DS001,2026-07-03,9.0,R_DS001_025,21.0,162.88066739999996,250.18066733333336,840.0,0.3016308655555555,2.3333333333333335
SH00001513,DS001,2026-07-03,9.0,R_DS001_027,38.0,295.97045323333333,472.27402461666657,1660.0,0.5480934319135803,4.222222222222222
SH00001514,DS001,2026-07-03,0.0,,0.0,0.0,0.0,0.0,0.0,0.0
SH00001515,DS001,2026-07-03,9.0,R_DS001_029,39.0,287.6269817166667,447.1198388333332,1630.0,0.532642558734568,4.333333333333333
SH00001516,DS001,2026-07-03,8.0,R_DS001_030,37.0,272.39396934999996,430.47254076666667,1625.0,0.5674874361458333,4.625
SH00001517,DS001,2026-07-03,8.366666666666667,R_DS001_031,17.0,148.81036178333335,235.17821894999997,680.0,0.29643498363213816,2.0318725099601593
SH00001518,DS001,2026-07-03,9.0,R_DS001_032,34.0,293.7873819666667,463.46952481666665,1420.0,0.5440507073456791,3.7777777777777777
SH00001519,DS001,2026-07-03,9.0,R_DS001_034,15.0,111.1072636833333,172.40369225000003,600.0,0.2057541920061728,1.6666666666666667
SH00001520,DS001,2026-07-03,9.0,R_DS001_035,36.0,291.10701186666665,450.14986899999997,1500.0,0.5390870590123457,4.0
SH00001521,DS001,2026-07-03,9.0,R_DS001_036,39.0,294.5041132166666,459.49339890000005,1690.0,0.5453779874382715,4.333333333333333
SH00001522,DS001,2026-07-03,9.0,R_DS001_037,14.0,107.06275039999997,168.32703606666666,560.0,0.19826435259259254,1.5555555555555556
SH00001523,DS001,2026-07-03,9.0,R_DS001_038,36.0,287.8952231166666,450.6987945666666,1505.0,0.5331393020679012,4.0
SH00001524,DS001,2026-07-03,8.483333333333333,R_DS001_039,38.0,280.53810588333323,436.27024876666667,1665.0,0.5511554143091026,4.479371316306484
SH00001525,DS001,2026-07-03,9.0,R_DS001_041,36.0,281.66975236666667,440.6161809999999,1505.0,0.5216106525308642,4.0
SH00001526,DS001,2026-07-03,9.0,R_DS001_042,39.0,289.4137736166667,451.7673450833334,1705.0,0.5359514326234568,4.333333333333333
SH00001527,DS001,2026-07-03,9.0,R_DS001_043,10.0,69.09585375,104.54942515,400.0,0.12795528472222223,1.1111111111111112
SH00001528,DS001,2026-07-03,9.0,R_DS001_044,37.0,274.4125523666667,433.3268380833333,1545.0,0.508171393271605,4.111111111111111
SH00001529,DS001,2026-07-03,9.0,R_DS001_045,35.0,294.43621761666674,466.26121763333333,1510.0,0.5452522548456792,3.888888888888889
SH00001530,DS001,2026-07-03,9.0,R_DS001_046,9.0,69.19049233333334,106.25120663333334,360.0,0.1281305413580247,1.0
SH00001531,DS001,2026-07-03,0.0,,0.0,0.0,0.0,0.0,0.0,0.0
SH00001532,DS001,2026-07-03,9.0,R_DS001_049,9.0,69.61237403333334,105.03380263333332,360.0,0.1289118037654321,1.0
SH00001533,DS001,2026-07-03,9.0,R_DS001_050,37.0,276.4510387666666,431.6367529666667,1545.0,0.5119463680864197,4.111111111111111
SH00001534,DS001,2026-07-03,9.0,R_DS001_051,37.0,285.8200536,442.51648221666653,1615.0,0.5292963955555555,4.111111111111111
SH00001535,DS001,2026-07-03,9.0,R_DS001_052,7.0,53.023228366666665,80.89108553333334,280.0,0.0981911636419753,0.7777777777777778
SH00001536,DS001,2026-07-03,0.0,,0.0,0.0,0.0,0.0,0.0,0.0
SH00001537,DS001,2026-07-03,8.066666666666666,R_DS001_055,4.0,31.80047361666667,51.6969022,160.0,0.06570345788567494,0.49586776859504134
SH00001538,DS001,2026-07-03,9.0,R_DS001_056,31.0,258.32103781666666,403.28532356666665,1305.0,0.4783722922530864,3.4444444444444446
SH00001539,DS001,2026-07-03,8.816666666666666,R_DS001_057,38.0,276.53393436666664,431.3517914833333,1665.0,0.5227484581600503,4.310018903591683
SH00001540,DS001,2026-07-03,9.0,R_DS001_058,6.0,44.48310646666667,71.06524931666667,240.0,0.08237612308641976,0.6666666666666666
SH00001541,DS001,2026-07-03,9.0,R_DS001_059,31.0,246.51289418333334,394.0486084666667,1305.0,0.4565053595987654,3.4444444444444446
SH00001542,DS001,2026-07-03,8.55,R_DS001_060,32.0,264.2318104333333,413.56752471666664,1405.0,0.5150717552306692,3.742690058479532
SH00001543,DS001,2026-07-03,9.0,R_DS001_062,34.0,249.86292673333335,387.7557838833334,1430.0,0.46270912358024696,3.7777777777777777
SH00001544,DS001,2026-07-03,9.0,R_DS001_063,34.0,273.23276418333336,436.87204985,1490.0,0.5059866003395063,3.7777777777777777
SH00001545,DS001,2026-07-03,8.75,R_DS001_064,5.0,44.58930708333334,68.88930708333334,200.0,0.0849320134920635,0.5714285714285714
SH00001546,DS001,2026-07-03,9.0,R_DS001_065,33.0,250.46099963333333,397.61099961666673,1380.0,0.4638166659876543,3.6666666666666665
SH00001547,DS001,2026-07-03,9.0,R_DS001_066,39.0,277.9549069333333,432.32990691666686,1705.0,0.5147313091358023,4.333333333333333
SH00001548,DS001,2026-07-03,9.0,R_DS001_069,35.0,277.4147775166667,438.1290631999999,1535.0,0.5137310694753087,3.888888888888889
SH00001549,DS001,2026-07-03,9.0,R_DS001_070,5.0,49.80969176666667,77.96683465,200.0,0.09224016993827161,0.5555555555555556
SH00001550,DS001,2026-07-03,9.0,R_DS001_072,36.0,276.35880918333345,434.0230948833334,1580.0,0.5117755725617286,4.0
SH00001551,DS001,2026-07-03,9.0,R_DS001_073,4.0,32.58528103333333,49.55670963333334,160.0,0.06034311302469136,0.4444444444444444
SH00001552,DS001,2026-07-03,8.333333333333334,R_DS001_074,28.0,232.93676739999998,366.2331959166667,1175.0,0.46587353479999993,3.36
SH00001553,DS001,2026-07-03,9.0,R_DS001_076,3.0,27.899544899999995,43.10311635,120.0,0.05166582388888888,0.3333333333333333
SH00001554,DS001,2026-07-03,9.0,R_DS001_077,31.0,237.71709206666668,377.9563777499999,1305.0,0.44021683716049387,3.4444444444444446
SH00001555,DS001,2026-07-03,9.0,R_DS001_078,36.0,282.3168950999999,440.10618073333336,1575.0,0.5228090649999998,4.0
SH00001556,DS001,2026-07-03,9.0,R_DS001_079,2.0,12.530256166666666,21.24097045,80.0,0.023204178086419752,0.2222222222222222
SH00001557,DS001,2026-07-03,9.0,R_DS001_080,34.0,243.32399606666667,378.32399604999995,1435.0,0.4505999927160494,3.7777777777777777
SH00001558,DS001,2026-07-03,9.0,R_DS001_081,39.0,284.7024177666667,439.8238464333332,1710.0,0.5272266995679014,4.333333333333333
SH00001559,DS001,2026-07-03,9.0,R_DS001_083,31.0,240.95232183333337,371.9344646666667,1300.0,0.4462080033950618,3.4444444444444446
SH00001560,DS001,2026-07-03,9.0,R_DS001_084,35.0,277.38572103333337,439.51429244999997,1535.0,0.5136772611728395,3.888888888888889
SH00001561,DS001,2026-07-03,9.0,R_DS001_085,2.0,17.280937533333333,28.75593753333333,80.0,0.0320017361728395,0.2222222222222222
SH00001562,DS001,2026-07-03,9.0,R_DS001_087,37.0,266.61266426666674,423.2769499666665,1625.0,0.49372715604938283,4.111111111111111
SH00001563,DS001,2026-07-03,9.0,R_DS001_088,2.0,18.673538516666667,28.252109933333337,80.0,0.03458062688271605,0.2222222222222222
SH00001564,DS001,2026-07-03,8.6,R_DS001_090,35.0,259.5726157166667,408.2976157166666,1540.0,0.503047704877261,4.069767441860465
SH00001565,DS001,2026-07-03,9.0,R_DS001_091,1.0,12.80917595,19.78417595,40.0,0.023720696203703703,0.1111111111111111
SH00001566,DS001,2026-07-03,9.0,R_DS001_093,34.0,274.1728690166666,426.5942976166667,1490.0,0.5077275352160493,3.7777777777777777
SH00001567,DS001,2026-07-03,9.0,R_DS001_094,2.0,7.964198183333332,11.789198183333333,80.0,0.014748515154320985,0.2222222222222222
SH00001568,DS001,2026-07-03,9.0,R_DS001_095,31.0,228.65392368333332,357.64320945,1310.0,0.4234331920061728,3.4444444444444446
SH00001569,DS001,2026-07-03,8.366666666666667,R_DS001_097,1.0,9.340703133333333,13.90498885,40.0,0.018606978353253652,0.1195219123505976
SH00001570,DS001,2026-07-03,9.0,R_DS001_098,29.0,233.06835551666666,364.6290698,1220.0,0.43160806577160493,3.2222222222222223
SH00001571,DS001,2026-07-03,9.0,R_DS001_099,38.0,273.52043530000003,421.6668638333334,1660.0,0.5065193246296297,4.222222222222222
SH00001572,DS001,2026-07-03,9.0,R_DS001_100,1.0,8.879672233333334,15.91895795,40.0,0.016443837469135802,0.1111111111111111
SH00001573,DS001,2026-07-03,0.0,,0.0,0.0,0.0,0.0,0.0,0.0
SH00001574,DS001,2026-07-03,9.0,R_DS001_102,34.0,260.92979193333326,420.0690777000001,1495.0,0.4832033183950616,3.7777777777777777
SH00001575,DS001,2026-07-03,9.0,R_DS001_104,30.0,229.80364341666672,357.89292916666676,1270.0,0.4255623026234569,3.3333333333333335
SH00001576,DS001,2026-07-03,9.0,R_DS001_106,1.0,5.797042083333333,8.914899216666667,40.0,0.01073526311728395,0.1111111111111111
SH00001577,DS001,2026-07-03,9.0,R_DS001_107,27.0,213.51316996666668,338.5488842166667,1145.0,0.39539475919753087,3.0
SH00001578,DS001,2026-07-03,9.0,R_DS001_108,36.0,275.8986958166666,429.68441015,1575.0,0.5109235107716048,4.0
SH00001579,DS001,2026-07-03,0.0,,0.0,0.0,0.0,0.0,0.0,0.0
SH00001580,DS001,2026-07-03,9.0,R_DS001_111,35.0,266.31584918333334,417.3229919333333,1540.0,0.49317749848765435,3.888888888888889
SH00001581,DS001,2026-07-03,9.0,R_DS001_112,1.0,5.23279295,8.15779295,40.0,0.009690357314814815,0.1111111111111111
SH00001582,DS001,2026-07-03,8.6,R_DS001_113,29.0,219.1367954333333,341.76179540000004,1225.0,0.4246837120801033,3.372093023255814
SH00001583,DS001,2026-07-03,9.0,R_DS001_114,33.0,262.7064801333333,412.36362303333334,1450.0,0.48649348172839496,3.6666666666666665
SH00001584,DS001,2026-07-03,9.0,R_DS001_115,1.0,9.686731833333333,15.761731833333332,40.0,0.017938392283950617,0.1111111111111111
SH00001585,DS001,2026-07-03,9.0,R_DS001_116,27.0,219.64265665000002,347.98908523333336,1140.0,0.406745660462963,3.0
SH00001586,DS001,2026-07-03,9.0,R_DS001_119,28.0,220.36050018333333,344.2390715833333,1190.0,0.40807500033950617,3.111111111111111
SH00001587,DS001,2026-07-03,0.0,,0.0,0.0,0.0,0.0,0.0,0.0
SH00001588,DS001,2026-07-03,0.0,,0.0,0.0,0.0,0.0,0.0,0.0
SH00001589,DS001,2026-07-03,0.0,,0.0,0.0,0.0,0.0,0.0,0.0
SH00001590,DS001,2026-07-03,9.0,R_DS001_123,36.0,267.3364632166667,418.7614632500001,1580.0,0.49506752447530866,4.0
SH00001591,DS001,2026-07-03,9.0,R_DS001_125,26.0,215.97206701666667,334.6113527000001,1100.0,0.39994827225308643,2.888888888888889
SH00001592,DS001,2026-07-03,8.7,R_DS001_126,34.0,261.21015185000005,413.40658043333343,1485.0,0.500402589750958,3.9080459770114944
SH00001593,DS001,2026-07-03,8.3,R_DS001_128,26.0,210.88978735000006,332.42193025000006,1095.0,0.42347346857429724,3.1325301204819276
SH00001594,DS001,2026-07-03,0.0,,0.0,0.0,0.0,0.0,0.0,0.0
SH00001595,DS001,2026-07-03,9.0,R_DS001_130,1.0,7.640358716666666,11.465358716666666,40.0,0.014148812438271605,0.1111111111111111
SH00001596,DS001,2026-07-03,9.0,R_DS001_132,33.0,265.56748458333334,419.5639130999999,1450.0,0.49179163811728394,3.6666666666666665
SH00001597,DS001,2026-07-03,9.0,R_DS001_133,1.0,10.363387033333334,14.7348156,40.0,0.0191914574691358,0.1111111111111111
SH00001598,DS001,2026-07-03,9.0,R_DS001_134,24.0,198.05431199999998,309.68645485,1025.0,0.3667672444444444,2.6666666666666665
SH00001599,DS001,2026-07-03,0.0,,0.0,0.0,0.0,0.0,0.0,0.0
SH00001600,DS001,2026-07-03,9.0,,0.0,0.0,0.0,0.0,0.0,0.0
SH00001601,DS001,2026-07-03,9.0,,0.0,0.0,0.0,0.0,0.0,0.0
SH00001602,DS001,2026-07-03,0.0,,0.0,0.0,0.0,0.0,0.0,0.0
SH00001603,DS001,2026-07-03,0.0,,0.0,0.0,0.0,0.0,0.0,0.0
SH00001604,DS001,2026-07-03,9.0,,0.0,0.0,0.0,0.0,0.0,0.0
SH00001605,DS001,2026-07-03,9.0,R_DS001_143,25.0,193.00166428333333,300.5838072333333,1065.0,0.3574104894135802,2.7777777777777777
SH00001606,DS001,2026-07-03,9.0,R_DS001_144,34.0,272.01068683333335,420.7678296666667,1495.0,0.5037234941358025,3.7777777777777777
SH00001607,DS001,2026-07-03,0.0,,0.0,0.0,0.0,0.0,0.0,0.0
SH00001608,DS001,2026-07-03,8.366666666666667,R_DS001_147,33.0,259.9721984333334,403.61862699999995,1460.0,0.5178729052456841,3.9442231075697207
SH00001609,DS001,2026-07-03,9.0,,0.0,0.0,0.0,0.0,0.0,0.0
SH00001610,DS001,2026-07-03,0.0,,0.0,0.0,0.0,0.0,0.0,0.0
SH00001611,DS001,2026-07-03,8.666666666666666,,0.0,0.0,0.0,0.0,0.0,0.0
SH00001612,DS001,2026-07-03,9.0,R_DS001_153,36.0,261.1505745,403.99343161666667,1590.0,0.48361217500000003,4.0
SH00001613,DS001,2026-07-03,8.633333333333333,,0.0,0.0,0.0,0.0,0.0,0.0
SH00001614,DS001,2026-07-03,9.0,R_DS001_155,24.0,178.53640306666665,275.2864030666667,1025.0,0.33062296864197527,2.6666666666666665
SH00001615,DS001,2026-07-03,9.0,R_DS001_156,36.0,256.1716667333333,400.95738101666666,1575.0,0.47439197543209877,4.0
SH00001616,DS001,2026-07-03,9.0,,0.0,0.0,0.0,0.0,0.0,0.0
SH00001617,DS001,2026-07-03,9.0,R_DS001_158,23.0,169.42053793333332,267.23125220000003,985.0,0.3137417369135802,2.5555555555555554
SH00001618,DS001,2026-07-03,9.0,,0.0,0.0,0.0,0.0,0.0,0.0
SH00001619,DS001,2026-07-03,9.0,R_DS001_161,24.0,171.98861746666665,271.0529031833333,1035.0,0.3184974397530864,2.6666666666666665
SH00001620,DS001,2026-07-03,9.0,R_DS001_162,32.0,264.3156776833333,412.8156777666668,1415.0,0.489473477191358,3.5555555555555554
SH00001621,DS001,2026-07-03,0.0,,0.0,0.0,0.0,0.0,0.0,0.0
SH00001622,DS001,2026-07-03,9.0,R_DS001_164,23.0,183.38720719999998,281.68006433333335,990.0,0.3396059392592592,2.5555555555555554
SH00001623,DS001,2026-07-03,9.0,R_DS001_165,32.0,257.75716115,398.3821612166666,1415.0,0.4773280762037037,3.5555555555555554
SH00001653,DS002,2026-07-03,9.0,R_DS002_001,29.0,257.7490924666667,401.90980676666663,1135.0,0.4773131341975309,3.2222222222222223
SH00001654,DS002,2026-07-03,8.15,R_DS002_002,33.0,277.08749863333327,444.51964145000005,1390.0,0.5666411014996591,4.049079754601227
SH00001655,DS002,2026-07-03,9.0,R_DS002_004,29.0,244.48809305,377.9238072833333,1125.0,0.4527557278703704,3.2222222222222223
SH00001656,DS002,2026-07-03,9.0,R_DS002_006,36.0,314.5887969166667,502.81736839999996,1575.0,0.5825718461419753,4.0
SH00001657,DS002,2026-07-03,9.0,R_DS002_007,26.0,220.95872493333334,348.13729638333336,995.0,0.4091828239506173,2.888888888888889
SH00001658,DS002,2026-07-03,9.0,R_DS002_008,34.0,304.1193349999999,480.51933500000007,1425.0,0.5631839537037036,3.7777777777777777
SH00001659,DS002,2026-07-03,8.283333333333333,R_DS002_010,19.0,186.34555236666665,295.56698091666664,760.0,0.3749407492287055,2.2937625754527162
SH00001660,DS002,2026-07-03,8.633333333333333,R_DS002_011,34.0,286.88006721666665,460.7407813999999,1420.0,0.5538225235842985,3.9382239382239383
SH00001661,DS002,2026-07-03,9.0,R_DS002_013,25.0,192.59574863333336,303.2528915,965.0,0.35665879376543214,2.7777777777777777
SH00001662,DS002,2026-07-03,9.0,R_DS002_014,32.0,302.8344421333333,486.3380135166667,1340.0,0.5608045224691358,3.5555555555555554
SH00001663,DS002,2026-07-03,9.0,R_DS002_015,35.0,327.625225,508.52522503333336,1525.0,0.6067133796296297,3.888888888888889
SH00001664,DS002,2026-07-03,9.0,R_DS002_016,24.0,176.89163225,280.50948945,925.0,0.3275770967592592,2.6666666666666665
SH00001665,DS002,2026-07-03,9.0,R_DS002_018,37.0,311.4410000833333,492.6302857666667,1615.0,0.5767425927469135,4.111111111111111
SH00001666,DS002,2026-07-03,9.0,R_DS002_021,35.0,317.9748865666666,505.3677436833334,1520.0,0.5888423825308641,3.888888888888889
SH00001667,DS002,2026-07-03,9.0,R_DS002_022,20.0,164.11835159999998,259.04692305000003,765.0,0.3039228733333333,2.2222222222222223
SH00001668,DS002,2026-07-03,9.0,R_DS002_023,35.0,303.48803261666666,480.5951754833332,1465.0,0.5620148752160493,3.888888888888889
SH00001669,DS002,2026-07-03,8.8,R_DS002_024,35.0,305.8822452333333,493.3072452333333,1530.0,0.5793224341540404,3.977272727272727
SH00001670,DS002,2026-07-03,9.0,R_DS002_025,20.0,160.72726948333334,248.01655516666665,765.0,0.2976430916358025,2.2222222222222223
SH00001671,DS002,2026-07-03,9.0,R_DS002_027,35.0,322.0266514833333,512.4409371666667,1525.0,0.5963456508950616,3.888888888888889
SH00001672,DS002,2026-07-03,9.0,R_DS002_028,16.0,136.00417191666668,222.2434576666667,605.0,0.2518595776234568,1.7777777777777777
SH00001673,DS002,2026-07-03,9.0,R_DS002_029,34.0,288.7946466666668,467.2517895666666,1425.0,0.5348049012345681,3.7777777777777777
SH00001674,DS002,2026-07-03,9.0,R_DS002_030,42.0,320.49666708333336,495.9966671166667,1835.0,0.5935123464506173,4.666666666666667
SH00001675,DS002,2026-07-03,9.0,R_DS002_031,15.0,140.50463318333334,225.29749031666668,565.0,0.260193765154321,1.6666666666666667
SH00001676,DS002,2026-07-03,9.0,R_DS002_032,34.0,310.63136548333335,487.19207980000004,1425.0,0.5752432694135803,3.7777777777777777
SH00001677,DS002,2026-07-03,8.216666666666667,R_DS002_034,11.0,79.16440953333333,128.43940951666667,405.0,0.1605768956051386,1.3387423935091278
SH00001678,DS002,2026-07-03,0.0,,0.0,0.0,0.0,0.0,0.0,0.0
SH00001679,DS002,2026-07-03,9.0,R_DS002_036,36.0,316.66951483333344,501.13737196666665,1570.0,0.5864250274691359,4.0
SH00001680,DS002,2026-07-03,8.65,R_DS002_038,30.0,297.5642568666667,467.98568548333327,1260.0,0.5733415353885678,3.468208092485549
SH00001681,DS002,2026-07-03,9.0,R_DS002_039,38.0,316.18374868333336,500.9730344666666,1655.0,0.5855254605246915,4.222222222222222
SH00001682,DS002,2026-07-03,0.0,,0.0,0.0,0.0,0.0,0.0,0.0
SH00001683,DS002,2026-07-03,9.0,R_DS002_043,13.0,125.93517825,194.0780354,485.0,0.23321329305555558,1.4444444444444444
SH00001684,DS002,2026-07-03,8.833333333333334,R_DS002_044,34.0,298.9800244333333,470.3335958666666,1425.0,0.5641132536477987,3.8490566037735845
SH00001685,DS002,2026-07-03,9.0,R_DS002_045,36.0,321.16193969999995,509.9047968166667,1570.0,0.5947443327777777,4.0
SH00001686,DS002,2026-07-03,9.0,R_DS002_046,13.0,101.21711613333333,157.16711610000002,485.0,0.18743910395061728,1.4444444444444444
SH00001687,DS002,2026-07-03,9.0,R_DS002_048,38.0,311.34667364999996,494.88238801666665,1660.0,0.5765679141666666,4.222222222222222
SH00001688,DS002,2026-07-03,9.0,R_DS002_050,33.0,297.57689825000006,477.76975533333336,1380.0,0.5510683300925927,3.6666666666666665
SH00001689,DS002,2026-07-03,9.0,R_DS002_051,39.0,314.06569975,499.43355686666666,1700.0,0.5816031476851852,4.333333333333333
SH00001690,DS002,2026-07-03,9.0,R_DS002_052,12.0,86.77835970000001,131.31764538333334,445.0,0.16070066611111114,1.3333333333333333
SH00001691,DS002,2026-07-03,9.0,R_DS002_055,11.0,95.45441006666667,153.70798148333333,415.0,0.17676742604938273,1.2222222222222223
SH00001692,DS002,2026-07-03,9.0,R_DS002_056,31.0,291.2099553833333,470.1492409666667,1295.0,0.5392776951543209,3.4444444444444446
SH00001693,DS002,2026-07-03,9.0,R_DS002_057,37.0,321.4120013500001,506.1370013333332,1615.0,0.5952074099074076,4.111111111111111
SH00001694,DS002,2026-07-03,9.0,R_DS002_058,11.0,83.76404196666667,126.62118481666664,405.0,0.1551185962345679,1.2222222222222223
SH00001695,DS002,2026-07-03,9.0,R_DS002_059,32.0,309.5492693,487.55641216666663,1340.0,0.5732393875925926,3.5555555555555554
SH00001696,DS002,2026-07-03,8.65,R_DS002_060,31.0,303.5218143166666,481.3682429666667,1360.0,0.5848204514771996,3.583815028901734
SH00001697,DS002,2026-07-03,9.0,R_DS002_062,34.0,294.16331781666673,457.3204607333334,1425.0,0.5447468848456791,3.7777777777777777
SH00001698,DS002,2026-07-03,9.0,R_DS002_063,35.0,315.1625361,506.02682181666665,1530.0,0.5836343261111111,3.888888888888889
SH00001699,DS002,2026-07-03,9.0,R_DS002_064,10.0,81.51083378333333,124.37869095,355.0,0.1509459884876543,1.1111111111111112
SH00001700,DS002,2026-07-03,9.0,R_DS002_065,32.0,278.5522209166667,451.67364955000005,1345.0,0.5158374461419755,3.5555555555555554
SH00001701,DS002,2026-07-03,0.0,,0.0,0.0,0.0,0.0,0.0,0.0
SH00001702,DS002,2026-07-03,0.0,,0.0,0.0,0.0,0.0,0.0,0.0
SH00001703,DS002,2026-07-03,9.0,R_DS002_071,31.0,282.75307875000004,452.4995073,1305.0,0.5236168125,3.4444444444444446
SH00001704,DS002,2026-07-03,9.0,R_DS002_072,33.0,321.62971201666664,514.5511405333334,1435.0,0.5956105778086419,3.6666666666666665
SH00001705,DS002,2026-07-03,9.0,R_DS002_073,8.0,67.60476221666667,107.03333366666666,285.0,0.12519400410493828,0.8888888888888888
SH00001706,DS002,2026-07-03,9.0,R_DS002_074,31.0,289.8474627499999,457.40817695000004,1305.0,0.536754560648148,3.4444444444444446
SH00001707,DS002,2026-07-03,9.0,R_DS002_076,9.0,77.1559566,122.38095656666668,325.0,0.1428814011111111,1.0
SH00001708,DS002,2026-07-03,9.0,R_DS002_077,31.0,283.8748127666667,455.0355270666667,1305.0,0.5256940977160495,3.4444444444444446
SH00001709,DS002,2026-07-03,9.0,R_DS002_078,35.0,322.01545038333336,513.7475932499999,1530.0,0.596324908117284,3.888888888888889
SH00001710,DS002,2026-07-03,9.0,R_DS002_079,10.0,67.84341233333333,105.24698375,365.0,0.1256359487654321,1.1111111111111112
SH00001711,DS002,2026-07-03,9.0,R_DS002_080,30.0,290.59629491666664,462.4641520666665,1260.0,0.538141286882716,3.3333333333333335
SH00001712,DS002,2026-07-03,9.0,R_DS002_081,35.0,316.0795474666666,508.71169031666653,1530.0,0.5853324953086418,3.888888888888889
SH00001713,DS002,2026-07-03,8.5,R_DS002_083,33.0,274.2510837833333,430.0153695166667,1395.0,0.5377472231045751,3.8823529411764706
SH00001714,DS002,2026-07-03,9.0,R_DS002_084,38.0,306.9558724,487.5665866666666,1650.0,0.5684368007407407,4.222222222222222
SH00001715,DS002,2026-07-03,0.0,,0.0,0.0,0.0,0.0,0.0,0.0
SH00001716,DS002,2026-07-03,9.0,R_DS002_087,35.0,315.9834838166666,496.97991245,1525.0,0.5851545996604937,3.888888888888889
SH00001717,DS002,2026-07-03,0.0,,0.0,0.0,0.0,0.0,0.0,0.0
SH00001718,DS002,2026-07-03,9.0,R_DS002_091,8.0,70.19361811666667,109.60076098333334,285.0,0.12998818169753087,0.8888888888888888
SH00001719,DS002,2026-07-03,9.0,R_DS002_092,33.0,286.13665031666676,451.1580787833333,1390.0,0.5298826857716051,3.6666666666666665
SH00001720,DS002,2026-07-03,9.0,R_DS002_093,34.0,307.69747558333336,490.1081898333334,1490.0,0.5698101399691359,3.7777777777777777
SH00001721,DS002,2026-07-03,9.0,R_DS002_095,33.0,270.26730281666664,429.82444561666665,1385.0,0.5004950052160494,3.6666666666666665
SH00001722,DS002,2026-07-03,9.0,R_DS002_097,9.0,68.80668146666667,108.10668146666666,325.0,0.12741978049382718,1.0
SH00001723,DS002,2026-07-03,0.0,,0.0,0.0,0.0,0.0,0.0,0.0
SH00001724,DS002,2026-07-03,9.0,R_DS002_099,35.0,303.75731133333335,485.7823113,1535.0,0.5625135395061729,3.888888888888889
SH00001725,DS002,2026-07-03,9.0,R_DS002_100,9.0,64.26430283333333,100.69287425,315.0,0.11900796820987654,1.0
SH00001726,DS002,2026-07-03,9.0,R_DS002_101,29.0,273.58028584999994,434.26242865,1225.0,0.5066301589814813,3.2222222222222223
SH00001727,DS002,2026-07-03,9.0,R_DS002_102,37.0,308.6169343833334,494.5312200833333,1615.0,0.5715128414506174,4.111111111111111
SH00001728,DS002,2026-07-03,9.0,R_DS002_104,31.0,264.16517806666667,411.1866066833333,1310.0,0.4891947741975309,3.4444444444444446
SH00001729,DS002,2026-07-03,9.0,R_DS002_105,36.0,310.1555287833334,486.4591002166667,1575.0,0.5743620903395064,4.0
SH00001730,DS002,2026-07-03,8.316666666666666,R_DS002_106,7.0,46.027629266666665,74.07762925,245.0,0.09223973800935203,0.841683366733467
SH00001731,DS002,2026-07-03,9.0,R_DS002_107,27.0,270.7207448666667,422.66003061666675,1140.0,0.5013347127160495,3.0
SH00001732,DS002,2026-07-03,9.0,R_DS002_108,38.0,319.9594126500001,508.76655551666676,1665.0,0.5925174308333335,4.222222222222222
SH00001733,DS002,2026-07-03,9.0,R_DS002_109,7.0,50.9935674,76.37571026666666,245.0,0.09443253222222223,0.7777777777777778
SH00001734,DS002,2026-07-03,8.75,R_DS002_111,34.0,293.53722676666655,471.09436958333333,1495.0,0.559118527174603,3.8857142857142857
SH00001735,DS002,2026-07-03,9.0,R_DS002_112,6.0,38.87280581666666,64.46923438333333,205.0,0.0719866774382716,0.6666666666666666
SH00001736,DS002,2026-07-03,9.0,R_DS002_114,36.0,304.9727338166666,490.0834481333332,1570.0,0.564764321882716,4.0
SH00001737,DS002,2026-07-03,9.0,R_DS002_115,7.0,56.486414100000005,88.96141410000001,255.0,0.10460447055555556,0.7777777777777778
SH00001738,DS002,2026-07-03,9.0,R_DS002_116,31.0,268.20073855,421.8435957333334,1300.0,0.4966680343518518,3.4444444444444446
SH00001739,DS002,2026-07-03,8.7,R_DS002_118,6.0,43.61293795,70.34508079999999,220.0,0.08354968955938698,0.6896551724137931
SH00001740,DS002,2026-07-03,9.0,R_DS002_119,33.0,267.5443192166666,423.24431926666676,1385.0,0.49545244299382707,3.6666666666666665
SH00001741,DS002,2026-07-03,9.0,R_DS002_120,34.0,303.08204066666667,490.6998978166667,1495.0,0.561263038271605,3.7777777777777777
SH00001742,DS002,2026-07-03,9.0,R_DS002_121,7.0,44.16405195,66.71762336666667,245.0,0.0817852813888889,0.7777777777777778
SH00001743,DS002,2026-07-03,0.0,,0.0,0.0,0.0,0.0,0.0,0.0
SH00001744,DS002,2026-07-03,8.15,R_DS002_123,34.0,274.30844533333334,439.36201685,1490.0,0.5609579659168371,4.171779141104294
SH00001745,DS002,2026-07-03,9.0,R_DS002_125,29.0,262.8414695666666,412.82004095,1225.0,0.4867434621604937,3.2222222222222223
SH00001746,DS002,2026-07-03,8.583333333333334,R_DS002_126,34.0,283.52467956666663,444.17467955000006,1495.0,0.550533358381877,3.961165048543689
SH00001747,DS002,2026-07-03,0.0,,0.0,0.0,0.0,0.0,0.0,0.0
SH00001748,DS002,2026-07-03,9.0,R_DS002_128,30.0,259.8518640333334,411.1482926333334,1260.0,0.4812071556172841,3.3333333333333335
SH00001749,DS002,2026-07-03,8.666666666666666,R_DS002_129,34.0,292.9346065833333,461.20246376666654,1490.0,0.5633357818910255,3.9230769230769234
SH00001750,DS002,2026-07-03,9.0,R_DS002_130,5.0,43.3380329,69.57731861666666,175.0,0.08025561648148148,0.5555555555555556
SH00001751,DS002,2026-07-03,9.0,R_DS002_132,35.0,304.6513375333334,483.6549089166665,1535.0,0.5641691435802471,3.888888888888889
SH00001752,DS002,2026-07-03,9.0,R_DS002_133,4.0,37.190888900000004,56.8194603,130.0,0.06887201648148149,0.4444444444444444
SH00001753,DS002,2026-07-03,9.0,R_DS002_135,34.0,297.36046109999995,471.54260389999996,1495.0,0.5506675205555555,3.7777777777777777
SH00001754,DS002,2026-07-03,9.0,R_DS002_136,7.0,39.624689733333334,58.58897543333333,230.0,0.0733790550617284,0.7777777777777778
SH00001755,DS002,2026-07-03,9.0,R_DS002_137,31.0,258.3544472833333,408.97587588333334,1310.0,0.4784341616358024,3.4444444444444446
SH00001756,DS002,2026-07-03,9.0,R_DS002_139,5.0,32.320992866666664,50.67456428333333,160.0,0.059853690493827154,0.5555555555555556
SH00001757,DS002,2026-07-03,9.0,R_DS002_140,25.0,241.82120115,383.89262971666665,1055.0,0.44781703916666665,2.7777777777777777
SH00001758,DS002,2026-07-03,9.0,R_DS002_141,31.0,304.2695203999999,484.01237758333326,1360.0,0.5634620748148147,3.4444444444444446
SH00001759,DS002,2026-07-03,9.0,R_DS002_142,5.0,42.27891378333333,61.4039138,160.0,0.0782942847839506,0.5555555555555556
SH00001760,DS002,2026-07-03,9.0,R_DS002_143,29.0,260.72918236666663,410.0648966166667,1215.0,0.4828318191975308,3.2222222222222223
SH00001761,DS002,2026-07-03,9.0,R_DS002_144,34.0,298.4399037333334,473.3934751500001,1485.0,0.5526664883950618,3.7777777777777777
SH00001762,DS002,2026-07-03,9.0,R_DS002_146,27.0,232.94045798333332,381.72974373333335,1145.0,0.4313712184876543,3.0
SH00001763,DS002,2026-07-03,8.316666666666666,R_DS002_147,29.0,259.83849115,414.12420538333333,1290.0,0.5207184191382765,3.4869739478957915
SH00001764,DS002,2026-07-03,8.833333333333334,R_DS002_148,4.0,33.22559351666666,52.811307799999994,130.0,0.06268979908805031,0.45283018867924524
SH00001765,DS002,2026-07-03,9.0,R_DS002_149,27.0,241.31326654999995,387.49898084999995,1145.0,0.44687641953703694,3.0
SH00001766,DS002,2026-07-03,9.0,R_DS002_150,32.0,292.6571164999999,466.32497365,1410.0,0.541957623148148,3.5555555555555554
SH00001767,DS002,2026-07-03,9.0,R_DS002_154,8.0,38.18649395,58.39363681666667,260.0,0.07071572953703703,0.8888888888888888
SH00001768,DS002,2026-07-03,9.0,R_DS002_155,31.0,253.1708112833333,406.2029541333334,1315.0,0.4688348357098765,3.4444444444444446
SH00001797,DS003,2026-07-03,9.0,R_DS003_001,27.0,219.77006290000003,349.2200629,1070.0,0.406981597962963,3.0
SH00001798,DS003,2026-07-03,9.0,R_DS003_002,38.0,313.97758876666666,485.71687445,1575.0,0.5814399791975309,4.222222222222222
SH00001799,DS003,2026-07-03,9.0,R_DS003_004,26.0,217.48709158333332,346.2620916000001,1030.0,0.40275387330246915,2.888888888888889
SH00001800,DS003,2026-07-03,9.0,R_DS003_006,38.0,309.08323356666665,481.33680505,1660.0,0.5723763584567901,4.222222222222222
SH00001801,DS003,2026-07-03,9.0,R_DS003_007,24.0,218.51210311666662,343.89067454999997,950.0,0.4046520428086419,2.6666666666666665
SH00001802,DS003,2026-07-03,8.8,R_DS003_008,35.0,288.88150110000004,459.5279296833333,1450.0,0.5471240551136365,3.977272727272727
SH00001803,DS003,2026-07-03,9.0,R_DS003_009,38.0,310.2583725333333,490.96551545000005,1660.0,0.574552541728395,4.222222222222222
SH00001804,DS003,2026-07-03,9.0,R_DS003_010,24.0,192.74662658333338,297.59662660000004,950.0,0.3569381973765433,2.6666666666666665
SH00001805,DS003,2026-07-03,9.0,R_DS003_011,32.0,298.60881255000004,464.85166965,1330.0,0.5529792825000001,3.5555555555555554
SH00001806,DS003,2026-07-03,9.0,R_DS003_013,24.0,193.36156325000002,305.89370614999996,950.0,0.3580769689814815,2.6666666666666665
SH00001807,DS003,2026-07-03,9.0,R_DS003_014,35.0,281.16772156666667,448.3427215166667,1450.0,0.5206809658641975,3.888888888888889
SH00001808,DS003,2026-07-03,9.0,R_DS003_015,34.0,308.06314115000004,482.0845696833335,1485.0,0.5704872984259259,3.7777777777777777
SH00001809,DS003,2026-07-03,9.0,R_DS003_016,22.0,167.71616993333333,266.6733128,870.0,0.3105854998765432,2.4444444444444446
SH00001810,DS003,2026-07-03,9.0,R_DS003_017,35.0,296.6284022833333,470.3605452,1445.0,0.5493118560802468,3.888888888888889
SH00001811,DS003,2026-07-03,9.0,R_DS003_018,38.0,300.7860400833333,475.22532579999995,1660.0,0.5570111853395061,4.222222222222222
SH00001812,DS003,2026-07-03,9.0,R_DS003_020,33.0,281.3992740333334,438.70641688333336,1370.0,0.5211097667283953,3.6666666666666665
SH00001813,DS003,2026-07-03,9.0,R_DS003_021,36.0,307.7489591833332,486.14181633333334,1575.0,0.5699054799691357,4.0
SH00001814,DS003,2026-07-03,0.0,,0.0,0.0,0.0,0.0,0.0,0.0
SH00001815,DS003,2026-07-03,9.0,R_DS003_023,34.0,282.17117184999995,447.8997433166666,1415.0,0.5225392071296295,3.7777777777777777
SH00001816,DS003,2026-07-03,9.0,R_DS003_024,35.0,299.0615074833334,470.0293646333332,1530.0,0.5538176064506174,3.888888888888889
SH00001817,DS003,2026-07-03,9.0,R_DS003_025,18.0,161.38005535,255.29076965000004,710.0,0.29885195435185186,2.0
SH00001818,DS003,2026-07-03,9.0,R_DS003_027,34.0,309.1564305166667,475.59214479999997,1485.0,0.5725119083641976,3.7777777777777777
SH00001819,DS003,2026-07-03,9.0,R_DS003_028,18.0,163.62944858333333,257.4115914166667,710.0,0.3030174973765432,2.0
SH00001820,DS003,2026-07-03,9.0,R_DS003_029,34.0,285.4713910833333,442.36067683333334,1415.0,0.528650724228395,3.7777777777777777
SH00001821,DS003,2026-07-03,9.0,R_DS003_030,40.0,302.95287858333336,472.2171642833334,1750.0,0.5610238492283951,4.444444444444445
SH00001822,DS003,2026-07-03,0.0,,0.0,0.0,0.0,0.0,0.0,0.0
SH00001823,DS003,2026-07-03,8.066666666666666,R_DS003_035,31.0,268.42412674999997,410.62412671666664,1295.0,0.5545953032024793,3.8429752066115705
SH00001824,DS003,2026-07-03,9.0,R_DS003_036,34.0,296.5914641,470.80574981666666,1485.0,0.5492434520370371,3.7777777777777777
SH00001825,DS003,2026-07-03,9.0,R_DS003_037,16.0,138.69814678333333,219.40886103333335,630.0,0.25684841996913577,1.7777777777777777
SH00001826,DS003,2026-07-03,9.0,R_DS003_038,30.0,273.68514266666665,427.3922855333334,1245.0,0.5068243382716049,3.3333333333333335
SH00001827,DS003,2026-07-03,8.633333333333333,R_DS003_039,33.0,283.3569778666666,450.11412070000006,1455.0,0.5470211927927927,3.8223938223938227
SH00001828,DS003,2026-07-03,9.0,R_DS003_041,30.0,258.5649050166667,409.60419075,1250.0,0.47882389817901244,3.3333333333333335
SH00001829,DS003,2026-07-03,9.0,R_DS003_042,36.0,296.5624096999999,469.00883826666654,1585.0,0.5491896475925924,4.0
SH00001830,DS003,2026-07-03,9.0,R_DS003_043,12.0,112.54362345,176.90433771666667,470.0,0.2084141175,1.3333333333333333
SH00001831,DS003,2026-07-03,8.25,R_DS003_044,30.0,249.83378639999998,394.1873577833334,1250.0,0.50471472,3.6363636363636362
SH00001832,DS003,2026-07-03,9.0,R_DS003_045,34.0,282.8819955166667,458.6069955166667,1490.0,0.5238555472530865,3.7777777777777777
SH00001833,DS003,2026-07-03,9.0,R_DS003_046,12.0,88.68660075,140.99374363333334,470.0,0.16423444583333333,1.3333333333333333
SH00001834,DS003,2026-07-03,9.0,R_DS003_048,36.0,281.4221900333333,448.72576145,1590.0,0.521152203765432,4.0
SH00001835,DS003,2026-07-03,9.0,R_DS003_049,13.0,96.2387848,146.44592768333334,510.0,0.17821997185185187,1.4444444444444444
SH00001836,DS003,2026-07-03,0.0,,0.0,0.0,0.0,0.0,0.0,0.0
SH00001837,DS003,2026-07-03,9.0,R_DS003_051,34.0,285.91250478333336,450.09821911666666,1495.0,0.5294676014506173,3.7777777777777777
SH00001838,DS003,2026-07-03,9.0,R_DS003_052,10.0,80.58104645,130.37033216666666,390.0,0.1492241600925926,1.1111111111111112
SH00001839,DS003,2026-07-03,0.0,,0.0,0.0,0.0,0.0,0.0,0.0
SH00001840,DS003,2026-07-03,0.0,,0.0,0.0,0.0,0.0,0.0,0.0
SH00001841,DS003,2026-07-03,0.0,,0.0,0.0,0.0,0.0,0.0,0.0
SH00001842,DS003,2026-07-03,9.0,R_DS003_057,33.0,282.9781163166666,456.0031163,1450.0,0.5240335487345678,3.6666666666666665
SH00001843,DS003,2026-07-03,0.0,,0.0,0.0,0.0,0.0,0.0,0.0
SH00001844,DS003,2026-07-03,0.0,,0.0,0.0,0.0,0.0,0.0,0.0
SH00001845,DS003,2026-07-03,9.0,R_DS003_060,34.0,278.6050599166666,447.03363133333323,1495.0,0.5159352961419752,3.7777777777777777
SH00001846,DS003,2026-07-03,8.4,R_DS003_062,29.0,248.19580236666667,389.43151665000005,1210.0,0.4924519888227513,3.452380952380952
SH00001847,DS003,2026-07-03,9.0,R_DS003_063,34.0,287.33967308333337,445.09681594999995,1500.0,0.5321105057098766,3.7777777777777777
SH00001848,DS003,2026-07-03,8.65,R_DS003_064,7.0,51.32435558333333,79.82435561666668,270.0,0.09889085854206807,0.8092485549132947
SH00001849,DS003,2026-07-03,9.0,R_DS003_065,28.0,246.9431907333333,391.00747643333324,1165.0,0.4573022050617283,3.111111111111111
SH00001850,DS003,2026-07-03,9.0,R_DS003_066,30.0,274.9877054166667,433.29127690000007,1325.0,0.5092364915123457,3.3333333333333335
SH00001851,DS003,2026-07-03,0.0,,0.0,0.0,0.0,0.0,0.0,0.0
SH00001852,DS003,2026-07-03,9.0,R_DS003_069,33.0,278.8750922666666,443.0286636666666,1455.0,0.5164353560493826,3.6666666666666665
SH00001853,DS003,2026-07-03,9.0,R_DS003_070,7.0,53.08986815,80.96843956666666,270.0,0.09831457064814815,0.7777777777777778
SH00001854,DS003,2026-07-03,9.0,R_DS003_071,30.0,234.29649133333334,370.5179198999999,1255.0,0.4338823913580247,3.3333333333333335
SH00001855,DS003,2026-07-03,9.0,R_DS003_072,32.0,272.9685695833333,436.18999814999995,1410.0,0.5054973510802468,3.5555555555555554
SH00001856,DS003,2026-07-03,8.333333333333334,R_DS003_073,4.0,27.504674416666667,43.36181726666666,150.0,0.055009348833333326,0.48
SH00001857,DS003,2026-07-03,8.533333333333333,R_DS003_074,29.0,242.92390051666663,381.1060433666668,1210.0,0.4744607431966145,3.3984375
SH00001858,DS003,2026-07-03,9.0,R_DS003_076,6.0,51.87604925,81.86533496666667,230.0,0.09606675787037038,0.6666666666666666
SH00001859,DS003,2026-07-03,9.0,R_DS003_077,28.0,222.94643058333327,354.7000020333334,1180.0,0.41286376033950606,3.111111111111111
SH00001860,DS003,2026-07-03,0.0,,0.0,0.0,0.0,0.0,0.0,0.0
SH00001861,DS003,2026-07-03,0.0,,0.0,0.0,0.0,0.0,0.0,0.0
SH00001862,DS003,2026-07-03,9.0,R_DS003_080,26.0,229.35227828333336,365.7665639833333,1085.0,0.42472644126543213,2.888888888888889
SH00001863,DS003,2026-07-03,0.0,,0.0,0.0,0.0,0.0,0.0,0.0
SH00001864,DS003,2026-07-03,9.0,R_DS003_083,28.0,234.84110815000003,375.1768224333333,1170.0,0.43489094101851855,3.111111111111111
SH00001865,DS003,2026-07-03,8.383333333333333,R_DS003_084,32.0,281.7915093,452.98436635,1415.0,0.5602216884691849,3.8170974155069586
SH00001866,DS003,2026-07-03,9.0,R_DS003_085,5.0,42.4753855,67.9646712,190.0,0.0786581212962963,0.5555555555555556
SH00001867,DS003,2026-07-03,0.0,,0.0,0.0,0.0,0.0,0.0,0.0
SH00001868,DS003,2026-07-03,9.0,R_DS003_088,5.0,36.56850573333334,58.31850573333334,190.0,0.06771945506172841,0.5555555555555556
SH00001869,DS003,2026-07-03,9.0,R_DS003_090,32.0,273.1807707333333,432.93077070000004,1410.0,0.5058903161728394,3.5555555555555554
SH00001870,DS003,2026-07-03,9.0,R_DS003_091,5.0,35.42738571666666,58.53810001666666,190.0,0.06560626984567901,0.5555555555555556
SH00001871,DS003,2026-07-03,0.0,,0.0,0.0,0.0,0.0,0.0,0.0
SH00001872,DS003,2026-07-03,9.0,R_DS003_093,34.0,270.1459009166666,429.2209008666667,1505.0,0.500270186882716,3.7777777777777777
SH00001873,DS003,2026-07-03,8.333333333333334,R_DS003_094,3.0,28.190938483333333,42.55879565,110.0,0.05638187696666666,0.36
SH00001874,DS003,2026-07-03,9.0,R_DS003_095,28.0,230.82673033333333,365.441016,1170.0,0.42745690802469133,3.111111111111111
SH00001875,DS003,2026-07-03,9.0,R_DS003_097,5.0,38.0016519,61.06950903333334,190.0,0.07037342944444444,0.5555555555555556
SH00001876,DS003,2026-07-03,0.0,,0.0,0.0,0.0,0.0,0.0,0.0
SH00001877,DS003,2026-07-03,9.0,R_DS003_099,29.0,269.8444435166666,421.9444434666667,1285.0,0.4997119324382715,3.2222222222222223
SH00001878,DS003,2026-07-03,9.0,R_DS003_100,4.0,27.316565450000002,42.25227973333334,150.0,0.05058623231481482,0.4444444444444444
SH00001879,DS003,2026-07-03,9.0,R_DS003_101,28.0,225.90460776666666,345.21889345,1175.0,0.41834186623456787,3.111111111111111
SH00001880,DS003,2026-07-03,9.0,R_DS003_102,33.0,267.1662203,426.7555060666667,1465.0,0.49475225981481485,3.6666666666666665
SH00001881,DS003,2026-07-03,9.0,R_DS003_104,27.0,210.8324354333333,335.0967210333332,1135.0,0.39043043598765426,3.0
SH00001882,DS003,2026-07-03,9.0,R_DS003_105,33.0,277.26792611666673,432.8393546833333,1460.0,0.5134591224382717,3.6666666666666665
SH00001883,DS003,2026-07-03,9.0,R_DS003_106,4.0,28.03213795,43.921423649999994,150.0,0.05191136657407407,0.4444444444444444
SH00001884,DS003,2026-07-03,9.0,R_DS003_107,25.0,210.38264031666662,336.4147832,1055.0,0.3895974820679012,2.7777777777777777
SH00001885,DS003,2026-07-03,9.0,R_DS003_108,30.0,264.2321586,420.0607300666667,1325.0,0.48931881222222223,3.3333333333333335
SH00001886,DS003,2026-07-03,9.0,R_DS003_111,29.0,257.4742072166667,412.33849295000005,1280.0,0.47680408743827163,3.2222222222222223
SH00001887,DS003,2026-07-03,9.0,R_DS003_112,3.0,14.886926616666667,21.99049803333333,110.0,0.027568382623456792,0.3333333333333333
SH00001888,DS003,2026-07-03,9.0,R_DS003_113,26.0,210.13704205000002,335.39775633333335,1100.0,0.389142670462963,2.888888888888889
SH00001889,DS003,2026-07-03,9.0,R_DS003_114,32.0,266.57282764999997,417.12997055000005,1415.0,0.493653384537037,3.5555555555555554
SH00001890,DS003,2026-07-03,9.0,R_DS003_115,3.0,18.293190616666667,30.196762066666665,110.0,0.03387627891975309,0.3333333333333333
SH00001891,DS003,2026-07-03,8.266666666666667,R_DS003_116,22.0,194.7547039666667,318.8261325666667,925.0,0.39265061283602154,2.661290322580645
SH00001892,DS003,2026-07-03,9.0,R_DS003_118,2.0,12.6478362,19.676407633333334,70.0,0.02342191888888889,0.2222222222222222
SH00001893,DS003,2026-07-03,9.0,R_DS003_119,22.0,199.06175563333332,313.9724699000001,925.0,0.3686328808024691,2.4444444444444446
SH00001894,DS003,2026-07-03,9.0,R_DS003_120,30.0,266.8120726666667,424.89064410000003,1330.0,0.49409643086419763,3.3333333333333335
SH00001895,DS003,2026-07-03,9.0,R_DS003_121,2.0,11.0622398,16.80509695,70.0,0.02048562925925926,0.2222222222222222
SH00001896,DS003,2026-07-03,9.0,R_DS003_122,23.0,187.8727006166667,294.6512720166666,965.0,0.34791240854938277,2.5555555555555554
SH00001897,DS003,2026-07-03,9.0,R_DS003_123,33.0,269.8038292,423.2859721333333,1460.0,0.4996367207407407,3.6666666666666665
SH00001898,DS003,2026-07-03,9.0,R_DS003_126,30.0,264.5706328833333,414.9349186333334,1320.0,0.48994561645061724,3.3333333333333335
SH00001899,DS003,2026-07-03,9.0,R_DS003_127,1.0,4.554771133333333,6.70834255,40.0,0.008434761358024692,0.1111111111111111
SH00001900,DS003,2026-07-03,8.833333333333334,R_DS003_128,22.0,165.4806446,267.21278746666667,930.0,0.3122276313207547,2.490566037735849
SH00001901,DS003,2026-07-03,9.0,R_DS003_129,29.0,256.9992622833333,406.07783374999997,1290.0,0.47592455978395054,3.2222222222222223
SH00001902,DS003,2026-07-03,9.0,,0.0,0.0,0.0,0.0,0.0,0.0
SH00001903,DS003,2026-07-03,0.0,,0.0,0.0,0.0,0.0,0.0,0.0
SH00001904,DS003,2026-07-03,0.0,,0.0,0.0,0.0,0.0,0.0,0.0
SH00001905,DS003,2026-07-03,9.0,R_DS003_134,22.0,182.02392163333334,280.7989216666667,930.0,0.33708133635802473,2.4444444444444446
SH00001906,DS003,2026-07-03,9.0,R_DS003_135,33.0,258.27141201666666,405.16426911666656,1465.0,0.4782803926234568,3.6666666666666665
SH00001907,DS003,2026-07-03,9.0,,0.0,0.0,0.0,0.0,0.0,0.0
SH00001908,DS003,2026-07-03,9.0,R_DS003_137,22.0,181.30605590000002,285.3524844333333,925.0,0.3357519553703704,2.4444444444444446
SH00001909,DS003,2026-07-03,9.0,,0.0,0.0,0.0,0.0,0.0,0.0
SH00001910,DS003,2026-07-03,9.0,R_DS003_141,33.0,260.03536208333344,400.1460763833333,1465.0,0.48154696682098785,3.6666666666666665
SH00001911,DS003,2026-07-03,9.0,R_DS003_143,20.0,169.51756113333334,266.04256118333336,850.0,0.31392140950617287,2.2222222222222223
SH00001912,DS003,2026-07-03,9.0,R_DS003_144,30.0,254.99511278333335,405.61654134999986,1335.0,0.4722131718209877,3.3333333333333335
SH00001943,DS004,2026-07-03,9.0,R_DS004_001,26.0,237.85839421666665,372.92267995000003,1040.0,0.44047850780864195,2.888888888888889
SH00001944,DS004,2026-07-03,9.0,R_DS004_002,33.0,303.39250576666666,483.9067914999999,1375.0,0.5618379736419753,3.6666666666666665
SH00001945,DS004,2026-07-03,9.0,R_DS004_003,32.0,316.41695036666664,507.7955217666667,1405.0,0.5859573154938271,3.5555555555555554
SH00001946,DS004,2026-07-03,9.0,R_DS004_004,24.0,230.5915657333333,361.60585145,960.0,0.4270214180246913,2.6666666666666665
SH00001947,DS004,2026-07-03,9.0,R_DS004_006,33.0,327.96185626666664,519.2439991333333,1440.0,0.6073367708641975,3.6666666666666665
SH00001948,DS004,2026-07-03,0.0,,0.0,0.0,0.0,0.0,0.0,0.0
SH00001949,DS004,2026-07-03,9.0,R_DS004_008,34.0,304.8828659666667,485.10786596666674,1410.0,0.5645978999382717,3.7777777777777777
SH00001950,DS004,2026-07-03,9.0,R_DS004_009,31.0,321.3206813333333,511.76710994999996,1365.0,0.595038298765432,3.4444444444444446
SH00001951,DS004,2026-07-03,9.0,R_DS004_010,22.0,219.417437,347.73172266666666,880.0,0.40632858703703706,2.4444444444444446
SH00001952,DS004,2026-07-03,9.0,R_DS004_011,32.0,313.3411628333333,493.4697342666667,1325.0,0.580261412654321,3.5555555555555554
SH00001953,DS004,2026-07-03,9.0,R_DS004_013,24.0,191.82950645,302.6580779166667,960.0,0.35523982675925925,2.6666666666666665
SH00001954,DS004,2026-07-03,8.383333333333333,R_DS004_014,29.0,290.12213478333337,461.44356335000003,1210.0,0.5767835681577204,3.459244532803181
SH00001955,DS004,2026-07-03,9.0,R_DS004_015,33.0,315.1988047499999,506.54523328333323,1450.0,0.5837014902777776,3.6666666666666665
SH00001956,DS004,2026-07-03,0.0,,0.0,0.0,0.0,0.0,0.0,0.0
SH00001957,DS004,2026-07-03,9.0,R_DS004_017,32.0,300.0254404666667,476.68258325000005,1330.0,0.5556026675308642,3.5555555555555554
SH00001958,DS004,2026-07-03,9.0,R_DS004_018,34.0,316.2323843833334,506.0038129333332,1490.0,0.5856155266358026,3.7777777777777777
SH00001959,DS004,2026-07-03,9.0,R_DS004_020,31.0,305.39940201666667,485.3029733833333,1300.0,0.5655544481790123,3.4444444444444446
SH00001960,DS004,2026-07-03,9.0,R_DS004_021,37.0,320.24320495000006,508.8574905666666,1620.0,0.5930429721296298,4.111111111111111
SH00001961,DS004,2026-07-03,0.0,,0.0,0.0,0.0,0.0,0.0,0.0
SH00001962,DS004,2026-07-03,9.0,R_DS004_024,37.0,318.8118543333333,510.96185434999995,1620.0,0.5903923228395062,4.111111111111111
SH00001963,DS004,2026-07-03,0.0,,0.0,0.0,0.0,0.0,0.0,0.0
SH00001964,DS004,2026-07-03,9.0,R_DS004_027,33.0,324.7087663166667,515.1551948833335,1445.0,0.6013125302160495,3.6666666666666665
SH00001965,DS004,2026-07-03,0.0,,0.0,0.0,0.0,0.0,0.0,0.0
SH00001966,DS004,2026-07-03,9.0,R_DS004_030,36.0,322.9052935833334,516.7588650166667,1570.0,0.5979727658950619,4.0
SH00001967,DS004,2026-07-03,9.0,R_DS004_031,22.0,190.62641134999998,306.7585542333334,880.0,0.35301187287037034,2.4444444444444446
SH00001968,DS004,2026-07-03,9.0,R_DS004_032,33.0,297.7223888,476.8866745499999,1370.0,0.551337757037037,3.6666666666666665
SH00001969,DS004,2026-07-03,9.0,R_DS004_034,17.0,160.61420433333336,259.7427757666667,680.0,0.2974337117283951,1.8888888888888888
SH00001970,DS004,2026-07-03,9.0,R_DS004_035,33.0,296.32279651666676,475.29422511666667,1370.0,0.5487459194753088,3.6666666666666665
SH00001971,DS004,2026-07-03,0.0,,0.0,0.0,0.0,0.0,0.0,0.0
SH00001972,DS004,2026-07-03,9.0,R_DS004_037,17.0,150.32574693333333,237.7543183666667,680.0,0.27838101283950617,1.8888888888888888
SH00001973,DS004,2026-07-03,8.45,R_DS004_038,31.0,287.93663731666675,460.99378020000006,1290.0,0.5679223615713349,3.6686390532544384
SH00001974,DS004,2026-07-03,9.0,R_DS004_039,31.0,314.02880725000006,503.41452155000013,1355.0,0.5815348282407409,3.4444444444444446
SH00001975,DS004,2026-07-03,9.0,R_DS004_041,34.0,301.61073005,469.26787295000014,1415.0,0.5585383889814814,3.7777777777777777
SH00001976,DS004,2026-07-03,9.0,R_DS004_042,34.0,313.08259185,504.68616326666665,1490.0,0.5797825775,3.7777777777777777
SH00001977,DS004,2026-07-03,9.0,R_DS004_043,16.0,139.87048773333333,223.53834486666668,640.0,0.25901942172839504,1.7777777777777777
SH00001978,DS004,2026-07-03,9.0,R_DS004_044,33.0,290.4618584666666,464.2261442166666,1365.0,0.5378923304938271,3.6666666666666665
SH00001979,DS004,2026-07-03,9.0,R_DS004_045,34.0,320.1271463499999,502.73071784999996,1485.0,0.5928280487962961,3.7777777777777777
SH00001980,DS004,2026-07-03,9.0,R_DS004_046,14.0,131.43261065000002,207.0647534833333,560.0,0.24339372342592597,1.5555555555555556
SH00001981,DS004,2026-07-03,8.833333333333334,R_DS004_048,34.0,320.75029751666676,506.34315466666663,1490.0,0.6051892405974845,3.8490566037735845
SH00001982,DS004,2026-07-03,9.0,R_DS004_050,32.0,306.02015615000005,483.9951561166667,1330.0,0.5667039928703704,3.5555555555555554
SH00001983,DS004,2026-07-03,9.0,R_DS004_051,34.0,309.01846745,495.86489605,1490.0,0.5722564212037037,3.7777777777777777
SH00001984,DS004,2026-07-03,9.0,R_DS004_052,13.0,130.30119898333336,210.91548469999995,520.0,0.24129851663580254,1.4444444444444444
SH00001985,DS004,2026-07-03,9.0,R_DS004_053,36.0,290.8942084666666,463.37277989999984,1490.0,0.5386929786419752,4.0
SH00001986,DS004,2026-07-03,9.0,R_DS004_055,10.0,105.00220201666666,169.51291628333334,400.0,0.1944485222530864,1.1111111111111112
SH00001987,DS004,2026-07-03,9.0,R_DS004_056,31.0,294.3081018333333,473.4402447166666,1285.0,0.5450150033950617,3.4444444444444446
SH00001988,DS004,2026-07-03,9.0,R_DS004_057,34.0,309.4510848833334,499.6082277666668,1485.0,0.5730575645987656,3.7777777777777777
SH00001989,DS004,2026-07-03,0.0,,0.0,0.0,0.0,0.0,0.0,0.0
SH00001990,DS004,2026-07-03,9.0,R_DS004_059,31.0,294.09160979999996,465.76660981666674,1290.0,0.5446140922222221,3.4444444444444446
SH00001991,DS004,2026-07-03,9.0,R_DS004_060,34.0,319.0593357666666,506.8057643333333,1495.0,0.5908506217901234,3.7777777777777777
SH00001992,DS004,2026-07-03,9.0,R_DS004_062,30.0,292.10641108333334,472.1385539000001,1255.0,0.5409377983024691,3.3333333333333335
SH00001993,DS004,2026-07-03,9.0,R_DS004_063,31.0,306.3682018666666,493.9539161833333,1355.0,0.5673485219753085,3.4444444444444446
SH00001994,DS004,2026-07-03,9.0,R_DS004_064,7.0,73.21290701666668,116.63790703333332,280.0,0.13557945743827163,0.7777777777777778
SH00001995,DS004,2026-07-03,9.0,R_DS004_065,32.0,297.4610826333333,476.27179695,1330.0,0.550853856728395,3.5555555555555554
SH00001996,DS004,2026-07-03,9.0,R_DS004_067,7.0,71.04503141666667,110.87003139999999,280.0,0.1315648729938272,0.7777777777777778
SH00001997,DS004,2026-07-03,9.0,R_DS004_069,32.0,318.7761908166667,501.63690515,1410.0,0.5903262792901235,3.5555555555555554
SH00001998,DS004,2026-07-03,9.0,R_DS004_070,8.0,59.853297500000004,93.69972608333333,320.0,0.11083943981481482,0.8888888888888888
SH00001999,DS004,2026-07-03,9.0,R_DS004_071,34.0,282.63859134999996,453.5100199666667,1415.0,0.5234047987962962,3.7777777777777777
SH00002000,DS004,2026-07-03,9.0,R_DS004_072,35.0,311.30356235,494.51784805000005,1540.0,0.5764880784259259,3.888888888888889
SH00002001,DS004,2026-07-03,9.0,R_DS004_073,6.0,60.55028588333332,96.29314303333334,240.0,0.11213015904320986,0.6666666666666666
SH00002002,DS004,2026-07-03,8.75,R_DS004_074,29.0,292.2421051333333,458.1635336833333,1205.0,0.5566516288253968,3.3142857142857145
SH00002003,DS004,2026-07-03,9.0,R_DS004_076,6.0,59.30415331666666,95.30415328333332,240.0,0.10982250614197529,0.6666666666666666
SH00002004,DS004,2026-07-03,9.0,R_DS004_077,31.0,290.4251091333333,464.5429661666668,1285.0,0.5378242761728395,3.4444444444444446
SH00002005,DS004,2026-07-03,9.0,R_DS004_078,34.0,305.2809975,497.62385468333326,1500.0,0.5653351805555555,3.7777777777777777
SH00002006,DS004,2026-07-03,8.716666666666667,R_DS004_079,6.0,60.41827601666666,96.93256173333333,240.0,0.11552251628425747,0.6883365200764818
SH00002007,DS004,2026-07-03,9.0,R_DS004_080,29.0,282.38308,443.12950858333335,1205.0,0.5229316296296297,3.2222222222222223
SH00002008,DS004,2026-07-03,9.0,R_DS004_081,35.0,301.98931358333334,477.4893136166667,1540.0,0.5592394695987655,3.888888888888889
SH00002009,DS004,2026-07-03,9.0,R_DS004_083,27.0,270.25669788333335,427.14598351666666,1125.0,0.5004753664506173,3.0
SH00002010,DS004,2026-07-03,9.0,R_DS004_084,32.0,312.7090735166666,490.84478779999995,1410.0,0.5790908768827159,3.5555555555555554
SH00002011,DS004,2026-07-03,0.0,,0.0,0.0,0.0,0.0,0.0,0.0
SH00002012,DS004,2026-07-03,9.0,R_DS004_086,31.0,271.0284709333334,434.5070423666668,1295.0,0.5019045758024693,3.4444444444444446
SH00002013,DS004,2026-07-03,9.0,R_DS004_087,38.0,291.6106988666666,472.8642702000001,1680.0,0.5400198127160493,4.222222222222222
SH00002014,DS004,2026-07-03,9.0,R_DS004_091,6.0,52.00428915,82.66857486666667,240.0,0.09630423916666667,0.6666666666666666
SH00002015,DS004,2026-07-03,9.0,R_DS004_092,29.0,275.83136606666665,434.1992232333333,1205.0,0.5107988260493826,3.2222222222222223
SH00002016,DS004,2026-07-03,9.0,R_DS004_093,33.0,312.93779566666666,497.7592242166666,1450.0,0.5795144364197531,3.6666666666666665
SH00002017,DS004,2026-07-03,0.0,,0.0,0.0,0.0,0.0,0.0,0.0
SH00002018,DS004,2026-07-03,9.0,R_DS004_095,29.0,268.7957915166667,422.98507724999996,1210.0,0.4977699842901236,3.2222222222222223
SH00002019,DS004,2026-07-03,8.616666666666667,R_DS004_097,5.0,46.36318658333334,74.64890086666666,200.0,0.08967734348807221,0.5802707930367504
SH00002020,DS004,2026-07-03,0.0,,0.0,0.0,0.0,0.0,0.0,0.0
SH00002021,DS004,2026-07-03,0.0,,0.0,0.0,0.0,0.0,0.0,0.0
SH00002022,DS004,2026-07-03,9.0,R_DS004_101,28.0,261.2737065,411.6379922333334,1170.0,0.4838401972222222,3.111111111111111
SH00002023,DS004,2026-07-03,9.0,R_DS004_104,27.0,260.17997590000004,418.54783295000004,1135.0,0.48181477018518526,3.0
SH00002024,DS004,2026-07-03,9.0,R_DS004_105,29.0,292.72859006666664,470.1571614833333,1280.0,0.5420899816049383,3.2222222222222223
SH00002025,DS004,2026-07-03,9.0,R_DS004_106,4.0,37.93087116666666,61.81301403333333,160.0,0.07024235401234567,0.4444444444444444
SH00002026,DS004,2026-07-03,9.0,R_DS004_107,28.0,269.42573833333336,418.18288119999994,1170.0,0.4989365524691358,3.111111111111111
SH00002027,DS004,2026-07-03,9.0,R_DS004_108,35.0,302.2474616,483.8546045,1540.0,0.5597175214814815,3.888888888888889
SH00002028,DS004,2026-07-03,8.416666666666666,R_DS004_109,3.0,30.684262266666664,47.94497656666667,120.0,0.060760915379537955,0.3564356435643565
SH00002029,DS004,2026-07-03,9.0,R_DS004_111,32.0,302.1909411166666,485.7587982666667,1410.0,0.5596128539197529,3.5555555555555554
SH00002030,DS004,2026-07-03,9.0,R_DS004_112,4.0,31.51196138333333,48.48338995,160.0,0.058355484043209865,0.4444444444444444
SH00002031,DS004,2026-07-03,0.0,,0.0,0.0,0.0,0.0,0.0,0.0
SH00002032,DS004,2026-07-03,8.7,R_DS004_114,31.0,292.72597918333327,459.45097923333327,1370.0,0.5607777378991059,3.563218390804598
SH00002033,DS004,2026-07-03,0.0,,0.0,0.0,0.0,0.0,0.0,0.0
SH00002034,DS004,2026-07-03,9.0,R_DS004_116,28.0,233.15322580000003,377.0889400666666,1170.0,0.43176523296296304,3.111111111111111
SH00002035,DS004,2026-07-03,9.0,R_DS004_118,2.0,20.46746725,31.62103868333333,80.0,0.03790271712962963,0.2222222222222222
SH00002036,DS004,2026-07-03,9.0,R_DS004_119,27.0,233.53800231666665,375.1594308833333,1135.0,0.4324777820679012,3.0
SH00002037,DS004,2026-07-03,9.0,R_DS004_121,2.0,18.90566806666667,30.7985252,80.0,0.035010496419753095,0.2222222222222222
SH00002038,DS004,2026-07-03,9.0,R_DS004_123,30.0,305.2065484666667,482.6672627666667,1325.0,0.5651973119753086,3.3333333333333335
SH00002039,DS004,2026-07-03,9.0,R_DS004_125,26.0,243.34587688333332,383.2958768833334,1095.0,0.4506405127469136,2.888888888888889
SH00002040,DS004,2026-07-03,9.0,R_DS004_126,30.0,287.2053010166666,462.22315820000006,1325.0,0.5318616685493827,3.3333333333333335
SH00002041,DS004,2026-07-03,8.383333333333333,R_DS004_127,2.0,19.504857183333336,30.208428616666666,80.0,0.03877705205434063,0.2385685884691849
SH00002042,DS004,2026-07-03,9.0,R_DS004_128,25.0,238.55464415,380.5296440833334,1055.0,0.44176785953703707,2.7777777777777777
SH00002043,DS004,2026-07-03,9.0,R_DS004_129,30.0,297.2831325166667,472.20456105,1325.0,0.5505243194753087,3.3333333333333335
SH00002044,DS004,2026-07-03,9.0,R_DS004_130,2.0,14.702951016666667,22.610093866666666,80.0,0.027227687067901234,0.2222222222222222
SH00002045,DS004,2026-07-03,9.0,R_DS004_132,34.0,297.5432135500001,471.43607065000015,1495.0,0.5510059510185187,3.7777777777777777
SH00002046,DS004,2026-07-03,9.0,R_DS004_133,2.0,13.522746583333333,20.594175149999998,80.0,0.025042123302469136,0.2222222222222222
SH00002047,DS004,2026-07-03,9.0,R_DS004_134,24.0,237.62225145000002,380.94725143333335,1005.0,0.44004120638888894,2.6666666666666665
SH00002048,DS004,2026-07-03,8.616666666666667,R_DS004_135,32.0,279.49093528333333,444.89807815000006,1425.0,0.5406014222114764,3.713733075435203
SH00002049,DS004,2026-07-03,9.0,R_DS004_137,26.0,235.00932735,375.21647014999996,1090.0,0.4352024580555556,2.888888888888889
SH00002050,DS004,2026-07-03,0.0,,0.0,0.0,0.0,0.0,0.0,0.0
SH00002051,DS004,2026-07-03,0.0,,0.0,0.0,0.0,0.0,0.0,0.0
SH00002052,DS004,2026-07-03,9.0,R_DS004_142,2.0,19.60856353333333,29.026420666666667,80.0,0.03631215469135802,0.2222222222222222
SH00002053,DS004,2026-07-03,9.0,R_DS004_143,28.0,225.00885101666668,359.52670811666667,1185.0,0.4166830574382716,3.111111111111111
SH00002054,DS004,2026-07-03,0.0,,0.0,0.0,0.0,0.0,0.0,0.0
SH00002055,DS004,2026-07-03,9.0,R_DS004_146,23.0,229.8549821166667,360.6764107166667,965.0,0.4256573742901235,2.5555555555555554
SH00002056,DS004,2026-07-03,9.0,R_DS004_147,32.0,297.1281980333333,471.63176944999987,1415.0,0.5502374037654321,3.5555555555555554
SH00002057,DS004,2026-07-03,0.0,,0.0,0.0,0.0,0.0,0.0,0.0
SH00002058,DS004,2026-07-03,9.0,R_DS004_149,24.0,223.66518523333335,355.32232805000007,1010.0,0.41419478746913585,2.6666666666666665
SH00002059,DS004,2026-07-03,0.0,,0.0,0.0,0.0,0.0,0.0,0.0
SH00002060,DS004,2026-07-03,0.0,,0.0,0.0,0.0,0.0,0.0,0.0
SH00002061,DS004,2026-07-03,9.0,R_DS004_153,31.0,278.9290466166667,450.41118951666664,1370.0,0.5165352715123458,3.4444444444444446
SH00002062,DS004,2026-07-03,9.0,R_DS004_154,1.0,11.63176385,19.121049566666667,40.0,0.021540303425925927,0.1111111111111111
SH00002063,DS004,2026-07-03,0.0,,0.0,0.0,0.0,0.0,0.0,0.0
SH00002064,DS004,2026-07-03,9.0,R_DS004_156,33.0,294.51030395,471.1031610666665,1460.0,0.5453894517592592,3.6666666666666665
SH00002065,DS004,2026-07-03,9.0,R_DS004_157,1.0,7.539458016666667,13.1001723,40.0,0.013961959290123458,0.1111111111111111
SH00002066,DS004,2026-07-03,8.283333333333333,R_DS004_158,22.0,222.07385153333337,348.6845658166667,930.0,0.44682867511737095,2.6559356136820926
SH00002067,DS004,2026-07-03,0.0,,0.0,0.0,0.0,0.0,0.0,0.0
SH00002094,DS005,2026-07-03,9.0,R_DS005_002,38.0,277.77325999999994,433.05540283333335,1570.0,0.5143949259259258,4.222222222222222
SH00002095,DS005,2026-07-03,9.0,R_DS005_003,42.0,315.3427115500001,486.0534258333334,1835.0,0.583967984351852,4.666666666666667
SH00002096,DS005,2026-07-03,9.0,R_DS005_004,28.0,213.6642824333333,328.7678538666667,1120.0,0.3956745970987654,3.111111111111111
SH00002097,DS005,2026-07-03,9.0,R_DS005_006,43.0,308.5937403666667,480.8151689333333,1875.0,0.5714698895679012,4.777777777777778
SH00002098,DS005,2026-07-03,9.0,R_DS005_007,26.0,186.37817133333337,291.74245709999997,1040.0,0.34514476172839514,2.888888888888889
SH00002099,DS005,2026-07-03,8.666666666666666,R_DS005_008,37.0,269.9714586166666,426.57145855000005,1540.0,0.5191758819551281,4.269230769230769
SH00002100,DS005,2026-07-03,9.0,R_DS005_010,23.0,181.74846436666667,283.35203579999995,920.0,0.336571230308642,2.5555555555555554
SH00002101,DS005,2026-07-03,8.333333333333334,R_DS005_011,37.0,252.52561623333335,393.3434733666666,1535.0,0.5050512324666666,4.4399999999999995
SH00002102,DS005,2026-07-03,9.0,R_DS005_013,21.0,148.66081996666668,233.42153425000004,840.0,0.27529781475308646,2.3333333333333335
SH00002103,DS005,2026-07-03,9.0,R_DS005_014,39.0,268.05641695,421.89213118333345,1610.0,0.4964007721296297,4.333333333333333
SH00002104,DS005,2026-07-03,9.0,R_DS005_015,44.0,308.08170016666656,480.8817000666668,1920.0,0.5705216669753085,4.888888888888889
SH00002105,DS005,2026-07-03,9.0,R_DS005_016,19.0,144.31964193333332,224.64464193333333,760.0,0.2672585961728395,2.111111111111111
SH00002106,DS005,2026-07-03,9.0,R_DS005_017,37.0,265.20380945000005,416.4359523666667,1525.0,0.49111816564814825,4.111111111111111
SH00002107,DS005,2026-07-03,0.0,,0.0,0.0,0.0,0.0,0.0,0.0
SH00002108,DS005,2026-07-03,9.0,R_DS005_022,16.0,126.49446475,202.93017903333333,640.0,0.23424900879629632,1.7777777777777777
SH00002109,DS005,2026-07-03,9.0,R_DS005_023,36.0,270.0585779,419.39429219999994,1475.0,0.5001084775925926,4.0
SH00002110,DS005,2026-07-03,9.0,R_DS005_024,41.0,299.27667521666666,469.8266752666666,1795.0,0.5542160652160494,4.555555555555555
SH00002111,DS005,2026-07-03,9.0,R_DS005_025,12.0,101.77657331666666,158.63728759999998,480.0,0.1884751357716049,1.3333333333333333
SH00002112,DS005,2026-07-03,9.0,R_DS005_027,40.0,298.23169541666664,465.92098111666667,1755.0,0.5522809174382716,4.444444444444445
SH00002113,DS005,2026-07-03,9.0,R_DS005_028,11.0,92.70818291666667,143.6546115,440.0,0.17168182021604939,1.2222222222222223
SH00002114,DS005,2026-07-03,9.0,R_DS005_029,33.0,263.2004427666666,406.71829996666685,1375.0,0.48740822734567885,3.6666666666666665
SH00002115,DS005,2026-07-03,0.0,,0.0,0.0,0.0,0.0,0.0,0.0
SH00002116,DS005,2026-07-03,0.0,,0.0,0.0,0.0,0.0,0.0,0.0
SH00002117,DS005,2026-07-03,9.0,R_DS005_032,34.0,258.76111080000004,403.24325366666653,1410.0,0.4791872422222223,3.7777777777777777
SH00002118,DS005,2026-07-03,9.0,R_DS005_034,11.0,81.59592621666667,131.64235476666667,440.0,0.15110356706790123,1.2222222222222223
SH00002119,DS005,2026-07-03,9.0,R_DS005_035,33.0,243.72698673333335,385.63770098333333,1375.0,0.4513462717283951,3.6666666666666665
SH00002120,DS005,2026-07-03,8.55,R_DS005_036,37.0,262.7198064666667,416.00909218333334,1635.0,0.512124379077323,4.327485380116959
SH00002121,DS005,2026-07-03,9.0,R_DS005_037,9.0,68.85283685,106.9421226,360.0,0.12750525342592592,1.0
SH00002122,DS005,2026-07-03,0.0,,0.0,0.0,0.0,0.0,0.0,0.0
SH00002123,DS005,2026-07-03,8.816666666666666,R_DS005_039,37.0,286.62492463333325,450.2320674833333,1630.0,0.5418240541272841,4.196597353497165
SH00002124,DS005,2026-07-03,8.266666666666667,R_DS005_041,34.0,225.67721371666659,347.69149941666666,1420.0,0.45499438249327934,4.112903225806451
SH00002125,DS005,2026-07-03,9.0,R_DS005_042,36.0,285.2773142666667,446.50588573333334,1580.0,0.5282913227160494,4.0
SH00002126,DS005,2026-07-03,9.0,R_DS005_043,6.0,58.444525333333324,92.90166818333333,240.0,0.10823060246913578,0.6666666666666666
SH00002127,DS005,2026-07-03,9.0,R_DS005_044,32.0,222.0819783833333,346.7319784333334,1330.0,0.4112629229320987,3.5555555555555554
SH00002128,DS005,2026-07-03,8.3,R_DS005_045,36.0,275.6259302,432.38664451666665,1595.0,0.5534657232931727,4.337349397590361
SH00002129,DS005,2026-07-03,9.0,R_DS005_046,7.0,58.412865233333335,88.75572236666667,280.0,0.10817197265432099,0.7777777777777778
SH00002130,DS005,2026-07-03,9.0,R_DS005_049,6.0,44.371803666666665,71.59680363333334,240.0,0.08217000679012346,0.6666666666666666
SH00002131,DS005,2026-07-03,9.0,R_DS005_050,28.0,215.45058680000002,339.42558685,1160.0,0.3989825681481482,3.111111111111111
SH00002132,DS005,2026-07-03,9.0,R_DS005_052,6.0,45.55279795,71.52422653333333,240.0,0.08435703324074074,0.6666666666666666
SH00002133,DS005,2026-07-03,9.0,R_DS005_053,31.0,212.12283586666666,330.08712155,1285.0,0.3928200664197531,3.4444444444444446
SH00002134,DS005,2026-07-03,9.0,R_DS005_055,6.0,43.564056666666666,66.41762808333333,240.0,0.08067417901234568,0.6666666666666666
SH00002135,DS005,2026-07-03,9.0,R_DS005_056,30.0,213.71170025000004,333.41170021666665,1250.0,0.3957624078703704,3.3333333333333335
SH00002136,DS005,2026-07-03,9.0,R_DS005_057,36.0,275.2642656499999,429.93569420000006,1590.0,0.5097486400925925,4.0
SH00002137,DS005,2026-07-03,9.0,R_DS005_058,4.0,22.73410033333333,35.68767175,160.0,0.04210018580246913,0.4444444444444444
SH00002138,DS005,2026-07-03,9.0,R_DS005_059,28.0,192.62753583333333,299.7596787,1170.0,0.35671765895061724,3.111111111111111
SH00002139,DS005,2026-07-03,9.0,R_DS005_060,35.0,280.94602825,440.4388853666667,1545.0,0.5202704226851852,3.888888888888889
SH00002140,DS005,2026-07-03,0.0,,0.0,0.0,0.0,0.0,0.0,0.0
SH00002141,DS005,2026-07-03,9.0,R_DS005_064,3.0,20.050239166666668,34.353810583333335,120.0,0.0371300725308642,0.3333333333333333
SH00002142,DS005,2026-07-03,8.6,R_DS005_066,36.0,271.1012286666666,419.56908583333336,1590.0,0.5253899780361756,4.186046511627907
SH00002143,DS005,2026-07-03,9.0,R_DS005_067,3.0,16.464330383333333,24.9179018,120.0,0.030489500709876542,0.3333333333333333
SH00002144,DS005,2026-07-03,9.0,R_DS005_069,36.0,271.50249485,419.35963774999993,1590.0,0.5027823978703704,4.0
SH00002145,DS005,2026-07-03,9.0,R_DS005_070,3.0,20.198572183333333,29.520000749999998,120.0,0.037404763302469134,0.3333333333333333
SH00002146,DS005,2026-07-03,9.0,R_DS005_071,25.0,191.28247553333338,300.1503326833333,1040.0,0.35422680654321,2.7777777777777777
SH00002147,DS005,2026-07-03,9.0,R_DS005_072,36.0,275.1728423,424.57284230000005,1595.0,0.5095793375925927,4.0
SH00002148,DS005,2026-07-03,0.0,,0.0,0.0,0.0,0.0,0.0,0.0
SH00002149,DS005,2026-07-03,9.0,R_DS005_076,2.0,11.38800195,17.6558591,80.0,0.021088892499999998,0.2222222222222222
SH00002150,DS005,2026-07-03,9.0,R_DS005_077,24.0,187.40140835,296.87997981666666,1010.0,0.3470396450925926,2.6666666666666665
SH00002151,DS005,2026-07-03,9.0,R_DS005_078,35.0,270.29243365,418.6317192833333,1550.0,0.5005415437962963,3.888888888888889
SH00002152,DS005,2026-07-03,9.0,R_DS005_079,2.0,16.958161833333335,27.790304683333332,80.0,0.03140400339506173,0.2222222222222222
SH00002153,DS005,2026-07-03,8.183333333333334,R_DS005_080,21.0,185.78049341666664,292.88049345,880.0,0.37837167701968766,2.566191446028513
SH00002154,DS005,2026-07-03,9.0,R_DS005_081,36.0,282.01159559999996,436.87588129999995,1595.0,0.5222436955555555,4.0
SH00002155,DS005,2026-07-03,0.0,,0.0,0.0,0.0,0.0,0.0,0.0
SH00002156,DS005,2026-07-03,9.0,R_DS005_084,35.0,282.97964176666665,437.3296417333333,1545.0,0.5240363736419753,3.888888888888889
SH00002157,DS005,2026-07-03,9.0,R_DS005_085,2.0,13.2578451,19.58998795,80.0,0.024551565,0.2222222222222222
SH00002158,DS005,2026-07-03,9.0,R_DS005_086,25.0,176.3215960833333,273.9073103333333,1050.0,0.326521474228395,2.7777777777777777
SH00002159,DS005,2026-07-03,8.583333333333334,R_DS005_087,36.0,273.48228145,427.57513860000006,1590.0,0.5310335562135923,4.194174757281553
SH00002160,DS005,2026-07-03,9.0,R_DS005_091,2.0,9.59436475,15.412221883333334,80.0,0.017767342129629632,0.2222222222222222
SH00002161,DS005,2026-07-03,9.0,R_DS005_092,25.0,183.56507120000003,286.55078545,1055.0,0.3399353170370371,2.7777777777777777
SH00002162,DS005,2026-07-03,9.0,R_DS005_093,38.0,268.96115083333336,423.37543653333336,1680.0,0.49807620524691365,4.222222222222222
SH00002163,DS005,2026-07-03,8.333333333333334,R_DS005_094,2.0,17.298528933333333,27.037814633333333,80.0,0.03459705786666666,0.24
SH00002164,DS005,2026-07-03,9.0,R_DS005_097,2.0,18.42171795,28.611003683333333,80.0,0.034114292500000004,0.2222222222222222
SH00002165,DS005,2026-07-03,9.0,R_DS005_098,21.0,166.4690784666667,263.3155070666667,885.0,0.30827607123456796,2.3333333333333335
SH00002166,DS005,2026-07-03,9.0,R_DS005_099,35.0,277.77603826666666,437.26889543333334,1545.0,0.5144000708641975,3.888888888888889
SH00002167,DS005,2026-07-03,9.0,,0.0,0.0,0.0,0.0,0.0,0.0
SH00002168,DS005,2026-07-03,9.0,R_DS005_101,20.0,154.49228391666665,234.97799818333337,850.0,0.2860968220679012,2.2222222222222223
SH00002169,DS005,2026-07-03,0.0,,0.0,0.0,0.0,0.0,0.0,0.0
SH00002170,DS005,2026-07-03,9.0,R_DS005_104,20.0,137.66533873333336,214.64748166666666,860.0,0.2549358124691358,2.2222222222222223
SH00002171,DS005,2026-07-03,9.0,R_DS005_105,39.0,280.47314984999997,427.2374355333334,1725.0,0.5193947219444444,4.333333333333333
SH00002172,DS005,2026-07-03,8.75,,0.0,0.0,0.0,0.0,0.0,0.0
SH00002173,DS005,2026-07-03,9.0,R_DS005_107,18.0,130.37817206666668,202.47460065,770.0,0.24144105938271607,2.0
SH00002174,DS005,2026-07-03,9.0,R_DS005_108,37.0,276.18847601666664,431.0206188500002,1640.0,0.5114601407716048,4.111111111111111
SH00002175,DS005,2026-07-03,9.0,,0.0,0.0,0.0,0.0,0.0,0.0
SH00002176,DS005,2026-07-03,9.0,R_DS005_111,34.0,272.0446438833333,421.5410724333334,1505.0,0.5037863775617284,3.7777777777777777
SH00002177,DS005,2026-07-03,9.0,,0.0,0.0,0.0,0.0,0.0,0.0
SH00002178,DS005,2026-07-03,9.0,R_DS005_113,18.0,131.51980976666667,207.08766691666668,770.0,0.24355520327160493,2.0
SH00002179,DS005,2026-07-03,9.0,R_DS005_114,31.0,253.48207176666668,399.76421465000004,1375.0,0.4694112440123457,3.4444444444444446
SH00002180,DS005,2026-07-03,9.0,,0.0,0.0,0.0,0.0,0.0,0.0
SH00002181,DS005,2026-07-03,9.0,R_DS005_116,17.0,135.2926484333333,208.57836270000004,730.0,0.25054194154320986,1.8888888888888888
SH00002182,DS005,2026-07-03,0.0,,0.0,0.0,0.0,0.0,0.0,0.0
SH00002183,DS005,2026-07-03,9.0,R_DS005_119,17.0,127.67925840000001,199.90425835000002,730.0,0.23644307111111112,1.8888888888888888
SH00002184,DS005,2026-07-03,0.0,,0.0,0.0,0.0,0.0,0.0,0.0
SH00002185,DS005,2026-07-03,9.0,R_DS005_122,15.0,122.78806118333331,185.14520405000002,650.0,0.2273852984876543,1.6666666666666667
SH00002186,DS005,2026-07-03,9.0,R_DS005_123,34.0,259.43610021666666,401.28252873333327,1515.0,0.4804372226234568,3.7777777777777777
SH00002187,DS005,2026-07-03,8.416666666666666,R_DS005_125,17.0,109.50828138333334,170.7404242,730.0,0.21684808194719477,2.01980198019802
SH00002188,DS005,2026-07-03,9.0,R_DS005_126,36.0,252.70427074999995,398.6328422166667,1600.0,0.46797087175925917,4.0
SH00002189,DS005,2026-07-03,9.0,,0.0,0.0,0.0,0.0,0.0,0.0
SH00002190,DS005,2026-07-03,9.0,R_DS005_128,14.0,124.89324328333333,191.1075290166667,605.0,0.2312837838580247,1.5555555555555556
SH00002191,DS005,2026-07-03,9.0,,0.0,0.0,0.0,0.0,0.0,0.0
SH00002192,DS005,2026-07-03,9.0,,0.0,0.0,0.0,0.0,0.0,0.0
SH00002193,DS005,2026-07-03,9.0,R_DS005_134,14.0,111.13170431666667,175.44956141666663,605.0,0.2057994524382716,1.5555555555555556
SH00002194,DS005,2026-07-03,9.0,R_DS005_135,35.0,257.78698898333334,401.4334175166667,1560.0,0.4773833129320988,3.888888888888889
SH00002226,DS001,2026-07-04,8.533333333333333,R_DS001_001,34.0,221.7475412833333,341.0689698499999,1195.0,0.43310066656901036,3.984375
SH00002227,DS001,2026-07-04,0.0,,0.0,0.0,0.0,0.0,0.0,0.0
SH00002228,DS001,2026-07-04,9.0,R_DS001_004,37.0,231.84886733333335,356.4095816333333,1315.0,0.42934975432098765,4.111111111111111
SH00002229,DS001,2026-07-04,8.433333333333334,R_DS001_005,46.0,286.0692957333333,440.84429573333335,1675.0,0.5653543393939394,5.454545454545454
SH00002230,DS001,2026-07-04,8.6,R_DS001_007,30.0,205.65991446666663,314.57420018333335,1055.0,0.39856572571059423,3.488372093023256
SH00002231,DS001,2026-07-04,9.0,R_DS001_008,45.0,301.72733255,461.57733255000005,1630.0,0.5587543195370371,5.0
SH00002232,DS001,2026-07-04,9.0,R_DS001_009,52.0,284.60825723333323,433.7764390166667,1960.0,0.5270523282098764,5.777777777777778
SH00002233,DS001,2026-07-04,9.0,R_DS001_011,43.0,294.5982919833334,457.6732919833334,1555.0,0.5455523925617285,4.777777777777778
SH00002234,DS001,2026-07-04,9.0,R_DS001_012,46.0,289.52993144999994,443.4572041833333,1750.0,0.5361665397222221,5.111111111111111
SH00002235,DS001,2026-07-04,0.0,,0.0,0.0,0.0,0.0,0.0,0.0
SH00002236,DS001,2026-07-04,9.0,R_DS001_015,51.0,289.81936936666665,440.2125511833332,1930.0,0.5367025358641975,5.666666666666667
SH00002237,DS001,2026-07-04,8.633333333333333,R_DS001_016,27.0,178.65896865,273.58396865000003,955.0,0.3449014838803089,3.1274131274131274
SH00002238,DS001,2026-07-04,9.0,R_DS001_017,43.0,305.44407983333343,464.6940798333334,1555.0,0.5656371848765434,4.777777777777778
SH00002239,DS001,2026-07-04,9.0,R_DS001_018,45.0,287.59612720000007,436.11658175000014,1710.0,0.5325854207407409,5.0
SH00002240,DS001,2026-07-04,9.0,R_DS001_019,24.0,173.7826375666667,264.4504947166667,860.0,0.3218196991975309,2.6666666666666665
SH00002241,DS001,2026-07-04,0.0,,0.0,0.0,0.0,0.0,0.0,0.0
SH00002242,DS001,2026-07-04,9.0,R_DS001_023,45.0,300.2158435666667,455.16584356666664,1630.0,0.5559552658641976,5.0
SH00002243,DS001,2026-07-04,9.0,R_DS001_024,48.0,289.8600673833334,437.0214310166667,1825.0,0.5367779025617285,5.333333333333333
SH00002244,DS001,2026-07-04,9.0,R_DS001_026,45.0,284.43140753333336,439.2814075333334,1630.0,0.5267248287654321,5.0
SH00002245,DS001,2026-07-04,9.0,R_DS001_028,23.0,145.73081245,225.1343839,825.0,0.26987187490740744,2.5555555555555554
SH00002246,DS001,2026-07-04,9.0,R_DS001_029,44.0,297.12246505,447.39746505000005,1585.0,0.5502267871296297,4.888888888888889
SH00002247,DS001,2026-07-04,9.0,R_DS001_030,45.0,283.79206845,441.0420684500001,1715.0,0.5255408675,5.0
SH00002248,DS001,2026-07-04,8.466666666666667,R_DS001_031,16.0,104.7886323,157.78148944999998,565.0,0.20627683523622048,1.889763779527559
SH00002249,DS001,2026-07-04,9.0,R_DS001_032,45.0,281.8300644,426.7550644,1640.0,0.5219075266666667,5.0
SH00002250,DS001,2026-07-04,9.0,R_DS001_033,44.0,289.0266958666667,449.12442313333327,1660.0,0.5352346219753088,4.888888888888889
SH00002251,DS001,2026-07-04,7.766666666666667,R_DS001_035,36.0,258.7211311166667,397.19613111666655,1310.0,0.5551955603361947,4.635193133047211
SH00002252,DS001,2026-07-04,9.0,R_DS001_037,13.0,91.93760624999999,144.20546338333332,475.0,0.17025482638888886,1.4444444444444444
SH00002253,DS001,2026-07-04,9.0,R_DS001_038,44.0,271.43719168333337,418.28719168333333,1605.0,0.502661466080247,4.888888888888889
SH00002254,DS001,2026-07-04,9.0,R_DS001_039,47.0,271.40807863333333,424.90807863333333,1790.0,0.5026075530246914,5.222222222222222
SH00002255,DS001,2026-07-04,9.0,R_DS001_040,10.0,77.78218783333334,119.40004498333332,370.0,0.14404108858024692,1.1111111111111112
SH00002256,DS001,2026-07-04,9.0,R_DS001_042,40.0,275.8309784833333,419.1059784833334,1525.0,0.5107981083024691,4.444444444444445
SH00002257,DS001,2026-07-04,9.0,R_DS001_043,6.0,51.929766783333335,79.56905249999998,225.0,0.09616623478395062,0.6666666666666666
SH00002258,DS001,2026-07-04,9.0,R_DS001_044,42.0,261.8485786333333,407.4985786333333,1525.0,0.48490477524691356,4.666666666666667
SH00002259,DS001,2026-07-04,9.0,R_DS001_045,43.0,277.3231633,419.39816329999996,1650.0,0.5135614135185185,4.777777777777778
SH00002260,DS001,2026-07-04,0.0,,0.0,0.0,0.0,0.0,0.0,0.0
SH00002261,DS001,2026-07-04,9.0,R_DS001_047,42.0,275.21689509999993,415.3168950999999,1525.0,0.5096609168518518,4.666666666666667
SH00002262,DS001,2026-07-04,9.0,R_DS001_049,5.0,35.836984050000005,56.32984118333333,190.0,0.06636478527777778,0.5555555555555556
SH00002263,DS001,2026-07-04,9.0,R_DS001_051,43.0,281.2593434,427.55934340000005,1645.0,0.5208506359259258,4.777777777777778
SH00002264,DS001,2026-07-04,8.166666666666666,R_DS001_052,5.0,32.5395395,52.96811093333333,195.0,0.06640722346938775,0.6122448979591837
SH00002265,DS001,2026-07-04,9.0,R_DS001_053,43.0,272.2744667166667,413.39946671666667,1565.0,0.5042119754012346,4.777777777777778
SH00002266,DS001,2026-07-04,9.0,R_DS001_054,40.0,268.29163389999997,404.19163389999994,1530.0,0.49683635907407403,4.444444444444445
SH00002267,DS001,2026-07-04,9.0,R_DS001_056,41.0,255.98209668333334,393.0820966833335,1490.0,0.47404091978395063,4.555555555555555
SH00002268,DS001,2026-07-04,9.0,R_DS001_057,42.0,276.1132091,417.43820910000005,1610.0,0.5113207575925927,4.666666666666667
SH00002269,DS001,2026-07-04,9.0,R_DS001_058,6.0,42.5623628,69.00879136666666,230.0,0.07881919037037037,0.6666666666666666
SH00002270,DS001,2026-07-04,9.0,R_DS001_059,37.0,269.4738771166667,410.2488771166667,1355.0,0.4990256983641976,4.111111111111111
SH00002271,DS001,2026-07-04,9.0,R_DS001_060,43.0,265.2053744,399.10537439999996,1655.0,0.4911210637037037,4.777777777777778
SH00002272,DS001,2026-07-04,9.0,R_DS001_061,5.0,41.660373033333336,64.87108733333334,190.0,0.07714883895061729,0.5555555555555556
SH00002273,DS001,2026-07-04,9.0,R_DS001_063,37.0,267.7299528,409.9299527999999,1420.0,0.49579620888888887,4.111111111111111
SH00002274,DS001,2026-07-04,9.0,R_DS001_064,4.0,25.6940463,40.20118916666667,155.0,0.047581567222222225,0.4444444444444444
SH00002275,DS001,2026-07-04,8.6,R_DS001_065,40.0,235.05198828333332,362.7769882833334,1460.0,0.45552710907622734,4.651162790697675
SH00002276,DS001,2026-07-04,8.3,R_DS001_066,38.0,253.53878728333333,387.73878728333335,1465.0,0.5091140306894243,4.578313253012047
SH00002277,DS001,2026-07-04,9.0,R_DS001_067,4.0,30.200046433333334,46.946475,155.0,0.05592601191358025,0.4444444444444444
SH00002278,DS001,2026-07-04,9.0,R_DS001_068,40.0,230.34046836666664,352.91546836666663,1465.0,0.4265564229012345,4.444444444444445
SH00002279,DS001,2026-07-04,9.0,R_DS001_070,4.0,27.256718483333334,43.71386131666667,160.0,0.050475404598765435,0.4444444444444444
SH00002280,DS001,2026-07-04,9.0,R_DS001_073,3.0,23.142930266666667,38.08935885,120.0,0.04285727827160494,0.3333333333333333
SH00002281,DS001,2026-07-04,9.0,R_DS001_074,36.0,236.45749521666667,363.9324952166667,1315.0,0.4378842504012346,4.0
SH00002282,DS001,2026-07-04,9.0,R_DS001_075,39.0,248.87022615000004,381.19522615000005,1495.0,0.46087078916666674,4.333333333333333
SH00002283,DS001,2026-07-04,9.0,R_DS001_077,34.0,250.12047831666666,381.1704783166667,1235.0,0.4631860709567901,3.7777777777777777
SH00002284,DS001,2026-07-04,9.0,R_DS001_078,39.0,258.0938593666666,387.8438593666666,1505.0,0.47795159141975296,4.333333333333333
SH00002285,DS001,2026-07-04,8.566666666666666,R_DS001_079,1.0,10.753303516666668,17.503303516666666,40.0,0.020920823962386512,0.11673151750972763
SH00002286,DS001,2026-07-04,9.0,R_DS001_080,34.0,230.44578036666664,358.04578036666663,1240.0,0.42675144512345675,3.7777777777777777
SH00002287,DS001,2026-07-04,9.0,R_DS001_081,36.0,252.79188461666664,384.8418846166668,1385.0,0.46813311966049376,4.0
SH00002288,DS001,2026-07-04,9.0,R_DS001_082,3.0,24.23877335,38.83163046666667,120.0,0.04488661731481481,0.3333333333333333
SH00002289,DS001,2026-07-04,9.0,R_DS001_084,39.0,250.24225631666667,385.5672563166667,1500.0,0.46341158577160496,4.333333333333333
SH00002290,DS001,2026-07-04,9.0,R_DS001_085,4.0,29.98627773333333,48.0184206,160.0,0.05553014395061728,0.4444444444444444
SH00002291,DS001,2026-07-04,0.0,,0.0,0.0,0.0,0.0,0.0,0.0
SH00002292,DS001,2026-07-04,8.466666666666667,R_DS001_087,39.0,249.66077405,387.33577404999994,1505.0,0.49145821663385825,4.606299212598425
SH00002293,DS001,2026-07-04,9.0,R_DS001_088,3.0,29.611429016666666,45.55428616666667,120.0,0.054835979660493826,0.3333333333333333
SH00002294,DS001,2026-07-04,9.0,R_DS001_089,34.0,238.69579774999997,361.9707977499999,1240.0,0.44202925509259255,3.7777777777777777
SH00002295,DS001,2026-07-04,9.0,R_DS001_091,3.0,32.94520813333333,51.55592241666666,120.0,0.06100964469135802,0.3333333333333333
SH00002296,DS001,2026-07-04,9.0,R_DS001_092,37.0,231.87096421666666,357.79596421666673,1355.0,0.42939067447530865,4.111111111111111
SH00002297,DS001,2026-07-04,9.0,R_DS001_093,40.0,256.65908705000004,385.68408704999996,1540.0,0.47529460564814824,4.444444444444445
SH00002298,DS001,2026-07-04,0.0,,0.0,0.0,0.0,0.0,0.0,0.0
SH00002299,DS001,2026-07-04,9.0,R_DS001_096,39.0,251.20445226666675,386.90445226666674,1510.0,0.46519343012345693,4.333333333333333
SH00002300,DS001,2026-07-04,9.0,R_DS001_098,34.0,237.36113618333323,358.53613618333327,1240.0,0.43955765959876525,3.7777777777777777
SH00002301,DS001,2026-07-04,9.0,R_DS001_099,39.0,250.08204386666665,379.65704386666664,1505.0,0.46311489604938266,4.333333333333333
SH00002302,DS001,2026-07-04,9.0,R_DS001_100,3.0,23.638483649999998,37.29919795,120.0,0.043774969722222216,0.3333333333333333
SH00002303,DS001,2026-07-04,9.0,R_DS001_101,38.0,231.50705684999994,348.7070568499999,1395.0,0.42871677194444435,4.222222222222222
SH00002304,DS001,2026-07-04,9.0,R_DS001_102,40.0,248.80682710000005,381.3318271,1545.0,0.46075338351851863,4.444444444444445
SH00002305,DS001,2026-07-04,8.7,R_DS001_103,2.0,12.777318916666667,20.973747483333334,80.0,0.024477622445721586,0.2298850574712644
SH00002306,DS001,2026-07-04,9.0,R_DS001_105,37.0,257.00451756666666,390.9954266666667,1420.0,0.4759342917901235,4.111111111111111
SH00002307,DS001,2026-07-04,9.0,R_DS001_106,3.0,27.437112316666667,41.965683750000004,120.0,0.050809467253086424,0.3333333333333333
SH00002308,DS001,2026-07-04,9.0,R_DS001_107,40.0,233.89572216666667,358.3207221666667,1465.0,0.43314022623456794,4.444444444444445
SH00002309,DS001,2026-07-04,9.0,R_DS001_108,38.0,250.67006088333335,385.02006088333343,1460.0,0.4642038164506173,4.222222222222222
SH00002310,DS001,2026-07-04,9.0,R_DS001_109,4.0,29.104467266666667,45.061610116666664,155.0,0.05389716160493827,0.4444444444444444
SH00002311,DS001,2026-07-04,9.0,R_DS001_110,36.0,227.62822056666667,350.6782205666668,1320.0,0.4215337417901235,4.0
SH00002312,DS001,2026-07-04,9.0,R_DS001_112,4.0,29.71797685,46.23940541666666,160.0,0.055033290462962965,0.4444444444444444
SH00002313,DS001,2026-07-04,9.0,R_DS001_113,36.0,225.47538186666665,345.6503818666666,1320.0,0.4175470034567901,4.0
SH00002314,DS001,2026-07-04,9.0,R_DS001_114,39.0,250.13957589999995,385.76457589999995,1510.0,0.46322143685185174,4.333333333333333
SH00002315,DS001,2026-07-04,9.0,R_DS001_115,4.0,34.21920866666667,52.797780083333336,160.0,0.0633689049382716,0.4444444444444444
SH00002316,DS001,2026-07-04,9.0,R_DS001_116,37.0,218.09930893333333,337.72430893333336,1360.0,0.40388760913580246,4.111111111111111
SH00002317,DS001,2026-07-04,9.0,R_DS001_117,37.0,251.85043804999992,383.5504380499999,1435.0,0.46638970009259245,4.111111111111111
SH00002318,DS001,2026-07-04,9.0,R_DS001_119,37.0,229.51393641666667,350.3889364166667,1355.0,0.42502580817901237,4.111111111111111
SH00002319,DS001,2026-07-04,9.0,R_DS001_120,38.0,253.92511286666664,382.02511286666663,1460.0,0.4702316904938271,4.222222222222222
SH00002320,DS001,2026-07-04,0.0,,0.0,0.0,0.0,0.0,0.0,0.0
SH00002321,DS001,2026-07-04,9.0,R_DS001_122,37.0,226.5654618333333,343.41546183333344,1355.0,0.41956567006172835,4.111111111111111
SH00002322,DS001,2026-07-04,0.0,,0.0,0.0,0.0,0.0,0.0,0.0
SH00002323,DS001,2026-07-04,8.383333333333333,R_DS001_124,1.0,5.9701216,9.8451216,35.0,0.01186902902584493,0.11928429423459246
SH00002324,DS001,2026-07-04,9.0,R_DS001_126,38.0,248.21174896666665,379.9617489666666,1460.0,0.4596513869753086,4.222222222222222
SH00002325,DS001,2026-07-04,9.0,R_DS001_127,5.0,34.75615258333333,53.77043831666667,195.0,0.06436324552469136,0.5555555555555556
SH00002326,DS001,2026-07-04,0.0,,0.0,0.0,0.0,0.0,0.0,0.0
SH00002327,DS001,2026-07-04,8.783333333333333,R_DS001_129,38.0,248.27215531666664,380.5721553166666,1470.0,0.4711046590449082,4.326375711574952
SH00002328,DS001,2026-07-04,8.266666666666667,,0.0,0.0,0.0,0.0,0.0,0.0
SH00002329,DS001,2026-07-04,9.0,R_DS001_131,35.0,216.1531434833333,332.4281434833333,1290.0,0.4002835990432098,3.888888888888889
SH00002330,DS001,2026-07-04,0.0,,0.0,0.0,0.0,0.0,0.0,0.0
SH00002331,DS001,2026-07-04,0.0,,0.0,0.0,0.0,0.0,0.0,0.0
SH00002332,DS001,2026-07-04,9.0,R_DS001_136,3.0,32.27799376666667,50.47085091666668,120.0,0.0597740625308642,0.3333333333333333
SH00002333,DS001,2026-07-04,9.0,R_DS001_137,32.0,220.67114701666662,338.9211470166667,1180.0,0.40865027225308637,3.5555555555555554
SH00002334,DS001,2026-07-04,0.0,,0.0,0.0,0.0,0.0,0.0,0.0
SH00002335,DS001,2026-07-04,9.0,R_DS001_140,31.0,215.57825816666664,334.52825816666655,1145.0,0.3992189966049382,3.4444444444444446
SH00002336,DS001,2026-07-04,9.0,R_DS001_141,39.0,241.39450574999998,365.0445057500001,1505.0,0.44702686249999996,4.333333333333333
SH00002337,DS001,2026-07-04,8.6,R_DS001_142,4.0,28.649668933333334,42.98538325,160.0,0.055522614211886305,0.46511627906976744
SH00002338,DS001,2026-07-04,9.0,R_DS001_143,34.0,211.19778496666663,320.8977849666666,1250.0,0.3911070091975308,3.7777777777777777
SH00002339,DS001,2026-07-04,8.816666666666666,R_DS001_144,38.0,245.22702889999997,369.3520289,1465.0,0.46356716238185247,4.310018903591683
SH00002340,DS001,2026-07-04,9.0,R_DS001_145,3.0,27.667008949999996,41.84200895,120.0,0.051235201759259254,0.3333333333333333
SH00002341,DS001,2026-07-04,9.0,R_DS001_147,39.0,240.72761353333328,364.1026135333332,1515.0,0.44579187691358013,4.333333333333333
SH00002342,DS001,2026-07-04,9.0,R_DS001_149,31.0,214.6288858,334.0788858,1140.0,0.39746089962962966,3.4444444444444446
SH00002343,DS001,2026-07-04,9.0,R_DS001_150,36.0,244.34984163333337,369.8748416333334,1390.0,0.4524997067283951,4.0
SH00002344,DS001,2026-07-04,9.0,R_DS001_151,4.0,31.42149665,45.88578235,160.0,0.058187956759259266,0.4444444444444444
SH00002345,DS001,2026-07-04,9.0,R_DS001_154,4.0,31.871724266666664,49.3895814,160.0,0.059021711604938264,0.4444444444444444
SH00002346,DS001,2026-07-04,9.0,R_DS001_156,38.0,240.76394030000003,367.8639403,1465.0,0.44585914870370374,4.222222222222222
SH00002347,DS001,2026-07-04,9.0,R_DS001_157,3.0,26.753970716666668,42.503970716666664,120.0,0.04954439021604939,0.3333333333333333
SH00002348,DS001,2026-07-04,9.0,R_DS001_159,35.0,243.8938037166667,370.7688037166667,1355.0,0.4516551920679013,3.888888888888889
SH00002349,DS001,2026-07-04,9.0,R_DS001_161,30.0,209.31609331666664,324.7160933166667,1105.0,0.38762239503086415,3.3333333333333335
SH00002350,DS001,2026-07-04,9.0,R_DS001_163,3.0,29.559238116666666,45.502095266666664,120.0,0.05473932984567901,0.3333333333333333
SH00002351,DS001,2026-07-04,8.65,R_DS001_164,33.0,217.45547373333335,327.3554737333333,1210.0,0.4189893520873475,3.8150289017341037
SH00002352,DS001,2026-07-04,9.0,R_DS001_165,38.0,243.29107526666667,370.1910752666666,1465.0,0.4505390282716049,4.222222222222222
SH00002382,DS002,2026-07-04,9.0,R_DS002_001,35.0,253.51145173333333,391.8793088666667,1285.0,0.4694656513580247,3.888888888888889
SH00002383,DS002,2026-07-04,9.0,R_DS002_002,42.0,310.6061463166667,483.38114631666673,1540.0,0.5751965672530864,4.666666666666667
SH00002384,DS002,2026-07-04,9.0,R_DS002_003,43.0,313.4227522499999,486.46138859999996,1620.0,0.5804125041666666,4.777777777777778
SH00002385,DS002,2026-07-04,0.0,,0.0,0.0,0.0,0.0,0.0,0.0
SH00002386,DS002,2026-07-04,9.0,R_DS002_007,33.0,241.0825296833334,381.44681536666667,1215.0,0.44644912904321,3.6666666666666665
SH00002387,DS002,2026-07-04,9.0,R_DS002_008,47.0,307.5103679166666,471.6103679166666,1720.0,0.5694636442901233,5.222222222222222
SH00002388,DS002,2026-07-04,9.0,R_DS002_009,40.0,311.9781027333333,482.51219365,1510.0,0.5777372272839505,4.444444444444445
SH00002389,DS002,2026-07-04,9.0,R_DS002_010,30.0,231.58572943333334,361.8143008333334,1105.0,0.42886246191358024,3.3333333333333335
SH00002390,DS002,2026-07-04,9.0,R_DS002_011,41.0,303.6193583833333,469.84435838333326,1495.0,0.5622580710802468,4.555555555555555
SH00002391,DS002,2026-07-04,9.0,R_DS002_012,42.0,300.9518436333333,468.2586618,1585.0,0.5573182289506172,4.666666666666667
SH00002392,DS002,2026-07-04,9.0,R_DS002_015,43.0,297.67214443333324,466.1425989833333,1635.0,0.55124471191358,4.777777777777778
SH00002393,DS002,2026-07-04,9.0,R_DS002_016,27.0,215.59742825000006,330.0938568333333,995.0,0.3992544967592594,3.0
SH00002394,DS002,2026-07-04,0.0,,0.0,0.0,0.0,0.0,0.0,0.0
SH00002395,DS002,2026-07-04,9.0,R_DS002_019,27.0,207.67914581666668,316.22914578333337,1000.0,0.38459101077160496,3.0
SH00002396,DS002,2026-07-04,9.0,R_DS002_021,41.0,303.93199113333327,473.50017295,1555.0,0.5628370206172838,4.555555555555555
SH00002397,DS002,2026-07-04,9.0,R_DS002_022,23.0,177.55223141666664,277.50937428333333,855.0,0.3288004285493827,2.5555555555555554
SH00002398,DS002,2026-07-04,0.0,,0.0,0.0,0.0,0.0,0.0,0.0
SH00002399,DS002,2026-07-04,9.0,R_DS002_024,39.0,302.5965451,467.15563603333345,1475.0,0.5603639724074074,4.333333333333333
SH00002400,DS002,2026-07-04,9.0,R_DS002_025,21.0,153.8664361833333,239.93072191666667,790.0,0.28493784478395057,2.3333333333333335
SH00002401,DS002,2026-07-04,9.0,R_DS002_028,18.0,162.24133895,253.3663389333333,680.0,0.3004469239814815,2.0
SH00002402,DS002,2026-07-04,9.0,R_DS002_029,45.0,302.64252848333336,466.41752848333334,1645.0,0.5604491268209877,5.0
SH00002403,DS002,2026-07-04,9.0,R_DS002_030,42.0,302.45628641666667,462.86537733333324,1605.0,0.5601042341049383,4.666666666666667
SH00002404,DS002,2026-07-04,9.0,R_DS002_031,16.0,126.4775465,199.99897509999997,615.0,0.23421767870370372,1.7777777777777777
SH00002405,DS002,2026-07-04,9.0,R_DS002_032,40.0,301.63458706666665,466.80958706666667,1470.0,0.5585825686419753,4.444444444444445
SH00002406,DS002,2026-07-04,0.0,,0.0,0.0,0.0,0.0,0.0,0.0
SH00002407,DS002,2026-07-04,9.0,R_DS002_036,36.0,289.5347277166666,452.9597277166665,1375.0,0.5361754216975307,4.0
SH00002408,DS002,2026-07-04,9.0,R_DS002_037,13.0,110.24369381666668,175.4044081,500.0,0.20415498854938274,1.4444444444444444
SH00002409,DS002,2026-07-04,8.25,R_DS002_038,40.0,285.59228479999996,447.4922847999999,1465.0,0.5769541107070706,4.848484848484849
SH00002410,DS002,2026-07-04,9.0,R_DS002_039,40.0,291.7032557999999,451.4282558000001,1535.0,0.5401912144444443,4.444444444444445
SH00002411,DS002,2026-07-04,9.0,R_DS002_040,10.0,99.79808073333332,157.51236641666668,390.0,0.18481126061728392,1.1111111111111112
SH00002412,DS002,2026-07-04,9.0,R_DS002_042,43.0,299.41929288333324,458.01929288333326,1645.0,0.5544801720061727,4.777777777777778
SH00002413,DS002,2026-07-04,8.05,R_DS002_043,11.0,87.68851176666666,142.5063689,445.0,0.18154971380262247,1.3664596273291925
SH00002414,DS002,2026-07-04,8.766666666666667,R_DS002_045,39.0,287.44011778333333,440.3901177833333,1490.0,0.5464641022496831,4.448669201520912
SH00002415,DS002,2026-07-04,9.0,R_DS002_046,11.0,99.06729508333333,152.33515223333333,435.0,0.18345795385802469,1.2222222222222223
SH00002416,DS002,2026-07-04,9.0,R_DS002_047,40.0,287.8095709833333,447.4345709833333,1475.0,0.5329806870061727,4.444444444444445
SH00002417,DS002,2026-07-04,9.0,R_DS002_049,10.0,92.71459686666667,148.40388258333334,400.0,0.17169369790123457,1.1111111111111112
SH00002418,DS002,2026-07-04,9.0,R_DS002_050,39.0,281.3438512166667,439.16885121666655,1435.0,0.5210071318827161,4.333333333333333
SH00002419,DS002,2026-07-04,9.0,R_DS002_051,42.0,296.78242166666666,452.9574216500001,1610.0,0.5495970771604938,4.666666666666667
SH00002420,DS002,2026-07-04,9.0,R_DS002_052,11.0,90.38160738333333,141.6923216666667,445.0,0.16737334700617285,1.2222222222222223
SH00002421,DS002,2026-07-04,9.0,R_DS002_053,36.0,281.3190037333334,440.79400373333334,1320.0,0.5209611180246915,4.0
SH00002422,DS002,2026-07-04,9.0,R_DS002_054,38.0,296.90656586666665,457.1065658666666,1445.0,0.5498269738271605,4.222222222222222
SH00002423,DS002,2026-07-04,9.0,R_DS002_056,38.0,282.58988215,449.0398821499999,1400.0,0.5233145965740741,4.222222222222222
SH00002424,DS002,2026-07-04,8.666666666666666,R_DS002_057,36.0,289.0234801666667,452.24848016666664,1375.0,0.5558143849358974,4.153846153846154
SH00002425,DS002,2026-07-04,9.0,R_DS002_058,11.0,88.17734823333335,139.25234828333333,445.0,0.16329138561728399,1.2222222222222223
SH00002426,DS002,2026-07-04,9.0,R_DS002_059,40.0,289.34479555,441.2697955499999,1470.0,0.535823695462963,4.444444444444445
SH00002427,DS002,2026-07-04,9.0,R_DS002_060,37.0,289.7521377,452.0271377,1410.0,0.5365780327777777,4.111111111111111
SH00002428,DS002,2026-07-04,9.0,R_DS002_061,9.0,79.73147588333333,126.02433303333333,370.0,0.1476508812654321,1.0
SH00002429,DS002,2026-07-04,9.0,R_DS002_064,9.0,85.26044085000001,132.21401231666667,370.0,0.1578897052777778,1.0
SH00002430,DS002,2026-07-04,9.0,R_DS002_065,39.0,284.90643923333334,436.68143923333326,1450.0,0.5276045170987654,4.333333333333333
SH00002431,DS002,2026-07-04,9.0,R_DS002_066,40.0,292.20172006666655,456.4017200666667,1520.0,0.5411142964197528,4.444444444444445
SH00002432,DS002,2026-07-04,9.0,R_DS002_067,9.0,86.41160211666669,129.34374498333332,365.0,0.1600214854012346,1.0
SH00002433,DS002,2026-07-04,9.0,R_DS002_068,39.0,291.73863934999997,446.43863934999996,1435.0,0.540256739537037,4.333333333333333
SH00002434,DS002,2026-07-04,9.0,R_DS002_070,9.0,83.5650439,130.01147248333334,370.0,0.1547500812962963,1.0
SH00002435,DS002,2026-07-04,9.0,R_DS002_071,37.0,275.69606611666666,435.8460661166667,1355.0,0.5105482705864197,4.111111111111111
SH00002436,DS002,2026-07-04,9.0,R_DS002_072,42.0,292.86254551666667,457.9125455166667,1610.0,0.5423380472530864,4.666666666666667
SH00002437,DS002,2026-07-04,9.0,R_DS002_073,8.0,79.87828936666668,128.86400368333335,335.0,0.14792275808641978,0.8888888888888888
SH00002438,DS002,2026-07-04,0.0,,0.0,0.0,0.0,0.0,0.0,0.0
SH00002439,DS002,2026-07-04,0.0,,0.0,0.0,0.0,0.0,0.0,0.0
SH00002440,DS002,2026-07-04,9.0,R_DS002_077,36.0,280.80472504999994,439.75472505000005,1325.0,0.5200087500925925,4.0
SH00002441,DS002,2026-07-04,9.0,R_DS002_078,40.0,286.6799397833333,454.6799397833333,1535.0,0.5308887773765432,4.444444444444445
SH00002442,DS002,2026-07-04,0.0,,0.0,0.0,0.0,0.0,0.0,0.0
SH00002443,DS002,2026-07-04,9.0,R_DS002_081,38.0,286.68053195,448.58053194999997,1445.0,0.5308898739814815,4.222222222222222
SH00002444,DS002,2026-07-04,9.0,R_DS002_082,9.0,76.47804063333334,122.66732635,375.0,0.14162600117283952,1.0
SH00002445,DS002,2026-07-04,9.0,R_DS002_084,40.0,287.7407057666668,445.0407057666667,1525.0,0.5328531588271608,4.444444444444445
SH00002446,DS002,2026-07-04,9.0,R_DS002_085,8.0,83.49468963333334,129.23397534999998,335.0,0.15461979561728395,0.8888888888888888
SH00002447,DS002,2026-07-04,9.0,R_DS002_086,37.0,277.42044504999996,434.99544505,1370.0,0.5137415649074073,4.111111111111111
SH00002448,DS002,2026-07-04,0.0,,0.0,0.0,0.0,0.0,0.0,0.0
SH00002449,DS002,2026-07-04,9.0,R_DS002_088,10.0,77.4409739,127.09097390000001,415.0,0.14340921092592593,1.1111111111111112
SH00002450,DS002,2026-07-04,9.0,R_DS002_089,40.0,274.50462885,429.5796288500001,1470.0,0.5083419052777778,4.444444444444445
SH00002451,DS002,2026-07-04,9.0,R_DS002_091,10.0,74.59558201666667,122.83486771666666,410.0,0.13813996669753087,1.1111111111111112
SH00002452,DS002,2026-07-04,9.0,R_DS002_093,38.0,298.4864096833333,454.1364096833334,1450.0,0.5527526105246913,4.222222222222222
SH00002453,DS002,2026-07-04,9.0,R_DS002_094,11.0,84.73053878333334,132.65196735,455.0,0.156908405154321,1.2222222222222223
SH00002454,DS002,2026-07-04,9.0,R_DS002_095,35.0,270.6730616,427.34806159999994,1285.0,0.5012464103703703,3.888888888888889
SH00002455,DS002,2026-07-04,9.0,R_DS002_096,37.0,284.4623253166666,444.96232530000003,1415.0,0.5267820839197529,4.111111111111111
SH00002456,DS002,2026-07-04,0.0,,0.0,0.0,0.0,0.0,0.0,0.0
SH00002457,DS002,2026-07-04,8.55,R_DS002_099,40.0,297.24648645,457.0714864499999,1530.0,0.5794278488304094,4.678362573099415
SH00002458,DS002,2026-07-04,9.0,R_DS002_100,8.0,76.31437651666667,124.33580510000002,335.0,0.14132291947530864,0.8888888888888888
SH00002459,DS002,2026-07-04,9.0,R_DS002_101,37.0,276.6058991,422.23089909999993,1370.0,0.5122331464814814,4.111111111111111
SH00002460,DS002,2026-07-04,9.0,R_DS002_102,41.0,285.12272850000005,447.2477284999999,1575.0,0.5280050527777779,4.555555555555555
SH00002461,DS002,2026-07-04,9.0,R_DS002_103,10.0,78.99890755000001,126.54533613333334,405.0,0.14629427324074076,1.1111111111111112
SH00002462,DS002,2026-07-04,9.0,R_DS002_106,8.0,78.72210905,122.46853758333333,335.0,0.14578168342592593,0.8888888888888888
SH00002463,DS002,2026-07-04,0.0,,0.0,0.0,0.0,0.0,0.0,0.0
SH00002464,DS002,2026-07-04,0.0,,0.0,0.0,0.0,0.0,0.0,0.0
SH00002465,DS002,2026-07-04,9.0,R_DS002_109,9.0,75.05127491666667,123.10484636666666,375.0,0.1389838424382716,1.0
SH00002466,DS002,2026-07-04,9.0,R_DS002_110,38.0,281.37288951666665,429.9478895166666,1405.0,0.5210609065123456,4.222222222222222
SH00002467,DS002,2026-07-04,9.0,R_DS002_112,9.0,81.28728863333332,122.96228865,365.0,0.15053201598765428,1.0
SH00002468,DS002,2026-07-04,9.0,R_DS002_113,36.0,270.7762627833333,417.9512627833334,1325.0,0.5014375236728394,4.0
SH00002469,DS002,2026-07-04,9.0,R_DS002_114,39.0,289.42578354999995,453.77578354999997,1485.0,0.5359736732407406,4.333333333333333
SH00002470,DS002,2026-07-04,0.0,,0.0,0.0,0.0,0.0,0.0,0.0
SH00002471,DS002,2026-07-04,9.0,R_DS002_116,36.0,275.03003049999995,425.7550305,1330.0,0.5093148712962962,4.0
SH00002472,DS002,2026-07-04,0.0,,0.0,0.0,0.0,0.0,0.0,0.0
SH00002473,DS002,2026-07-04,9.0,R_DS002_119,37.0,265.4179428,409.21794280000006,1365.0,0.4915147088888889,4.111111111111111
SH00002474,DS002,2026-07-04,9.0,R_DS002_120,39.0,292.9657218833333,452.14072188333324,1490.0,0.5425291145987653,4.333333333333333
SH00002475,DS002,2026-07-04,9.0,R_DS002_121,9.0,79.4601927,128.33519271666665,370.0,0.14714850499999999,1.0
SH00002476,DS002,2026-07-04,0.0,,0.0,0.0,0.0,0.0,0.0,0.0
SH00002477,DS002,2026-07-04,9.0,R_DS002_123,34.0,293.45776570000004,460.8577657,1300.0,0.543440306851852,3.7777777777777777
SH00002478,DS002,2026-07-04,9.0,R_DS002_124,10.0,77.68784565000001,123.74141709999999,410.0,0.14386638083333336,1.1111111111111112
SH00002479,DS002,2026-07-04,9.0,R_DS002_126,39.0,284.9194634,439.0944634,1500.0,0.5276286359259259,4.333333333333333
SH00002480,DS002,2026-07-04,9.0,R_DS002_127,11.0,80.42156829999999,124.40013971666667,455.0,0.14892883018518516,1.2222222222222223
SH00002481,DS002,2026-07-04,9.0,R_DS002_128,38.0,268.29061809999996,418.8906181000001,1400.0,0.4968344779629629,4.222222222222222
SH00002482,DS002,2026-07-04,0.0,,0.0,0.0,0.0,0.0,0.0,0.0
SH00002483,DS002,2026-07-04,8.533333333333333,R_DS002_133,6.0,63.98392226666667,99.56606511666666,245.0,0.12496859817708333,0.703125
SH00002484,DS002,2026-07-04,0.0,,0.0,0.0,0.0,0.0,0.0,0.0
SH00002485,DS002,2026-07-04,9.0,R_DS002_135,38.0,288.54161926666666,448.86661926666676,1460.0,0.5343363319753086,4.222222222222222
SH00002486,DS002,2026-07-04,9.0,R_DS002_136,10.0,82.78012996666668,129.23370141666666,405.0,0.15329653697530865,1.1111111111111112
SH00002487,DS002,2026-07-04,0.0,,0.0,0.0,0.0,0.0,0.0,0.0
SH00002488,DS002,2026-07-04,9.0,R_DS002_138,39.0,293.34026913333344,453.0152691333333,1495.0,0.5432227206172842,4.333333333333333
SH00002489,DS002,2026-07-04,9.0,R_DS002_140,35.0,263.9792664,412.2792664,1295.0,0.4888504933333333,3.888888888888889
SH00002490,DS002,2026-07-04,9.0,R_DS002_141,37.0,279.99230289999997,437.54230290000015,1405.0,0.5185042646296296,4.111111111111111
SH00002491,DS002,2026-07-04,0.0,,0.0,0.0,0.0,0.0,0.0,0.0
SH00002492,DS002,2026-07-04,0.0,,0.0,0.0,0.0,0.0,0.0,0.0
SH00002493,DS002,2026-07-04,9.0,R_DS002_144,39.0,285.8292581,447.95425809999995,1480.0,0.5293134409259259,4.333333333333333
SH00002494,DS002,2026-07-04,9.0,R_DS002_145,8.0,80.05479096666666,127.66907668333334,325.0,0.14824961290123456,0.8888888888888888
SH00002495,DS002,2026-07-04,9.0,R_DS002_147,38.0,291.3389340333334,445.7639340333333,1445.0,0.5395165445061729,4.222222222222222
SH00002496,DS002,2026-07-04,9.0,R_DS002_148,9.0,75.716043,122.90532875000001,370.0,0.14021489444444443,1.0
SH00002497,DS002,2026-07-04,9.0,R_DS002_149,34.0,259.85207331666663,400.4020733166667,1265.0,0.48120754317901226,3.7777777777777777
SH00002498,DS002,2026-07-04,9.0,R_DS002_150,37.0,287.89557575,450.62057575,1410.0,0.5331399550925926,4.111111111111111
SH00002499,DS002,2026-07-04,9.0,R_DS002_151,8.0,79.25576968333333,125.44148396666668,330.0,0.1467699438580247,0.8888888888888888
SH00002500,DS002,2026-07-04,0.0,,0.0,0.0,0.0,0.0,0.0,0.0
SH00002501,DS002,2026-07-04,0.0,,0.0,0.0,0.0,0.0,0.0,0.0
SH00002502,DS002,2026-07-04,9.0,R_DS002_155,36.0,262.64886291666664,409.99886291666667,1325.0,0.4863867831790123,4.0
SH00002531,DS003,2026-07-04,9.0,R_DS003_001,33.0,226.48410400000003,350.44124688333335,1190.0,0.41941500740740745,3.6666666666666665
SH00002532,DS003,2026-07-04,8.433333333333334,R_DS003_002,42.0,288.96030284999995,448.0603028499999,1525.0,0.5710677921936758,4.980237154150197
SH00002533,DS003,2026-07-04,9.0,R_DS003_003,42.0,306.17554401666655,474.27327128333343,1605.0,0.5669917481790121,4.666666666666667
SH00002534,DS003,2026-07-04,9.0,R_DS003_004,33.0,232.63457278333337,359.0774299166666,1195.0,0.4308047644135803,3.6666666666666665
SH00002535,DS003,2026-07-04,8.716666666666667,R_DS003_005,41.0,297.70454506666675,458.6295450666667,1495.0,0.5692247515615043,4.7036328871892925
SH00002536,DS003,2026-07-04,9.0,R_DS003_009,43.0,311.37955451666664,477.5318272333334,1650.0,0.5766288046604938,4.777777777777778
SH00002537,DS003,2026-07-04,0.0,,0.0,0.0,0.0,0.0,0.0,0.0
SH00002538,DS003,2026-07-04,9.0,R_DS003_011,44.0,304.7991491333333,464.6241491333334,1600.0,0.564442868765432,4.888888888888889
SH00002539,DS003,2026-07-04,8.766666666666667,R_DS003_012,44.0,310.03119756666666,474.10847026666653,1685.0,0.5894129231305449,5.019011406844106
SH00002540,DS003,2026-07-04,0.0,,0.0,0.0,0.0,0.0,0.0,0.0
SH00002541,DS003,2026-07-04,8.283333333333333,R_DS003_015,41.0,268.71402288333326,414.61402288333323,1590.0,0.540672078236083,4.949698189134809
SH00002542,DS003,2026-07-04,8.3,R_DS003_018,41.0,275.6871394666667,423.3871394666666,1590.0,0.5535886334672021,4.939759036144578
SH00002543,DS003,2026-07-04,9.0,R_DS003_019,28.0,209.07740948333335,322.57383805000006,1015.0,0.3871803879320988,3.111111111111111
SH00002544,DS003,2026-07-04,9.0,R_DS003_021,43.0,289.91058811666664,451.52876993333336,1655.0,0.5368714594753086,4.777777777777778
SH00002545,DS003,2026-07-04,9.0,R_DS003_022,23.0,180.08911986666666,278.07126275,845.0,0.3334983701234568,2.5555555555555554
SH00002546,DS003,2026-07-04,9.0,R_DS003_023,42.0,297.09357621666663,460.3685762166667,1535.0,0.5501732892901234,4.666666666666667
SH00002547,DS003,2026-07-04,9.0,R_DS003_024,41.0,294.48052741666663,460.28052741666676,1585.0,0.5453343100308642,4.555555555555555
SH00002548,DS003,2026-07-04,9.0,R_DS003_025,21.0,155.95373145,245.15373144999995,770.0,0.2888032063888889,2.3333333333333335
SH00002549,DS003,2026-07-04,9.0,R_DS003_026,41.0,298.45006109999997,457.92506109999994,1490.0,0.5526852983333332,4.555555555555555
SH00002550,DS003,2026-07-04,9.0,R_DS003_028,20.0,135.72260045,212.59045759999992,750.0,0.25133814898148144,2.2222222222222223
SH00002551,DS003,2026-07-04,9.0,R_DS003_029,44.0,294.7643201166667,453.46432011666667,1610.0,0.5458598520679012,4.888888888888889
SH00002552,DS003,2026-07-04,9.0,R_DS003_030,43.0,298.62444325,456.69944325000006,1660.0,0.5530082282407408,4.777777777777778
SH00002553,DS003,2026-07-04,9.0,R_DS003_031,12.0,102.67140393333332,165.23926108333336,455.0,0.1901322295061728,1.3333333333333333
SH00002554,DS003,2026-07-04,9.0,R_DS003_032,41.0,291.0973435833333,454.54734358333343,1495.0,0.5390691547839506,4.555555555555555
SH00002555,DS003,2026-07-04,9.0,R_DS003_035,42.0,278.93077209999996,425.58077210000005,1530.0,0.5165384668518518,4.666666666666667
SH00002556,DS003,2026-07-04,9.0,R_DS003_037,12.0,83.54792661666666,127.98721233333333,465.0,0.15471838262345677,1.3333333333333333
SH00002557,DS003,2026-07-04,9.0,R_DS003_038,40.0,284.62552579999993,433.1505258000001,1460.0,0.5270843070370369,4.444444444444445
SH00002558,DS003,2026-07-04,9.0,R_DS003_040,10.0,68.95740553333333,106.81454838333333,400.0,0.12769889913580246,1.1111111111111112
SH00002559,DS003,2026-07-04,0.0,,0.0,0.0,0.0,0.0,0.0,0.0
SH00002560,DS003,2026-07-04,9.0,R_DS003_043,8.0,66.64458668333333,105.81244386666665,330.0,0.12341590126543209,0.8888888888888888
SH00002561,DS003,2026-07-04,9.0,R_DS003_044,37.0,276.1597223166666,424.15972231666666,1355.0,0.5114068931790122,4.111111111111111
SH00002562,DS003,2026-07-04,9.0,R_DS003_045,40.0,289.2254213333333,441.70042133333345,1550.0,0.5356026320987654,4.444444444444445
SH00002563,DS003,2026-07-04,9.0,R_DS003_046,7.0,54.80692811666667,88.10335665,290.0,0.1014943113271605,0.7777777777777778
SH00002564,DS003,2026-07-04,9.0,R_DS003_047,40.0,267.70412254999997,414.52912255000007,1460.0,0.4957483750925925,4.444444444444445
SH00002565,DS003,2026-07-04,9.0,R_DS003_049,6.0,56.87642493333334,91.97285349999999,245.0,0.10532671283950619,0.6666666666666666
SH00002566,DS003,2026-07-04,9.0,R_DS003_052,7.0,51.85605365,83.37748218333333,285.0,0.09602972898148147,0.7777777777777778
SH00002567,DS003,2026-07-04,9.0,R_DS003_053,40.0,275.7263811666666,426.1763811666666,1455.0,0.5106044095679011,4.444444444444445
SH00002568,DS003,2026-07-04,8.133333333333333,R_DS003_054,41.0,268.4034730333333,417.40347303333334,1600.0,0.5500071168715845,5.040983606557377
SH00002569,DS003,2026-07-04,9.0,R_DS003_056,38.0,271.38486544999995,423.58486545,1390.0,0.5025645656481481,4.222222222222222
SH00002570,DS003,2026-07-04,0.0,,0.0,0.0,0.0,0.0,0.0,0.0
SH00002571,DS003,2026-07-04,9.0,R_DS003_058,6.0,52.61969968333334,85.0089854,245.0,0.09744388830246914,0.6666666666666666
SH00002572,DS003,2026-07-04,9.0,R_DS003_059,37.0,260.45516046666665,407.00516046666655,1350.0,0.4823243712345679,4.111111111111111
SH00002573,DS003,2026-07-04,0.0,,0.0,0.0,0.0,0.0,0.0,0.0
SH00002574,DS003,2026-07-04,8.3,R_DS003_061,4.0,32.77139413333333,52.57139415,155.0,0.06580601231593038,0.48192771084337344
SH00002575,DS003,2026-07-04,0.0,,0.0,0.0,0.0,0.0,0.0,0.0
SH00002576,DS003,2026-07-04,9.0,R_DS003_064,7.0,55.699307,89.06359271666668,295.0,0.1031468648148148,0.7777777777777778
SH00002577,DS003,2026-07-04,9.0,R_DS003_065,40.0,276.22917915,430.27917915,1465.0,0.5115355169444444,4.444444444444445
SH00002578,DS003,2026-07-04,9.0,R_DS003_066,41.0,298.43869615,464.98869614999995,1580.0,0.5526642521296297,4.555555555555555
SH00002579,DS003,2026-07-04,9.0,R_DS003_067,5.0,54.6887759,85.38520444999999,210.0,0.10127551092592593,0.5555555555555556
SH00002580,DS003,2026-07-04,0.0,,0.0,0.0,0.0,0.0,0.0,0.0
SH00002581,DS003,2026-07-04,9.0,R_DS003_070,6.0,50.571976516666666,83.53626221666667,250.0,0.09365180836419754,0.6666666666666666
SH00002582,DS003,2026-07-04,9.0,R_DS003_071,41.0,278.55450205000005,427.0795020500001,1495.0,0.515841670462963,4.555555555555555
SH00002583,DS003,2026-07-04,9.0,R_DS003_072,40.0,292.0649417166666,450.98994171666675,1550.0,0.5408610031790123,4.444444444444445
SH00002584,DS003,2026-07-04,9.0,R_DS003_073,8.0,59.41423236666667,91.06066093333334,330.0,0.1100263562345679,0.8888888888888888
SH00002585,DS003,2026-07-04,9.0,R_DS003_074,38.0,266.3968380333334,405.7718380333334,1390.0,0.49332747783950626,4.222222222222222
SH00002586,DS003,2026-07-04,8.183333333333334,R_DS003_075,42.0,275.1852201,422.3852201,1630.0,0.5604586967413442,5.132382892057026
SH00002587,DS003,2026-07-04,0.0,,0.0,0.0,0.0,0.0,0.0,0.0
SH00002588,DS003,2026-07-04,9.0,R_DS003_078,42.0,292.2168043,456.3304406666667,1615.0,0.5411422301851851,4.666666666666667
SH00002589,DS003,2026-07-04,9.0,R_DS003_079,8.0,58.23119011666666,93.79190439999999,330.0,0.10783553725308641,0.8888888888888888
SH00002590,DS003,2026-07-04,8.516666666666667,R_DS003_080,36.0,258.64479216666666,393.69479216666673,1320.0,0.5061541921069798,4.227005870841487
SH00002591,DS003,2026-07-04,9.0,R_DS003_081,39.0,282.04730588333325,439.34730588333315,1515.0,0.5223098257098764,4.333333333333333
SH00002592,DS003,2026-07-04,9.0,R_DS003_082,6.0,55.236000649999994,87.2181435,245.0,0.10228889009259258,0.6666666666666666
SH00002593,DS003,2026-07-04,9.0,R_DS003_084,42.0,272.76097294999994,422.86097295000013,1630.0,0.5051129128703703,4.666666666666667
SH00002594,DS003,2026-07-04,9.0,R_DS003_085,6.0,53.56617823333333,83.16974966666666,250.0,0.09919662635802469,0.6666666666666666
SH00002595,DS003,2026-07-04,8.616666666666667,R_DS003_086,37.0,241.8379032999999,379.18790329999996,1355.0,0.46777157311411977,4.294003868471953
SH00002596,DS003,2026-07-04,9.0,R_DS003_087,42.0,267.3774165,415.45241649999997,1635.0,0.49514336388888885,4.666666666666667
SH00002597,DS003,2026-07-04,9.0,R_DS003_088,7.0,58.79734654999999,94.16163226666666,280.0,0.10888397509259258,0.7777777777777778
SH00002598,DS003,2026-07-04,9.0,R_DS003_089,38.0,246.2275628666667,388.07756286666654,1395.0,0.455976968271605,4.222222222222222
SH00002599,DS003,2026-07-04,9.0,R_DS003_091,6.0,52.76520386666667,84.64734673333332,250.0,0.09771334049382716,0.6666666666666666
SH00002600,DS003,2026-07-04,9.0,R_DS003_092,32.0,239.8562171166667,371.43121711666674,1180.0,0.4441781798456791,3.5555555555555554
SH00002601,DS003,2026-07-04,9.0,R_DS003_093,38.0,277.1967901333334,432.7967901333333,1475.0,0.5133273891358027,4.222222222222222
SH00002602,DS003,2026-07-04,0.0,,0.0,0.0,0.0,0.0,0.0,0.0
SH00002603,DS003,2026-07-04,9.0,R_DS003_095,34.0,231.28940870000002,357.9644087,1250.0,0.42831371981481486,3.7777777777777777
SH00002604,DS003,2026-07-04,9.0,R_DS003_096,38.0,264.6084757,411.90847570000017,1480.0,0.4900156957407407,4.222222222222222
SH00002605,DS003,2026-07-04,0.0,,0.0,0.0,0.0,0.0,0.0,0.0
SH00002606,DS003,2026-07-04,9.0,R_DS003_100,7.0,53.427140550000004,81.72356909999999,290.0,0.09893914916666667,0.7777777777777778
SH00002607,DS003,2026-07-04,0.0,,0.0,0.0,0.0,0.0,0.0,0.0
SH00002608,DS003,2026-07-04,9.0,R_DS003_102,38.0,279.37376143333336,429.78057961666667,1475.0,0.5173588174691358,4.222222222222222
SH00002609,DS003,2026-07-04,9.0,R_DS003_103,6.0,54.37339226666666,83.81624941666665,250.0,0.10069146716049382,0.6666666666666666
SH00002610,DS003,2026-07-04,9.0,R_DS003_106,7.0,54.41322259999999,86.5132226,285.0,0.10076522703703703,0.7777777777777778
SH00002611,DS003,2026-07-04,9.0,R_DS003_107,35.0,236.0331861333333,360.7831861333334,1285.0,0.4370984928395061,3.888888888888889
SH00002612,DS003,2026-07-04,9.0,R_DS003_108,39.0,277.8830952333333,423.6080952333333,1510.0,0.5145983245061727,4.333333333333333
SH00002613,DS003,2026-07-04,9.0,R_DS003_109,8.0,51.64573081666667,80.15644511666666,340.0,0.09564024225308643,0.8888888888888888
SH00002614,DS003,2026-07-04,0.0,,0.0,0.0,0.0,0.0,0.0,0.0
SH00002615,DS003,2026-07-04,9.0,R_DS003_112,7.0,56.95887376666667,87.63030233333333,290.0,0.10547939586419754,0.7777777777777778
SH00002616,DS003,2026-07-04,9.0,R_DS003_113,35.0,234.55355146666668,356.8535514666666,1290.0,0.4343584286419753,3.888888888888889
SH00002617,DS003,2026-07-04,9.0,R_DS003_115,7.0,56.08810005,87.93810005000002,285.0,0.10386685194444445,0.7777777777777778
SH00002618,DS003,2026-07-04,9.0,R_DS003_117,38.0,262.10742956666655,398.85742956666655,1480.0,0.4853841288271603,4.222222222222222
SH00002619,DS003,2026-07-04,9.0,R_DS003_119,33.0,236.7272388,363.47723879999995,1215.0,0.4383837755555556,3.6666666666666665
SH00002620,DS003,2026-07-04,9.0,R_DS003_120,38.0,261.2161084499999,403.86610844999996,1490.0,0.48373353416666653,4.222222222222222
SH00002621,DS003,2026-07-04,9.0,R_DS003_124,8.0,51.56110853333333,80.84325138333334,335.0,0.09548353432098765,0.8888888888888888
SH00002622,DS003,2026-07-04,9.0,R_DS003_126,39.0,271.82796786666665,418.8029678666666,1525.0,0.5033851256790123,4.333333333333333
SH00002623,DS003,2026-07-04,9.0,R_DS003_127,6.0,54.07149033333333,81.90720463333332,255.0,0.10013238950617283,0.6666666666666666
SH00002624,DS003,2026-07-04,9.0,R_DS003_128,34.0,240.85869904999998,372.08369905,1250.0,0.44603462787037035,3.7777777777777777
SH00002625,DS003,2026-07-04,9.0,R_DS003_129,37.0,257.65159510000007,397.10159509999994,1440.0,0.4771325835185186,4.111111111111111
SH00002626,DS003,2026-07-04,9.0,R_DS003_130,6.0,56.7209224,91.3352081,245.0,0.10503874518518519,0.6666666666666666
SH00002627,DS003,2026-07-04,9.0,R_DS003_131,32.0,231.49476521666668,359.2447652166666,1170.0,0.42869400966049387,3.5555555555555554
SH00002628,DS003,2026-07-04,9.0,R_DS003_133,7.0,54.87245431666666,86.92245433333333,285.0,0.1016156561419753,0.7777777777777778
SH00002629,DS003,2026-07-04,8.366666666666667,R_DS003_134,33.0,237.15590705,361.43090705,1215.0,0.47242212559760954,3.9442231075697207
SH00002630,DS003,2026-07-04,9.0,R_DS003_135,34.0,254.5823626,391.70736260000007,1330.0,0.47144881962962965,3.7777777777777777
SH00002631,DS003,2026-07-04,9.0,R_DS003_137,32.0,236.08833569999996,367.3133357,1175.0,0.43720062166666657,3.5555555555555554
SH00002632,DS003,2026-07-04,0.0,,0.0,0.0,0.0,0.0,0.0,0.0
SH00002633,DS003,2026-07-04,9.0,R_DS003_140,33.0,229.91250515000002,348.1625051500001,1220.0,0.42576389842592594,3.6666666666666665
SH00002634,DS003,2026-07-04,9.0,R_DS003_141,39.0,257.1336689666667,396.6086689666665,1525.0,0.47617346104938274,4.333333333333333
SH00002635,DS003,2026-07-04,0.0,,0.0,0.0,0.0,0.0,0.0,0.0
SH00002636,DS003,2026-07-04,9.0,R_DS003_144,36.0,257.54881904999996,398.99654633333336,1400.0,0.4769422574999999,4.0
SH00002637,DS003,2026-07-04,9.0,R_DS003_145,7.0,56.63941498333333,90.76798643333333,290.0,0.10488780552469136,0.7777777777777778
SH00002668,DS004,2026-07-04,9.0,R_DS004_001,31.0,278.03950583333335,435.9216486833332,1160.0,0.5148879737654322,3.4444444444444446
SH00002669,DS004,2026-07-04,8.05,R_DS004_002,36.0,282.1676924166666,445.24269241666667,1315.0,0.5841981209454795,4.472049689440993
SH00002670,DS004,2026-07-04,8.833333333333334,R_DS004_003,40.0,311.7283736833333,485.1647373166667,1520.0,0.588166742798742,4.528301886792453
SH00002671,DS004,2026-07-04,9.0,R_DS004_004,33.0,276.69007709999994,441.52579140000006,1240.0,0.5123890316666666,3.6666666666666665
SH00002672,DS004,2026-07-04,9.0,R_DS004_005,42.0,308.7244211666667,488.14942116666674,1525.0,0.5717118910493827,4.666666666666667
SH00002673,DS004,2026-07-04,9.0,R_DS004_007,30.0,261.90706215,412.3427764333334,1125.0,0.48501307805555555,3.3333333333333335
SH00002674,DS004,2026-07-04,9.0,R_DS004_008,40.0,312.0345839,478.1595839,1455.0,0.5778418220370369,4.444444444444445
SH00002675,DS004,2026-07-04,9.0,R_DS004_009,41.0,313.15487880000006,494.4321515333333,1570.0,0.5799164422222224,4.555555555555555
SH00002676,DS004,2026-07-04,9.0,R_DS004_010,29.0,245.7339972833333,389.55542585,1085.0,0.4550629579320987,3.2222222222222223
SH00002677,DS004,2026-07-04,0.0,,0.0,0.0,0.0,0.0,0.0,0.0
SH00002678,DS004,2026-07-04,9.0,R_DS004_012,44.0,317.87437124999997,494.2039167000001,1675.0,0.5886562430555555,4.888888888888889
SH00002679,DS004,2026-07-04,9.0,R_DS004_014,38.0,303.58863668333333,480.38863668333346,1380.0,0.5622011790432099,4.222222222222222
SH00002680,DS004,2026-07-04,9.0,R_DS004_018,43.0,320.3766751499999,494.5039478666667,1635.0,0.5932901391666665,4.777777777777778
SH00002681,DS004,2026-07-04,9.0,R_DS004_019,30.0,233.77156490000004,366.3501362666667,1150.0,0.43291030537037045,3.3333333333333335
SH00002682,DS004,2026-07-04,9.0,R_DS004_021,39.0,314.14353893333333,490.6594480333332,1490.0,0.5817472943209877,4.333333333333333
SH00002683,DS004,2026-07-04,9.0,R_DS004_022,26.0,240.39738450000002,389.80452734999994,980.0,0.4451803416666667,2.888888888888889
SH00002684,DS004,2026-07-04,9.0,R_DS004_023,38.0,306.552857,480.42785699999996,1385.0,0.5676904759259259,4.222222222222222
SH00002685,DS004,2026-07-04,9.0,R_DS004_024,38.0,308.5440195666667,484.8690195666666,1450.0,0.5713778140123458,4.222222222222222
SH00002686,DS004,2026-07-04,9.0,R_DS004_025,25.0,203.43539273333334,324.2996784333333,960.0,0.3767322087654321,2.7777777777777777
SH00002687,DS004,2026-07-04,9.0,R_DS004_026,43.0,310.0880075333334,476.23800753333325,1570.0,0.5742370509876544,4.777777777777778
SH00002688,DS004,2026-07-04,8.65,R_DS004_029,42.0,302.3274026166666,467.6774026166667,1540.0,0.5825190801862554,4.855491329479769
SH00002689,DS004,2026-07-04,9.0,R_DS004_030,38.0,301.10310425000006,480.75310425000015,1445.0,0.5575983412037038,4.222222222222222
SH00002690,DS004,2026-07-04,9.0,R_DS004_031,21.0,193.11103386666667,302.7860338666667,815.0,0.3576130256790124,2.3333333333333335
SH00002691,DS004,2026-07-04,8.25,R_DS004_032,40.0,289.5118349333333,449.16183493333335,1460.0,0.5848723938047138,4.848484848484849
SH00002692,DS004,2026-07-04,9.0,R_DS004_033,43.0,317.1929905333334,488.6316269000001,1640.0,0.5873944269135803,4.777777777777778
SH00002693,DS004,2026-07-04,8.316666666666666,R_DS004_035,38.0,305.1017508,468.87675079999985,1385.0,0.6114263543086172,4.569138276553106
SH00002694,DS004,2026-07-04,9.0,R_DS004_036,40.0,309.13145695000003,482.60645694999994,1525.0,0.5724656610185186,4.444444444444445
SH00002695,DS004,2026-07-04,0.0,,0.0,0.0,0.0,0.0,0.0,0.0
SH00002696,DS004,2026-07-04,9.0,R_DS004_039,42.0,314.9804915,487.2668551333334,1610.0,0.5832972064814815,4.666666666666667
SH00002697,DS004,2026-07-04,0.0,,0.0,0.0,0.0,0.0,0.0,0.0
SH00002698,DS004,2026-07-04,9.0,R_DS004_042,39.0,309.6937199833334,487.59371998333324,1485.0,0.5735068888580248,4.333333333333333
SH00002699,DS004,2026-07-04,9.0,R_DS004_043,20.0,176.6441788,282.9048930833334,775.0,0.3271188496296296,2.2222222222222223
SH00002700,DS004,2026-07-04,9.0,R_DS004_044,37.0,314.4828183,487.9828182999999,1350.0,0.5823755894444445,4.111111111111111
SH00002701,DS004,2026-07-04,9.0,R_DS004_045,41.0,299.13201135,476.38201134999997,1570.0,0.5539481691666667,4.555555555555555
SH00002702,DS004,2026-07-04,9.0,R_DS004_046,17.0,159.45334275,254.64619988333334,675.0,0.2952839680555555,1.8888888888888888
SH00002703,DS004,2026-07-04,9.0,R_DS004_047,41.0,300.45259980000003,471.3275998000001,1500.0,0.5563937033333334,4.555555555555555
SH00002704,DS004,2026-07-04,0.0,,0.0,0.0,0.0,0.0,0.0,0.0
SH00002705,DS004,2026-07-04,9.0,R_DS004_050,39.0,297.8371331000001,458.13713309999997,1420.0,0.5515502464814817,4.333333333333333
SH00002706,DS004,2026-07-04,9.0,R_DS004_051,42.0,307.3871533333333,484.8144260666667,1600.0,0.5692354691358024,4.666666666666667
SH00002707,DS004,2026-07-04,9.0,R_DS004_052,15.0,134.59266218333332,212.16051936666662,605.0,0.24924567070987652,1.6666666666666667
SH00002708,DS004,2026-07-04,9.0,R_DS004_054,42.0,307.8957245333333,488.5957245333334,1605.0,0.5701772676543209,4.666666666666667
SH00002709,DS004,2026-07-04,9.0,R_DS004_056,33.0,279.8243149333333,437.5243149333334,1205.0,0.518193175802469,3.6666666666666665
SH00002710,DS004,2026-07-04,0.0,,0.0,0.0,0.0,0.0,0.0,0.0
SH00002711,DS004,2026-07-04,9.0,R_DS004_059,39.0,290.48795946666667,446.93795946666665,1430.0,0.5379406656790123,4.333333333333333
SH00002712,DS004,2026-07-04,9.0,R_DS004_060,40.0,307.4516050666666,477.65160506666655,1530.0,0.5693548241975308,4.444444444444445
SH00002713,DS004,2026-07-04,0.0,,0.0,0.0,0.0,0.0,0.0,0.0
SH00002714,DS004,2026-07-04,9.0,R_DS004_063,40.0,311.1205494333334,486.5205494333332,1535.0,0.576149165617284,4.444444444444445
SH00002715,DS004,2026-07-04,0.0,,0.0,0.0,0.0,0.0,0.0,0.0
SH00002716,DS004,2026-07-04,0.0,,0.0,0.0,0.0,0.0,0.0,0.0
SH00002717,DS004,2026-07-04,9.0,R_DS004_066,42.0,308.4828981666666,480.00789816666656,1600.0,0.5712646262345678,4.666666666666667
SH00002718,DS004,2026-07-04,9.0,R_DS004_067,13.0,130.98206766666667,204.7606390833333,535.0,0.24255938456790124,1.4444444444444444
SH00002719,DS004,2026-07-04,9.0,R_DS004_068,36.0,278.30359468333324,430.5785946833334,1315.0,0.5153770271913578,4.0
SH00002720,DS004,2026-07-04,9.0,R_DS004_070,13.0,114.2101384166667,184.79942415,540.0,0.21150025632716055,1.4444444444444444
SH00002721,DS004,2026-07-04,9.0,R_DS004_071,38.0,280.79144076666665,445.2914407666668,1390.0,0.5199841495679012,4.222222222222222
SH00002722,DS004,2026-07-04,9.0,R_DS004_072,39.0,312.7729950333334,485.5229950333334,1485.0,0.5792092500617285,4.333333333333333
SH00002723,DS004,2026-07-04,9.0,R_DS004_073,12.0,116.00213803333334,186.2735666166667,500.0,0.21481877413580247,1.3333333333333333
SH00002724,DS004,2026-07-04,9.0,R_DS004_074,34.0,277.22628338333345,435.22628338333345,1255.0,0.5133820062654323,3.7777777777777777
SH00002725,DS004,2026-07-04,9.0,R_DS004_075,40.0,310.4160140999999,489.19101410000013,1535.0,0.5748444705555554,4.444444444444445
SH00002726,DS004,2026-07-04,9.0,R_DS004_077,33.0,284.43729615,437.03729615,1205.0,0.5267357336111111,3.6666666666666665
SH00002727,DS004,2026-07-04,8.283333333333333,R_DS004_078,38.0,296.46509094999993,458.09009095000005,1450.0,0.5965092373239436,4.5875251509054324
SH00002728,DS004,2026-07-04,9.0,R_DS004_079,14.0,119.61917374999999,193.09060233333335,575.0,0.2215169884259259,1.5555555555555556
SH00002729,DS004,2026-07-04,9.0,R_DS004_080,40.0,284.55886495000004,440.68386495000004,1465.0,0.5269608610185186,4.444444444444445
SH00002730,DS004,2026-07-04,9.0,R_DS004_081,43.0,316.03125829999993,487.73125830000004,1645.0,0.5852430709259258,4.777777777777778
SH00002731,DS004,2026-07-04,9.0,R_DS004_082,13.0,119.61794769999999,185.3500905833333,530.0,0.22151471796296293,1.4444444444444444
SH00002732,DS004,2026-07-04,9.0,R_DS004_084,43.0,306.6941681833333,471.4191681833333,1650.0,0.5679521633024691,4.777777777777778
SH00002733,DS004,2026-07-04,9.0,R_DS004_086,35.0,269.35130865,424.95130865,1280.0,0.4987987197222223,3.888888888888889
SH00002734,DS004,2026-07-04,9.0,R_DS004_087,37.0,310.2042361333334,482.27923613333337,1410.0,0.5744522891358026,4.111111111111111
SH00002735,DS004,2026-07-04,9.0,R_DS004_088,14.0,117.39221643333333,190.64221643333335,575.0,0.2173929933950617,1.5555555555555556
SH00002736,DS004,2026-07-04,9.0,R_DS004_089,37.0,274.95991116666664,428.3599111666667,1355.0,0.5091850206790123,4.111111111111111
SH00002737,DS004,2026-07-04,9.0,R_DS004_091,14.0,119.13798503333332,185.97727075,580.0,0.22062589820987652,1.5555555555555556
SH00002738,DS004,2026-07-04,9.0,R_DS004_092,37.0,276.31878176666663,424.2687817666666,1360.0,0.5117014477160493,4.111111111111111
SH00002739,DS004,2026-07-04,9.0,R_DS004_093,44.0,310.04803695000004,479.97303694999994,1685.0,0.5741630313888889,4.888888888888889
SH00002740,DS004,2026-07-04,9.0,R_DS004_095,35.0,271.26656965,428.59156965,1280.0,0.5023454993518519,3.888888888888889
SH00002741,DS004,2026-07-04,9.0,R_DS004_096,40.0,314.75128890000013,490.41947071666664,1530.0,0.5828727572222224,4.444444444444445
SH00002742,DS004,2026-07-04,0.0,,0.0,0.0,0.0,0.0,0.0,0.0
SH00002743,DS004,2026-07-04,9.0,R_DS004_099,39.0,312.6013090833333,487.6263090833333,1495.0,0.5788913131172839,4.333333333333333
SH00002744,DS004,2026-07-04,9.0,R_DS004_100,15.0,116.09057333333334,186.07985899999997,620.0,0.21498254320987656,1.6666666666666667
SH00002745,DS004,2026-07-04,9.0,R_DS004_102,40.0,303.0145262500001,480.6395262499999,1535.0,0.5611380115740742,4.444444444444445
SH00002746,DS004,2026-07-04,9.0,R_DS004_103,13.0,122.16857623333334,192.6507191,535.0,0.22623810413580248,1.4444444444444444
SH00002747,DS004,2026-07-04,8.316666666666666,R_DS004_105,37.0,287.80984169999994,456.18484169999994,1410.0,0.5767732298597193,4.448897795591183
SH00002748,DS004,2026-07-04,9.0,R_DS004_106,15.0,119.50323603333335,188.67823601666666,615.0,0.22130228895061732,1.6666666666666667
SH00002749,DS004,2026-07-04,9.0,R_DS004_107,37.0,281.4110822666667,431.83608226666666,1350.0,0.5211316338271605,4.111111111111111
SH00002750,DS004,2026-07-04,9.0,R_DS004_108,40.0,304.8061752833334,479.35617528333336,1525.0,0.5644558801543211,4.444444444444445
SH00002751,DS004,2026-07-04,9.0,R_DS004_109,15.0,117.15459223333332,185.2653065,615.0,0.21695294858024688,1.6666666666666667
SH00002752,DS004,2026-07-04,9.0,R_DS004_110,35.0,273.5766145333333,423.00161453333334,1280.0,0.5066233602469136,3.888888888888889
SH00002753,DS004,2026-07-04,9.0,R_DS004_112,12.0,130.98687268333333,204.52615841666665,495.0,0.24256828274691358,1.3333333333333333
SH00002754,DS004,2026-07-04,8.5,R_DS004_113,36.0,277.3739038666667,427.4489038666666,1320.0,0.5438703997385621,4.235294117647059
SH00002755,DS004,2026-07-04,9.0,R_DS004_114,41.0,317.68098248333325,494.9809824833334,1570.0,0.5882981157098764,4.555555555555555
SH00002756,DS004,2026-07-04,0.0,,0.0,0.0,0.0,0.0,0.0,0.0
SH00002757,DS004,2026-07-04,9.0,R_DS004_116,33.0,268.9949575,424.09495749999996,1205.0,0.4981388101851852,3.6666666666666665
SH00002758,DS004,2026-07-04,9.0,R_DS004_117,37.0,314.39010024999993,487.51510024999993,1415.0,0.5822038893518517,4.111111111111111
SH00002759,DS004,2026-07-04,9.0,R_DS004_119,36.0,271.3598753833333,424.7348753833333,1325.0,0.5025182877469135,4.0
SH00002760,DS004,2026-07-04,9.0,R_DS004_120,42.0,313.8585924,481.45859240000004,1615.0,0.5812196155555556,4.666666666666667
SH00002761,DS004,2026-07-04,0.0,,0.0,0.0,0.0,0.0,0.0,0.0
SH00002762,DS004,2026-07-04,8.65,R_DS004_123,41.0,300.54439111666665,460.91939111666676,1575.0,0.5790836052344251,4.7398843930635834
SH00002763,DS004,2026-07-04,9.0,R_DS004_124,12.0,116.63093571666667,184.0666499666667,505.0,0.21598321429012346,1.3333333333333333
SH00002764,DS004,2026-07-04,9.0,R_DS004_127,16.0,125.73176185,190.8639047,660.0,0.23283659601851853,1.7777777777777777
SH00002765,DS004,2026-07-04,9.0,R_DS004_128,34.0,267.36816095,422.2181609500001,1250.0,0.4951262239814815,3.7777777777777777
SH00002766,DS004,2026-07-04,9.0,R_DS004_129,41.0,301.76910358333333,482.2191035833334,1570.0,0.5588316733024692,4.555555555555555
SH00002767,DS004,2026-07-04,9.0,R_DS004_130,13.0,122.41188355,198.06902643333336,530.0,0.22668867324074074,1.4444444444444444
SH00002768,DS004,2026-07-04,9.0,R_DS004_131,35.0,270.3960575,423.32105750000005,1285.0,0.5007334398148148,3.888888888888889
SH00002769,DS004,2026-07-04,9.0,R_DS004_133,15.0,123.46838321666668,190.86838325,625.0,0.2286451541049383,1.6666666666666667
SH00002770,DS004,2026-07-04,0.0,,0.0,0.0,0.0,0.0,0.0,0.0
SH00002771,DS004,2026-07-04,0.0,,0.0,0.0,0.0,0.0,0.0,0.0
SH00002772,DS004,2026-07-04,0.0,,0.0,0.0,0.0,0.0,0.0,0.0
SH00002773,DS004,2026-07-04,9.0,R_DS004_137,36.0,271.13168306666665,416.2066830666666,1325.0,0.502095709382716,4.0
SH00002774,DS004,2026-07-04,9.0,R_DS004_138,40.0,301.64057878333335,471.0655787833334,1535.0,0.5585936644135803,4.444444444444445
SH00002775,DS004,2026-07-04,9.0,R_DS004_140,34.0,267.27819739999995,418.87819740000003,1250.0,0.4949596248148147,3.7777777777777777
SH00002776,DS004,2026-07-04,9.0,R_DS004_142,11.0,118.39836098333333,189.33764675,460.0,0.21925622404320988,1.2222222222222223
SH00002777,DS004,2026-07-04,9.0,R_DS004_143,35.0,265.08895601666666,419.1639560166668,1285.0,0.49090547410493823,3.888888888888889
SH00002778,DS004,2026-07-04,9.0,R_DS004_144,41.0,302.05092609999997,478.28274428333333,1560.0,0.5593535668518518,4.555555555555555
SH00002779,DS004,2026-07-04,9.0,R_DS004_145,13.0,122.14491425000001,194.62348566666665,540.0,0.22619428564814817,1.4444444444444444
SH00002780,DS004,2026-07-04,9.0,R_DS004_147,36.0,298.92210128333335,477.1971012833334,1375.0,0.5535594468209877,4.0
SH00002781,DS004,2026-07-04,8.75,R_DS004_148,12.0,106.05454258333334,172.98668543333335,495.0,0.20200865253968256,1.3714285714285714
SH00002782,DS004,2026-07-04,9.0,R_DS004_149,31.0,265.5045694666667,416.15456946666666,1140.0,0.4916751286419753,3.4444444444444446
SH00002783,DS004,2026-07-04,9.0,R_DS004_150,38.0,299.3120651833333,480.3870651833334,1450.0,0.5542816021913579,4.222222222222222
SH00002784,DS004,2026-07-04,9.0,R_DS004_151,16.0,123.67966886666667,193.20109748333334,660.0,0.2290364238271605,1.7777777777777777
SH00002785,DS004,2026-07-04,9.0,R_DS004_152,34.0,256.11966575,411.8946657499999,1245.0,0.47429567731481487,3.7777777777777777
SH00002786,DS004,2026-07-04,9.0,R_DS004_154,13.0,116.18579324999999,184.6643646833334,540.0,0.21515887638888886,1.4444444444444444
SH00002787,DS004,2026-07-04,9.0,R_DS004_155,34.0,261.8926768,418.9426768,1255.0,0.4849864385185185,3.7777777777777777
SH00002788,DS004,2026-07-04,9.0,R_DS004_156,43.0,301.12939728333345,472.4543972833334,1650.0,0.557647032006173,4.777777777777778
SH00002789,DS004,2026-07-04,9.0,R_DS004_157,12.0,118.46590008333334,185.98018580000002,495.0,0.2193812964506173,1.3333333333333333
SH00002790,DS004,2026-07-04,9.0,R_DS004_158,35.0,262.79240181666665,411.3174018166667,1285.0,0.4866525959567901,3.888888888888889
SH00002791,DS004,2026-07-04,9.0,R_DS004_159,39.0,303.7814625,473.2064625,1490.0,0.5625582638888889,4.333333333333333
SH00002818,DS005,2026-07-04,9.0,R_DS005_001,37.0,233.17377481666665,353.8416319499999,1365.0,0.4318032866975308,4.111111111111111
SH00002819,DS005,2026-07-04,9.0,R_DS005_002,45.0,280.75705973333334,423.03205973333337,1635.0,0.5199204809876543,5.0
SH00002820,DS005,2026-07-04,9.0,R_DS005_003,52.0,295.20763061666656,444.05763063333336,1955.0,0.5466807974382714,5.777777777777778
SH00002821,DS005,2026-07-04,0.0,,0.0,0.0,0.0,0.0,0.0,0.0
SH00002822,DS005,2026-07-04,0.0,,0.0,0.0,0.0,0.0,0.0,0.0
SH00002823,DS005,2026-07-04,9.0,R_DS005_007,33.0,236.2308221,360.9772506666667,1205.0,0.4374644853703704,3.6666666666666665
SH00002824,DS005,2026-07-04,8.3,R_DS005_008,43.0,257.1649797333334,396.23997973333337,1560.0,0.5163955416331995,5.180722891566265
SH00002825,DS005,2026-07-04,9.0,R_DS005_009,47.0,292.6350138333334,439.8872865499999,1780.0,0.5419166922839508,5.222222222222222
SH00002826,DS005,2026-07-04,9.0,R_DS005_010,28.0,195.82972673333336,303.9832981833334,1030.0,0.3626476420987655,3.111111111111111
SH00002827,DS005,2026-07-04,9.0,R_DS005_011,44.0,285.2447500166668,426.9197500166665,1595.0,0.5282310185493829,4.888888888888889
SH00002828,DS005,2026-07-04,9.0,R_DS005_012,46.0,280.4821231333333,435.09803223333336,1740.0,0.5194113391358024,5.111111111111111
SH00002829,DS005,2026-07-04,0.0,,0.0,0.0,0.0,0.0,0.0,0.0
SH00002830,DS005,2026-07-04,9.0,R_DS005_016,26.0,183.65664145000002,282.2137843,970.0,0.34010489157407414,2.888888888888889
SH00002831,DS005,2026-07-04,9.0,R_DS005_018,48.0,289.02957559999993,433.8318483333334,1835.0,0.5352399548148147,5.333333333333333
SH00002832,DS005,2026-07-04,9.0,R_DS005_019,22.0,126.90265803333334,195.7098009166666,830.0,0.23500492228395062,2.4444444444444446
SH00002833,DS005,2026-07-04,0.0,,0.0,0.0,0.0,0.0,0.0,0.0
SH00002834,DS005,2026-07-04,9.0,R_DS005_022,19.0,124.94773901666667,191.72273901666665,725.0,0.23138470188271607,2.111111111111111
SH00002835,DS005,2026-07-04,9.0,R_DS005_023,43.0,281.52537931666666,426.70037931666667,1560.0,0.5213432950308642,4.777777777777778
SH00002836,DS005,2026-07-04,9.0,R_DS005_024,44.0,282.40767263333333,429.52585445000005,1675.0,0.5229771715432099,4.888888888888889
SH00002837,DS005,2026-07-04,9.0,R_DS005_025,16.0,110.46208028333332,173.31208029999996,615.0,0.20455940793209873,1.7777777777777777
SH00002838,DS005,2026-07-04,9.0,R_DS005_026,42.0,274.7637366166666,412.6137366166666,1520.0,0.5088217344753085,4.666666666666667
SH00002839,DS005,2026-07-04,9.0,R_DS005_028,13.0,92.18795804999999,140.5415295,510.0,0.17071844083333332,1.4444444444444444
SH00002840,DS005,2026-07-04,9.0,R_DS005_029,42.0,276.84857523333335,417.62357523333344,1525.0,0.5126825467283951,4.666666666666667
SH00002841,DS005,2026-07-04,9.0,R_DS005_030,44.0,282.68687096666656,430.9618709666666,1690.0,0.523494205493827,4.888888888888889
SH00002842,DS005,2026-07-04,0.0,,0.0,0.0,0.0,0.0,0.0,0.0
SH00002843,DS005,2026-07-04,0.0,,0.0,0.0,0.0,0.0,0.0,0.0
SH00002844,DS005,2026-07-04,0.0,,0.0,0.0,0.0,0.0,0.0,0.0
SH00002845,DS005,2026-07-04,9.0,R_DS005_036,42.0,280.0747852333334,426.87478523333334,1600.0,0.5186570096913581,4.666666666666667
SH00002846,DS005,2026-07-04,9.0,R_DS005_037,11.0,85.83674941666668,132.19032083333332,440.0,0.15895694336419755,1.2222222222222223
SH00002847,DS005,2026-07-04,9.0,R_DS005_038,41.0,267.65291449999995,409.8529145,1490.0,0.49565354537037026,4.555555555555555
SH00002848,DS005,2026-07-04,9.0,R_DS005_039,45.0,274.57147291666666,419.1714729166668,1725.0,0.5084656905864198,5.0
SH00002849,DS005,2026-07-04,9.0,R_DS005_040,12.0,82.0489066,128.80247801666667,480.0,0.15194241962962962,1.3333333333333333
SH00002850,DS005,2026-07-04,9.0,R_DS005_042,42.0,269.8870605333333,413.4120605333334,1610.0,0.4997908528395061,4.666666666666667
SH00002851,DS005,2026-07-04,9.0,R_DS005_043,11.0,80.15596376666666,126.20953523333331,445.0,0.1484369699382716,1.2222222222222223
SH00002852,DS005,2026-07-04,9.0,R_DS005_044,40.0,248.39901045000002,373.14901045,1460.0,0.45999816750000005,4.444444444444445
SH00002853,DS005,2026-07-04,9.0,R_DS005_045,42.0,274.3021379833334,415.0271379833334,1615.0,0.5079669221913582,4.666666666666667
SH00002854,DS005,2026-07-04,8.716666666666667,R_DS005_046,8.0,54.2770697,81.6413554,320.0,0.10378024799235182,0.9177820267686424
SH00002855,DS005,2026-07-04,9.0,R_DS005_047,38.0,258.9462785833333,388.6962785833334,1380.0,0.4795301455246913,4.222222222222222
SH00002856,DS005,2026-07-04,9.0,R_DS005_050,39.0,249.10880403333334,373.63380403333343,1425.0,0.4613126000617284,4.333333333333333
SH00002857,DS005,2026-07-04,9.0,R_DS005_051,43.0,277.56330575000004,420.88830575,1655.0,0.5140061217592593,4.777777777777778
SH00002858,DS005,2026-07-04,9.0,R_DS005_053,40.0,236.07013908333332,356.4451390833334,1455.0,0.43716692422839504,4.444444444444445
SH00002859,DS005,2026-07-04,0.0,,0.0,0.0,0.0,0.0,0.0,0.0
SH00002860,DS005,2026-07-04,9.0,R_DS005_056,37.0,233.98031244999999,361.90531245000005,1350.0,0.43329687490740737,4.111111111111111
SH00002861,DS005,2026-07-04,9.0,R_DS005_057,41.0,265.39353214999994,404.1935321499999,1580.0,0.49146950398148137,4.555555555555555
SH00002862,DS005,2026-07-04,9.0,R_DS005_058,8.0,66.25517555,104.05517555,335.0,0.12269476953703705,0.8888888888888888
SH00002863,DS005,2026-07-04,9.0,R_DS005_059,36.0,240.85004104999996,367.55004104999995,1315.0,0.44601859453703696,4.0
SH00002864,DS005,2026-07-04,9.0,R_DS005_060,41.0,262.6446609,400.6946609,1575.0,0.4863790016666667,4.555555555555555
SH00002865,DS005,2026-07-04,9.0,R_DS005_063,40.0,256.90691448333337,392.6319144833333,1540.0,0.47575354533950626,4.444444444444445
SH00002866,DS005,2026-07-04,9.0,R_DS005_064,9.0,69.10172061666665,106.53743490000001,365.0,0.12796614929012343,1.0
SH00002867,DS005,2026-07-04,0.0,,0.0,0.0,0.0,0.0,0.0,0.0
SH00002868,DS005,2026-07-04,9.0,R_DS005_066,39.0,258.0186901999999,389.39369020000004,1515.0,0.4778123892592591,4.333333333333333
SH00002869,DS005,2026-07-04,9.0,R_DS005_067,10.0,68.14737453333333,105.40094594999998,410.0,0.12619884172839507,1.1111111111111112
SH00002870,DS005,2026-07-04,9.0,R_DS005_068,37.0,227.51923359999998,340.3692336,1350.0,0.42133191407407405,4.111111111111111
SH00002871,DS005,2026-07-04,9.0,R_DS005_071,35.0,220.1054527,337.48045269999994,1285.0,0.4076026901851852,3.888888888888889
SH00002872,DS005,2026-07-04,9.0,R_DS005_072,37.0,240.97839231666669,372.17839231666665,1430.0,0.44625628206790124,4.111111111111111
SH00002873,DS005,2026-07-04,9.0,R_DS005_073,9.0,71.84489905,108.03775618333334,370.0,0.13304610935185185,1.0
SH00002874,DS005,2026-07-04,9.0,R_DS005_074,34.0,219.68845109999995,341.33845109999993,1245.0,0.4068304649999999,3.7777777777777777
SH00002875,DS005,2026-07-04,9.0,R_DS005_075,41.0,248.26257248333334,375.0875724833335,1590.0,0.45974550459876545,4.555555555555555
SH00002876,DS005,2026-07-04,9.0,R_DS005_077,35.0,222.31062595000003,339.68562595000003,1280.0,0.4116863443518519,3.888888888888889
SH00002877,DS005,2026-07-04,9.0,R_DS005_078,38.0,242.9454662166667,372.7454662166666,1480.0,0.44989901151234574,4.222222222222222
SH00002878,DS005,2026-07-04,9.0,R_DS005_079,9.0,67.28319839999999,102.89748413333335,375.0,0.12459851555555554,1.0
SH00002879,DS005,2026-07-04,9.0,R_DS005_080,32.0,211.25219363333335,323.9021936333334,1175.0,0.39120776598765433,3.5555555555555554
SH00002880,DS005,2026-07-04,9.0,R_DS005_081,42.0,249.01926076666666,375.3942607666668,1625.0,0.46114677919753083,4.666666666666667
SH00002881,DS005,2026-07-04,9.0,R_DS005_082,9.0,66.632387,104.66810126666667,375.0,0.12339330925925925,1.0
SH00002882,DS005,2026-07-04,9.0,R_DS005_084,43.0,247.18828378333333,369.71328378333334,1665.0,0.4577560810802469,4.777777777777778
SH00002883,DS005,2026-07-04,9.0,R_DS005_085,9.0,69.85425806666666,106.57568661666666,365.0,0.12935973716049382,1.0
SH00002884,DS005,2026-07-04,8.683333333333334,R_DS005_086,30.0,210.56946580000005,324.5194657999999,1095.0,0.40416404184261046,3.45489443378119
SH00002885,DS005,2026-07-04,9.0,R_DS005_087,40.0,249.26770318333337,373.74270318333333,1550.0,0.4616068577469136,4.444444444444445
SH00002886,DS005,2026-07-04,0.0,,0.0,0.0,0.0,0.0,0.0,0.0
SH00002887,DS005,2026-07-04,9.0,R_DS005_089,32.0,202.18070994999997,306.58070994999997,1175.0,0.37440872212962956,3.5555555555555554
SH00002888,DS005,2026-07-04,9.0,R_DS005_091,9.0,69.26475221666666,107.45403795,365.0,0.12826805966049382,1.0
SH00002889,DS005,2026-07-04,9.0,R_DS005_092,33.0,212.85492150000002,319.6799215,1210.0,0.3941757805555556,3.6666666666666665
SH00002890,DS005,2026-07-04,9.0,R_DS005_093,37.0,242.68416093333335,370.9591609333334,1430.0,0.4494151128395062,4.111111111111111
SH00002891,DS005,2026-07-04,9.0,R_DS005_094,10.0,68.47019664999999,108.14519666666668,410.0,0.12679666046296295,1.1111111111111112
SH00002892,DS005,2026-07-04,9.0,R_DS005_095,32.0,192.22291366666667,297.5729136666667,1180.0,0.3559683586419753,3.5555555555555554
SH00002893,DS005,2026-07-04,9.0,R_DS005_096,40.0,237.71021725,363.16021724999996,1555.0,0.4402041060185185,4.444444444444445
SH00002894,DS005,2026-07-04,9.0,R_DS005_098,33.0,183.40012293333328,281.0751229333333,1220.0,0.3396298572839505,3.6666666666666665
SH00002895,DS005,2026-07-04,8.4,R_DS005_099,38.0,242.63332433333332,374.4083243333334,1470.0,0.48141532605820103,4.523809523809524
SH00002896,DS005,2026-07-04,9.0,R_DS005_100,8.0,65.53534599999999,100.73177458333333,335.0,0.12136175185185183,0.8888888888888888
SH00002897,DS005,2026-07-04,9.0,R_DS005_101,31.0,188.9260908666667,288.8260908666668,1140.0,0.34986313123456797,3.4444444444444446
SH00002898,DS005,2026-07-04,9.0,R_DS005_102,37.0,245.55069758333332,370.82569758333335,1435.0,0.4547235140432098,4.111111111111111
SH00002899,DS005,2026-07-04,9.0,R_DS005_103,10.0,62.41527336666667,96.84027336666666,420.0,0.11558383956790123,1.1111111111111112
SH00002900,DS005,2026-07-04,0.0,,0.0,0.0,0.0,0.0,0.0,0.0
SH00002901,DS005,2026-07-04,9.0,R_DS005_106,11.0,67.5473612,104.99736121666665,455.0,0.1250877059259259,1.2222222222222223
SH00002902,DS005,2026-07-04,9.0,R_DS005_107,29.0,194.70072939999997,298.4757294,1070.0,0.3605569062962962,3.2222222222222223
SH00002903,DS005,2026-07-04,9.0,R_DS005_108,40.0,243.24830756666665,367.6233075666667,1545.0,0.45045982882716046,4.444444444444445
SH00002904,DS005,2026-07-04,9.0,R_DS005_109,9.0,64.3552072,102.89449291666666,370.0,0.11917630962962962,1.0
SH00002905,DS005,2026-07-04,9.0,R_DS005_112,8.0,69.75194376666667,107.48765805000001,330.0,0.1291702662345679,0.8888888888888888
SH00002906,DS005,2026-07-04,9.0,R_DS005_113,32.0,177.74276661666664,274.24276661666664,1175.0,0.32915327151234564,3.5555555555555554
SH00002907,DS005,2026-07-04,9.0,R_DS005_114,38.0,241.66674698333333,369.0144742500001,1465.0,0.44753101293209874,4.222222222222222
SH00002908,DS005,2026-07-04,0.0,,0.0,0.0,0.0,0.0,0.0,0.0
SH00002909,DS005,2026-07-04,0.0,,0.0,0.0,0.0,0.0,0.0,0.0
SH00002910,DS005,2026-07-04,8.5,R_DS005_119,30.0,181.73628990000003,271.38628989999995,1110.0,0.3563456664705883,3.5294117647058822
SH00002911,DS005,2026-07-04,9.0,R_DS005_120,39.0,246.2419398333333,365.89193983333337,1510.0,0.45600359228395054,4.333333333333333
SH00002912,DS005,2026-07-04,9.0,R_DS005_121,9.0,70.05369421666666,106.68940848333334,370.0,0.1297290633641975,1.0
SH00002913,DS005,2026-07-04,9.0,R_DS005_123,35.0,239.02881298333332,362.5038129833333,1355.0,0.4426459499691358,3.888888888888889
SH00002914,DS005,2026-07-04,8.733333333333333,R_DS005_127,7.0,55.47974841666666,84.4404627,285.0,0.1058773824745547,0.801526717557252
SH00002915,DS005,2026-07-04,9.0,R_DS005_130,9.0,68.02769971666666,107.49198543333333,370.0,0.12597722169753084,1.0
SH00002916,DS005,2026-07-04,9.0,R_DS005_131,29.0,184.47003529999998,280.14503529999996,1070.0,0.3416111764814814,3.2222222222222223
SH00002917,DS005,2026-07-04,0.0,,0.0,0.0,0.0,0.0,0.0,0.0
SH00002918,DS005,2026-07-04,9.0,R_DS005_134,30.0,183.9200739666667,282.49507396666667,1110.0,0.3405927295679013,3.3333333333333335
SH00002919,DS005,2026-07-04,0.0,,0.0,0.0,0.0,0.0,0.0,0.0
SH00002951,DS001,2026-07-05,9.0,R_DS001_001,37.0,216.19637808333337,319.83728709999997,1115.0,0.400363663117284,4.111111111111111
SH00002952,DS001,2026-07-05,9.0,R_DS001_002,48.0,276.46922094999996,413.55558461666647,1500.0,0.5119800387962963,5.333333333333333
SH00002953,DS001,2026-07-05,0.0,,0.0,0.0,0.0,0.0,0.0,0.0
SH00002954,DS001,2026-07-05,9.0,R_DS001_004,34.0,199.00604358333334,302.29467989999995,1025.0,0.36852971033950616,3.7777777777777777
SH00002955,DS001,2026-07-05,9.0,R_DS001_005,48.0,273.82871435,413.14462343333344,1500.0,0.5070902117592593,5.333333333333333
SH00002956,DS001,2026-07-05,9.0,R_DS001_006,47.0,279.2593248499999,422.2658184166668,1565.0,0.5171468978703703,5.222222222222222
SH00002957,DS001,2026-07-05,9.0,R_DS001_008,48.0,282.19801831666655,418.11847294999995,1500.0,0.5225889228086418,5.333333333333333
SH00002958,DS001,2026-07-05,9.0,R_DS001_010,26.0,156.3582682,235.33554093333333,785.0,0.2895523485185185,2.888888888888889
SH00002959,DS001,2026-07-05,9.0,R_DS001_011,48.0,269.1370631,402.8075176333335,1495.0,0.4984019687037037,5.333333333333333
SH00002960,DS001,2026-07-05,9.0,R_DS001_013,25.0,144.11303374999997,212.8334883166667,755.0,0.26687598842592586,2.7777777777777777
SH00002961,DS001,2026-07-05,9.0,R_DS001_015,51.0,283.7169066166666,433.90878970000006,1705.0,0.525401678919753,5.666666666666667
SH00002962,DS001,2026-07-05,9.0,R_DS001_017,47.0,272.04767236666663,401.7703996833334,1470.0,0.5037919858641975,5.222222222222222
SH00002963,DS001,2026-07-05,9.0,R_DS001_018,48.0,272.5068049833333,414.1720647000001,1590.0,0.5046422314506173,5.333333333333333
SH00002964,DS001,2026-07-05,9.0,R_DS001_019,21.0,110.43446498333333,169.93673768333335,640.0,0.2045082684876543,2.3333333333333335
SH00002965,DS001,2026-07-05,9.0,R_DS001_020,47.0,259.72363813333334,392.0031836166667,1475.0,0.4809697002469136,5.222222222222222
SH00002966,DS001,2026-07-05,9.0,R_DS001_022,14.0,94.75810441666665,141.96946805,425.0,0.17547797114197528,1.5555555555555556
SH00002967,DS001,2026-07-05,9.0,R_DS001_023,48.0,264.2594180833333,391.2412362499999,1505.0,0.4893692927469135,5.333333333333333
SH00002968,DS001,2026-07-05,0.0,,0.0,0.0,0.0,0.0,0.0,0.0
SH00002969,DS001,2026-07-05,9.0,R_DS001_026,44.0,246.95159738333334,372.5425064833332,1375.0,0.4573177729320988,4.888888888888889
SH00002970,DS001,2026-07-05,9.0,R_DS001_027,48.0,278.1010706166667,412.43191475,1585.0,0.5150019826234568,5.333333333333333
SH00002971,DS001,2026-07-05,9.0,R_DS001_029,46.0,257.0875935666667,378.3625935333333,1445.0,0.476088136234568,5.111111111111111
SH00002972,DS001,2026-07-05,9.0,R_DS001_030,44.0,252.91866891666666,378.62353909999996,1445.0,0.4683679054012346,4.888888888888889
SH00002973,DS001,2026-07-05,0.0,,0.0,0.0,0.0,0.0,0.0,0.0
SH00002974,DS001,2026-07-05,9.0,R_DS001_032,47.0,250.4247439333333,378.6133803,1475.0,0.4637495258024691,5.222222222222222
SH00002975,DS001,2026-07-05,9.0,R_DS001_033,47.0,254.6887174,380.37605498333335,1560.0,0.47164577296296295,5.222222222222222
SH00002976,DS001,2026-07-05,9.0,R_DS001_034,11.0,76.1391059,112.6641059,335.0,0.14099834425925928,1.2222222222222223
SH00002977,DS001,2026-07-05,9.0,R_DS001_036,43.0,252.83441128333342,377.15713859999994,1410.0,0.4682118727469137,4.777777777777778
SH00002978,DS001,2026-07-05,0.0,,0.0,0.0,0.0,0.0,0.0,0.0
SH00002979,DS001,2026-07-05,0.0,,0.0,0.0,0.0,0.0,0.0,0.0
SH00002980,DS001,2026-07-05,9.0,R_DS001_039,40.0,244.61016033333334,367.3783422333333,1315.0,0.45298177839506176,4.444444444444445
SH00002981,DS001,2026-07-05,9.0,R_DS001_040,9.0,46.33617541666667,69.27708448333333,275.0,0.08580773225308642,1.0
SH00002982,DS001,2026-07-05,9.0,R_DS001_043,7.0,45.021061033333325,68.48924283333332,215.0,0.08337233524691356,0.7777777777777778
SH00002983,DS001,2026-07-05,9.0,R_DS001_044,42.0,239.6095850833333,359.5959487333332,1325.0,0.4437214538580246,4.666666666666667
SH00002984,DS001,2026-07-05,9.0,R_DS001_045,42.0,234.17853641666673,350.3194454666667,1390.0,0.4336639563271606,4.666666666666667
SH00002985,DS001,2026-07-05,8.4,R_DS001_046,3.0,16.96929516666667,25.335204266666665,90.0,0.03366923644179894,0.35714285714285715
SH00002986,DS001,2026-07-05,0.0,,0.0,0.0,0.0,0.0,0.0,0.0
SH00002987,DS001,2026-07-05,9.0,R_DS001_048,41.0,233.9503716333334,343.3208261666667,1355.0,0.4332414289506174,4.555555555555555
SH00002988,DS001,2026-07-05,8.45,R_DS001_050,41.0,228.46353223333335,339.4703504166667,1290.0,0.4506184067718607,4.852071005917161
SH00002989,DS001,2026-07-05,9.0,R_DS001_051,43.0,231.95544268333333,344.8236245,1425.0,0.4295471160802469,4.777777777777778
SH00002990,DS001,2026-07-05,9.0,R_DS001_052,2.0,16.957213516666666,25.650395333333332,65.0,0.03140224725308642,0.2222222222222222
SH00002991,DS001,2026-07-05,9.0,R_DS001_053,39.0,215.00604493333338,321.10377214999994,1235.0,0.3981593424691359,4.333333333333333
SH00002992,DS001,2026-07-05,9.0,R_DS001_054,41.0,224.63612408333339,335.31566953333333,1360.0,0.4159928223765433,4.555555555555555
SH00002993,DS001,2026-07-05,9.0,R_DS001_055,1.0,8.490414633333334,12.665414633333334,35.0,0.015722990061728396,0.1111111111111111
SH00002994,DS001,2026-07-05,9.0,R_DS001_057,37.0,223.44163043333336,334.1007213833333,1225.0,0.4137807970987655,4.111111111111111
SH00002995,DS001,2026-07-05,9.0,R_DS001_058,1.0,6.840078466666667,10.940078466666668,35.0,0.012666811975308643,0.1111111111111111
SH00002996,DS001,2026-07-05,8.833333333333334,R_DS001_061,1.0,7.33034795,11.748529766666667,30.0,0.013830845188679245,0.11320754716981131
SH00002997,DS001,2026-07-05,9.0,R_DS001_062,37.0,215.85772489999997,324.6145430500001,1170.0,0.39973652759259254,4.111111111111111
SH00002998,DS001,2026-07-05,8.35,R_DS001_064,2.0,9.290713033333333,15.590713033333333,70.0,0.0185443373918829,0.23952095808383234
SH00002999,DS001,2026-07-05,9.0,R_DS001_065,39.0,212.7632782666667,315.4041873,1240.0,0.3940060708641976,4.333333333333333
SH00003000,DS001,2026-07-05,9.0,R_DS001_068,37.0,210.54178179999997,319.54405440000005,1175.0,0.3898921885185185,4.111111111111111
SH00003001,DS001,2026-07-05,9.0,R_DS001_069,38.0,203.23050493333335,313.76686860000007,1265.0,0.37635278691358026,4.222222222222222
SH00003002,DS001,2026-07-05,9.0,R_DS001_071,36.0,205.38091836666663,304.6263728666667,1140.0,0.38033503401234564,4.0
SH00003003,DS001,2026-07-05,0.0,,0.0,0.0,0.0,0.0,0.0,0.0
SH00003004,DS001,2026-07-05,9.0,R_DS001_073,1.0,6.608564966666666,10.933564966666667,35.0,0.012238083271604937,0.1111111111111111
SH00003005,DS001,2026-07-05,0.0,,0.0,0.0,0.0,0.0,0.0,0.0
SH00003006,DS001,2026-07-05,9.0,R_DS001_075,37.0,199.62845291666665,301.3079983833333,1225.0,0.36968232021604935,4.111111111111111
SH00003007,DS001,2026-07-05,9.0,R_DS001_076,2.0,9.7956924,14.3956924,70.0,0.01814017111111111,0.2222222222222222
SH00003008,DS001,2026-07-05,9.0,R_DS001_078,34.0,202.8218418,305.93320538333325,1135.0,0.3755960033333333,3.7777777777777777
SH00003009,DS001,2026-07-05,9.0,R_DS001_079,2.0,11.753041316666666,18.128041316666668,70.0,0.02176489132716049,0.2222222222222222
SH00003010,DS001,2026-07-05,9.0,R_DS001_080,35.0,206.2267386833333,305.84037503333343,1115.0,0.3819013679320987,3.888888888888889
SH00003011,DS001,2026-07-05,8.7,R_DS001_081,35.0,202.6309831833333,303.1241650166667,1170.0,0.38818196012132816,4.022988505747127
SH00003012,DS001,2026-07-05,9.0,R_DS001_082,2.0,12.955792916666667,19.280792916666666,70.0,0.02399220910493827,0.2222222222222222
SH00003013,DS001,2026-07-05,9.0,R_DS001_083,36.0,202.98848930000003,306.0180347666666,1145.0,0.3759046098148149,4.0
SH00003014,DS001,2026-07-05,0.0,,0.0,0.0,0.0,0.0,0.0,0.0
SH00003015,DS001,2026-07-05,9.0,R_DS001_086,38.0,206.16667308333328,305.02349130000005,1200.0,0.38179013533950606,4.222222222222222
SH00003016,DS001,2026-07-05,9.0,R_DS001_087,35.0,192.65248989999998,291.9183989833333,1180.0,0.35676387018518513,3.888888888888889
SH00003017,DS001,2026-07-05,9.0,R_DS001_088,1.0,7.8326487333333334,11.457648733333334,35.0,0.014504905061728395,0.1111111111111111
SH00003018,DS001,2026-07-05,0.0,,0.0,0.0,0.0,0.0,0.0,0.0
SH00003019,DS001,2026-07-05,9.0,R_DS001_090,33.0,186.19702120000005,277.5470212166667,1115.0,0.3448092985185186,3.6666666666666665
SH00003020,DS001,2026-07-05,9.0,R_DS001_092,36.0,190.48196354999996,283.9183272166667,1150.0,0.3527443769444444,4.0
SH00003021,DS001,2026-07-05,9.0,R_DS001_093,31.0,181.86835471666663,272.44108206666664,1045.0,0.3367932494753086,3.4444444444444446
SH00003022,DS001,2026-07-05,9.0,R_DS001_094,1.0,7.958374433333334,11.358374433333333,35.0,0.014737730432098766,0.1111111111111111
SH00003023,DS001,2026-07-05,0.0,,0.0,0.0,0.0,0.0,0.0,0.0
SH00003024,DS001,2026-07-05,8.0,R_DS001_096,32.0,171.41125683333328,253.53625678333327,1090.0,0.3571067850694443,4.0
SH00003025,DS001,2026-07-05,9.0,R_DS001_097,1.0,8.273495233333334,12.873495233333333,35.0,0.015321287469135803,0.1111111111111111
SH00003026,DS001,2026-07-05,9.0,R_DS001_099,31.0,171.45591075,248.81500159999996,1055.0,0.31751094583333334,3.4444444444444446
SH00003027,DS001,2026-07-05,8.033333333333333,R_DS001_100,1.0,5.809161016666667,9.434161016666668,35.0,0.012052201279391425,0.12448132780082988
SH00003028,DS001,2026-07-05,9.0,R_DS001_101,33.0,194.6488708166666,298.49659815,1040.0,0.3604608718827159,3.6666666666666665
SH00003029,DS001,2026-07-05,0.0,,0.0,0.0,0.0,0.0,0.0,0.0
SH00003030,DS001,2026-07-05,0.0,,0.0,0.0,0.0,0.0,0.0,0.0
SH00003031,DS001,2026-07-05,9.0,R_DS001_107,33.0,198.90791873333333,293.40791871666664,1050.0,0.36834799765432097,3.6666666666666665
SH00003032,DS001,2026-07-05,8.166666666666666,R_DS001_108,32.0,176.9463997166667,262.93730881666676,1090.0,0.36111510146258513,3.918367346938776
SH00003033,DS001,2026-07-05,9.0,R_DS001_109,1.0,6.9618381,9.8368381,35.0,0.012892292777777778,0.1111111111111111
SH00003034,DS001,2026-07-05,9.0,R_DS001_110,34.0,181.91263238333332,272.17854140000003,1080.0,0.33687524515432093,3.7777777777777777
SH00003035,DS001,2026-07-05,9.0,R_DS001_111,31.0,169.6258187,247.68036416666666,1055.0,0.3141218864814815,3.4444444444444446
SH00003036,DS001,2026-07-05,9.0,R_DS001_113,32.0,181.21713228333326,270.41940505,1020.0,0.3355872820061727,3.5555555555555554
SH00003037,DS001,2026-07-05,9.0,R_DS001_114,29.0,176.51440388333333,263.46667665,985.0,0.3268785257098765,3.2222222222222223
SH00003038,DS001,2026-07-05,0.0,,0.0,0.0,0.0,0.0,0.0,0.0
SH00003039,DS001,2026-07-05,9.0,R_DS001_116,32.0,172.79410536666668,257.4759235166666,1020.0,0.3199890840123457,3.5555555555555554
SH00003040,DS001,2026-07-05,9.0,R_DS001_117,30.0,165.16277144999995,245.34458961666672,1020.0,0.30585698416666657,3.3333333333333335
SH00003041,DS001,2026-07-05,0.0,,0.0,0.0,0.0,0.0,0.0,0.0
SH00003042,DS001,2026-07-05,9.0,R_DS001_120,31.0,160.89839440000003,244.51657621666664,1060.0,0.29795998962962966,3.4444444444444446
SH00003043,DS001,2026-07-05,9.0,R_DS001_121,2.0,13.245835133333333,18.34583513333333,70.0,0.024529324320987655,0.2222222222222222
SH00003044,DS001,2026-07-05,9.0,R_DS001_122,28.0,175.85849133333332,259.76303683333333,890.0,0.32566387283950615,3.111111111111111
SH00003045,DS001,2026-07-05,9.0,R_DS001_123,30.0,159.9351912,237.70337301666666,1025.0,0.29617627999999996,3.3333333333333335
SH00003046,DS001,2026-07-05,9.0,R_DS001_124,2.0,14.520674433333333,23.145674433333333,70.0,0.026890137839506174,0.2222222222222222
SH00003047,DS001,2026-07-05,9.0,R_DS001_125,30.0,170.51179259999998,251.98224713333335,955.0,0.31576257888888887,3.3333333333333335
SH00003048,DS001,2026-07-05,9.0,R_DS001_127,2.0,12.259825783333334,18.732553066666668,65.0,0.022703381080246915,0.2222222222222222
SH00003049,DS001,2026-07-05,9.0,R_DS001_128,30.0,166.92150513333334,253.5465051333333,955.0,0.30911389839506176,3.3333333333333335
SH00003050,DS001,2026-07-05,9.0,R_DS001_129,29.0,162.69894888333334,244.41485796666672,995.0,0.30129434978395064,3.2222222222222223
SH00003051,DS001,2026-07-05,8.65,,0.0,0.0,0.0,0.0,0.0,0.0
SH00003052,DS001,2026-07-05,0.0,,0.0,0.0,0.0,0.0,0.0,0.0
SH00003053,DS001,2026-07-05,9.0,R_DS001_132,31.0,163.6571224,243.8593951166667,1060.0,0.3030687451851852,3.4444444444444446
SH00003054,DS001,2026-07-05,9.0,R_DS001_134,28.0,156.89532228333334,233.98850418333336,895.0,0.290546893117284,3.111111111111111
SH00003055,DS001,2026-07-05,9.0,R_DS001_135,29.0,156.07983148333332,234.46164970000004,1000.0,0.2890367249691358,3.2222222222222223
SH00003056,DS001,2026-07-05,9.0,R_DS001_136,1.0,8.481796433333333,12.981796433333333,35.0,0.015707030432098763,0.1111111111111111
SH00003057,DS001,2026-07-05,0.0,,0.0,0.0,0.0,0.0,0.0,0.0
SH00003058,DS001,2026-07-05,9.0,R_DS001_138,27.0,149.49952568333333,221.54043476666666,930.0,0.2768509734876543,3.0
SH00003059,DS001,2026-07-05,8.616666666666667,,0.0,0.0,0.0,0.0,0.0,0.0
SH00003060,DS001,2026-07-05,9.0,R_DS001_141,26.0,142.31556050000003,213.3541969166667,895.0,0.2635473342592593,2.888888888888889
SH00003061,DS001,2026-07-05,9.0,R_DS001_142,1.0,7.00570545,10.70570545,35.0,0.012973528611111111,0.1111111111111111
SH00003062,DS001,2026-07-05,8.683333333333334,R_DS001_144,25.0,148.99167071666665,225.0825798,855.0,0.2859724965770953,2.8790786948176583
SH00003063,DS001,2026-07-05,8.483333333333333,,0.0,0.0,0.0,0.0,0.0,0.0
SH00003064,DS001,2026-07-05,9.0,R_DS001_146,25.0,151.48415948333331,226.51143226666667,805.0,0.2805262212654321,2.7777777777777777
SH00003065,DS001,2026-07-05,9.0,R_DS001_148,2.0,9.240044583333333,14.265044583333331,70.0,0.017111193672839507,0.2222222222222222
SH00003066,DS001,2026-07-05,8.716666666666667,R_DS001_149,26.0,152.84157549999998,227.86884823333332,840.0,0.2922401061185468,2.982791586998088
SH00003067,DS001,2026-07-05,0.0,,0.0,0.0,0.0,0.0,0.0,0.0
SH00003068,DS001,2026-07-05,0.0,,0.0,0.0,0.0,0.0,0.0,0.0
SH00003069,DS001,2026-07-05,0.0,,0.0,0.0,0.0,0.0,0.0,0.0
SH00003070,DS001,2026-07-05,0.0,,0.0,0.0,0.0,0.0,0.0,0.0
SH00003071,DS001,2026-07-05,9.0,R_DS001_156,27.0,149.08588589999997,227.69270406666666,930.0,0.2760849738888888,3.0
SH00003072,DS001,2026-07-05,9.0,R_DS001_157,1.0,10.375072016666667,15.250072016666667,35.0,0.019213096327160496,0.1111111111111111
SH00003073,DS001,2026-07-05,9.0,R_DS001_158,24.0,148.85969391666663,221.35060303333336,775.0,0.27566609984567897,2.6666666666666665
SH00003074,DS001,2026-07-05,9.0,R_DS001_159,23.0,134.1430918333333,199.8021827833333,800.0,0.24841313302469128,2.5555555555555554
SH00003075,DS001,2026-07-05,8.366666666666667,,0.0,0.0,0.0,0.0,0.0,0.0
SH00003076,DS001,2026-07-05,9.0,R_DS001_162,27.0,135.08566761666665,205.01975853333334,925.0,0.25015864373456786,3.0
SH00003077,DS001,2026-07-05,9.0,R_DS001_164,24.0,130.40057275,195.30284548333336,785.0,0.24148254212962963,2.6666666666666665
SH00003078,DS001,2026-07-05,9.0,R_DS001_165,25.0,130.7521800666667,198.86581643333332,870.0,0.24213366679012355,2.7777777777777777
SH00003109,DS002,2026-07-05,9.0,R_DS002_002,47.0,295.7114893666667,449.87739851666674,1470.0,0.5476138691975309,5.222222222222222
SH00003110,DS002,2026-07-05,8.25,R_DS002_003,45.0,292.7081402333334,442.8065168999999,1515.0,0.5913295762289563,5.454545454545454
SH00003111,DS002,2026-07-05,9.0,R_DS002_004,35.0,214.6143616166666,330.1143616000001,1060.0,0.39743400299382703,3.888888888888889
SH00003112,DS002,2026-07-05,0.0,,0.0,0.0,0.0,0.0,0.0,0.0
SH00003113,DS002,2026-07-05,0.0,,0.0,0.0,0.0,0.0,0.0,0.0
SH00003114,DS002,2026-07-05,9.0,R_DS002_009,50.0,310.78412360000004,479.8409418000001,1685.0,0.575526154814815,5.555555555555555
SH00003115,DS002,2026-07-05,9.0,R_DS002_010,33.0,195.67188833333333,299.7809792,1000.0,0.3623553487654321,3.6666666666666665
SH00003116,DS002,2026-07-05,9.0,R_DS002_011,44.0,291.18821978333335,440.0359470500001,1380.0,0.53923744404321,4.888888888888889
SH00003117,DS002,2026-07-05,9.0,R_DS002_012,48.0,289.38676623333333,446.3140388999998,1600.0,0.5359014189506173,5.333333333333333
SH00003118,DS002,2026-07-05,9.0,R_DS002_013,29.0,164.79364669999998,250.09137400000003,880.0,0.3051734198148148,3.2222222222222223
SH00003119,DS002,2026-07-05,9.0,R_DS002_016,24.0,150.7889497833333,226.2048589166667,730.0,0.2792387958950617,2.6666666666666665
SH00003120,DS002,2026-07-05,9.0,R_DS002_017,44.0,283.35363641666675,434.7786364333334,1380.0,0.5247289563271607,4.888888888888889
SH00003121,DS002,2026-07-05,9.0,R_DS002_018,46.0,294.16861086666677,444.71114333333344,1540.0,0.5447566867901237,5.111111111111111
SH00003122,DS002,2026-07-05,9.0,R_DS002_019,20.0,126.61357241666664,199.34084518333333,610.0,0.23446957854938266,2.2222222222222223
SH00003123,DS002,2026-07-05,8.583333333333334,R_DS002_020,40.0,267.74492008333334,411.92901098333334,1255.0,0.5198930487055017,4.660194174757281
SH00003124,DS002,2026-07-05,9.0,R_DS002_022,14.0,88.88326711666667,138.31735799999998,430.0,0.16459864280864198,1.5555555555555556
SH00003125,DS002,2026-07-05,9.0,R_DS002_024,44.0,294.41422563333333,453.17364125,1470.0,0.5452115289506173,4.888888888888889
SH00003126,DS002,2026-07-05,0.0,,0.0,0.0,0.0,0.0,0.0,0.0
SH00003127,DS002,2026-07-05,9.0,R_DS002_026,43.0,287.8342049499999,436.4364777,1345.0,0.5330263054629628,4.777777777777778
SH00003128,DS002,2026-07-05,9.0,R_DS002_027,47.0,286.3315108166667,439.6032640166667,1575.0,0.5302435385493828,5.222222222222222
SH00003129,DS002,2026-07-05,9.0,R_DS002_029,42.0,276.55376394999996,422.5583094166668,1325.0,0.5121365999074073,4.666666666666667
SH00003130,DS002,2026-07-05,0.0,,0.0,0.0,0.0,0.0,0.0,0.0
SH00003131,DS002,2026-07-05,9.0,R_DS002_031,12.0,78.03233065,122.17778523333332,365.0,0.14450431601851854,1.3333333333333333
SH00003132,DS002,2026-07-05,0.0,,0.0,0.0,0.0,0.0,0.0,0.0
SH00003133,DS002,2026-07-05,9.0,R_DS002_033,43.0,284.2455623333334,434.83192601666656,1430.0,0.5263806709876544,4.777777777777778
SH00003134,DS002,2026-07-05,9.0,R_DS002_034,10.0,71.01628973333334,107.40265335,310.0,0.131511647654321,1.1111111111111112
SH00003135,DS002,2026-07-05,9.0,R_DS002_037,7.0,49.00997175,74.95315358333335,215.0,0.09075920694444443,0.7777777777777778
SH00003136,DS002,2026-07-05,9.0,R_DS002_038,41.0,270.69922814999995,414.3105917999999,1290.0,0.5012948669444444,4.555555555555555
SH00003137,DS002,2026-07-05,8.633333333333333,R_DS002_039,44.0,273.6323077500001,418.14367138333336,1465.0,0.5282476983590736,5.096525096525097
SH00003138,DS002,2026-07-05,9.0,R_DS002_040,8.0,50.288358966666664,76.35426806666666,250.0,0.09312659067901234,0.8888888888888888
SH00003139,DS002,2026-07-05,9.0,R_DS002_041,40.0,268.33248206666667,403.1279366500001,1260.0,0.4969120038271605,4.444444444444445
SH00003140,DS002,2026-07-05,9.0,R_DS002_043,5.0,36.2383154,54.77695176666667,160.0,0.06710799148148147,0.5555555555555556
SH00003141,DS002,2026-07-05,8.316666666666666,R_DS002_044,41.0,262.79900803333334,402.0740080166666,1295.0,0.5266513187040748,4.929859719438878
SH00003142,DS002,2026-07-05,8.6,R_DS002_045,43.0,278.00188521666666,428.17331381666673,1450.0,0.5387633434431525,5.0
SH00003143,DS002,2026-07-05,9.0,R_DS002_046,4.0,22.040462483333332,35.25864428333333,130.0,0.0408156712654321,0.4444444444444444
SH00003144,DS002,2026-07-05,0.0,,0.0,0.0,0.0,0.0,0.0,0.0
SH00003145,DS002,2026-07-05,9.0,R_DS002_048,43.0,279.5782252,425.60322525,1430.0,0.5177374540740741,4.777777777777778
SH00003146,DS002,2026-07-05,9.0,R_DS002_050,41.0,271.18767593333337,415.84222136666665,1295.0,0.5021993998765433,4.555555555555555
SH00003147,DS002,2026-07-05,9.0,R_DS002_051,40.0,277.56160145,431.1343287166666,1330.0,0.5140029656481482,4.444444444444445
SH00003148,DS002,2026-07-05,9.0,R_DS002_052,3.0,24.47121355,37.200759000000005,100.0,0.04531706212962963,0.3333333333333333
SH00003149,DS002,2026-07-05,9.0,R_DS002_053,41.0,272.3693704666667,412.76937051666664,1290.0,0.5043877230864198,4.555555555555555
SH00003150,DS002,2026-07-05,9.0,R_DS002_054,44.0,282.97414585,425.48096405,1470.0,0.5240261960185185,4.888888888888889
SH00003151,DS002,2026-07-05,9.0,R_DS002_057,44.0,280.31269076666666,434.90814535000004,1460.0,0.5190975754938272,4.888888888888889
SH00003152,DS002,2026-07-05,9.0,R_DS002_058,3.0,20.714196816666664,32.38919681666667,100.0,0.038359623734567895,0.3333333333333333
SH00003153,DS002,2026-07-05,9.0,R_DS002_059,43.0,274.97177956666667,412.2626887,1355.0,0.5092069991975309,4.777777777777778
SH00003154,DS002,2026-07-05,9.0,R_DS002_060,47.0,275.5106586166666,421.90384044999996,1565.0,0.5102049233641974,5.222222222222222
SH00003155,DS002,2026-07-05,9.0,R_DS002_061,3.0,17.865155433333335,27.4287918,100.0,0.03308362117283951,0.3333333333333333
SH00003156,DS002,2026-07-05,0.0,,0.0,0.0,0.0,0.0,0.0,0.0
SH00003157,DS002,2026-07-05,9.0,R_DS002_064,3.0,16.0364978,24.93877051666667,100.0,0.029697218148148147,0.3333333333333333
SH00003158,DS002,2026-07-05,9.0,R_DS002_065,44.0,263.4198141333333,399.3607231666668,1390.0,0.48781447061728395,4.888888888888889
SH00003159,DS002,2026-07-05,9.0,R_DS002_066,42.0,280.7477113833333,426.9772567166666,1400.0,0.519903169228395,4.666666666666667
SH00003160,DS002,2026-07-05,9.0,R_DS002_067,2.0,13.346330816666667,19.375876283333334,65.0,0.024715427438271605,0.2222222222222222
SH00003161,DS002,2026-07-05,9.0,R_DS002_068,41.0,265.91374068333334,400.1364679666666,1295.0,0.49243285311728396,4.555555555555555
SH00003162,DS002,2026-07-05,0.0,,0.0,0.0,0.0,0.0,0.0,0.0
SH00003163,DS002,2026-07-05,0.0,,0.0,0.0,0.0,0.0,0.0,0.0
SH00003164,DS002,2026-07-05,9.0,R_DS002_072,41.0,270.8677268,413.5790903833333,1370.0,0.5016069014814815,4.555555555555555
SH00003165,DS002,2026-07-05,9.0,R_DS002_073,2.0,12.2372388,18.4872388,70.0,0.022661553333333334,0.2222222222222222
SH00003166,DS002,2026-07-05,9.0,R_DS002_074,41.0,257.1842402333333,392.14333115,1290.0,0.47626711154320983,4.555555555555555
SH00003167,DS002,2026-07-05,0.0,,0.0,0.0,0.0,0.0,0.0,0.0
SH00003168,DS002,2026-07-05,9.0,R_DS002_076,1.0,8.84650115,14.44650115,35.0,0.016382409537037037,0.1111111111111111
SH00003169,DS002,2026-07-05,0.0,,0.0,0.0,0.0,0.0,0.0,0.0
SH00003170,DS002,2026-07-05,9.0,R_DS002_079,2.0,15.498971483333333,26.223971483333337,70.0,0.028701799043209877,0.2222222222222222
SH00003171,DS002,2026-07-05,9.0,R_DS002_080,39.0,255.01547996666667,381.7927526666667,1235.0,0.4722508888271605,4.333333333333333
SH00003172,DS002,2026-07-05,0.0,,0.0,0.0,0.0,0.0,0.0,0.0
SH00003173,DS002,2026-07-05,0.0,,0.0,0.0,0.0,0.0,0.0,0.0
SH00003174,DS002,2026-07-05,9.0,R_DS002_083,37.0,245.63918123333337,371.2914539333334,1170.0,0.45488737265432105,4.111111111111111
SH00003175,DS002,2026-07-05,9.0,R_DS002_085,2.0,11.112101133333335,17.318919316666666,65.0,0.020577965061728397,0.2222222222222222
SH00003176,DS002,2026-07-05,9.0,R_DS002_086,37.0,245.20917905000007,375.81145180000016,1175.0,0.45409107231481494,4.111111111111111
SH00003177,DS002,2026-07-05,9.0,R_DS002_087,41.0,261.54062825,397.8292646499999,1380.0,0.48433449675925927,4.555555555555555
SH00003178,DS002,2026-07-05,9.0,R_DS002_088,2.0,13.356332683333331,22.131332683333333,70.0,0.024733949413580245,0.2222222222222222
SH00003179,DS002,2026-07-05,9.0,R_DS002_089,37.0,239.07433558333332,363.29479013333327,1170.0,0.4427302510802469,4.111111111111111
SH00003180,DS002,2026-07-05,9.0,R_DS002_090,40.0,261.76799865000004,394.08845314999985,1335.0,0.4847555530555556,4.444444444444445
SH00003181,DS002,2026-07-05,8.75,R_DS002_092,36.0,226.7704171333334,345.69314440000005,1135.0,0.43194365168253984,4.114285714285714
SH00003182,DS002,2026-07-05,8.8,R_DS002_093,40.0,253.63512340000003,375.2987597833334,1345.0,0.48036955189393943,4.545454545454545
SH00003183,DS002,2026-07-05,8.4,R_DS002_094,1.0,13.678956783333332,19.928956783333334,35.0,0.027140787268518516,0.11904761904761904
SH00003184,DS002,2026-07-05,9.0,R_DS002_095,36.0,225.22703903333334,348.19976631666674,1140.0,0.4170871093209877,4.0
SH00003185,DS002,2026-07-05,9.0,R_DS002_096,43.0,261.4848716833333,392.9053262499999,1445.0,0.4842312438580247,4.777777777777778
SH00003186,DS002,2026-07-05,9.0,R_DS002_097,2.0,15.883285683333334,24.99919478333333,65.0,0.02941349200617284,0.2222222222222222
SH00003187,DS002,2026-07-05,9.0,R_DS002_099,42.0,255.6352649833334,389.42844675000003,1405.0,0.4733986388580248,4.666666666666667
SH00003188,DS002,2026-07-05,9.0,R_DS002_100,2.0,13.599700033333333,20.749700033333333,70.0,0.025184629691358023,0.2222222222222222
SH00003189,DS002,2026-07-05,9.0,R_DS002_102,41.0,257.6364792333333,394.06829739999984,1375.0,0.4771045911728395,4.555555555555555
SH00003190,DS002,2026-07-05,9.0,R_DS002_103,2.0,15.382754483333333,24.807754483333333,70.0,0.02848658237654321,0.2222222222222222
SH00003191,DS002,2026-07-05,9.0,R_DS002_104,38.0,225.06803844999996,345.89303843333334,1220.0,0.4167926637962962,4.222222222222222
SH00003192,DS002,2026-07-05,9.0,R_DS002_106,1.0,9.754758,14.929758,35.0,0.018064366666666668,0.1111111111111111
SH00003193,DS002,2026-07-05,9.0,R_DS002_107,35.0,226.05304941666674,345.2007766333333,1115.0,0.4186167581790125,3.888888888888889
SH00003194,DS002,2026-07-05,9.0,R_DS002_108,38.0,244.78836788333336,376.80200421666666,1275.0,0.4533117923765433,4.222222222222222
SH00003195,DS002,2026-07-05,9.0,R_DS002_109,2.0,11.108792583333333,15.833792583333333,70.0,0.02057183811728395,0.2222222222222222
SH00003196,DS002,2026-07-05,9.0,R_DS002_110,38.0,228.41410806666673,340.66865355,1200.0,0.4229890890123458,4.222222222222222
SH00003197,DS002,2026-07-05,9.0,R_DS002_113,37.0,226.94624119999997,345.90987756666675,1175.0,0.420270817037037,4.111111111111111
SH00003198,DS002,2026-07-05,9.0,R_DS002_114,39.0,248.1926864666667,378.5085955666666,1310.0,0.45961608604938275,4.333333333333333
SH00003199,DS002,2026-07-05,9.0,R_DS002_117,39.0,257.45343123333333,395.07161311666675,1310.0,0.47676561339506174,4.333333333333333
SH00003200,DS002,2026-07-05,9.0,R_DS002_118,2.0,12.890747816666668,20.365747816666666,70.0,0.023871755216049385,0.2222222222222222
SH00003201,DS002,2026-07-05,9.0,R_DS002_121,1.0,9.478067183333334,15.528067183333333,35.0,0.0175519762654321,0.1111111111111111
SH00003202,DS002,2026-07-05,9.0,R_DS002_123,42.0,247.12548586666662,376.52094031666667,1410.0,0.45763978864197524,4.666666666666667
SH00003203,DS002,2026-07-05,9.0,R_DS002_124,2.0,10.0134806,15.3634806,70.0,0.018543482592592593,0.2222222222222222
SH00003204,DS002,2026-07-05,0.0,,0.0,0.0,0.0,0.0,0.0,0.0
SH00003205,DS002,2026-07-05,0.0,,0.0,0.0,0.0,0.0,0.0,0.0
SH00003206,DS002,2026-07-05,9.0,R_DS002_128,36.0,228.72658783333333,348.73340603333327,1150.0,0.4235677552469136,4.0
SH00003207,DS002,2026-07-05,9.0,R_DS002_129,38.0,240.64219820000005,367.4603800333333,1265.0,0.4456337003703705,4.222222222222222
SH00003208,DS002,2026-07-05,9.0,R_DS002_131,33.0,220.17863898333334,337.6900026166666,1050.0,0.4077382203395062,3.6666666666666665
SH00003209,DS002,2026-07-05,0.0,,0.0,0.0,0.0,0.0,0.0,0.0
SH00003210,DS002,2026-07-05,8.4,R_DS002_134,34.0,216.36908435,331.15999344999994,1075.0,0.42930373878968253,4.0476190476190474
SH00003211,DS002,2026-07-05,9.0,R_DS002_135,41.0,253.10396601666665,385.9562386999999,1375.0,0.4687110481790123,4.555555555555555
SH00003212,DS002,2026-07-05,9.0,R_DS002_136,2.0,17.12419325,27.799193250000002,70.0,0.031711468981481486,0.2222222222222222
SH00003213,DS002,2026-07-05,9.0,R_DS002_138,39.0,246.80997536666663,378.18952088333333,1310.0,0.45705550993827154,4.333333333333333
SH00003214,DS002,2026-07-05,9.0,R_DS002_139,1.0,12.304051283333333,18.054051283333333,35.0,0.022785280154320988,0.1111111111111111
SH00003215,DS002,2026-07-05,8.483333333333333,R_DS002_141,37.0,241.58070061666663,365.73979148333336,1245.0,0.47461827233136866,4.361493123772102
SH00003216,DS002,2026-07-05,9.0,R_DS002_142,2.0,13.9938904,21.7688904,70.0,0.02591461185185185,0.2222222222222222
SH00003217,DS002,2026-07-05,9.0,R_DS002_143,36.0,218.4617085,328.62989036666676,1145.0,0.40455871944444444,4.0
SH00003218,DS002,2026-07-05,0.0,,0.0,0.0,0.0,0.0,0.0,0.0
SH00003219,DS002,2026-07-05,0.0,,0.0,0.0,0.0,0.0,0.0,0.0
SH00003220,DS002,2026-07-05,9.0,R_DS002_146,32.0,210.8653274833333,321.56532748333336,1020.0,0.3904913471913579,3.5555555555555554
SH00003221,DS002,2026-07-05,0.0,,0.0,0.0,0.0,0.0,0.0,0.0
SH00003222,DS002,2026-07-05,9.0,R_DS002_149,33.0,213.52794093333335,327.90975908333326,1050.0,0.39542211283950623,3.6666666666666665
SH00003223,DS002,2026-07-05,9.0,R_DS002_150,42.0,252.03518520000003,379.4465488166666,1420.0,0.4667318244444445,4.666666666666667
SH00003224,DS002,2026-07-05,8.55,,0.0,0.0,0.0,0.0,0.0,0.0
SH00003225,DS002,2026-07-05,0.0,,0.0,0.0,0.0,0.0,0.0,0.0
SH00003226,DS002,2026-07-05,9.0,R_DS002_153,40.0,233.6957207666666,361.78208445,1340.0,0.43276985327160483,4.444444444444445
SH00003227,DS002,2026-07-05,9.0,R_DS002_155,32.0,211.3872694833333,324.84863318333333,1020.0,0.39145790645061723,3.5555555555555554
SH00003256,DS003,2026-07-05,9.0,R_DS003_001,33.0,204.33159413333337,309.0270487166666,1005.0,0.3783918409876544,3.6666666666666665
SH00003257,DS003,2026-07-05,0.0,,0.0,0.0,0.0,0.0,0.0,0.0
SH00003258,DS003,2026-07-05,9.0,R_DS003_003,46.0,279.0377885499999,419.1426587000001,1525.0,0.5167366454629628,5.111111111111111
SH00003259,DS003,2026-07-05,9.0,R_DS003_004,31.0,187.37648246666672,277.71057329999996,945.0,0.3469934860493828,3.4444444444444446
SH00003260,DS003,2026-07-05,9.0,R_DS003_005,46.0,283.92516470000004,426.53425561666666,1435.0,0.5257873420370371,5.111111111111111
SH00003261,DS003,2026-07-05,9.0,R_DS003_006,48.0,276.57890153333324,418.7146158333335,1590.0,0.5121831509876541,5.333333333333333
SH00003262,DS003,2026-07-05,9.0,R_DS003_008,44.0,276.1847020333334,417.99606576666673,1370.0,0.5114531519135803,4.888888888888889
SH00003263,DS003,2026-07-05,8.583333333333334,R_DS003_009,43.0,263.21843724999997,399.13304760000005,1430.0,0.5111037616504853,5.009708737864077
SH00003264,DS003,2026-07-05,9.0,R_DS003_010,27.0,163.63411736666666,248.17502645000002,825.0,0.30302614327160493,3.0
SH00003265,DS003,2026-07-05,8.616666666666667,R_DS003_011,42.0,261.16494308333336,402.48539758333334,1320.0,0.5051546287878789,4.874274661508704
SH00003266,DS003,2026-07-05,8.733333333333333,R_DS003_012,41.0,267.05870516666664,405.9275363666667,1360.0,0.5096540174936386,4.694656488549619
SH00003267,DS003,2026-07-05,9.0,R_DS003_013,21.0,126.09380644999999,193.14153368333334,645.0,0.23350704898148145,2.3333333333333335
SH00003268,DS003,2026-07-05,9.0,R_DS003_015,42.0,276.25756943333334,414.6091927333334,1395.0,0.5115880915432099,4.666666666666667
SH00003269,DS003,2026-07-05,8.783333333333333,R_DS003_016,15.0,105.24442033333332,162.71260211666666,460.0,0.19970478241619227,1.7077798861480076
SH00003270,DS003,2026-07-05,0.0,,0.0,0.0,0.0,0.0,0.0,0.0
SH00003271,DS003,2026-07-05,0.0,,0.0,0.0,0.0,0.0,0.0,0.0
SH00003272,DS003,2026-07-05,9.0,R_DS003_019,12.0,79.29358201666666,121.95721834999999,370.0,0.14683996669753085,1.3333333333333333
SH00003273,DS003,2026-07-05,9.0,R_DS003_020,47.0,273.9636305166667,411.37726690000005,1470.0,0.5073400565123457,5.222222222222222
SH00003274,DS003,2026-07-05,9.0,R_DS003_023,42.0,262.1240782333333,396.5718055,1310.0,0.48541495969135795,4.666666666666667
SH00003275,DS003,2026-07-05,9.0,R_DS003_024,43.0,254.53658891666663,390.3664589999999,1410.0,0.47136405354938266,4.777777777777778
SH00003276,DS003,2026-07-05,9.0,R_DS003_025,10.0,68.30854819999999,106.08582093333332,315.0,0.12649731148148147,1.1111111111111112
SH00003277,DS003,2026-07-05,9.0,R_DS003_026,43.0,265.4546709,401.41603460000005,1350.0,0.4915827238888889,4.777777777777778
SH00003278,DS003,2026-07-05,9.0,R_DS003_027,41.0,250.86941736666665,381.5242875,1350.0,0.4645729951234568,4.555555555555555
SH00003279,DS003,2026-07-05,9.0,R_DS003_030,42.0,254.69099228333334,381.3922909666667,1385.0,0.47164998570987654,4.666666666666667
SH00003280,DS003,2026-07-05,8.616666666666667,R_DS003_031,5.0,32.701782916666666,50.77223745,155.0,0.06325296502256608,0.5802707930367504
SH00003281,DS003,2026-07-05,9.0,R_DS003_032,41.0,249.94875418333328,379.97829971666664,1280.0,0.46286806330246905,4.555555555555555
SH00003282,DS003,2026-07-05,9.0,R_DS003_033,39.0,232.63568115000004,356.2629539166666,1285.0,0.4308068169444445,4.333333333333333
SH00003283,DS003,2026-07-05,9.0,R_DS003_034,6.0,40.01351819999999,58.25442728333334,195.0,0.07409910777777777,0.6666666666666666
SH00003284,DS003,2026-07-05,9.0,R_DS003_037,5.0,34.07229255,51.158656183333335,165.0,0.06309683805555556,0.5555555555555556
SH00003285,DS003,2026-07-05,9.0,R_DS003_038,39.0,243.80777906666668,374.34868815,1230.0,0.4514958871604939,4.333333333333333
SH00003286,DS003,2026-07-05,9.0,R_DS003_039,37.0,235.90456110000002,365.2181974333334,1215.0,0.4368602983333334,4.111111111111111
SH00003287,DS003,2026-07-05,9.0,R_DS003_040,4.0,28.596304766666666,44.58948658333333,135.0,0.0529561199382716,0.4444444444444444
SH00003288,DS003,2026-07-05,9.0,R_DS003_041,37.0,238.77771655,360.80953468333337,1165.0,0.4421809565740741,4.111111111111111
SH00003289,DS003,2026-07-05,9.0,R_DS003_043,4.0,34.2922936,50.83092996666666,135.0,0.06350424740740741,0.4444444444444444
SH00003290,DS003,2026-07-05,9.0,R_DS003_044,37.0,223.26284063333338,345.7651133833333,1160.0,0.4134497048765433,4.111111111111111
SH00003291,DS003,2026-07-05,9.0,R_DS003_045,36.0,234.11599430000004,352.5887215333334,1195.0,0.43354813759259264,4.0
SH00003292,DS003,2026-07-05,9.0,R_DS003_046,3.0,21.078460149999998,34.878460149999995,105.0,0.03903418546296296,0.3333333333333333
SH00003293,DS003,2026-07-05,9.0,R_DS003_047,40.0,229.90718799999996,342.77536983333334,1260.0,0.4257540518518518,4.444444444444445
SH00003294,DS003,2026-07-05,9.0,R_DS003_048,37.0,220.6494078,332.9448622666667,1230.0,0.40861001444444445,4.111111111111111
SH00003295,DS003,2026-07-05,9.0,R_DS003_050,38.0,220.12168038333334,326.75122583333325,1205.0,0.4076327414506173,4.222222222222222
SH00003296,DS003,2026-07-05,9.0,R_DS003_051,37.0,222.34383860000005,337.7892931666666,1230.0,0.41174784925925934,4.111111111111111
SH00003297,DS003,2026-07-05,9.0,R_DS003_052,3.0,17.548123933333333,28.69812393333333,105.0,0.03249652580246914,0.3333333333333333
SH00003298,DS003,2026-07-05,9.0,R_DS003_053,39.0,223.0060568333334,336.50832966666667,1230.0,0.41297417932098773,4.333333333333333
SH00003299,DS003,2026-07-05,9.0,R_DS003_054,34.0,212.94348823333337,322.90712451666667,1125.0,0.3943397930246914,3.7777777777777777
SH00003300,DS003,2026-07-05,9.0,R_DS003_055,3.0,22.534636933333335,34.80963693333334,105.0,0.041730809135802474,0.3333333333333333
SH00003301,DS003,2026-07-05,0.0,,0.0,0.0,0.0,0.0,0.0,0.0
SH00003302,DS003,2026-07-05,0.0,,0.0,0.0,0.0,0.0,0.0,0.0
SH00003303,DS003,2026-07-05,9.0,R_DS003_059,39.0,216.1040486333333,333.59495773333333,1225.0,0.4001926826543209,4.333333333333333
SH00003304,DS003,2026-07-05,8.733333333333333,R_DS003_061,4.0,18.71646146666667,28.291461466666668,140.0,0.03571843791348601,0.45801526717557256
SH00003305,DS003,2026-07-05,9.0,R_DS003_062,37.0,221.64223675000005,340.7081458666666,1160.0,0.4104485865740742,4.111111111111111
SH00003306,DS003,2026-07-05,0.0,,0.0,0.0,0.0,0.0,0.0,0.0
SH00003307,DS003,2026-07-05,9.0,R_DS003_066,36.0,203.7342648333334,307.07062855,1205.0,0.3772856756172841,4.0
SH00003308,DS003,2026-07-05,9.0,R_DS003_067,3.0,21.881654,32.481654,105.0,0.04052158148148148,0.3333333333333333
SH00003309,DS003,2026-07-05,0.0,,0.0,0.0,0.0,0.0,0.0,0.0
SH00003310,DS003,2026-07-05,9.0,R_DS003_069,34.0,211.11884670000003,322.51430123333336,1135.0,0.3909608272222223,3.7777777777777777
SH00003311,DS003,2026-07-05,9.0,R_DS003_071,35.0,199.1017634166667,303.5835815166667,1105.0,0.36870696929012353,3.888888888888889
SH00003312,DS003,2026-07-05,0.0,,0.0,0.0,0.0,0.0,0.0,0.0
SH00003313,DS003,2026-07-05,9.0,R_DS003_073,3.0,21.995212733333336,34.62021273333333,105.0,0.04073187543209877,0.3333333333333333
SH00003314,DS003,2026-07-05,0.0,,0.0,0.0,0.0,0.0,0.0,0.0
SH00003315,DS003,2026-07-05,9.0,R_DS003_075,32.0,184.15044136666666,279.75498691666655,1075.0,0.3410193358641975,3.5555555555555554
SH00003316,DS003,2026-07-05,9.0,R_DS003_076,4.0,28.098245666666667,41.06870021666667,135.0,0.05203378827160494,0.4444444444444444
SH00003317,DS003,2026-07-05,9.0,R_DS003_078,32.0,180.73960763333335,274.09415311666663,1080.0,0.33470297709876545,3.5555555555555554
SH00003318,DS003,2026-07-05,9.0,R_DS003_079,3.0,22.309443083333335,34.75944308333334,105.0,0.041313783487654326,0.3333333333333333
SH00003319,DS003,2026-07-05,9.0,R_DS003_080,35.0,208.84410735,315.69865279999993,1100.0,0.38674834694444443,3.888888888888889
SH00003320,DS003,2026-07-05,9.0,R_DS003_081,30.0,170.80019604999995,262.4570142333333,1015.0,0.31629665935185175,3.3333333333333335
SH00003321,DS003,2026-07-05,8.8,R_DS003_082,2.0,12.40342315,18.65342315,70.0,0.02349133172348485,0.22727272727272727
SH00003322,DS003,2026-07-05,9.0,R_DS003_085,3.0,21.935363733333332,35.23536373333334,105.0,0.04062104395061728,0.3333333333333333
SH00003323,DS003,2026-07-05,9.0,R_DS003_087,29.0,173.0512499333333,265.40352268333334,985.0,0.3204652776543209,3.2222222222222223
SH00003324,DS003,2026-07-05,9.0,R_DS003_088,3.0,20.947278783333335,31.39727878333333,105.0,0.03879125700617284,0.3333333333333333
SH00003325,DS003,2026-07-05,9.0,R_DS003_089,32.0,202.3191774833334,305.4509956833334,1015.0,0.37466514348765445,3.5555555555555554
SH00003326,DS003,2026-07-05,9.0,R_DS003_090,28.0,170.5819483,262.48422105,950.0,0.31589249685185183,3.111111111111111
SH00003327,DS003,2026-07-05,9.0,R_DS003_092,32.0,210.74565601666666,319.17520145,1010.0,0.3902697333641975,3.5555555555555554
SH00003328,DS003,2026-07-05,8.25,R_DS003_093,27.0,184.8188242333333,280.58700604999996,915.0,0.373371362087542,3.272727272727273
SH00003329,DS003,2026-07-05,9.0,R_DS003_094,2.0,17.51141705,30.18641705,70.0,0.03242855009259259,0.2222222222222222
SH00003330,DS003,2026-07-05,9.0,R_DS003_095,33.0,196.93968428333332,297.51468428333334,1040.0,0.36470311904320984,3.6666666666666665
SH00003331,DS003,2026-07-05,9.0,R_DS003_096,27.0,166.6467807833333,250.87859898333338,920.0,0.3086051495987654,3.0
SH00003332,DS003,2026-07-05,9.0,R_DS003_097,3.0,20.719803466666665,29.919803466666664,105.0,0.038370006419753085,0.3333333333333333
SH00003333,DS003,2026-07-05,9.0,R_DS003_099,28.0,160.73976688333335,240.53294873333337,955.0,0.2976662349691358,3.111111111111111
SH00003334,DS003,2026-07-05,9.0,R_DS003_100,3.0,23.075202766666663,34.47520276666667,105.0,0.04273185697530864,0.3333333333333333
SH00003335,DS003,2026-07-05,9.0,R_DS003_101,31.0,197.26451936666666,297.8804284833334,975.0,0.3653046654938272,3.4444444444444446
SH00003336,DS003,2026-07-05,0.0,,0.0,0.0,0.0,0.0,0.0,0.0
SH00003337,DS003,2026-07-05,9.0,R_DS003_103,4.0,24.301518650000002,37.62651865,140.0,0.045002812314814816,0.4444444444444444
SH00003338,DS003,2026-07-05,0.0,,0.0,0.0,0.0,0.0,0.0,0.0
SH00003339,DS003,2026-07-05,0.0,,0.0,0.0,0.0,0.0,0.0,0.0
SH00003340,DS003,2026-07-05,0.0,,0.0,0.0,0.0,0.0,0.0,0.0
SH00003341,DS003,2026-07-05,9.0,R_DS003_109,3.0,18.885466716666667,29.360466716666664,105.0,0.03497308651234568,0.3333333333333333
SH00003342,DS003,2026-07-05,9.0,R_DS003_110,34.0,181.13849068333334,273.7362179666667,1085.0,0.3354416494135803,3.7777777777777777
SH00003343,DS003,2026-07-05,9.0,R_DS003_111,28.0,163.26190843333336,252.42327206666673,955.0,0.30233686746913585,3.111111111111111
SH00003344,DS003,2026-07-05,8.35,R_DS003_113,28.0,189.06550831666667,288.39278103333334,895.0,0.3773762641051231,3.353293413173653
SH00003345,DS003,2026-07-05,0.0,,0.0,0.0,0.0,0.0,0.0,0.0
SH00003346,DS003,2026-07-05,8.05,R_DS003_115,3.0,23.593105,34.218105,105.0,0.0488470082815735,0.37267080745341613
SH00003347,DS003,2026-07-05,9.0,R_DS003_116,29.0,181.16231735,274.4964082833333,925.0,0.33548577287037035,3.2222222222222223
SH00003348,DS003,2026-07-05,9.0,R_DS003_117,26.0,159.19176850000002,240.13040485000005,890.0,0.29479957129629636,2.888888888888889
SH00003349,DS003,2026-07-05,9.0,R_DS003_118,3.0,19.2737615,30.548761499999998,105.0,0.035692150925925925,0.3333333333333333
SH00003350,DS003,2026-07-05,9.0,R_DS003_120,28.0,159.67195966666665,243.7401414666667,960.0,0.29568881419753085,3.111111111111111
SH00003351,DS003,2026-07-05,9.0,R_DS003_121,4.0,26.121026666666666,41.577844850000005,135.0,0.04837227160493827,0.4444444444444444
SH00003352,DS003,2026-07-05,8.7,R_DS003_122,29.0,183.8971166166667,277.84484383333324,920.0,0.3522933268518519,3.3333333333333335
SH00003353,DS003,2026-07-05,9.0,R_DS003_123,23.0,142.2146261833333,216.97598983333333,795.0,0.26336041885802464,2.5555555555555554
SH00003354,DS003,2026-07-05,0.0,,0.0,0.0,0.0,0.0,0.0,0.0
SH00003355,DS003,2026-07-05,8.283333333333333,R_DS003_125,30.0,180.98159571666665,272.9861412,955.0,0.3641480799128102,3.6217303822937628
SH00003356,DS003,2026-07-05,9.0,R_DS003_127,3.0,23.0585041,35.533504099999995,105.0,0.042700933518518516,0.3333333333333333
SH00003357,DS003,2026-07-05,8.25,R_DS003_128,29.0,173.8630883666667,261.96081561666665,930.0,0.3512385623569024,3.515151515151515
SH00003358,DS003,2026-07-05,8.45,R_DS003_129,24.0,149.72851814999999,222.62851811666667,830.0,0.29532252100591716,2.840236686390533
SH00003359,DS003,2026-07-05,9.0,R_DS003_130,3.0,19.605132199999996,27.805132200000003,105.0,0.036305800370370366,0.3333333333333333
SH00003360,DS003,2026-07-05,9.0,R_DS003_132,23.0,137.50135246666665,208.29453431666664,800.0,0.25463213419753083,2.5555555555555554
SH00003361,DS003,2026-07-05,9.0,R_DS003_134,29.0,177.65044148333334,264.82771418333334,925.0,0.3289822990432099,3.2222222222222223
SH00003362,DS003,2026-07-05,9.0,R_DS003_135,24.0,137.97884833333333,206.97203018333337,835.0,0.25551638580246916,2.6666666666666665
SH00003363,DS003,2026-07-05,9.0,R_DS003_136,3.0,19.264232333333332,30.839232333333335,105.0,0.035674504320987656,0.3333333333333333
SH00003364,DS003,2026-07-05,9.0,R_DS003_137,26.0,158.95730308333333,234.12775761666668,835.0,0.29436537608024693,2.888888888888889
SH00003365,DS003,2026-07-05,9.0,R_DS003_138,22.0,131.13139999999999,197.77230906666665,765.0,0.2428359259259259,2.4444444444444446
SH00003366,DS003,2026-07-05,9.0,R_DS003_139,4.0,21.406824099999998,32.995460466666664,135.0,0.03964226685185185,0.4444444444444444
SH00003367,DS003,2026-07-05,9.0,R_DS003_141,20.0,131.83707106666668,196.35070736666668,695.0,0.24414272419753089,2.2222222222222223
SH00003368,DS003,2026-07-05,9.0,R_DS003_142,3.0,20.53396735,32.73396735,105.0,0.038025865462962966,0.3333333333333333
SH00003369,DS003,2026-07-05,9.0,R_DS003_143,26.0,144.92657708333334,217.5606679333333,840.0,0.268382550154321,2.888888888888889
SH00003370,DS003,2026-07-05,9.0,R_DS003_144,22.0,125.26614985,187.57069525,765.0,0.2319743515740741,2.4444444444444446
SH00003371,DS003,2026-07-05,9.0,R_DS003_145,3.0,20.786643616666666,32.13664361666667,105.0,0.03849378447530864,0.3333333333333333
SH00003402,DS004,2026-07-05,0.0,,0.0,0.0,0.0,0.0,0.0,0.0
SH00003403,DS004,2026-07-05,9.0,R_DS004_002,44.0,299.6754047833334,453.39131384999996,1375.0,0.5549544533024693,4.888888888888889
SH00003404,DS004,2026-07-05,8.6,R_DS004_003,43.0,289.3667999166666,440.84439731666663,1425.0,0.5607883719315244,5.0
SH00003405,DS004,2026-07-05,0.0,,0.0,0.0,0.0,0.0,0.0,0.0
SH00003406,DS004,2026-07-05,9.0,R_DS004_006,42.0,289.8362456499999,438.60215466666654,1395.0,0.5367337882407406,4.666666666666667
SH00003407,DS004,2026-07-05,9.0,R_DS004_008,43.0,294.54966131666674,451.57920679999984,1345.0,0.5454623357716051,4.777777777777778
SH00003408,DS004,2026-07-05,9.0,R_DS004_010,33.0,219.96795334999996,333.90204424999996,1005.0,0.4073480617592592,3.6666666666666665
SH00003409,DS004,2026-07-05,0.0,,0.0,0.0,0.0,0.0,0.0,0.0
SH00003410,DS004,2026-07-05,9.0,R_DS004_013,31.0,211.16861563333336,319.4117975000001,945.0,0.3910529919135803,3.4444444444444446
SH00003411,DS004,2026-07-05,9.0,R_DS004_015,42.0,286.77609798333333,446.72479924999993,1400.0,0.531066848117284,4.666666666666667
SH00003412,DS004,2026-07-05,9.0,R_DS004_016,28.0,196.37466213333332,298.60648036666663,855.0,0.36365678172839505,3.111111111111111
SH00003413,DS004,2026-07-05,9.0,R_DS004_017,43.0,290.48807175,443.91761718333345,1340.0,0.5379408736111111,4.777777777777778
SH00003414,DS004,2026-07-05,9.0,R_DS004_018,43.0,275.2358154666667,416.5884128333333,1420.0,0.5096959545679013,4.777777777777778
SH00003415,DS004,2026-07-05,9.0,R_DS004_019,25.0,164.69641201666667,255.7964120166667,765.0,0.30499335558641977,2.7777777777777777
SH00003416,DS004,2026-07-05,9.0,R_DS004_020,45.0,291.03208606666675,441.18890423333335,1410.0,0.5389483075308643,5.0
SH00003417,DS004,2026-07-05,8.2,R_DS004_022,16.0,117.08379581666668,182.07470495,495.0,0.23797519474932255,1.9512195121951221
SH00003418,DS004,2026-07-05,0.0,,0.0,0.0,0.0,0.0,0.0,0.0
SH00003419,DS004,2026-07-05,9.0,R_DS004_024,40.0,277.98746555,425.9819459833334,1325.0,0.5147916028703704,4.444444444444445
SH00003420,DS004,2026-07-05,9.0,R_DS004_025,14.0,92.22756831666665,142.92075011666668,435.0,0.1707917931790123,1.5555555555555556
SH00003421,DS004,2026-07-05,9.0,R_DS004_026,44.0,287.94301729999995,448.5521082166668,1385.0,0.5332278098148148,4.888888888888889
SH00003422,DS004,2026-07-05,8.5,R_DS004_027,39.0,258.01086515,397.3647611833333,1290.0,0.5059036571568627,4.588235294117647
SH00003423,DS004,2026-07-05,8.55,R_DS004_031,9.0,57.5821741,89.99808318333332,285.0,0.11224595341130605,1.0526315789473684
SH00003424,DS004,2026-07-05,9.0,R_DS004_032,46.0,276.76684421666675,420.23502606666665,1440.0,0.5125311929938273,5.111111111111111
SH00003425,DS004,2026-07-05,9.0,R_DS004_033,37.0,269.5592070833333,412.3845317166665,1220.0,0.4991837168209876,4.111111111111111
SH00003426,DS004,2026-07-05,9.0,R_DS004_034,9.0,62.10023446666667,96.57296175000002,285.0,0.11500043419753087,1.0
SH00003427,DS004,2026-07-05,9.0,R_DS004_036,44.0,259.97213673333334,394.7880458,1450.0,0.4814298828395062,4.888888888888889
SH00003428,DS004,2026-07-05,9.0,R_DS004_037,8.0,53.391576233333325,83.79384896666667,260.0,0.09887328932098764,0.8888888888888888
SH00003429,DS004,2026-07-05,9.0,R_DS004_038,40.0,277.58774778333327,426.4150205166666,1250.0,0.5140513847839505,4.444444444444445
SH00003430,DS004,2026-07-05,9.0,R_DS004_039,37.0,256.2469273166667,398.4469273166667,1220.0,0.4745313468827161,4.111111111111111
SH00003431,DS004,2026-07-05,9.0,R_DS004_040,8.0,56.17632356666667,88.90359628333334,260.0,0.1040302288271605,0.8888888888888888
SH00003432,DS004,2026-07-05,9.0,R_DS004_041,44.0,275.09409603333324,421.01682323333324,1380.0,0.5094335111728393,4.888888888888889
SH00003433,DS004,2026-07-05,0.0,,0.0,0.0,0.0,0.0,0.0,0.0
SH00003434,DS004,2026-07-05,9.0,R_DS004_044,40.0,271.63131429999993,417.4517688166668,1265.0,0.5030209524074073,4.444444444444445
SH00003435,DS004,2026-07-05,0.0,,0.0,0.0,0.0,0.0,0.0,0.0
SH00003436,DS004,2026-07-05,0.0,,0.0,0.0,0.0,0.0,0.0,0.0
SH00003437,DS004,2026-07-05,9.0,R_DS004_047,43.0,273.26131244999993,416.46358518333324,1355.0,0.5060394674999998,4.777777777777778
SH00003438,DS004,2026-07-05,9.0,R_DS004_048,38.0,265.972151,403.0380601333335,1250.0,0.49254102037037034,4.222222222222222
SH00003439,DS004,2026-07-05,9.0,R_DS004_050,38.0,269.8753397666666,414.5707943333333,1195.0,0.4997691477160493,4.222222222222222
SH00003440,DS004,2026-07-05,9.0,R_DS004_051,39.0,270.60597235,408.89915408333337,1280.0,0.5011221710185185,4.333333333333333
SH00003441,DS004,2026-07-05,9.0,R_DS004_052,6.0,48.70334555,77.74880010000001,195.0,0.09019138064814815,0.6666666666666666
SH00003442,DS004,2026-07-05,8.716666666666667,R_DS004_054,38.0,260.57313158333335,402.2617679333333,1250.0,0.49822778505417464,4.359464627151052
SH00003443,DS004,2026-07-05,0.0,,0.0,0.0,0.0,0.0,0.0,0.0
SH00003444,DS004,2026-07-05,9.0,R_DS004_058,6.0,37.44560491666667,56.0683322,195.0,0.06934371280864197,0.6666666666666666
SH00003445,DS004,2026-07-05,9.0,R_DS004_059,41.0,263.36013715,406.41922805000013,1290.0,0.4877039576851852,4.555555555555555
SH00003446,DS004,2026-07-05,0.0,,0.0,0.0,0.0,0.0,0.0,0.0
SH00003447,DS004,2026-07-05,9.0,R_DS004_061,4.0,34.21232285,52.88050466666667,135.0,0.06335615342592593,0.4444444444444444
SH00003448,DS004,2026-07-05,9.0,R_DS004_062,40.0,261.2876001166667,397.6989637499999,1265.0,0.4838659261419753,4.444444444444445
SH00003449,DS004,2026-07-05,0.0,,0.0,0.0,0.0,0.0,0.0,0.0
SH00003450,DS004,2026-07-05,0.0,,0.0,0.0,0.0,0.0,0.0,0.0
SH00003451,DS004,2026-07-05,0.0,,0.0,0.0,0.0,0.0,0.0,0.0
SH00003452,DS004,2026-07-05,9.0,R_DS004_068,39.0,247.2228183166666,381.5682728499999,1235.0,0.45782003391975296,4.333333333333333
SH00003453,DS004,2026-07-05,9.0,R_DS004_069,38.0,259.37704850000006,401.9247757166667,1245.0,0.4803278675925927,4.222222222222222
SH00003454,DS004,2026-07-05,9.0,R_DS004_071,40.0,251.2698824666667,383.4676096999999,1260.0,0.4653145971604939,4.444444444444445
SH00003455,DS004,2026-07-05,8.833333333333334,R_DS004_072,42.0,272.32933254999995,407.28842348333336,1390.0,0.5138289293396225,4.754716981132075
SH00003456,DS004,2026-07-05,9.0,R_DS004_073,3.0,28.28785525,43.337855250000004,105.0,0.05238491712962963,0.3333333333333333
SH00003457,DS004,2026-07-05,8.616666666666667,R_DS004_075,38.0,234.0584628333333,360.97891741666666,1265.0,0.4527242994842037,4.4100580270793035
SH00003458,DS004,2026-07-05,9.0,R_DS004_076,4.0,30.311305116666666,44.736305116666664,135.0,0.05613204651234568,0.4444444444444444
SH00003459,DS004,2026-07-05,8.633333333333333,R_DS004_078,37.0,231.18326034999998,349.9423512666667,1220.0,0.4462997304054054,4.285714285714286
SH00003460,DS004,2026-07-05,9.0,R_DS004_079,4.0,29.02991726666667,43.129917266666666,140.0,0.05375910604938272,0.4444444444444444
SH00003461,DS004,2026-07-05,9.0,R_DS004_080,38.0,242.575778,368.1462325833333,1200.0,0.44921440370370375,4.222222222222222
SH00003462,DS004,2026-07-05,9.0,R_DS004_081,37.0,229.21546160000005,349.40637071666674,1230.0,0.4244730770370371,4.111111111111111
SH00003463,DS004,2026-07-05,8.3,R_DS004_082,3.0,28.037067083333334,42.81206708333333,105.0,0.05629933149263721,0.36144578313253006
SH00003464,DS004,2026-07-05,9.0,R_DS004_083,35.0,238.706385,365.4222940833333,1105.0,0.44204886111111114,3.888888888888889
SH00003465,DS004,2026-07-05,9.0,R_DS004_085,4.0,27.99767013333333,45.73630648333334,135.0,0.05184753728395061,0.4444444444444444
SH00003466,DS004,2026-07-05,9.0,R_DS004_086,39.0,234.43507434999998,352.4373470666666,1230.0,0.43413902657407405,4.333333333333333
SH00003467,DS004,2026-07-05,9.0,R_DS004_087,33.0,238.1108237666667,359.4267329,1095.0,0.4409459699382717,3.6666666666666665
SH00003468,DS004,2026-07-05,9.0,R_DS004_088,5.0,28.045927666666667,42.045927666666664,175.0,0.05193690308641975,0.5555555555555556
SH00003469,DS004,2026-07-05,9.0,R_DS004_090,34.0,231.97139278333336,359.9350291333334,1125.0,0.4295766533024692,3.7777777777777777
SH00003470,DS004,2026-07-05,8.783333333333333,R_DS004_092,37.0,236.59104416666662,354.6546805333333,1165.0,0.44893936274509794,4.212523719165086
SH00003471,DS004,2026-07-05,9.0,R_DS004_093,34.0,238.79255670000003,364.5471021666667,1125.0,0.4422084383333334,3.7777777777777777
SH00003472,DS004,2026-07-05,9.0,R_DS004_094,3.0,24.24110213333333,37.46610213333334,105.0,0.04489092987654321,0.3333333333333333
SH00003473,DS004,2026-07-05,9.0,R_DS004_095,35.0,228.6029807666667,351.08479890000007,1105.0,0.423338853271605,3.888888888888889
SH00003474,DS004,2026-07-05,9.0,R_DS004_096,34.0,241.32067693333335,368.7524951166666,1130.0,0.44689014246913583,3.7777777777777777
SH00003475,DS004,2026-07-05,9.0,R_DS004_097,3.0,25.826329766666667,39.101329766666666,105.0,0.047826536604938276,0.3333333333333333
SH00003476,DS004,2026-07-05,9.0,R_DS004_099,30.0,221.3750150833333,337.1272878166667,1010.0,0.4099537316358024,3.3333333333333335
SH00003477,DS004,2026-07-05,9.0,R_DS004_100,4.0,29.392063450000002,47.21706345,140.0,0.054429747129629634,0.4444444444444444
SH00003478,DS004,2026-07-05,9.0,R_DS004_101,35.0,222.25793091666662,340.3215672833334,1110.0,0.41158876095679003,3.888888888888889
SH00003479,DS004,2026-07-05,9.0,R_DS004_102,31.0,211.27934055000003,322.3475223666667,1045.0,0.3912580380555556,3.4444444444444446
SH00003480,DS004,2026-07-05,9.0,R_DS004_103,5.0,27.67560581666666,43.15060581666667,170.0,0.051251121882716036,0.5555555555555556
SH00003481,DS004,2026-07-05,9.0,R_DS004_107,31.0,206.80288093333337,315.47788095000004,980.0,0.3829682980246914,3.4444444444444446
SH00003482,DS004,2026-07-05,9.0,R_DS004_108,32.0,217.84389885000002,333.45298981666673,1070.0,0.4034146275,3.5555555555555554
SH00003483,DS004,2026-07-05,9.0,R_DS004_110,31.0,213.0372201666666,331.38722014999996,985.0,0.3945133706790122,3.4444444444444446
SH00003484,DS004,2026-07-05,9.0,R_DS004_111,33.0,214.8716709833334,322.33985278333336,1115.0,0.39791050182098775,3.6666666666666665
SH00003485,DS004,2026-07-05,9.0,R_DS004_114,29.0,207.46726178333336,318.9036254333334,980.0,0.3841986329320988,3.2222222222222223
SH00003486,DS004,2026-07-05,9.0,R_DS004_116,34.0,211.45474508333334,319.5774723833332,1075.0,0.3915828612654321,3.7777777777777777
SH00003487,DS004,2026-07-05,9.0,R_DS004_117,28.0,193.53338086666665,299.9379263166667,945.0,0.3583951497530864,3.111111111111111
SH00003488,DS004,2026-07-05,9.0,R_DS004_118,3.0,26.07416265,38.974162650000004,105.0,0.04828548638888889,0.3333333333333333
SH00003489,DS004,2026-07-05,9.0,R_DS004_120,31.0,199.9287701166667,302.5492246666667,1050.0,0.3702384631790124,3.4444444444444446
SH00003490,DS004,2026-07-05,9.0,R_DS004_123,30.0,203.68697228333332,308.4551540833334,1010.0,0.37719809682098765,3.3333333333333335
SH00003491,DS004,2026-07-05,9.0,R_DS004_125,29.0,205.57620431666666,321.59438613333333,915.0,0.38069667466049384,3.2222222222222223
SH00003492,DS004,2026-07-05,9.0,R_DS004_128,32.0,205.97036786666672,321.49764064999994,1020.0,0.3814266071604939,3.5555555555555554
SH00003493,DS004,2026-07-05,9.0,R_DS004_129,31.0,200.66483805000001,311.01711074999986,1045.0,0.3716015519444445,3.4444444444444446
SH00003494,DS004,2026-07-05,9.0,R_DS004_130,4.0,28.4380363,44.3130363,140.0,0.052663030185185186,0.4444444444444444
SH00003495,DS004,2026-07-05,0.0,,0.0,0.0,0.0,0.0,0.0,0.0
SH00003496,DS004,2026-07-05,0.0,,0.0,0.0,0.0,0.0,0.0,0.0
SH00003497,DS004,2026-07-05,0.0,,0.0,0.0,0.0,0.0,0.0,0.0
SH00003498,DS004,2026-07-05,0.0,,0.0,0.0,0.0,0.0,0.0,0.0
SH00003499,DS004,2026-07-05,9.0,R_DS004_137,29.0,188.66182840000002,287.1300102166667,925.0,0.34937375629629636,3.2222222222222223
SH00003500,DS004,2026-07-05,8.516666666666667,R_DS004_138,28.0,196.5105154333333,302.21960636666665,945.0,0.384560695564253,3.287671232876712
SH00003501,DS004,2026-07-05,9.0,R_DS004_139,4.0,31.113467566666667,46.66346756666667,140.0,0.0576175325308642,0.4444444444444444
SH00003502,DS004,2026-07-05,9.0,R_DS004_141,29.0,198.33108306666665,300.1742649,985.0,0.3672797834567901,3.2222222222222223
SH00003503,DS004,2026-07-05,9.0,R_DS004_143,31.0,207.02115779999994,309.9075214666667,995.0,0.3833725144444443,3.4444444444444446
SH00003504,DS004,2026-07-05,9.0,R_DS004_144,30.0,196.4618792833333,301.0664246666667,1015.0,0.36381829496913576,3.3333333333333335
SH00003505,DS004,2026-07-05,9.0,R_DS004_145,4.0,32.73223921666667,51.50723921666667,140.0,0.06061525780864198,0.4444444444444444
SH00003506,DS004,2026-07-05,9.0,R_DS004_146,28.0,196.15562741666668,297.46699105,895.0,0.36325116188271606,3.111111111111111
SH00003507,DS004,2026-07-05,9.0,R_DS004_148,5.0,31.675953099999997,48.46913491666666,170.0,0.0586591724074074,0.5555555555555556
SH00003508,DS004,2026-07-05,9.0,R_DS004_149,29.0,194.86018373333337,300.6920019,930.0,0.3608521920987655,3.2222222222222223
SH00003509,DS004,2026-07-05,0.0,,0.0,0.0,0.0,0.0,0.0,0.0
SH00003510,DS004,2026-07-05,8.6,R_DS004_151,2.0,13.080627750000001,20.33062775,70.0,0.02535005377906977,0.23255813953488372
SH00003511,DS004,2026-07-05,9.0,R_DS004_152,30.0,192.71467386666663,300.5101283833333,960.0,0.35687902567901225,3.3333333333333335
SH00003512,DS004,2026-07-05,0.0,,0.0,0.0,0.0,0.0,0.0,0.0
SH00003513,DS004,2026-07-05,9.0,R_DS004_155,28.0,189.6337000833333,288.02006370000004,905.0,0.35117351867283947,3.111111111111111
SH00003514,DS004,2026-07-05,9.0,R_DS004_156,27.0,190.03408060000004,291.9795351166666,915.0,0.35191496407407413,3.0
SH00003515,DS004,2026-07-05,0.0,,0.0,0.0,0.0,0.0,0.0,0.0
SH00003516,DS004,2026-07-05,9.0,R_DS004_158,27.0,181.85484730000005,283.18666548333334,865.0,0.33676823574074083,3.0
SH00003517,DS004,2026-07-05,9.0,R_DS004_159,30.0,198.56525363333336,303.49707176666664,1015.0,0.36771343265432105,3.3333333333333335
SH00003518,DS004,2026-07-05,9.0,R_DS004_160,3.0,28.097621533333335,44.12262153333333,105.0,0.05203263246913581,0.3333333333333333
SH00003545,DS005,2026-07-05,9.0,R_DS005_001,29.0,172.24419288333334,259.12146565,875.0,0.3189707275617284,3.2222222222222223
SH00003546,DS005,2026-07-05,9.0,R_DS005_003,50.0,284.3775028999999,430.87587943333335,1670.0,0.5266250053703702,5.555555555555555
SH00003547,DS005,2026-07-05,9.0,R_DS005_004,27.0,145.4023818833333,215.6796545666667,815.0,0.26926367015432096,3.0
SH00003548,DS005,2026-07-05,9.0,R_DS005_005,43.0,258.25643268333334,384.82916003333327,1335.0,0.478252653117284,4.777777777777778
SH00003549,DS005,2026-07-05,9.0,R_DS005_009,52.0,292.5091993499999,442.55497854999993,1735.0,0.5416837024999999,5.777777777777778
SH00003550,DS005,2026-07-05,9.0,R_DS005_010,21.0,111.11843876666666,162.8320751,635.0,0.20577488660493826,2.3333333333333335
SH00003551,DS005,2026-07-05,9.0,R_DS005_013,17.0,90.40681096666664,133.81135641666665,515.0,0.16742002030864192,1.8888888888888888
SH00003552,DS005,2026-07-05,9.0,R_DS005_016,11.0,68.32696488333333,100.00423758333332,335.0,0.12653141645061727,1.2222222222222223
SH00003553,DS005,2026-07-05,9.0,R_DS005_017,48.0,249.39083911666668,365.7772027666667,1495.0,0.46183488725308647,5.333333333333333
SH00003554,DS005,2026-07-05,9.0,R_DS005_018,52.0,269.32526106666666,404.8307805333333,1730.0,0.49875048345679013,5.777777777777778
SH00003555,DS005,2026-07-05,9.0,R_DS005_019,8.0,49.69001535,70.17637896666666,250.0,0.09201854694444445,0.8888888888888888
SH00003556,DS005,2026-07-05,9.0,R_DS005_020,42.0,243.91947701666672,361.18538613333334,1310.0,0.4517027352160495,4.666666666666667
SH00003557,DS005,2026-07-05,9.0,R_DS005_022,4.0,25.147967483333332,38.85024021666666,125.0,0.04657031015432098,0.4444444444444444
SH00003558,DS005,2026-07-05,9.0,R_DS005_023,41.0,219.09023725,333.7379645000001,1285.0,0.40572266157407405,4.555555555555555
SH00003559,DS005,2026-07-05,9.0,R_DS005_024,49.0,258.59670459999995,386.01975656666673,1630.0,0.4788827862962962,5.444444444444445
SH00003560,DS005,2026-07-05,9.0,R_DS005_025,1.0,7.5110418,11.1110418,35.0,0.013909336666666668,0.1111111111111111
SH00003561,DS005,2026-07-05,9.0,R_DS005_026,38.0,226.61752754999998,331.9993457833333,1185.0,0.4196620880555555,4.222222222222222
SH00003562,DS005,2026-07-05,9.0,R_DS005_027,46.0,261.9026971999999,388.1890609166668,1520.0,0.4850049948148147,5.111111111111111
SH00003563,DS005,2026-07-05,9.0,R_DS005_029,40.0,217.52935809999997,322.42026718333335,1255.0,0.4028321446296296,4.444444444444445
SH00003564,DS005,2026-07-05,0.0,,0.0,0.0,0.0,0.0,0.0,0.0
SH00003565,DS005,2026-07-05,0.0,,0.0,0.0,0.0,0.0,0.0,0.0
SH00003566,DS005,2026-07-05,8.233333333333333,R_DS005_032,35.0,188.47826171666665,282.22144355,1100.0,0.3815349427462888,4.251012145748988
SH00003567,DS005,2026-07-05,9.0,R_DS005_033,48.0,258.18127386666663,376.5108192833333,1590.0,0.47811347012345673,5.333333333333333
SH00003568,DS005,2026-07-05,9.0,R_DS005_034,1.0,5.27516315,7.35016315,35.0,0.009768820648148149,0.1111111111111111
SH00003569,DS005,2026-07-05,9.0,R_DS005_036,45.0,242.65522945000004,358.8779566833333,1490.0,0.4493615360185186,5.0
SH00003570,DS005,2026-07-05,9.0,R_DS005_037,1.0,5.508179883333333,8.433179883333333,35.0,0.01020033311728395,0.1111111111111111
SH00003571,DS005,2026-07-05,9.0,R_DS005_038,38.0,207.34295964999995,313.5020505333333,1185.0,0.3839684437962962,4.222222222222222
SH00003572,DS005,2026-07-05,0.0,,0.0,0.0,0.0,0.0,0.0,0.0
SH00003573,DS005,2026-07-05,9.0,R_DS005_040,1.0,7.97705775,12.97705775,35.0,0.014772329166666667,0.1111111111111111
SH00003574,DS005,2026-07-05,9.0,R_DS005_041,36.0,202.0411113166667,309.48883856666663,1130.0,0.37415020614197536,4.0
SH00003575,DS005,2026-07-05,9.0,R_DS005_043,1.0,4.528980033333334,6.553980033333334,35.0,0.008387000061728397,0.1111111111111111
SH00003576,DS005,2026-07-05,9.0,R_DS005_044,34.0,204.88434896666666,303.8025307666667,1060.0,0.37941546104938273,3.7777777777777777
SH00003577,DS005,2026-07-05,9.0,R_DS005_046,1.0,5.885872083333334,9.635872083333334,35.0,0.010899763117283951,0.1111111111111111
SH00003578,DS005,2026-07-05,9.0,R_DS005_047,32.0,193.49859383333333,286.4645029499999,1000.0,0.35833072932098764,3.5555555555555554
SH00003579,DS005,2026-07-05,9.0,R_DS005_048,46.0,244.3486213833333,367.15771231666685,1535.0,0.4524974470061728,5.111111111111111
SH00003580,DS005,2026-07-05,9.0,R_DS005_050,37.0,187.50551456666668,277.15778724999996,1160.0,0.34723243438271606,4.111111111111111
SH00003581,DS005,2026-07-05,9.0,R_DS005_051,44.0,223.25610113333335,333.81291925,1475.0,0.4134372243209877,4.888888888888889
SH00003582,DS005,2026-07-05,9.0,R_DS005_052,1.0,8.529728,13.579728,35.0,0.015795792592592593,0.1111111111111111
SH00003583,DS005,2026-07-05,9.0,R_DS005_053,30.0,178.96407123333336,266.22316218333333,945.0,0.3314149467283951,3.3333333333333335
SH00003584,DS005,2026-07-05,0.0,,0.0,0.0,0.0,0.0,0.0,0.0
SH00003585,DS005,2026-07-05,9.0,R_DS005_055,1.0,4.8034105,7.6034105,35.0,0.00889520462962963,0.1111111111111111
SH00003586,DS005,2026-07-05,9.0,R_DS005_057,43.0,228.28518029999998,339.45563483333325,1445.0,0.42275033388888883,4.777777777777778
SH00003587,DS005,2026-07-05,9.0,R_DS005_058,1.0,7.6428573,11.9178573,35.0,0.014153439444444445,0.1111111111111111
SH00003588,DS005,2026-07-05,9.0,R_DS005_059,31.0,161.01392943333335,238.76165675,980.0,0.29817394339506176,3.4444444444444446
SH00003589,DS005,2026-07-05,9.0,R_DS005_061,1.0,6.782704616666666,10.057704616666665,35.0,0.01256056410493827,0.1111111111111111
SH00003590,DS005,2026-07-05,0.0,,0.0,0.0,0.0,0.0,0.0,0.0
SH00003591,DS005,2026-07-05,9.0,R_DS005_064,1.0,5.334756333333333,7.509756333333333,35.0,0.009879178395061727,0.1111111111111111
SH00003592,DS005,2026-07-05,9.0,R_DS005_066,39.0,226.74301251666665,335.0089217000002,1305.0,0.4198944676234568,4.333333333333333
SH00003593,DS005,2026-07-05,8.266666666666667,,0.0,0.0,0.0,0.0,0.0,0.0
SH00003594,DS005,2026-07-05,9.0,R_DS005_068,31.0,177.22217046666663,263.2539885666667,990.0,0.3281892045679012,3.4444444444444446
SH00003595,DS005,2026-07-05,9.0,R_DS005_069,40.0,229.21763165,337.8721770333334,1345.0,0.4244770956481481,4.444444444444445
SH00003596,DS005,2026-07-05,8.4,R_DS005_071,31.0,172.95596163333332,252.27868886666667,980.0,0.343166590542328,3.6904761904761902
SH00003597,DS005,2026-07-05,9.0,R_DS005_072,42.0,206.54480098333326,313.2970737333334,1415.0,0.3824903721913579,4.666666666666667
SH00003598,DS005,2026-07-05,0.0,,0.0,0.0,0.0,0.0,0.0,0.0
SH00003599,DS005,2026-07-05,9.0,R_DS005_074,28.0,154.63261158333333,230.80533885000003,890.0,0.28635668811728393,3.111111111111111
SH00003600,DS005,2026-07-05,8.616666666666667,R_DS005_075,37.0,198.18770721666664,296.0422526833333,1260.0,0.3833417934558349,4.294003868471953
SH00003601,DS005,2026-07-05,9.0,R_DS005_076,1.0,6.747945066666667,10.797945066666667,35.0,0.012496194567901235,0.1111111111111111
SH00003602,DS005,2026-07-05,9.0,R_DS005_078,36.0,193.91308848333333,289.4971794333333,1230.0,0.3590983120061728,4.0
SH00003603,DS005,2026-07-05,9.0,R_DS005_079,1.0,6.767402483333333,10.117402483333333,35.0,0.012532226820987653,0.1111111111111111
SH00003604,DS005,2026-07-05,9.0,R_DS005_080,28.0,159.3009703,235.26915213333342,885.0,0.29500179685185185,3.111111111111111
SH00003605,DS005,2026-07-05,9.0,R_DS005_081,35.0,195.40356076666671,292.05128805,1190.0,0.36185844586419763,3.888888888888889
SH00003606,DS005,2026-07-05,9.0,R_DS005_083,27.0,143.28019788333333,218.06201611666668,855.0,0.2653336997839506,3.0
SH00003607,DS005,2026-07-05,9.0,R_DS005_085,1.0,7.69858845,12.823588449999999,35.0,0.014256645277777778,0.1111111111111111
SH00003608,DS005,2026-07-05,0.0,,0.0,0.0,0.0,0.0,0.0,0.0
SH00003609,DS005,2026-07-05,0.0,,0.0,0.0,0.0,0.0,0.0,0.0
SH00003610,DS005,2026-07-05,9.0,R_DS005_088,1.0,7.1595269833333335,9.659526983333334,35.0,0.013258383302469137,0.1111111111111111
SH00003611,DS005,2026-07-05,9.0,R_DS005_090,37.0,197.19033888333337,290.0130662333333,1260.0,0.3651672942283951,4.111111111111111
SH00003612,DS005,2026-07-05,0.0,,0.0,0.0,0.0,0.0,0.0,0.0
SH00003613,DS005,2026-07-05,8.583333333333334,R_DS005_093,35.0,189.63710494999998,280.72119589999994,1195.0,0.3682273882524271,4.077669902912621
SH00003614,DS005,2026-07-05,9.0,R_DS005_094,2.0,8.986235766666667,13.686235766666666,70.0,0.016641177345679013,0.2222222222222222
SH00003615,DS005,2026-07-05,9.0,R_DS005_095,25.0,144.36648498333332,214.81193948333333,790.0,0.26734534256172837,2.7777777777777777
SH00003616,DS005,2026-07-05,9.0,R_DS005_096,33.0,185.52593731666667,278.2259373166668,1130.0,0.34356655058641977,3.6666666666666665
SH00003617,DS005,2026-07-05,9.0,R_DS005_097,1.0,6.7948348,9.6448348,35.0,0.012583027407407408,0.1111111111111111
SH00003618,DS005,2026-07-05,9.0,R_DS005_100,1.0,8.914997699999999,13.7399977,35.0,0.016509254999999997,0.1111111111111111
SH00003619,DS005,2026-07-05,9.0,R_DS005_101,22.0,119.16176266666668,176.04585356666664,705.0,0.22066993086419753,2.4444444444444446
SH00003620,DS005,2026-07-05,9.0,R_DS005_102,35.0,181.16475181666667,268.8738427,1195.0,0.3354902811419753,3.888888888888889
SH00003621,DS005,2026-07-05,9.0,R_DS005_103,1.0,7.52737335,11.55237335,35.0,0.013939580277777778,0.1111111111111111
SH00003622,DS005,2026-07-05,8.35,R_DS005_104,21.0,111.01279401666667,164.13324855,675.0,0.22158242318695942,2.51497005988024
SH00003623,DS005,2026-07-05,9.0,R_DS005_106,1.0,5.985759033333333,9.210759033333334,35.0,0.011084738950617283,0.1111111111111111
SH00003624,DS005,2026-07-05,9.0,R_DS005_107,19.0,106.24293113333333,157.17474925,610.0,0.19674616876543208,2.111111111111111
SH00003625,DS005,2026-07-05,0.0,,0.0,0.0,0.0,0.0,0.0,0.0
SH00003626,DS005,2026-07-05,9.0,R_DS005_109,1.0,4.156800383333334,5.481800383333334,35.0,0.007697778487654321,0.1111111111111111
SH00003627,DS005,2026-07-05,9.0,R_DS005_110,19.0,104.57543874999999,157.0413478333333,610.0,0.1936582199074074,2.111111111111111
SH00003628,DS005,2026-07-05,9.0,R_DS005_111,35.0,186.72550064999996,272.1027733666666,1200.0,0.3457879641666666,3.888888888888889
SH00003629,DS005,2026-07-05,8.6,R_DS005_113,16.0,89.25743508333335,135.01425326666669,515.0,0.17297952535529718,1.8604651162790697
SH00003630,DS005,2026-07-05,9.0,R_DS005_114,33.0,184.22009264999997,273.6064562666666,1125.0,0.34114831972222215,3.6666666666666665
SH00003631,DS005,2026-07-05,0.0,,0.0,0.0,0.0,0.0,0.0,0.0
SH00003632,DS005,2026-07-05,9.0,R_DS005_116,15.0,86.02159789999999,127.52387061666666,480.0,0.15929925537037035,1.6666666666666667
SH00003633,DS005,2026-07-05,9.0,R_DS005_117,36.0,189.3285624833333,275.1967442833333,1230.0,0.3506084490432098,4.0
SH00003634,DS005,2026-07-05,9.0,R_DS005_118,1.0,4.964846333333333,7.364846333333333,35.0,0.00919415987654321,0.1111111111111111
SH00003635,DS005,2026-07-05,9.0,R_DS005_120,33.0,187.56746538333337,280.53337445,1125.0,0.347347158117284,3.6666666666666665
SH00003636,DS005,2026-07-05,8.516666666666667,R_DS005_121,1.0,7.497487183333333,11.447487183333333,35.0,0.014672186268754075,0.11741682974559686
SH00003637,DS005,2026-07-05,9.0,R_DS005_122,11.0,60.293209483333335,89.13411855,350.0,0.11165409163580248,1.2222222222222223
SH00003638,DS005,2026-07-05,0.0,,0.0,0.0,0.0,0.0,0.0,0.0
SH00003639,DS005,2026-07-05,8.466666666666667,,0.0,0.0,0.0,0.0,0.0,0.0
SH00003640,DS005,2026-07-05,9.0,R_DS005_127,1.0,7.435343483333333,11.185343483333332,35.0,0.013769154598765432,0.1111111111111111
SH00003641,DS005,2026-07-05,9.0,R_DS005_128,10.0,51.51341896666667,78.00205531666667,320.0,0.09539522030864198,1.1111111111111112
SH00003642,DS005,2026-07-05,9.0,R_DS005_130,1.0,7.5357581,10.9857581,35.0,0.013955107592592593,0.1111111111111111
SH00003643,DS005,2026-07-05,9.0,R_DS005_131,9.0,50.86840088333334,76.53885541666666,285.0,0.09420074237654322,1.0
SH00003644,DS005,2026-07-05,9.0,R_DS005_132,32.0,182.2453361833333,273.10442704999997,1090.0,0.3374913633024691,3.5555555555555554
SH00003645,DS005,2026-07-05,8.633333333333333,R_DS005_134,7.0,41.65348576666666,64.23530396666666,225.0,0.08041213468468468,0.8108108108108109
SH00003646,DS005,2026-07-05,9.0,R_DS005_135,34.0,182.68879285000006,272.5047019833333,1165.0,0.33831257935185194,3.7777777777777777
SH00003677,DS001,2026-07-06,9.0,R_DS001_002,39.0,297.9226626666667,467.7976626666667,1630.0,0.5517086345679013,4.333333333333333
SH00003678,DS001,2026-07-06,9.0,R_DS001_003,37.0,304.0468470166666,475.94684701666677,1585.0,0.5630497166975308,4.111111111111111
SH00003679,DS001,2026-07-06,9.0,R_DS001_005,38.0,294.89964955000005,471.84607815,1585.0,0.5461104621296298,4.222222222222222
SH00003680,DS001,2026-07-06,9.0,R_DS001_006,38.0,308.91598550000003,483.6266997666666,1625.0,0.5720666398148149,4.222222222222222
SH00003681,DS001,2026-07-06,9.0,R_DS001_007,29.0,214.0163051833334,326.61273373333336,1160.0,0.39632649108024703,3.2222222222222223
SH00003682,DS001,2026-07-06,8.183333333333334,R_DS001_009,37.0,273.8867486166667,426.5331772333332,1605.0,0.5578141519687713,4.521384928716905
SH00003683,DS001,2026-07-06,9.0,R_DS001_010,26.0,202.4400454833333,319.69718829999994,1040.0,0.3748889731172839,2.888888888888889
SH00003684,DS001,2026-07-06,9.0,R_DS001_011,41.0,301.34226225000015,469.12797659999995,1715.0,0.5580412263888892,4.555555555555555
SH00003685,DS001,2026-07-06,9.0,R_DS001_012,40.0,298.77759695,465.8025969166666,1735.0,0.5532918462037036,4.444444444444445
SH00003686,DS001,2026-07-06,9.0,R_DS001_013,26.0,194.57773331666664,304.8920190333334,1040.0,0.36032913577160486,2.888888888888889
SH00003687,DS001,2026-07-06,9.0,R_DS001_014,37.0,291.17697681666664,460.40911971666657,1550.0,0.5392166237345678,4.111111111111111
SH00003688,DS001,2026-07-06,9.0,R_DS001_016,22.0,185.73324543333337,296.85110255000006,880.0,0.3439504545061729,2.4444444444444446
SH00003689,DS001,2026-07-06,0.0,,0.0,0.0,0.0,0.0,0.0,0.0
SH00003690,DS001,2026-07-06,9.0,R_DS001_018,39.0,289.9662670999999,455.72698134999996,1680.0,0.5369745687037035,4.333333333333333
SH00003691,DS001,2026-07-06,9.0,R_DS001_019,20.0,152.28672398333336,242.86529538333332,800.0,0.2820124518209877,2.2222222222222223
SH00003692,DS001,2026-07-06,9.0,R_DS001_020,39.0,291.2842901,450.00571864999995,1640.0,0.539415352037037,4.333333333333333
SH00003693,DS001,2026-07-06,9.0,R_DS001_021,35.0,291.0992087666666,458.99920881666674,1510.0,0.5390726088271603,3.888888888888889
SH00003694,DS001,2026-07-06,9.0,R_DS001_023,38.0,290.51197091666666,458.7798280833334,1585.0,0.5379851313271605,4.222222222222222
SH00003695,DS001,2026-07-06,9.0,R_DS001_024,35.0,289.2639741166666,449.8104026833334,1510.0,0.5356740261419751,3.888888888888889
SH00003696,DS001,2026-07-06,9.0,R_DS001_025,19.0,147.5835894,233.59787516666668,760.0,0.2733029433333333,2.111111111111111
SH00003697,DS001,2026-07-06,0.0,,0.0,0.0,0.0,0.0,0.0,0.0
SH00003698,DS001,2026-07-06,9.0,R_DS001_027,39.0,292.3361746999999,456.2218889666667,1680.0,0.5413632864814814,4.333333333333333
SH00003699,DS001,2026-07-06,9.0,R_DS001_028,15.0,120.35740396666667,180.8181182666667,600.0,0.22288408141975308,1.6666666666666667
SH00003700,DS001,2026-07-06,8.383333333333333,R_DS001_030,37.0,265.25464308333335,413.1117859333333,1615.0,0.5273452148774023,4.41351888667992
SH00003701,DS001,2026-07-06,9.0,R_DS001_033,38.0,286.9785846666667,444.40715608333346,1645.0,0.5314418234567901,4.222222222222222
SH00003702,DS001,2026-07-06,9.0,R_DS001_034,12.0,96.27371846666668,154.32371849999998,480.0,0.17828466382716052,1.3333333333333333
SH00003703,DS001,2026-07-06,9.0,R_DS001_035,39.0,274.0476299833334,428.55834426666667,1645.0,0.5074956110802471,4.333333333333333
SH00003704,DS001,2026-07-06,9.0,R_DS001_038,36.0,289.1349171333333,454.5742028833333,1510.0,0.535435031728395,4.0
SH00003705,DS001,2026-07-06,9.0,R_DS001_039,33.0,267.0689467333334,420.84037536666665,1440.0,0.49457212358024705,3.6666666666666665
SH00003706,DS001,2026-07-06,0.0,,0.0,0.0,0.0,0.0,0.0,0.0
SH00003707,DS001,2026-07-06,9.0,R_DS001_041,36.0,280.61154115,438.2722555166666,1500.0,0.5196510021296297,4.0
SH00003708,DS001,2026-07-06,9.0,R_DS001_044,34.0,272.9596046,421.7810331999999,1420.0,0.5054807492592592,3.7777777777777777
SH00003709,DS001,2026-07-06,8.083333333333334,R_DS001_046,9.0,63.91302998333333,98.8523157,360.0,0.13177944326460478,1.11340206185567
SH00003710,DS001,2026-07-06,0.0,,0.0,0.0,0.0,0.0,0.0,0.0
SH00003711,DS001,2026-07-06,9.0,R_DS001_048,33.0,269.9264691166667,426.43004055,1425.0,0.4998638316975309,3.6666666666666665
SH00003712,DS001,2026-07-06,9.0,R_DS001_051,38.0,268.1125204499999,416.99823475000005,1655.0,0.49650466749999983,4.222222222222222
SH00003713,DS001,2026-07-06,9.0,R_DS001_052,10.0,78.45701148333333,127.34629720000001,400.0,0.14529076200617283,1.1111111111111112
SH00003714,DS001,2026-07-06,9.0,R_DS001_053,34.0,262.85272598333336,411.09558310000006,1425.0,0.48676430737654325,3.7777777777777777
SH00003715,DS001,2026-07-06,9.0,R_DS001_054,35.0,262.24308364999996,414.8252265666667,1525.0,0.4856353400925925,3.888888888888889
SH00003716,DS001,2026-07-06,9.0,R_DS001_055,9.0,63.39193686666667,100.29193688333334,360.0,0.11739247567901234,1.0
SH00003717,DS001,2026-07-06,9.0,R_DS001_056,36.0,263.31036665,410.9103666333332,1510.0,0.4876117900925926,4.0
SH00003718,DS001,2026-07-06,9.0,R_DS001_058,7.0,60.44798254999999,91.88369683333333,280.0,0.1119407084259259,0.7777777777777778
SH00003719,DS001,2026-07-06,0.0,,0.0,0.0,0.0,0.0,0.0,0.0
SH00003720,DS001,2026-07-06,9.0,R_DS001_060,39.0,271.7137140833333,418.8315712,1695.0,0.5031735445987654,4.333333333333333
SH00003721,DS001,2026-07-06,9.0,R_DS001_061,6.0,50.42691433333333,79.19477148333333,240.0,0.09338317469135801,0.6666666666666666
SH00003722,DS001,2026-07-06,9.0,R_DS001_062,35.0,272.55860655,420.67289224999996,1475.0,0.5047381602777777,3.888888888888889
SH00003723,DS001,2026-07-06,9.0,R_DS001_063,35.0,271.28808368333335,428.1130836500001,1525.0,0.502385340154321,3.888888888888889
SH00003724,DS001,2026-07-06,9.0,R_DS001_066,36.0,273.94095495,429.93024061666654,1565.0,0.5072980647222222,4.0
SH00003725,DS001,2026-07-06,9.0,R_DS001_067,6.0,41.52852865,64.06067148333334,240.0,0.07690468268518519,0.6666666666666666
SH00003726,DS001,2026-07-06,9.0,R_DS001_068,33.0,257.5722178166667,399.8043606333334,1385.0,0.4769855885493828,3.6666666666666665
SH00003727,DS001,2026-07-06,0.0,,0.0,0.0,0.0,0.0,0.0,0.0
SH00003728,DS001,2026-07-06,9.0,R_DS001_070,5.0,33.63398995,51.53756138333333,200.0,0.062285166574074076,0.5555555555555556
SH00003729,DS001,2026-07-06,9.0,R_DS001_072,33.0,268.81359445,418.14930874999993,1435.0,0.49780295268518515,3.6666666666666665
SH00003730,DS001,2026-07-06,9.0,R_DS001_073,4.0,37.36726590000001,61.02440875,160.0,0.06919864055555557,0.4444444444444444
SH00003731,DS001,2026-07-06,9.0,R_DS001_074,33.0,249.49062470000004,389.6013389499999,1390.0,0.4620196753703704,3.6666666666666665
SH00003732,DS001,2026-07-06,9.0,R_DS001_075,32.0,266.8450057166667,424.6021486166666,1390.0,0.49415741799382723,3.5555555555555554
SH00003733,DS001,2026-07-06,9.0,R_DS001_076,4.0,34.998405283333334,55.92340526666667,160.0,0.06481186163580246,0.4444444444444444
SH00003734,DS001,2026-07-06,9.0,R_DS001_077,33.0,259.98508841666666,400.57794555000004,1390.0,0.48145386743827157,3.6666666666666665
SH00003735,DS001,2026-07-06,9.0,R_DS001_080,30.0,234.72207631666663,368.78993348333324,1280.0,0.4346705116975308,3.3333333333333335
SH00003736,DS001,2026-07-06,8.266666666666667,R_DS001_081,32.0,240.79557558333332,377.4348612666667,1410.0,0.48547495077284936,3.8709677419354835
SH00003737,DS001,2026-07-06,9.0,R_DS001_082,3.0,24.9076588,38.47194451666667,120.0,0.04612529407407408,0.3333333333333333
SH00003738,DS001,2026-07-06,0.0,,0.0,0.0,0.0,0.0,0.0,0.0
SH00003739,DS001,2026-07-06,8.466666666666667,R_DS001_084,30.0,243.17863090000006,381.23220234999997,1325.0,0.4786980923228348,3.543307086614173
SH00003740,DS001,2026-07-06,9.0,R_DS001_086,28.0,235.0172331166667,366.67437599999994,1185.0,0.4352170983641976,3.111111111111111
SH00003741,DS001,2026-07-06,9.0,R_DS001_087,36.0,259.8851201166667,409.3815487333333,1575.0,0.48126874095679023,4.0
SH00003742,DS001,2026-07-06,8.4,R_DS001_088,3.0,29.295465383333337,45.78475111666666,120.0,0.058125923379629636,0.35714285714285715
SH00003743,DS001,2026-07-06,9.0,R_DS001_089,31.0,244.16654055000004,379.00582629999997,1310.0,0.45216026027777784,3.4444444444444446
SH00003744,DS001,2026-07-06,9.0,R_DS001_090,29.0,248.58429918333331,392.0700133833332,1270.0,0.4603412947839506,3.2222222222222223
SH00003745,DS001,2026-07-06,9.0,R_DS001_091,2.0,19.93259571666667,31.98616715,80.0,0.03691221429012346,0.2222222222222222
SH00003746,DS001,2026-07-06,0.0,,0.0,0.0,0.0,0.0,0.0,0.0
SH00003747,DS001,2026-07-06,9.0,R_DS001_094,2.0,18.006871483333335,28.742585783333332,80.0,0.03334605830246914,0.2222222222222222
SH00003748,DS001,2026-07-06,9.0,R_DS001_095,28.0,230.41468175,364.7075389,1185.0,0.4266938550925926,3.111111111111111
SH00003749,DS001,2026-07-06,9.0,R_DS001_096,33.0,261.1301877333333,403.65161636666664,1445.0,0.483574421728395,3.6666666666666665
SH00003750,DS001,2026-07-06,9.0,R_DS001_097,2.0,18.419547783333332,28.223119216666667,80.0,0.0341102736728395,0.2222222222222222
SH00003751,DS001,2026-07-06,8.4,R_DS001_098,28.0,244.47192419999996,372.9790670333333,1180.0,0.4850633416666666,3.333333333333333
SH00003752,DS001,2026-07-06,9.0,R_DS001_100,2.0,11.369540416666666,18.440968983333335,80.0,0.02105470447530864,0.2222222222222222
SH00003753,DS001,2026-07-06,0.0,,0.0,0.0,0.0,0.0,0.0,0.0
SH00003754,DS001,2026-07-06,9.0,R_DS001_102,32.0,254.87585253333336,393.5401382499999,1400.0,0.4719923195061729,3.5555555555555554
SH00003755,DS001,2026-07-06,9.0,R_DS001_103,3.0,19.96384045,29.574554733333336,120.0,0.036970074907407405,0.3333333333333333
SH00003756,DS001,2026-07-06,9.0,R_DS001_104,27.0,230.73862241666671,354.2957652666666,1150.0,0.42729374521604946,3.0
SH00003757,DS001,2026-07-06,9.0,R_DS001_107,30.0,220.6123548166667,343.0444976666667,1275.0,0.40854139780864207,3.3333333333333335
SH00003758,DS001,2026-07-06,9.0,R_DS001_108,32.0,255.24812715000007,393.62312708333343,1405.0,0.47268171694444455,3.5555555555555554
SH00003759,DS001,2026-07-06,0.0,,0.0,0.0,0.0,0.0,0.0,0.0
SH00003760,DS001,2026-07-06,9.0,R_DS001_110,29.0,219.93428581666666,341.69142868333324,1235.0,0.40728571447530865,3.2222222222222223
SH00003761,DS001,2026-07-06,9.0,R_DS001_111,33.0,251.59716254999998,388.30073401666664,1440.0,0.4659206713888889,3.6666666666666665
SH00003762,DS001,2026-07-06,9.0,R_DS001_112,2.0,16.6895952,25.2395952,80.0,0.030906657777777777,0.2222222222222222
SH00003763,DS001,2026-07-06,9.0,R_DS001_114,35.0,255.0771352666667,395.7664209333333,1530.0,0.47236506530864203,3.888888888888889
SH00003764,DS001,2026-07-06,9.0,R_DS001_117,32.0,247.97420253333337,389.1456311,1405.0,0.4592114861728396,3.5555555555555554
SH00003765,DS001,2026-07-06,8.633333333333333,R_DS001_118,2.0,19.443638333333332,30.725781183333332,80.0,0.037535981338481336,0.23166023166023167
SH00003766,DS001,2026-07-06,0.0,,0.0,0.0,0.0,0.0,0.0,0.0
SH00003767,DS001,2026-07-06,9.0,R_DS001_121,2.0,13.735038916666667,20.485038916666667,80.0,0.025435257253086423,0.2222222222222222
SH00003768,DS001,2026-07-06,9.0,R_DS001_122,29.0,231.3492399333334,362.6528113333333,1230.0,0.42842451839506185,3.2222222222222223
SH00003769,DS001,2026-07-06,9.0,R_DS001_123,33.0,259.26264088333335,400.17692660000006,1450.0,0.4801160016358025,3.6666666666666665
SH00003770,DS001,2026-07-06,9.0,R_DS001_124,2.0,13.157491166666667,21.514634016666665,80.0,0.024365724382716048,0.2222222222222222
SH00003771,DS001,2026-07-06,9.0,R_DS001_125,27.0,214.3663808166667,342.9378094,1145.0,0.3969747792901235,3.0
SH00003772,DS001,2026-07-06,9.0,R_DS001_126,31.0,250.48284180000002,389.11498464999994,1365.0,0.4638571144444445,3.4444444444444446
SH00003773,DS001,2026-07-06,9.0,R_DS001_128,28.0,208.02484938333333,321.4569922833333,1185.0,0.3852312025617284,3.111111111111111
SH00003774,DS001,2026-07-06,9.0,R_DS001_129,33.0,231.73395866666667,371.55538723333325,1460.0,0.42913696049382716,3.6666666666666665
SH00003775,DS001,2026-07-06,9.0,R_DS001_130,1.0,3.4567448166666663,4.26031625,40.0,0.006401379290123456,0.1111111111111111
SH00003776,DS001,2026-07-06,7.566666666666666,R_DS001_133,1.0,4.69991555,6.242772683333333,40.0,0.010352236894273129,0.13215859030837004
SH00003777,DS001,2026-07-06,9.0,R_DS001_135,33.0,240.56071648333332,372.18571648333335,1455.0,0.4454828083024691,3.6666666666666665
SH00003778,DS001,2026-07-06,0.0,,0.0,0.0,0.0,0.0,0.0,0.0
SH00003779,DS001,2026-07-06,0.0,,0.0,0.0,0.0,0.0,0.0,0.0
SH00003780,DS001,2026-07-06,9.0,R_DS001_138,32.0,241.7536361,385.1429218333333,1405.0,0.4476919187037037,3.5555555555555554
SH00003781,DS001,2026-07-06,9.0,R_DS001_139,1.0,9.299871166666666,14.63558545,40.0,0.017221983641975306,0.1111111111111111
SH00003782,DS001,2026-07-06,0.0,,0.0,0.0,0.0,0.0,0.0,0.0
SH00003783,DS001,2026-07-06,9.0,R_DS001_142,1.0,7.19552785,11.084813566666666,40.0,0.013325051574074074,0.1111111111111111
SH00003784,DS001,2026-07-06,8.533333333333333,R_DS001_144,29.0,222.64001576666666,350.69715865,1285.0,0.43484378079427083,3.3984375
SH00003785,DS001,2026-07-06,8.283333333333333,,0.0,0.0,0.0,0.0,0.0,0.0
SH00003786,DS001,2026-07-06,9.0,R_DS001_146,25.0,208.76678586666668,325.54178586666666,1070.0,0.3866051590123457,2.7777777777777777
SH00003787,DS001,2026-07-06,0.0,,0.0,0.0,0.0,0.0,0.0,0.0
SH00003788,DS001,2026-07-06,9.0,R_DS001_149,27.0,212.30400716666665,337.27543571666655,1150.0,0.39315556882716046,3.0
SH00003789,DS001,2026-07-06,9.0,R_DS001_150,30.0,242.16979371666667,379.5483651333333,1320.0,0.44846258095679015,3.3333333333333335
SH00003790,DS001,2026-07-06,9.0,,0.0,0.0,0.0,0.0,0.0,0.0
SH00003791,DS001,2026-07-06,9.0,R_DS001_152,29.0,205.12781318333333,323.1242417,1235.0,0.3798663207098765,3.2222222222222223
SH00003792,DS001,2026-07-06,9.0,R_DS001_153,32.0,237.3186522166667,375.1793664666667,1415.0,0.4394789855864198,3.5555555555555554
SH00003793,DS001,2026-07-06,9.0,,0.0,0.0,0.0,0.0,0.0,0.0
SH00003794,DS001,2026-07-06,9.0,R_DS001_156,31.0,252.5953804,389.00966616666665,1360.0,0.46776922296296297,3.4444444444444446
SH00003795,DS001,2026-07-06,0.0,,0.0,0.0,0.0,0.0,0.0,0.0
SH00003796,DS001,2026-07-06,9.0,R_DS001_158,25.0,206.23987456666666,329.70058888333335,1070.0,0.3819256936419753,2.7777777777777777
SH00003797,DS001,2026-07-06,9.0,R_DS001_159,32.0,237.63659149999998,372.09016284999996,1410.0,0.440067762037037,3.5555555555555554
SH00003798,DS001,2026-07-06,9.0,,0.0,0.0,0.0,0.0,0.0,0.0
SH00003799,DS001,2026-07-06,9.0,R_DS001_161,24.0,187.5139260833333,299.8210689333333,1030.0,0.34724801126543203,2.6666666666666665
SH00003800,DS001,2026-07-06,9.0,,0.0,0.0,0.0,0.0,0.0,0.0
SH00003801,DS001,2026-07-06,8.233333333333333,R_DS001_165,28.0,236.75649061666667,370.2779191666667,1235.0,0.479264151045884,3.400809716599191
SH00003831,DS002,2026-07-06,9.0,R_DS002_002,34.0,287.51482845000004,458.61125709999993,1405.0,0.5324348675,3.7777777777777777
SH00003832,DS002,2026-07-06,0.0,,0.0,0.0,0.0,0.0,0.0,0.0
SH00003833,DS002,2026-07-06,9.0,R_DS002_004,27.0,228.13903946666665,358.22702646666664,1060.0,0.42247970271604934,3.0
SH00003834,DS002,2026-07-06,9.0,R_DS002_005,33.0,296.06407563333323,467.5462185166666,1365.0,0.5482668067283949,3.6666666666666665
SH00003835,DS002,2026-07-06,9.0,R_DS002_006,32.0,300.9925688166667,483.22471169999994,1365.0,0.5573936459567902,3.5555555555555554
SH00003836,DS002,2026-07-06,9.0,R_DS002_007,26.0,225.98341616666667,354.46718239999996,1020.0,0.4184878077160494,2.888888888888889
SH00003837,DS002,2026-07-06,9.0,R_DS002_009,38.0,292.0163111833333,464.8805968833334,1620.0,0.5407709466358024,4.222222222222222
SH00003838,DS002,2026-07-06,9.0,R_DS002_010,25.0,214.8472543,337.02809844999996,990.0,0.39786528574074076,2.7777777777777777
SH00003839,DS002,2026-07-06,9.0,R_DS002_011,30.0,302.29612770000006,482.2639848499999,1240.0,0.559807643888889,3.3333333333333335
SH00003840,DS002,2026-07-06,9.0,R_DS002_012,32.0,286.329298,459.67929803333334,1360.0,0.5302394407407407,3.5555555555555554
SH00003841,DS002,2026-07-06,9.0,R_DS002_013,22.0,201.06026428333337,314.04825128333334,870.0,0.3723338227469136,2.4444444444444446
SH00003842,DS002,2026-07-06,9.0,R_DS002_014,31.0,288.71570655,456.21213508333335,1280.0,0.5346587158333334,3.4444444444444446
SH00003843,DS002,2026-07-06,9.0,R_DS002_016,18.0,169.28262610000002,267.4673663833333,710.0,0.31348634462962965,2.0
SH00003844,DS002,2026-07-06,9.0,R_DS002_017,35.0,286.25021678333337,452.81450243333336,1455.0,0.53009299404321,3.888888888888889
SH00003845,DS002,2026-07-06,9.0,R_DS002_018,32.0,290.57271529999997,454.47628670000006,1370.0,0.5380976209259258,3.5555555555555554
SH00003846,DS002,2026-07-06,9.0,R_DS002_019,18.0,140.3750235166667,225.13573783333337,710.0,0.25995374725308645,2.0
SH00003847,DS002,2026-07-06,9.0,R_DS002_020,34.0,287.5488265166667,452.60239796666673,1410.0,0.5324978268827161,3.7777777777777777
SH00003848,DS002,2026-07-06,9.0,R_DS002_021,32.0,295.42423640000004,463.6599506999999,1385.0,0.5470819192592593,3.5555555555555554
SH00003849,DS002,2026-07-06,9.0,R_DS002_023,30.0,280.7399788,439.3006931,1255.0,0.5198888496296297,3.3333333333333335
SH00003850,DS002,2026-07-06,9.0,R_DS002_024,35.0,282.8565001166667,450.8386428833332,1515.0,0.5238083335493828,3.888888888888889
SH00003851,DS002,2026-07-06,8.566666666666666,R_DS002_025,14.0,119.28483969999999,192.15269681666666,550.0,0.23207167256809336,1.6342412451361867
SH00003852,DS002,2026-07-06,9.0,R_DS002_026,31.0,278.0595527333333,441.37740985000005,1290.0,0.5149250976543209,3.4444444444444446
SH00003853,DS002,2026-07-06,9.0,R_DS002_027,32.0,275.23124234999995,441.5240995166667,1385.0,0.5096874858333332,3.5555555555555554
SH00003854,DS002,2026-07-06,9.0,R_DS002_028,14.0,113.07126463333331,185.3897711,550.0,0.2093912308024691,1.5555555555555556
SH00003855,DS002,2026-07-06,9.0,R_DS002_030,31.0,277.75643208333327,439.98143208333323,1340.0,0.5143637631172838,3.4444444444444446
SH00003856,DS002,2026-07-06,9.0,R_DS002_031,12.0,107.73791353333333,176.33661479999998,460.0,0.199514654691358,1.3333333333333333
SH00003857,DS002,2026-07-06,9.0,R_DS002_032,34.0,258.099181,418.0420381166667,1420.0,0.4779614462962963,3.7777777777777777
SH00003858,DS002,2026-07-06,9.0,R_DS002_033,30.0,279.1395750833333,444.25386086666657,1295.0,0.5169251390432098,3.3333333333333335
SH00003859,DS002,2026-07-06,9.0,R_DS002_034,9.0,78.54403561666666,122.28462003333334,340.0,0.14545191780864197,1.0
SH00003860,DS002,2026-07-06,9.0,R_DS002_035,28.0,263.9835499166666,422.86569278333326,1175.0,0.4888584257716048,3.111111111111111
SH00003861,DS002,2026-07-06,9.0,R_DS002_037,6.0,56.6291638,89.0262417,230.0,0.10486882185185185,0.6666666666666666
SH00003862,DS002,2026-07-06,9.0,R_DS002_038,29.0,270.14751954999997,420.6082338166666,1210.0,0.5002731843518518,3.2222222222222223
SH00003863,DS002,2026-07-06,0.0,,0.0,0.0,0.0,0.0,0.0,0.0
SH00003864,DS002,2026-07-06,9.0,R_DS002_040,6.0,48.6112636,77.85834151666667,220.0,0.09002085851851852,0.6666666666666666
SH00003865,DS002,2026-07-06,8.8,R_DS002_042,27.0,251.76045,406.4318785833334,1175.0,0.4768190340909091,3.068181818181818
SH00003866,DS002,2026-07-06,9.0,R_DS002_044,26.0,262.38449146666665,417.1202057499999,1080.0,0.48589720641975304,2.888888888888889
SH00003867,DS002,2026-07-06,9.0,R_DS002_045,28.0,249.1370932500001,395.1942360333333,1215.0,0.4613649875000002,3.111111111111111
SH00003868,DS002,2026-07-06,9.0,R_DS002_046,7.0,64.53253126666667,97.99324553333335,260.0,0.1195046875308642,0.7777777777777778
SH00003869,DS002,2026-07-06,9.0,R_DS002_047,30.0,248.1860514833333,395.88248005,1250.0,0.4596037990432098,3.3333333333333335
SH00003870,DS002,2026-07-06,9.0,R_DS002_048,30.0,237.83223168333333,389.25723159999995,1305.0,0.4404300586728395,3.3333333333333335
SH00003871,DS002,2026-07-06,9.0,R_DS002_049,7.0,49.146676666666664,76.57037796666665,270.0,0.09101236419753087,0.7777777777777778
SH00003872,DS002,2026-07-06,9.0,R_DS002_051,26.0,246.83997020000004,383.9935416333332,1135.0,0.457111055925926,2.888888888888889
SH00003873,DS002,2026-07-06,9.0,R_DS002_052,7.0,45.14802441666666,72.61263481666666,270.0,0.08360745262345677,0.7777777777777778
SH00003874,DS002,2026-07-06,9.0,R_DS002_053,30.0,238.31097028333335,374.2752560166667,1250.0,0.4413166116358025,3.3333333333333335
SH00003875,DS002,2026-07-06,9.0,R_DS002_054,24.0,251.41776439999998,391.7213358666666,1050.0,0.46558845259259257,2.6666666666666665
SH00003876,DS002,2026-07-06,9.0,R_DS002_055,7.0,46.46638443333333,75.19041041666667,260.0,0.08604886006172839,0.7777777777777778
SH00003877,DS002,2026-07-06,9.0,R_DS002_056,27.0,223.46682145000003,351.20253573333343,1125.0,0.41382744712962966,3.0
SH00003878,DS002,2026-07-06,9.0,R_DS002_058,5.0,43.87740576666666,66.00630188333334,190.0,0.08125445512345678,0.5555555555555556
SH00003879,DS002,2026-07-06,8.8,R_DS002_059,24.0,218.10248556666673,345.06677124999993,1010.0,0.4130728893308082,2.727272727272727
SH00003880,DS002,2026-07-06,9.0,R_DS002_060,28.0,241.37612505,384.47612501666663,1225.0,0.4469928241666667,3.111111111111111
SH00003881,DS002,2026-07-06,8.616666666666667,R_DS002_061,5.0,32.3037025,51.24461161666666,180.0,0.0624829835589942,0.5802707930367504
SH00003882,DS002,2026-07-06,9.0,R_DS002_062,24.0,232.7591091166667,365.50910915,1010.0,0.4310353872530865,2.6666666666666665
SH00003883,DS002,2026-07-06,9.0,R_DS002_063,26.0,243.40490758333334,392.5477647333333,1135.0,0.4507498288580247,2.888888888888889
SH00003884,DS002,2026-07-06,9.0,R_DS002_066,26.0,250.6019857833334,393.6055572666668,1135.0,0.4640777514506174,2.888888888888889
SH00003885,DS002,2026-07-06,9.0,R_DS002_068,26.0,210.63412148333336,334.9948356666667,1090.0,0.3900631879320988,2.888888888888889
SH00003886,DS002,2026-07-06,8.383333333333333,R_DS002_069,29.0,252.05306058333332,404.37806056666665,1270.0,0.5010995240225314,3.459244532803181
SH00003887,DS002,2026-07-06,9.0,R_DS002_070,4.0,34.73001263333333,54.778389266666665,150.0,0.06431483820987653,0.4444444444444444
SH00003888,DS002,2026-07-06,9.0,R_DS002_072,27.0,245.71874206666672,388.88302780000004,1180.0,0.4550347075308643,3.0
SH00003889,DS002,2026-07-06,9.0,R_DS002_073,3.0,30.795838733333333,49.4357738,110.0,0.05702933098765432,0.3333333333333333
SH00003890,DS002,2026-07-06,9.0,R_DS002_075,26.0,251.32766406666664,395.72052120000006,1125.0,0.46542160012345674,2.888888888888889
SH00003891,DS002,2026-07-06,9.0,R_DS002_076,3.0,30.4137959,46.984899799999994,110.0,0.05632184425925926,0.3333333333333333
SH00003892,DS002,2026-07-06,9.0,R_DS002_077,27.0,213.8658375166667,336.39440895000007,1135.0,0.39604784725308645,3.0
SH00003893,DS002,2026-07-06,9.0,R_DS002_079,2.0,26.852946916666667,40.9753495,70.0,0.04972767947530864,0.2222222222222222
SH00003894,DS002,2026-07-06,9.0,R_DS002_080,21.0,195.70111403333337,312.7975426,880.0,0.3624094704320988,2.3333333333333335
SH00003895,DS002,2026-07-06,9.0,R_DS002_081,28.0,248.1217764,399.00034781666676,1230.0,0.4594847711111111,3.111111111111111
SH00003896,DS002,2026-07-06,0.0,,0.0,0.0,0.0,0.0,0.0,0.0
SH00003897,DS002,2026-07-06,9.0,R_DS002_084,28.0,245.41442288333337,392.50013720000004,1230.0,0.4544711534876544,3.111111111111111
SH00003898,DS002,2026-07-06,9.0,R_DS002_086,21.0,195.77113046666665,311.1961304666667,885.0,0.36253913049382713,2.3333333333333335
SH00003899,DS002,2026-07-06,9.0,R_DS002_087,26.0,244.17216771666665,391.9650248833333,1140.0,0.4521706809567901,2.888888888888889
SH00003900,DS002,2026-07-06,9.0,R_DS002_088,3.0,12.746635316666666,18.278128833333334,100.0,0.02360488021604938,0.3333333333333333
SH00003901,DS002,2026-07-06,9.0,R_DS002_089,19.0,195.53458634999996,307.71315780000003,800.0,0.3621010858333332,2.111111111111111
SH00003902,DS002,2026-07-06,9.0,R_DS002_090,25.0,225.27939859999992,355.0401129333333,1100.0,0.41718407148148134,2.7777777777777777
SH00003903,DS002,2026-07-06,0.0,,0.0,0.0,0.0,0.0,0.0,0.0
SH00003904,DS002,2026-07-06,9.0,R_DS002_093,26.0,220.85232426666664,351.5773243,1145.0,0.4089857856790123,2.888888888888889
SH00003905,DS002,2026-07-06,9.0,R_DS002_094,2.0,13.9448431,24.610427516666668,70.0,0.02582378351851852,0.2222222222222222
SH00003906,DS002,2026-07-06,0.0,,0.0,0.0,0.0,0.0,0.0,0.0
SH00003907,DS002,2026-07-06,9.0,R_DS002_096,23.0,226.8582052,356.89749090000004,1005.0,0.4201077874074074,2.5555555555555554
SH00003908,DS002,2026-07-06,9.0,R_DS002_097,2.0,11.983964866666668,18.243055766666668,70.0,0.0221925275308642,0.2222222222222222
SH00003909,DS002,2026-07-06,9.0,R_DS002_098,21.0,184.32453288333332,295.66739005,880.0,0.34134172756172837,2.3333333333333335
SH00003910,DS002,2026-07-06,9.0,R_DS002_100,3.0,17.66196585,27.009693133333336,100.0,0.032707344166666666,0.3333333333333333
SH00003911,DS002,2026-07-06,9.0,R_DS002_102,24.0,210.1117841666667,335.0832127833333,1065.0,0.3890958966049383,2.6666666666666665
SH00003912,DS002,2026-07-06,9.0,R_DS002_103,1.0,7.842523566666667,12.158432666666666,30.0,0.014523191790123458,0.1111111111111111
SH00003913,DS002,2026-07-06,8.416666666666666,R_DS002_104,19.0,183.61259445000002,299.19830873333336,805.0,0.36358929594059414,2.2574257425742577
SH00003914,DS002,2026-07-06,9.0,R_DS002_105,27.0,222.57148785000004,346.9000593,1200.0,0.4121694219444445,3.0
SH00003915,DS002,2026-07-06,9.0,R_DS002_107,20.0,187.07442881666665,293.8208573833333,850.0,0.34643412743827157,2.2222222222222223
SH00003916,DS002,2026-07-06,9.0,R_DS002_108,27.0,214.1328545166667,335.7292831,1195.0,0.3965423231790124,3.0
SH00003917,DS002,2026-07-06,0.0,,0.0,0.0,0.0,0.0,0.0,0.0
SH00003918,DS002,2026-07-06,0.0,,0.0,0.0,0.0,0.0,0.0,0.0
SH00003919,DS002,2026-07-06,9.0,R_DS002_111,24.0,216.46575243333334,344.07289525000004,1060.0,0.40086250450617283,2.6666666666666665
SH00003920,DS002,2026-07-06,9.0,R_DS002_112,2.0,10.316844566666667,15.307753666666667,60.0,0.019105267716049385,0.2222222222222222
SH00003921,DS002,2026-07-06,9.0,R_DS002_114,27.0,217.2184243833333,341.96485291666664,1195.0,0.4022563414506172,3.0
SH00003922,DS002,2026-07-06,9.0,R_DS002_115,1.0,7.666305583333334,10.632214666666666,30.0,0.014196862191358026,0.1111111111111111
SH00003923,DS002,2026-07-06,9.0,R_DS002_116,19.0,167.97935991666668,269.71150273333336,805.0,0.31107288873456795,2.111111111111111
SH00003924,DS002,2026-07-06,9.0,R_DS002_117,24.0,215.21936473333335,333.0550790666666,1060.0,0.3985543791358025,2.6666666666666665
SH00003925,DS002,2026-07-06,9.0,R_DS002_118,1.0,6.816059050000001,10.538786333333332,30.0,0.012622331574074075,0.1111111111111111
SH00003926,DS002,2026-07-06,9.0,R_DS002_119,20.0,175.87888011666664,275.55388013333334,845.0,0.32570162984567896,2.2222222222222223
SH00003927,DS002,2026-07-06,9.0,R_DS002_121,2.0,8.2515234,11.258341600000001,60.0,0.015280598888888889,0.2222222222222222
SH00003928,DS002,2026-07-06,9.0,R_DS002_123,28.0,219.73908903333336,345.4998033833334,1230.0,0.4069242389506173,3.111111111111111
SH00003929,DS002,2026-07-06,9.0,R_DS002_125,20.0,177.03105198333333,277.9917662666667,850.0,0.3278352814506173,2.2222222222222223
SH00003930,DS002,2026-07-06,9.0,R_DS002_126,22.0,211.45014891666665,335.8430060333334,975.0,0.39157434984567896,2.4444444444444446
SH00003931,DS002,2026-07-06,9.0,R_DS002_128,18.0,156.98527173333335,254.44241458333335,765.0,0.29071346617283955,2.0
SH00003932,DS002,2026-07-06,9.0,R_DS002_129,22.0,211.29695030000002,334.2112359833333,975.0,0.3912906487037037,2.4444444444444446
SH00003933,DS002,2026-07-06,9.0,R_DS002_130,1.0,7.315062433333334,10.485516983333333,30.0,0.013546411913580247,0.1111111111111111
SH00003934,DS002,2026-07-06,9.0,R_DS002_131,17.0,159.94213646666665,252.38499361666666,725.0,0.29618914160493826,1.8888888888888888
SH00003935,DS002,2026-07-06,9.0,R_DS002_132,27.0,213.01940584999997,335.9979773166668,1195.0,0.39448038120370366,3.0
SH00003936,DS002,2026-07-06,9.0,R_DS002_133,2.0,12.291110533333335,17.200201449999998,60.0,0.022761315802469137,0.2222222222222222
SH00003937,DS002,2026-07-06,8.15,R_DS002_135,25.0,211.09105983333333,337.41248840000003,1105.0,0.4316790589638718,3.067484662576687
SH00003938,DS002,2026-07-06,9.0,R_DS002_136,1.0,9.369996899999999,14.279087800000001,30.0,0.017351846111111107,0.1111111111111111
SH00003939,DS002,2026-07-06,9.0,R_DS002_138,22.0,212.54558394999998,333.24201255,970.0,0.3936029332407407,2.4444444444444446
SH00003940,DS002,2026-07-06,0.0,,0.0,0.0,0.0,0.0,0.0,0.0
SH00003941,DS002,2026-07-06,9.0,R_DS002_142,1.0,7.29067065,11.013397916666666,30.0,0.013501241944444445,0.1111111111111111
SH00003942,DS002,2026-07-06,9.0,R_DS002_143,19.0,158.6680618833333,245.74306188333333,810.0,0.29382974422839503,2.111111111111111
SH00003943,DS002,2026-07-06,9.0,R_DS002_144,23.0,210.2288641333333,331.0538641166667,1015.0,0.38931271135802464,2.5555555555555554
SH00003944,DS002,2026-07-06,9.0,R_DS002_145,1.0,7.2800697166666675,11.1459788,30.0,0.013481610586419755,0.1111111111111111
SH00003945,DS002,2026-07-06,9.0,R_DS002_146,17.0,141.09389108333335,225.91889113333332,730.0,0.26128498348765433,1.8888888888888888
SH00003946,DS002,2026-07-06,9.0,R_DS002_147,21.0,204.65146320000002,320.65503459999996,930.0,0.37898419111111115,2.3333333333333335
SH00003947,DS002,2026-07-06,9.0,R_DS002_149,16.0,143.16932570000003,227.60861143333335,690.0,0.265128380925926,1.7777777777777777
SH00003948,DS002,2026-07-06,9.0,R_DS002_150,22.0,207.84559804999998,327.5777408833334,970.0,0.3848992556481481,2.4444444444444446
SH00003949,DS002,2026-07-06,9.0,R_DS002_151,2.0,10.9400059,16.994551350000002,60.0,0.020259270185185183,0.2222222222222222
SH00003950,DS002,2026-07-06,9.0,R_DS002_152,15.0,130.67919369999998,209.589908,645.0,0.2419985068518518,1.6666666666666667
SH00003951,DS002,2026-07-06,9.0,R_DS002_153,22.0,201.2774113,318.5988398833333,975.0,0.37273594685185185,2.4444444444444446
SH00003979,DS003,2026-07-06,9.0,R_DS003_003,34.0,301.7333454333332,478.61548821666656,1465.0,0.5587654545061727,3.7777777777777777
SH00003980,DS003,2026-07-06,9.0,R_DS003_004,25.0,196.43375564999997,305.14089848333333,1000.0,0.3637662141666666,2.7777777777777777
SH00003981,DS003,2026-07-06,8.833333333333334,R_DS003_005,33.0,281.81678133333327,442.30606705,1370.0,0.5317297761006288,3.735849056603773
SH00003982,DS003,2026-07-06,9.0,R_DS003_006,34.0,307.74950815,481.3387938666666,1470.0,0.5699064965740741,3.7777777777777777
SH00003983,DS003,2026-07-06,8.766666666666667,R_DS003_009,36.0,280.7682507833334,452.8789650333334,1560.0,0.5337799444550064,4.106463878326996
SH00003984,DS003,2026-07-06,9.0,R_DS003_010,22.0,185.90532581666665,294.1946115166666,880.0,0.344269121882716,2.4444444444444446
SH00003985,DS003,2026-07-06,9.0,R_DS003_011,33.0,279.2275408333333,439.3632551166667,1370.0,0.5170880385802469,3.6666666666666665
SH00003986,DS003,2026-07-06,8.566666666666666,R_DS003_012,36.0,275.23996668333325,430.9399666833333,1580.0,0.5354863165045394,4.202334630350195
SH00003987,DS003,2026-07-06,0.0,,0.0,0.0,0.0,0.0,0.0,0.0
SH00003988,DS003,2026-07-06,9.0,R_DS003_014,32.0,286.6365584166667,448.70084408333327,1325.0,0.5308084415123457,3.5555555555555554
SH00003989,DS003,2026-07-06,9.0,R_DS003_016,21.0,163.07136535000004,257.89279395,840.0,0.3019840099074075,2.3333333333333335
SH00003990,DS003,2026-07-06,9.0,R_DS003_017,38.0,268.64445531666667,430.8051696333334,1575.0,0.49748973206790126,4.222222222222222
SH00003991,DS003,2026-07-06,9.0,R_DS003_018,34.0,291.42863033333333,462.9286303166667,1475.0,0.5396826487654321,3.7777777777777777
SH00003992,DS003,2026-07-06,9.0,R_DS003_019,20.0,148.90971743333333,235.98471741666663,800.0,0.2757587359876543,2.2222222222222223
SH00003993,DS003,2026-07-06,9.0,R_DS003_020,34.0,279.50386483333335,431.8610076833333,1405.0,0.517599749691358,3.7777777777777777
SH00003994,DS003,2026-07-06,8.316666666666666,R_DS003_021,32.0,287.24377711666665,452.61877708333344,1395.0,0.5756388318971275,3.8476953907815634
SH00003995,DS003,2026-07-06,9.0,R_DS003_023,31.0,275.68755635,430.64827063333337,1280.0,0.5105325117592593,3.4444444444444446
SH00003996,DS003,2026-07-06,9.0,R_DS003_025,17.0,147.00661663333335,229.64590235,680.0,0.27223447524691363,1.8888888888888888
SH00003997,DS003,2026-07-06,9.0,R_DS003_026,32.0,266.92567535,419.73281823333326,1335.0,0.4943068062037037,3.5555555555555554
SH00003998,DS003,2026-07-06,8.283333333333333,R_DS003_027,32.0,270.62006195000004,435.9986334166667,1395.0,0.5445071669014085,3.86317907444668
SH00003999,DS003,2026-07-06,8.316666666666666,R_DS003_028,14.0,112.35290454999999,176.44576169999996,560.0,0.22515612134268534,1.683366733466934
SH00004000,DS003,2026-07-06,9.0,R_DS003_030,33.0,266.3564539666668,421.53859681666665,1440.0,0.4932526925308644,3.6666666666666665
SH00004001,DS003,2026-07-06,9.0,R_DS003_031,15.0,108.15449305000003,165.24020731666664,600.0,0.20028609824074078,1.6666666666666667
SH00004002,DS003,2026-07-06,9.0,R_DS003_032,30.0,254.08211674999998,396.12140248333327,1245.0,0.4705224384259259,3.3333333333333335
SH00004003,DS003,2026-07-06,9.0,R_DS003_033,32.0,266.69960296666665,426.2317458500001,1395.0,0.49388815364197525,3.5555555555555554
SH00004004,DS003,2026-07-06,0.0,,0.0,0.0,0.0,0.0,0.0,0.0
SH00004005,DS003,2026-07-06,9.0,R_DS003_035,33.0,260.6239051666667,411.82390516666663,1370.0,0.48263686141975315,3.6666666666666665
SH00004006,DS003,2026-07-06,9.0,R_DS003_037,10.0,84.69003956666667,136.72932531666666,400.0,0.15683340660493827,1.1111111111111112
SH00004007,DS003,2026-07-06,9.0,R_DS003_038,32.0,264.68014028333334,411.3801402166667,1325.0,0.4901484079320988,3.5555555555555554
SH00004008,DS003,2026-07-06,0.0,,0.0,0.0,0.0,0.0,0.0,0.0
SH00004009,DS003,2026-07-06,9.0,R_DS003_040,7.0,67.98796641666667,107.94153783333333,280.0,0.12590364151234568,0.7777777777777778
SH00004010,DS003,2026-07-06,9.0,R_DS003_041,33.0,255.74696343333332,401.8362491666667,1375.0,0.4736054878395061,3.6666666666666665
SH00004011,DS003,2026-07-06,0.0,,0.0,0.0,0.0,0.0,0.0,0.0
SH00004012,DS003,2026-07-06,0.0,,0.0,0.0,0.0,0.0,0.0,0.0
SH00004013,DS003,2026-07-06,8.616666666666667,R_DS003_045,29.0,258.32388455,409.8131702833333,1275.0,0.4996593511605416,3.3655705996131524
SH00004014,DS003,2026-07-06,0.0,,0.0,0.0,0.0,0.0,0.0,0.0
SH00004015,DS003,2026-07-06,9.0,R_DS003_047,27.0,236.88691101666663,368.67262525,1125.0,0.43867946484567893,3.0
SH00004016,DS003,2026-07-06,9.0,R_DS003_051,29.0,265.7570511,413.57133683333336,1265.0,0.49214268722222226,3.2222222222222223
SH00004017,DS003,2026-07-06,0.0,,0.0,0.0,0.0,0.0,0.0,0.0
SH00004018,DS003,2026-07-06,9.0,R_DS003_053,27.0,231.9452533,368.45596758333335,1120.0,0.4295282468518518,3.0
SH00004019,DS003,2026-07-06,9.0,R_DS003_054,29.0,254.53858081666667,405.8028665,1275.0,0.4713677422530864,3.2222222222222223
SH00004020,DS003,2026-07-06,9.0,R_DS003_055,7.0,57.62796318333333,87.7779632,280.0,0.10671845033950617,0.7777777777777778
SH00004021,DS003,2026-07-06,9.0,R_DS003_058,7.0,58.66238678333333,90.77310103333332,280.0,0.10863404959876544,0.7777777777777778
SH00004022,DS003,2026-07-06,9.0,R_DS003_059,26.0,224.1062240666667,351.4883668833333,1090.0,0.4150115260493828,2.888888888888889
SH00004023,DS003,2026-07-06,9.0,R_DS003_060,32.0,259.03465241666675,405.8632238,1400.0,0.47969380077160506,3.5555555555555554
SH00004024,DS003,2026-07-06,9.0,R_DS003_061,7.0,60.67031423333334,94.70959996666667,280.0,0.11235243376543212,0.7777777777777778
SH00004025,DS003,2026-07-06,9.0,R_DS003_062,26.0,219.83038966666666,344.60896113333337,1090.0,0.40709331419753086,2.888888888888889
SH00004026,DS003,2026-07-06,9.0,R_DS003_063,30.0,256.0696801166667,402.38396581666666,1320.0,0.47420311132716053,3.3333333333333335
SH00004027,DS003,2026-07-06,9.0,R_DS003_065,25.0,220.67840365,339.0284036833333,1045.0,0.40866371046296296,2.7777777777777777
SH00004028,DS003,2026-07-06,9.0,R_DS003_066,33.0,259.7129542333333,404.9808113666667,1440.0,0.4809499152469135,3.6666666666666665
SH00004029,DS003,2026-07-06,9.0,R_DS003_067,6.0,41.490298349999996,66.43315551666666,240.0,0.07683388583333332,0.6666666666666666
SH00004030,DS003,2026-07-06,9.0,R_DS003_068,26.0,204.58916108333335,325.2534468333333,1095.0,0.37886881682098766,2.888888888888889
SH00004031,DS003,2026-07-06,9.0,R_DS003_069,32.0,252.50929916666666,398.72715635000003,1410.0,0.46760981327160495,3.5555555555555554
SH00004032,DS003,2026-07-06,9.0,R_DS003_070,5.0,38.07887278333333,60.128872783333335,200.0,0.07051643108024691,0.5555555555555556
SH00004033,DS003,2026-07-06,9.0,R_DS003_073,3.0,24.59259936666667,39.50688508333333,120.0,0.04554185067901235,0.3333333333333333
SH00004034,DS003,2026-07-06,9.0,R_DS003_074,22.0,208.08547678333335,330.48547683333334,925.0,0.3853434755246914,2.4444444444444446
SH00004035,DS003,2026-07-06,9.0,R_DS003_075,29.0,259.0240160833333,407.9668732,1275.0,0.47967410385802467,3.2222222222222223
SH00004036,DS003,2026-07-06,9.0,R_DS003_076,1.0,7.6615499,12.450835616666666,40.0,0.01418805537037037,0.1111111111111111
SH00004037,DS003,2026-07-06,9.0,R_DS003_077,21.0,174.72438528333333,273.6279566833333,885.0,0.3235636764506173,2.3333333333333335
SH00004038,DS003,2026-07-06,0.0,,0.0,0.0,0.0,0.0,0.0,0.0
SH00004039,DS003,2026-07-06,8.633333333333333,R_DS003_080,20.0,185.2519395833333,294.08765385,835.0,0.35762922699485195,2.316602316602317
SH00004040,DS003,2026-07-06,9.0,R_DS003_082,1.0,9.201525866666666,13.347954433333333,40.0,0.017039862716049382,0.1111111111111111
SH00004041,DS003,2026-07-06,9.0,R_DS003_084,30.0,255.95354955000002,403.6821210666668,1320.0,0.4739880547222223,3.3333333333333335
SH00004042,DS003,2026-07-06,8.183333333333334,R_DS003_086,19.0,178.25499043333335,281.43356186666665,800.0,0.3630447870332655,2.3217922606924644
SH00004043,DS003,2026-07-06,9.0,R_DS003_087,29.0,250.25160773333332,391.48732206666665,1280.0,0.4634289032098765,3.2222222222222223
SH00004044,DS003,2026-07-06,9.0,R_DS003_088,1.0,9.001486316666666,14.208629166666666,40.0,0.01666941910493827,0.1111111111111111
SH00004045,DS003,2026-07-06,9.0,R_DS003_089,23.0,169.98444648333336,261.1737322000001,980.0,0.3147860120061729,2.5555555555555554
SH00004046,DS003,2026-07-06,9.0,R_DS003_090,29.0,248.59466238333334,395.55180520000005,1275.0,0.46036048589506173,3.2222222222222223
SH00004047,DS003,2026-07-06,8.516666666666667,R_DS003_091,1.0,8.069194633333334,12.922766066666666,40.0,0.01579098754076973,0.11741682974559686
SH00004048,DS003,2026-07-06,8.333333333333334,R_DS003_093,30.0,245.25998303333336,385.22426879999995,1320.0,0.49051996606666665,3.5999999999999996
SH00004049,DS003,2026-07-06,9.0,R_DS003_094,1.0,11.609353983333333,18.68078255,40.0,0.021498803672839507,0.1111111111111111
SH00004050,DS003,2026-07-06,9.0,R_DS003_095,20.0,172.5746524833333,275.1425096666667,840.0,0.31958268978395055,2.2222222222222223
SH00004051,DS003,2026-07-06,9.0,R_DS003_096,24.0,229.1669173666667,362.04548875,1060.0,0.424383180308642,2.6666666666666665
SH00004052,DS003,2026-07-06,9.0,R_DS003_097,1.0,13.853768483333333,20.346625633333336,40.0,0.025655126820987653,0.1111111111111111
SH00004053,DS003,2026-07-06,9.0,R_DS003_098,19.0,151.45114171666665,239.2654275,805.0,0.2804650772530864,2.111111111111111
SH00004054,DS003,2026-07-06,9.0,R_DS003_100,1.0,7.188445616666667,12.94201705,40.0,0.013311936327160495,0.1111111111111111
SH00004055,DS003,2026-07-06,8.816666666666666,R_DS003_101,18.0,144.85052543333333,230.41481119999997,770.0,0.2738195187775677,2.041587901701323
SH00004056,DS003,2026-07-06,9.0,R_DS003_102,29.0,242.40643899999998,372.8742961,1290.0,0.4489008129629629,3.2222222222222223
SH00004057,DS003,2026-07-06,9.0,,0.0,0.0,0.0,0.0,0.0,0.0
SH00004058,DS003,2026-07-06,9.0,R_DS003_104,15.0,130.38353888333333,206.85139600000002,650.0,0.24145099793209876,1.6666666666666667
SH00004059,DS003,2026-07-06,9.0,R_DS003_105,29.0,238.63046065,379.54474633333325,1285.0,0.44190826046296294,3.2222222222222223
SH00004060,DS003,2026-07-06,9.0,R_DS003_107,16.0,133.65776126666668,209.06490413333339,685.0,0.24751437271604942,1.7777777777777777
SH00004061,DS003,2026-07-06,9.0,R_DS003_108,26.0,232.6350714833333,369.4672143833333,1155.0,0.43080568793209867,2.888888888888889
SH00004062,DS003,2026-07-06,9.0,,0.0,0.0,0.0,0.0,0.0,0.0
SH00004063,DS003,2026-07-06,9.0,R_DS003_110,18.0,126.34383523333334,198.21526378333334,780.0,0.23397006524691358,2.0
SH00004064,DS003,2026-07-06,9.0,R_DS003_111,28.0,242.78334378333332,380.7083438166667,1245.0,0.4495987847839506,3.111111111111111
SH00004065,DS003,2026-07-06,9.0,,0.0,0.0,0.0,0.0,0.0,0.0
SH00004066,DS003,2026-07-06,9.0,R_DS003_114,27.0,233.95761040000002,365.93618186666663,1200.0,0.4332548340740741,3.0
SH00004067,DS003,2026-07-06,9.0,,0.0,0.0,0.0,0.0,0.0,0.0
SH00004068,DS003,2026-07-06,0.0,,0.0,0.0,0.0,0.0,0.0,0.0
SH00004069,DS003,2026-07-06,9.0,R_DS003_117,29.0,241.0231378166667,372.96956645,1285.0,0.4463391441049383,3.2222222222222223
SH00004070,DS003,2026-07-06,9.0,,0.0,0.0,0.0,0.0,0.0,0.0
SH00004071,DS003,2026-07-06,9.0,R_DS003_119,13.0,108.74270611666668,170.32842046666664,565.0,0.2013753816975309,1.4444444444444444
SH00004072,DS003,2026-07-06,9.0,,0.0,0.0,0.0,0.0,0.0,0.0
SH00004073,DS003,2026-07-06,9.0,R_DS003_122,14.0,104.51002043333332,164.19930614999998,615.0,0.1935370748765432,1.5555555555555556
SH00004074,DS003,2026-07-06,9.0,R_DS003_123,29.0,229.7645187833333,364.57166158333337,1285.0,0.42548984959876535,3.2222222222222223
SH00004075,DS003,2026-07-06,9.0,,0.0,0.0,0.0,0.0,0.0,0.0
SH00004076,DS003,2026-07-06,0.0,,0.0,0.0,0.0,0.0,0.0,0.0
SH00004077,DS003,2026-07-06,9.0,R_DS003_128,12.0,97.67676616666667,155.59819473333332,530.0,0.180882900308642,1.3333333333333333
SH00004078,DS003,2026-07-06,9.0,R_DS003_129,28.0,229.53140688333335,356.68854973333333,1245.0,0.42505816089506177,3.111111111111111
SH00004079,DS003,2026-07-06,9.0,,0.0,0.0,0.0,0.0,0.0,0.0
SH00004080,DS003,2026-07-06,8.25,R_DS003_131,9.0,95.43185191666666,151.32828051666667,400.0,0.19279162003367,1.0909090909090908
SH00004081,DS003,2026-07-06,9.0,R_DS003_132,27.0,218.48984061666664,350.50055493333343,1205.0,0.40461081595679005,3.0
SH00004082,DS003,2026-07-06,9.0,,0.0,0.0,0.0,0.0,0.0,0.0
SH00004083,DS003,2026-07-06,9.0,R_DS003_135,28.0,217.8547038,349.0154180833334,1240.0,0.4034346366666667,3.111111111111111
SH00004084,DS003,2026-07-06,9.0,R_DS003_137,12.0,98.10049305000001,154.89692163333333,525.0,0.18166757972222225,1.3333333333333333
SH00004085,DS003,2026-07-06,9.0,R_DS003_138,26.0,225.67517576666665,350.4537471666667,1155.0,0.4179169921604938,2.888888888888889
SH00004086,DS003,2026-07-06,9.0,R_DS003_140,9.0,95.77419746666666,151.50991175,400.0,0.1773596249382716,1.0
SH00004087,DS003,2026-07-06,9.0,,0.0,0.0,0.0,0.0,0.0,0.0
SH00004088,DS003,2026-07-06,9.0,R_DS003_143,12.0,95.81215518333333,159.32644091666666,530.0,0.17742991700617283,1.3333333333333333
SH00004089,DS003,2026-07-06,9.0,R_DS003_144,26.0,225.65175166666674,353.9803231166668,1150.0,0.417873614197531,2.888888888888889
SH00004090,DS003,2026-07-06,9.0,,0.0,0.0,0.0,0.0,0.0,0.0
SH00004121,DS004,2026-07-06,9.0,R_DS004_002,30.0,298.5980644,474.869493,1250.0,0.5529593785185185,3.3333333333333335
SH00004122,DS004,2026-07-06,9.0,R_DS004_003,31.0,301.4405305166667,484.4369590333333,1335.0,0.5582232046604939,3.4444444444444446
SH00004123,DS004,2026-07-06,0.0,,0.0,0.0,0.0,0.0,0.0,0.0
SH00004124,DS004,2026-07-06,8.483333333333333,R_DS004_005,30.0,277.49139905,445.8235418666667,1245.0,0.5451697427308448,3.5363457760314345
SH00004125,DS004,2026-07-06,9.0,R_DS004_006,33.0,311.6633018499999,488.3061589166666,1430.0,0.577154262685185,3.6666666666666665
SH00004126,DS004,2026-07-06,9.0,R_DS004_007,24.0,235.2658065,378.7836636666666,960.0,0.43567741944444444,2.6666666666666665
SH00004127,DS004,2026-07-06,8.366666666666667,R_DS004_009,31.0,285.3399404333333,453.36851190000004,1350.0,0.5684062558432934,3.7051792828685257
SH00004128,DS004,2026-07-06,9.0,R_DS004_010,25.0,211.5692539833333,340.0121111333334,1000.0,0.39179491478395057,2.7777777777777777
SH00004129,DS004,2026-07-06,9.0,R_DS004_011,32.0,306.38395613333336,480.53395616666666,1330.0,0.5673776965432099,3.5555555555555554
SH00004130,DS004,2026-07-06,9.0,R_DS004_012,32.0,298.7545506999999,479.06526494999997,1380.0,0.5532491679629629,3.5555555555555554
SH00004131,DS004,2026-07-06,9.0,R_DS004_013,21.0,205.94617684999997,328.0890339999999,840.0,0.38138180898148144,2.3333333333333335
SH00004132,DS004,2026-07-06,9.0,R_DS004_014,31.0,289.1692363166666,463.3513791333333,1290.0,0.5354985857716049,3.4444444444444446
SH00004133,DS004,2026-07-06,0.0,,0.0,0.0,0.0,0.0,0.0,0.0
SH00004134,DS004,2026-07-06,9.0,R_DS004_017,32.0,288.5779967666667,461.538711,1330.0,0.5344036977160493,3.5555555555555554
SH00004135,DS004,2026-07-06,9.0,R_DS004_018,30.0,309.80580151666663,485.73794431666676,1295.0,0.5737144472530864,3.3333333333333335
SH00004136,DS004,2026-07-06,9.0,R_DS004_019,22.0,200.11611608333337,325.66611615000005,880.0,0.37058540015432107,2.4444444444444446
SH00004137,DS004,2026-07-06,9.0,R_DS004_020,34.0,283.84659545,456.7108812166667,1410.0,0.5256418434259259,3.7777777777777777
SH00004138,DS004,2026-07-06,9.0,R_DS004_023,32.0,284.14723136666674,454.31151708333346,1325.0,0.5261985766049384,3.5555555555555554
SH00004139,DS004,2026-07-06,0.0,,0.0,0.0,0.0,0.0,0.0,0.0
SH00004140,DS004,2026-07-06,9.0,R_DS004_025,21.0,188.82381751666668,294.9595317833334,840.0,0.34967373614197533,2.3333333333333335
SH00004141,DS004,2026-07-06,9.0,R_DS004_026,30.0,298.22698756666665,477.10198756666665,1245.0,0.5522721991975308,3.3333333333333335
SH00004142,DS004,2026-07-06,9.0,R_DS004_027,33.0,305.36865208333325,486.20436639999997,1420.0,0.5654975038580246,3.6666666666666665
SH00004143,DS004,2026-07-06,9.0,R_DS004_028,17.0,165.79338506666667,260.22909938333333,680.0,0.30702478716049386,1.8888888888888888
SH00004144,DS004,2026-07-06,9.0,R_DS004_030,34.0,295.6908424166667,470.5979852833333,1470.0,0.5475756341049384,3.7777777777777777
SH00004145,DS004,2026-07-06,0.0,,0.0,0.0,0.0,0.0,0.0,0.0
SH00004146,DS004,2026-07-06,9.0,R_DS004_032,30.0,295.10365636666666,463.88579928333314,1250.0,0.5464882525308642,3.3333333333333335
SH00004147,DS004,2026-07-06,8.533333333333333,R_DS004_033,29.0,285.5392414666666,460.8249557999999,1260.0,0.5576938309895833,3.3984375
SH00004148,DS004,2026-07-06,9.0,R_DS004_034,16.0,141.44914153333332,228.94199863333333,640.0,0.261942854691358,1.7777777777777777
SH00004149,DS004,2026-07-06,9.0,R_DS004_035,29.0,297.57422725000004,468.4777986833334,1205.0,0.5510633837962964,3.2222222222222223
SH00004150,DS004,2026-07-06,9.0,R_DS004_037,12.0,117.82354943333334,189.21283513333333,480.0,0.21819175820987655,1.3333333333333333
SH00004151,DS004,2026-07-06,9.0,R_DS004_038,30.0,288.0808461,454.77370320000006,1240.0,0.5334830483333333,3.3333333333333335
SH00004152,DS004,2026-07-06,9.0,R_DS004_039,34.0,291.58137779999987,467.5956635333333,1475.0,0.5399655144444442,3.7777777777777777
SH00004153,DS004,2026-07-06,8.483333333333333,R_DS004_040,9.0,85.27295446666668,135.89795448333334,360.0,0.1675303624099542,1.0609037328094304
SH00004154,DS004,2026-07-06,0.0,,0.0,0.0,0.0,0.0,0.0,0.0
SH00004155,DS004,2026-07-06,9.0,R_DS004_042,29.0,299.5097795333333,470.99192236666676,1265.0,0.5546477398765431,3.2222222222222223
SH00004156,DS004,2026-07-06,9.0,R_DS004_044,28.0,280.8242683666667,443.59569700000003,1165.0,0.5200449414197531,3.111111111111111
SH00004157,DS004,2026-07-06,9.0,R_DS004_045,31.0,292.5396258333334,462.5753401166668,1355.0,0.5417400478395062,3.4444444444444446
SH00004158,DS004,2026-07-06,9.0,R_DS004_046,10.0,78.5852992,127.86029918333332,400.0,0.14552833185185185,1.1111111111111112
SH00004159,DS004,2026-07-06,9.0,R_DS004_047,32.0,255.66819174999998,405.58247743333345,1335.0,0.4734596143518518,3.5555555555555554
SH00004160,DS004,2026-07-06,9.0,R_DS004_048,30.0,284.9533552666666,458.0426409833333,1310.0,0.5276913986419752,3.3333333333333335
SH00004161,DS004,2026-07-06,0.0,,0.0,0.0,0.0,0.0,0.0,0.0
SH00004162,DS004,2026-07-06,9.0,R_DS004_051,28.0,289.4843973166667,458.4272544499999,1225.0,0.5360822172530865,3.111111111111111
SH00004163,DS004,2026-07-06,9.0,R_DS004_053,29.0,271.44345883333335,430.06845891666666,1210.0,0.5026730719135802,3.2222222222222223
SH00004164,DS004,2026-07-06,9.0,R_DS004_054,30.0,289.09226925,469.15655494999993,1310.0,0.5353560541666667,3.3333333333333335
SH00004165,DS004,2026-07-06,9.0,R_DS004_055,7.0,67.40976383333333,108.23119236666668,280.0,0.12483289598765432,0.7777777777777778
SH00004166,DS004,2026-07-06,8.7,R_DS004_056,27.0,264.60418871666667,419.66133163333336,1125.0,0.5069045760855684,3.1034482758620694
SH00004167,DS004,2026-07-06,9.0,R_DS004_058,7.0,71.5854817,114.78548168333333,280.0,0.13256570685185184,0.7777777777777778
SH00004168,DS004,2026-07-06,9.0,R_DS004_059,24.0,249.98047826666667,402.14476396666674,1005.0,0.46292681160493826,2.6666666666666665
SH00004169,DS004,2026-07-06,0.0,,0.0,0.0,0.0,0.0,0.0,0.0
SH00004170,DS004,2026-07-06,8.683333333333334,R_DS004_061,6.0,56.71412136666667,87.24983565,240.0,0.1088562790147153,0.690978886756238
SH00004171,DS004,2026-07-06,9.0,R_DS004_062,25.0,226.45208243333332,364.0235110166666,1050.0,0.4193557082098765,2.7777777777777777
SH00004172,DS004,2026-07-06,8.1,R_DS004_063,29.0,262.33443105000003,415.72014533333333,1275.0,0.5397827799382717,3.5802469135802473
SH00004173,DS004,2026-07-06,9.0,R_DS004_065,25.0,236.99329635,377.03972493333333,1045.0,0.43887647472222224,2.7777777777777777
SH00004174,DS004,2026-07-06,8.583333333333334,R_DS004_066,31.0,285.2668497666667,439.5847068666665,1360.0,0.5539162131391587,3.611650485436893
SH00004175,DS004,2026-07-06,0.0,,0.0,0.0,0.0,0.0,0.0,0.0
SH00004176,DS004,2026-07-06,9.0,R_DS004_069,29.0,264.05691795,423.00334651666674,1275.0,0.48899429250000004,3.2222222222222223
SH00004177,DS004,2026-07-06,0.0,,0.0,0.0,0.0,0.0,0.0,0.0
SH00004178,DS004,2026-07-06,9.0,R_DS004_073,6.0,55.95248180000001,88.77033893333335,240.0,0.10361570703703706,0.6666666666666666
SH00004179,DS004,2026-07-06,9.0,R_DS004_074,24.0,235.06001173333334,361.5421546333333,1005.0,0.4352963180246914,2.6666666666666665
SH00004180,DS004,2026-07-06,9.0,R_DS004_075,27.0,267.9991419500001,431.6062847666667,1185.0,0.49629470731481495,3.0
SH00004181,DS004,2026-07-06,9.0,R_DS004_076,5.0,51.28535338333334,79.34606766666667,200.0,0.09497287663580248,0.5555555555555556
SH00004182,DS004,2026-07-06,9.0,R_DS004_077,24.0,225.20150481666664,363.83364768333325,1010.0,0.4170398237345679,2.6666666666666665
SH00004183,DS004,2026-07-06,9.0,R_DS004_079,5.0,45.975037099999994,74.06789423333333,200.0,0.08513895759259259,0.5555555555555556
SH00004184,DS004,2026-07-06,9.0,R_DS004_080,24.0,212.60634706666664,338.4456327833334,1010.0,0.3937154575308642,2.6666666666666665
SH00004185,DS004,2026-07-06,9.0,R_DS004_081,26.0,280.2351036833333,448.1172465166666,1140.0,0.5189538957098765,2.888888888888889
SH00004186,DS004,2026-07-06,9.0,R_DS004_082,5.0,42.185621000000005,65.5213353,200.0,0.07812152037037037,0.5555555555555556
SH00004187,DS004,2026-07-06,9.0,R_DS004_084,30.0,264.0764762166667,422.57290481666666,1315.0,0.4890305115123458,3.3333333333333335
SH00004188,DS004,2026-07-06,9.0,R_DS004_086,20.0,224.46271840000003,358.7555755166667,845.0,0.4156717007407408,2.2222222222222223
SH00004189,DS004,2026-07-06,9.0,R_DS004_087,29.0,269.47531125000006,429.2253112666667,1275.0,0.4990283541666668,3.2222222222222223
SH00004190,DS004,2026-07-06,9.0,R_DS004_088,4.0,37.18165728333334,57.720943,160.0,0.06885492089506173,0.4444444444444444
SH00004191,DS004,2026-07-06,9.0,R_DS004_090,27.0,269.82137745,429.12137740000003,1180.0,0.4996692175,3.0
SH00004192,DS004,2026-07-06,9.0,R_DS004_091,2.0,17.627282633333333,28.202282633333333,80.0,0.03264311598765432,0.2222222222222222
SH00004193,DS004,2026-07-06,9.0,R_DS004_093,30.0,270.9846142999999,423.14889998333325,1315.0,0.5018233598148146,3.3333333333333335
SH00004194,DS004,2026-07-06,9.0,R_DS004_094,2.0,17.546511633333335,28.50722593333333,80.0,0.032493540061728395,0.2222222222222222
SH00004195,DS004,2026-07-06,9.0,R_DS004_095,22.0,207.43284771666669,330.41141916666663,935.0,0.3841349031790124,2.4444444444444446
SH00004196,DS004,2026-07-06,9.0,R_DS004_096,29.0,267.6284119333334,429.2748405,1275.0,0.49560817024691367,3.2222222222222223
SH00004197,DS004,2026-07-06,8.283333333333333,R_DS004_097,2.0,19.13029185,31.601720416666666,80.0,0.0384915328973843,0.2414486921529175
SH00004198,DS004,2026-07-06,8.783333333333333,R_DS004_098,22.0,215.47671803333336,336.2695751333333,925.0,0.408874227767236,2.504743833017078
SH00004199,DS004,2026-07-06,9.0,R_DS004_100,1.0,4.679078649999999,8.086221516666667,40.0,0.00866496046296296,0.1111111111111111
SH00004200,DS004,2026-07-06,9.0,R_DS004_101,23.0,195.6845347,307.76667755000005,975.0,0.362378767962963,2.5555555555555554
SH00004201,DS004,2026-07-06,9.0,,0.0,0.0,0.0,0.0,0.0,0.0
SH00004202,DS004,2026-07-06,9.0,R_DS004_104,24.0,207.06398271666663,321.58898271666675,1010.0,0.38345181984567894,2.6666666666666665
SH00004203,DS004,2026-07-06,8.7,R_DS004_105,29.0,261.6124599,416.0910313333333,1275.0,0.5011732948275862,3.3333333333333335
SH00004204,DS004,2026-07-06,9.0,R_DS004_107,20.0,195.01325411666664,307.44896835,845.0,0.3611356557716049,2.2222222222222223
SH00004205,DS004,2026-07-06,9.0,R_DS004_108,29.0,264.6210740166666,417.5567882833334,1275.0,0.49003902595679005,3.2222222222222223
SH00004206,DS004,2026-07-06,9.0,,0.0,0.0,0.0,0.0,0.0,0.0
SH00004207,DS004,2026-07-06,9.0,R_DS004_110,22.0,190.3591751833333,300.57703236666663,930.0,0.3525169910802468,2.4444444444444446
SH00004208,DS004,2026-07-06,0.0,,0.0,0.0,0.0,0.0,0.0,0.0
SH00004209,DS004,2026-07-06,9.0,R_DS004_114,24.0,250.47439958333334,407.52439954999994,1055.0,0.4638414807098766,2.6666666666666665
SH00004210,DS004,2026-07-06,9.0,,0.0,0.0,0.0,0.0,0.0,0.0
SH00004211,DS004,2026-07-06,8.033333333333333,R_DS004_116,18.0,182.61665050000002,293.9916504833333,760.0,0.3788727188796681,2.240663900414938
SH00004212,DS004,2026-07-06,9.0,R_DS004_117,28.0,255.8566711833333,407.3459568333333,1240.0,0.47380865033950614,3.111111111111111
SH00004213,DS004,2026-07-06,9.0,,0.0,0.0,0.0,0.0,0.0,0.0
SH00004214,DS004,2026-07-06,9.0,R_DS004_119,19.0,181.26124966666663,294.0183924833333,805.0,0.33566898086419744,2.111111111111111
SH00004215,DS004,2026-07-06,8.466666666666667,,0.0,0.0,0.0,0.0,0.0,0.0
SH00004216,DS004,2026-07-06,9.0,R_DS004_122,20.0,189.9010885,302.8189456666667,845.0,0.3516686824074074,2.2222222222222223
SH00004217,DS004,2026-07-06,9.0,R_DS004_123,24.0,254.97871279999998,410.4215699166666,1060.0,0.47218280148148145,2.6666666666666665
SH00004218,DS004,2026-07-06,9.0,,0.0,0.0,0.0,0.0,0.0,0.0
SH00004219,DS004,2026-07-06,9.0,R_DS004_125,22.0,182.25267689999998,293.14553405,940.0,0.3375049572222222,2.4444444444444446
SH00004220,DS004,2026-07-06,9.0,R_DS004_126,29.0,261.8402185166667,415.86879,1280.0,0.4848892935493828,3.2222222222222223
SH00004221,DS004,2026-07-06,9.0,R_DS004_128,21.0,193.35752154999997,302.3218072666666,895.0,0.3580694843518518,2.3333333333333335
SH00004222,DS004,2026-07-06,9.0,R_DS004_129,26.0,251.34826875,396.60184016666665,1150.0,0.4654597569444444,2.888888888888889
SH00004223,DS004,2026-07-06,9.0,,0.0,0.0,0.0,0.0,0.0,0.0
SH00004224,DS004,2026-07-06,9.0,R_DS004_131,18.0,173.72205268333332,281.52919555,770.0,0.32170750496913575,2.0
SH00004225,DS004,2026-07-06,0.0,,0.0,0.0,0.0,0.0,0.0,0.0
SH00004226,DS004,2026-07-06,9.0,,0.0,0.0,0.0,0.0,0.0,0.0
SH00004227,DS004,2026-07-06,9.0,R_DS004_135,27.0,239.9388209666667,389.9816781166666,1195.0,0.44433114993827166,3.0
SH00004228,DS004,2026-07-06,8.466666666666667,R_DS004_137,19.0,177.52630219999998,273.85844506666666,810.0,0.34946122480314956,2.2440944881889764
SH00004229,DS004,2026-07-06,9.0,R_DS004_138,28.0,249.7554554666667,389.86616976666676,1235.0,0.4625101027160494,3.111111111111111
SH00004230,DS004,2026-07-06,9.0,,0.0,0.0,0.0,0.0,0.0,0.0
SH00004231,DS004,2026-07-06,9.0,,0.0,0.0,0.0,0.0,0.0,0.0
SH00004232,DS004,2026-07-06,8.7,R_DS004_143,19.0,156.15813799999998,250.52956658333332,810.0,0.2991535210727969,2.1839080459770117
SH00004233,DS004,2026-07-06,9.0,R_DS004_144,26.0,251.5823335833333,404.1001907166666,1155.0,0.46589321033950615,2.888888888888889
SH00004234,DS004,2026-07-06,0.0,,0.0,0.0,0.0,0.0,0.0,0.0
SH00004235,DS004,2026-07-06,9.0,R_DS004_146,18.0,156.52129913333334,248.64272773333334,770.0,0.289854257654321,2.0
SH00004236,DS004,2026-07-06,9.0,R_DS004_147,25.0,252.36819150000005,399.90390575,1110.0,0.4673485027777779,2.7777777777777777
SH00004237,DS004,2026-07-06,9.0,R_DS004_149,16.0,158.18287773333336,251.55787776666668,685.0,0.29293125506172846,1.7777777777777777
SH00004238,DS004,2026-07-06,9.0,R_DS004_150,27.0,242.12601348333328,383.74744205,1195.0,0.4483815064506172,3.0
SH00004239,DS004,2026-07-06,9.0,,0.0,0.0,0.0,0.0,0.0,0.0
SH00004240,DS004,2026-07-06,0.0,,0.0,0.0,0.0,0.0,0.0,0.0
SH00004241,DS004,2026-07-06,9.0,R_DS004_153,25.0,245.74408078333332,394.7405094000001,1105.0,0.4550816310802469,2.7777777777777777
SH00004242,DS004,2026-07-06,9.0,,0.0,0.0,0.0,0.0,0.0,0.0
SH00004243,DS004,2026-07-06,9.0,R_DS004_156,24.0,242.44145308333333,391.48788166666674,1065.0,0.44896565385802467,2.6666666666666665
SH00004244,DS004,2026-07-06,9.0,,0.0,0.0,0.0,0.0,0.0,0.0
SH00004245,DS004,2026-07-06,9.0,R_DS004_158,17.0,160.41471449999997,248.90400020000004,730.0,0.2970642861111111,1.8888888888888888
SH00004246,DS004,2026-07-06,9.0,R_DS004_159,26.0,238.85975738333335,377.2669003,1150.0,0.4423328840432099,2.888888888888889
SH00004247,DS004,2026-07-06,9.0,,0.0,0.0,0.0,0.0,0.0,0.0
SH00004273,DS005,2026-07-06,0.0,,0.0,0.0,0.0,0.0,0.0,0.0
SH00004274,DS005,2026-07-06,9.0,R_DS005_004,26.0,202.00466815000004,315.5653824499999,1040.0,0.3740827187962964,2.888888888888889
SH00004275,DS005,2026-07-06,9.0,R_DS005_005,40.0,272.4639722333333,428.48540081666664,1650.0,0.5045629115432099,4.444444444444445
SH00004276,DS005,2026-07-06,9.0,R_DS005_006,41.0,300.25262315000003,462.3347660499999,1730.0,0.5560233762037038,4.555555555555555
SH00004277,DS005,2026-07-06,9.0,R_DS005_007,25.0,173.04924181666667,269.15638465,1000.0,0.3204615589197531,2.7777777777777777
SH00004278,DS005,2026-07-06,0.0,,0.0,0.0,0.0,0.0,0.0,0.0
SH00004279,DS005,2026-07-06,9.0,R_DS005_010,22.0,167.51471726666665,264.07186013333336,880.0,0.31021243938271603,2.4444444444444446
SH00004280,DS005,2026-07-06,9.0,R_DS005_013,20.0,159.0287826,243.56449691666666,800.0,0.2944977455555556,2.2222222222222223
SH00004281,DS005,2026-07-06,9.0,R_DS005_017,36.0,279.1022693000001,437.08441215,1485.0,0.5168560542592594,4.0
SH00004282,DS005,2026-07-06,9.0,R_DS005_018,39.0,281.98179376666667,444.0746508000001,1665.0,0.5221885069753086,4.333333333333333
SH00004283,DS005,2026-07-06,9.0,R_DS005_019,17.0,134.54038753333336,210.94395893333336,680.0,0.24914886580246917,1.8888888888888888
SH00004284,DS005,2026-07-06,9.0,R_DS005_020,35.0,259.46068124999994,407.7356812500001,1450.0,0.48048274305555544,3.888888888888889
SH00004285,DS005,2026-07-06,8.483333333333333,R_DS005_021,38.0,272.51114098333335,425.1039981999999,1625.0,0.5353853457432876,4.479371316306484
SH00004286,DS005,2026-07-06,9.0,R_DS005_023,36.0,273.13101051666666,430.5667249,1485.0,0.5057981676234568,4.0
SH00004287,DS005,2026-07-06,9.0,R_DS005_024,40.0,274.37125133333336,425.6069656166668,1720.0,0.5080949098765433,4.444444444444445
SH00004288,DS005,2026-07-06,9.0,R_DS005_025,12.0,90.31137486666667,140.64708916666666,480.0,0.16724328679012346,1.3333333333333333
SH00004289,DS005,2026-07-06,9.0,R_DS005_026,37.0,271.21393113333335,425.85321690000006,1530.0,0.502248020617284,4.111111111111111
SH00004290,DS005,2026-07-06,9.0,R_DS005_027,37.0,270.9815494666667,417.78512090000004,1595.0,0.5018176841975309,4.111111111111111
SH00004291,DS005,2026-07-06,8.416666666666666,R_DS005_028,9.0,57.269985,88.64141356666667,360.0,0.11340591089108912,1.0693069306930694
SH00004292,DS005,2026-07-06,9.0,R_DS005_030,37.0,262.7996308333334,406.3496308166666,1610.0,0.48666598302469155,4.111111111111111
SH00004293,DS005,2026-07-06,9.0,R_DS005_031,8.0,64.7099121,104.53491213333334,320.0,0.11983317055555555,0.8888888888888888
SH00004294,DS005,2026-07-06,9.0,R_DS005_032,33.0,258.96704680000005,403.2241896666666,1365.0,0.4795686051851853,3.6666666666666665
SH00004295,DS005,2026-07-06,9.0,R_DS005_033,35.0,263.9964586,415.5178872166667,1515.0,0.4888823307407407,3.888888888888889
SH00004296,DS005,2026-07-06,9.0,R_DS005_034,7.0,59.24117755,91.12689181666667,280.0,0.10970588435185186,0.7777777777777778
SH00004297,DS005,2026-07-06,9.0,R_DS005_037,7.0,52.860001016666665,82.20642958333332,280.0,0.09788889077160494,0.7777777777777778
SH00004298,DS005,2026-07-06,9.0,R_DS005_038,36.0,250.06971418333336,389.3125712833333,1490.0,0.46309206330246916,4.0
SH00004299,DS005,2026-07-06,9.0,R_DS005_039,36.0,244.20340784999993,381.74269354999996,1565.0,0.45222853305555544,4.0
SH00004300,DS005,2026-07-06,9.0,R_DS005_040,6.0,40.849301716666666,66.24215886666667,240.0,0.0756468550308642,0.6666666666666666
SH00004301,DS005,2026-07-06,9.0,R_DS005_041,29.0,239.53843215,372.67414636666666,1200.0,0.4435896891666667,3.2222222222222223
SH00004302,DS005,2026-07-06,9.0,R_DS005_042,32.0,236.9976304666667,378.34763048333326,1385.0,0.43888450086419756,3.5555555555555554
SH00004303,DS005,2026-07-06,9.0,R_DS005_044,30.0,230.11290694999997,355.56647845,1245.0,0.4261350128703703,3.3333333333333335
SH00004304,DS005,2026-07-06,9.0,R_DS005_045,29.0,236.58358825000002,368.4657311666668,1270.0,0.43811775601851854,3.2222222222222223
SH00004305,DS005,2026-07-06,0.0,,0.0,0.0,0.0,0.0,0.0,0.0
SH00004306,DS005,2026-07-06,9.0,R_DS005_047,29.0,231.48724765,359.31939051666666,1195.0,0.4286800882407407,3.2222222222222223
SH00004307,DS005,2026-07-06,9.0,R_DS005_048,33.0,236.39963365,365.16391936666673,1445.0,0.43777709935185183,3.6666666666666665
SH00004308,DS005,2026-07-06,8.65,R_DS005_049,4.0,30.220123700000002,47.64155225,160.0,0.05822759865125241,0.4624277456647399
SH00004309,DS005,2026-07-06,9.0,R_DS005_051,33.0,238.47897835000003,364.9611211833333,1445.0,0.44162773768518526,3.6666666666666665
SH00004310,DS005,2026-07-06,9.0,R_DS005_052,5.0,38.902869700000004,60.27786973333333,200.0,0.0720423512962963,0.5555555555555556
SH00004311,DS005,2026-07-06,0.0,,0.0,0.0,0.0,0.0,0.0,0.0
SH00004312,DS005,2026-07-06,0.0,,0.0,0.0,0.0,0.0,0.0,0.0
SH00004313,DS005,2026-07-06,0.0,,0.0,0.0,0.0,0.0,0.0,0.0
SH00004314,DS005,2026-07-06,9.0,R_DS005_058,2.0,15.409732633333334,23.156161216666668,80.0,0.028536541913580248,0.2222222222222222
SH00004315,DS005,2026-07-06,9.0,R_DS005_060,31.0,234.00713296666663,364.95713293333324,1350.0,0.43334654253086413,3.4444444444444446
SH00004316,DS005,2026-07-06,9.0,R_DS005_061,3.0,17.73742905,26.126714783333334,120.0,0.032847090833333335,0.3333333333333333
SH00004317,DS005,2026-07-06,9.0,R_DS005_062,30.0,223.60041238333335,345.3254123666666,1255.0,0.4140748377469136,3.3333333333333335
SH00004318,DS005,2026-07-06,0.0,,0.0,0.0,0.0,0.0,0.0,0.0
SH00004319,DS005,2026-07-06,0.0,,0.0,0.0,0.0,0.0,0.0,0.0
SH00004320,DS005,2026-07-06,9.0,R_DS005_066,31.0,229.22145390000003,355.7035967833334,1355.0,0.4244841738888889,3.4444444444444446
SH00004321,DS005,2026-07-06,9.0,R_DS005_067,1.0,4.1988825,5.870311066666667,40.0,0.007775708333333333,0.1111111111111111
SH00004322,DS005,2026-07-06,9.0,R_DS005_068,28.0,208.72357366666668,324.3414308166667,1165.0,0.3865251364197531,3.111111111111111
SH00004323,DS005,2026-07-06,9.0,R_DS005_069,33.0,232.73768053333336,369.7626805,1445.0,0.43099570469135806,3.6666666666666665
SH00004324,DS005,2026-07-06,0.0,,0.0,0.0,0.0,0.0,0.0,0.0
SH00004325,DS005,2026-07-06,9.0,R_DS005_072,33.0,235.72674901666667,371.3696062,1440.0,0.43653101669753086,3.6666666666666665
SH00004326,DS005,2026-07-06,0.0,,0.0,0.0,0.0,0.0,0.0,0.0
SH00004327,DS005,2026-07-06,9.0,R_DS005_074,27.0,177.20680501666666,273.8925193166666,1130.0,0.3281607500308642,3.0
SH00004328,DS005,2026-07-06,9.0,R_DS005_075,29.0,226.95964193333333,359.03464191666666,1275.0,0.42029563320987656,3.2222222222222223
SH00004329,DS005,2026-07-06,9.0,R_DS005_077,27.0,204.86499428333337,311.70785148333334,1125.0,0.37937961904320994,3.0
SH00004330,DS005,2026-07-06,9.0,R_DS005_080,26.0,186.60941665,290.17370235,1090.0,0.34557299379629625,2.888888888888889
SH00004331,DS005,2026-07-06,9.0,R_DS005_081,26.0,221.09095178333337,346.93023748333337,1140.0,0.4094276884876544,2.888888888888889
SH00004332,DS005,2026-07-06,9.0,R_DS005_083,27.0,200.15397278333333,310.2432585,1130.0,0.370655505154321,3.0
SH00004333,DS005,2026-07-06,9.0,R_DS005_087,29.0,235.72943890000002,363.01515320000004,1270.0,0.436535997962963,3.2222222222222223
SH00004334,DS005,2026-07-06,9.0,R_DS005_088,1.0,4.71202425,7.476309966666666,40.0,0.008725970833333332,0.1111111111111111
SH00004335,DS005,2026-07-06,0.0,,0.0,0.0,0.0,0.0,0.0,0.0
SH00004336,DS005,2026-07-06,9.0,R_DS005_090,30.0,223.5353806666667,352.78180920000005,1315.0,0.41395440864197536,3.3333333333333335
SH00004337,DS005,2026-07-06,9.0,,0.0,0.0,0.0,0.0,0.0,0.0
SH00004338,DS005,2026-07-06,9.0,R_DS005_093,28.0,218.93991941666664,343.8792050833333,1225.0,0.40544429521604936,3.111111111111111
SH00004339,DS005,2026-07-06,9.0,,0.0,0.0,0.0,0.0,0.0,0.0
SH00004340,DS005,2026-07-06,9.0,R_DS005_095,23.0,181.68631323333338,281.1041703833333,970.0,0.33645613561728405,2.5555555555555554
SH00004341,DS005,2026-07-06,9.0,R_DS005_096,29.0,224.68576793333332,350.78219655000004,1275.0,0.4160847554320988,3.2222222222222223
SH00004342,DS005,2026-07-06,9.0,,0.0,0.0,0.0,0.0,0.0,0.0
SH00004343,DS005,2026-07-06,9.0,R_DS005_098,25.0,191.6072257666667,301.8572257833333,1055.0,0.35482819586419756,2.7777777777777777
SH00004344,DS005,2026-07-06,9.0,,0.0,0.0,0.0,0.0,0.0,0.0
SH00004345,DS005,2026-07-06,9.0,R_DS005_101,22.0,162.4101215833333,251.79940730000004,930.0,0.3007594844135802,2.4444444444444446
SH00004346,DS005,2026-07-06,9.0,R_DS005_102,30.0,209.7965838833333,323.2287267666667,1320.0,0.38851219237654316,3.3333333333333335
SH00004347,DS005,2026-07-06,9.0,,0.0,0.0,0.0,0.0,0.0,0.0
SH00004348,DS005,2026-07-06,9.0,R_DS005_104,22.0,159.45761324999998,246.30761321666674,920.0,0.2952918763888889,2.4444444444444446
SH00004349,DS005,2026-07-06,9.0,R_DS005_105,30.0,215.54423748333332,334.34423751666674,1315.0,0.39915599533950613,3.3333333333333335
SH00004350,DS005,2026-07-06,9.0,R_DS005_107,22.0,155.33015211666665,240.1230092333334,925.0,0.287648429845679,2.4444444444444446
SH00004351,DS005,2026-07-06,9.0,R_DS005_108,30.0,216.65068516666662,339.46854238333333,1325.0,0.4012049725308641,3.3333333333333335
SH00004352,DS005,2026-07-06,9.0,,0.0,0.0,0.0,0.0,0.0,0.0
SH00004353,DS005,2026-07-06,0.0,,0.0,0.0,0.0,0.0,0.0,0.0
SH00004354,DS005,2026-07-06,9.0,R_DS005_111,31.0,212.51270925,331.1841378833333,1365.0,0.39354205416666665,3.4444444444444446
SH00004355,DS005,2026-07-06,9.0,,0.0,0.0,0.0,0.0,0.0,0.0
SH00004356,DS005,2026-07-06,9.0,R_DS005_114,26.0,213.5450986333333,336.23438435,1140.0,0.39545388635802464,2.888888888888889
SH00004357,DS005,2026-07-06,9.0,R_DS005_116,21.0,162.23944000000003,250.02158281666667,885.0,0.30044340740740744,2.3333333333333335
SH00004358,DS005,2026-07-06,9.0,R_DS005_117,27.0,203.7977940166667,320.2513654333334,1195.0,0.3774033222530865,3.0
SH00004359,DS005,2026-07-06,8.65,,0.0,0.0,0.0,0.0,0.0,0.0
SH00004360,DS005,2026-07-06,9.0,R_DS005_119,18.0,138.48062403333333,218.51633828333334,765.0,0.2564456000617284,2.0
SH00004361,DS005,2026-07-06,9.0,,0.0,0.0,0.0,0.0,0.0,0.0
SH00004362,DS005,2026-07-06,9.0,R_DS005_122,18.0,141.01649741666668,214.97721165000002,765.0,0.2611416618827161,2.0
SH00004363,DS005,2026-07-06,9.0,R_DS005_123,29.0,196.78697811666663,307.6155495333333,1285.0,0.36442032984567896,3.2222222222222223
SH00004364,DS005,2026-07-06,9.0,,0.0,0.0,0.0,0.0,0.0,0.0
SH00004365,DS005,2026-07-06,9.0,R_DS005_126,26.0,204.75636381666666,321.0813637833333,1150.0,0.3791784515123457,2.888888888888889
SH00004366,DS005,2026-07-06,9.0,R_DS005_128,16.0,119.74119991666667,190.48762849999997,685.0,0.22174296280864197,1.7777777777777777
SH00004367,DS005,2026-07-06,9.0,R_DS005_129,28.0,204.1887218166667,317.97443608333333,1235.0,0.37812726262345686,3.111111111111111
SH00004368,DS005,2026-07-06,9.0,,0.0,0.0,0.0,0.0,0.0,0.0
SH00004369,DS005,2026-07-06,9.0,R_DS005_131,15.0,120.5824332,188.95029033333333,645.0,0.2233008022222222,1.6666666666666667
SH00004370,DS005,2026-07-06,9.0,R_DS005_132,26.0,195.69063519999997,307.2584923166666,1145.0,0.36239006518518513,2.888888888888889
SH00004371,DS005,2026-07-06,9.0,,0.0,0.0,0.0,0.0,0.0,0.0
SH00004372,DS005,2026-07-06,9.0,R_DS005_135,26.0,189.47281395000002,296.37995681666666,1145.0,0.3508755813888889,2.888888888888889
SH00004404,DS001,2026-07-07,9.0,R_DS001_001,36.0,217.7440714833333,328.3369286333333,1270.0,0.4032297620061728,4.0
SH00004405,DS001,2026-07-07,9.0,R_DS001_003,48.0,281.38945738333337,431.63945738333325,1810.0,0.5210915877469137,5.333333333333333
SH00004406,DS001,2026-07-07,8.083333333333334,R_DS001_004,26.0,169.61693209999996,260.41336065,920.0,0.3497256331958762,3.2164948453608244
SH00004407,DS001,2026-07-07,9.0,R_DS001_005,44.0,266.98190028333335,408.28190028333324,1600.0,0.4944109264506173,4.888888888888889
SH00004408,DS001,2026-07-07,9.0,R_DS001_006,42.0,291.86170853333334,443.41170853333324,1580.0,0.5404846454320987,4.666666666666667
SH00004409,DS001,2026-07-07,9.0,R_DS001_007,32.0,190.75059681666667,281.93988253333333,1135.0,0.35324184595679015,3.5555555555555554
SH00004410,DS001,2026-07-07,9.0,R_DS001_008,43.0,266.8786929666666,400.6286929666667,1550.0,0.49421980179012337,4.777777777777778
SH00004411,DS001,2026-07-07,9.0,R_DS001_010,29.0,197.22150799999997,302.1072222833334,1025.0,0.3652250148148148,3.2222222222222223
SH00004412,DS001,2026-07-07,9.0,R_DS001_011,42.0,265.64395755000004,409.49395755,1530.0,0.49193325472222227,4.666666666666667
SH00004413,DS001,2026-07-07,9.0,R_DS001_012,42.0,281.8151857833333,429.29018578333336,1590.0,0.5218799736728394,4.666666666666667
SH00004414,DS001,2026-07-07,9.0,R_DS001_013,21.0,142.72511483333332,218.45011483333332,740.0,0.2643057682098765,2.3333333333333335
SH00004415,DS001,2026-07-07,9.0,R_DS001_014,42.0,263.91480635000005,396.71480635000006,1520.0,0.48873112287037046,4.666666666666667
SH00004416,DS001,2026-07-07,9.0,R_DS001_015,41.0,265.5456606833332,410.12066068333337,1555.0,0.4917512234876541,4.555555555555555
SH00004417,DS001,2026-07-07,0.0,,0.0,0.0,0.0,0.0,0.0,0.0
SH00004418,DS001,2026-07-07,9.0,R_DS001_018,41.0,261.8896328166666,397.66463281666677,1560.0,0.48498080151234557,4.555555555555555
SH00004419,DS001,2026-07-07,9.0,R_DS001_019,18.0,126.0890359333333,192.16760735000003,640.0,0.23349821469135798,2.0
SH00004420,DS001,2026-07-07,9.0,R_DS001_020,38.0,252.84420065000003,384.76920065,1380.0,0.4682300012037038,4.222222222222222
SH00004421,DS001,2026-07-07,9.0,R_DS001_021,37.0,245.2826370666667,374.75763706666675,1420.0,0.4542271056790124,4.111111111111111
SH00004422,DS001,2026-07-07,9.0,R_DS001_022,16.0,113.66041531666667,176.10684389999997,570.0,0.21048225058641976,1.7777777777777777
SH00004423,DS001,2026-07-07,8.516666666666667,R_DS001_024,37.0,238.7065231,364.85652309999995,1420.0,0.46713605303326805,4.344422700587084
SH00004424,DS001,2026-07-07,9.0,R_DS001_025,16.0,97.53703766666668,146.41203768333335,570.0,0.18062414382716052,1.7777777777777777
SH00004425,DS001,2026-07-07,9.0,R_DS001_026,37.0,249.72663936666663,381.5016393666667,1345.0,0.4624567395679012,4.111111111111111
SH00004426,DS001,2026-07-07,9.0,R_DS001_028,11.0,81.44223573333333,123.5136643,395.0,0.1508189550617284,1.2222222222222223
SH00004427,DS001,2026-07-07,9.0,R_DS001_031,12.0,78.6398415,120.48984150000001,430.0,0.14562933611111112,1.3333333333333333
SH00004428,DS001,2026-07-07,9.0,R_DS001_032,43.0,242.18152435,361.48152435,1565.0,0.4484843043518518,4.777777777777778
SH00004429,DS001,2026-07-07,0.0,,0.0,0.0,0.0,0.0,0.0,0.0
SH00004430,DS001,2026-07-07,9.0,R_DS001_034,12.0,72.53964983333333,110.07536411666666,430.0,0.1343326848765432,1.3333333333333333
SH00004431,DS001,2026-07-07,9.0,R_DS001_035,35.0,248.5966669166666,380.69666691666663,1275.0,0.46036419799382705,3.888888888888889
SH00004432,DS001,2026-07-07,9.0,R_DS001_040,11.0,69.34218018333333,110.14218018333334,395.0,0.1284114447839506,1.2222222222222223
SH00004433,DS001,2026-07-07,9.0,R_DS001_041,36.0,230.44344114999996,348.14344115000006,1310.0,0.42674711324074066,4.0
SH00004434,DS001,2026-07-07,8.35,R_DS001_042,38.0,233.1056822833333,353.70568228333343,1470.0,0.4652808029607451,4.550898203592815
SH00004435,DS001,2026-07-07,8.333333333333334,R_DS001_043,9.0,49.42051273333333,75.77408418333333,325.0,0.09884102546666665,1.0799999999999998
SH00004436,DS001,2026-07-07,0.0,,0.0,0.0,0.0,0.0,0.0,0.0
SH00004437,DS001,2026-07-07,9.0,R_DS001_046,9.0,62.48130110000001,99.17415823333332,325.0,0.11570611314814817,1.0
SH00004438,DS001,2026-07-07,9.0,R_DS001_047,34.0,219.0812313666666,329.2562313666667,1245.0,0.40570598401234553,3.7777777777777777
SH00004439,DS001,2026-07-07,9.0,R_DS001_048,36.0,232.18225653333332,354.03225653333334,1385.0,0.429967141728395,4.0
SH00004440,DS001,2026-07-07,9.0,R_DS001_049,9.0,52.40647488333334,82.15647488333333,325.0,0.09704902756172841,1.0
SH00004441,DS001,2026-07-07,9.0,R_DS001_050,37.0,218.9806007833333,330.1056007833333,1345.0,0.40551963108024686,4.111111111111111
SH00004442,DS001,2026-07-07,8.65,R_DS001_053,33.0,211.12352296666666,325.5985229666667,1200.0,0.40678906159280664,3.8150289017341037
SH00004443,DS001,2026-07-07,9.0,R_DS001_054,36.0,242.03953784999996,365.2145378500001,1380.0,0.4482213663888888,4.0
SH00004444,DS001,2026-07-07,9.0,R_DS001_055,7.0,49.72603106666667,74.39031676666667,255.0,0.09208524271604938,0.7777777777777778
SH00004445,DS001,2026-07-07,0.0,,0.0,0.0,0.0,0.0,0.0,0.0
SH00004446,DS001,2026-07-07,9.0,R_DS001_057,32.0,221.73494708333337,346.9849470833333,1235.0,0.41062027237654325,3.5555555555555554
SH00004447,DS001,2026-07-07,9.0,R_DS001_060,34.0,228.72837184999997,348.52837185,1315.0,0.42357105898148145,3.7777777777777777
SH00004448,DS001,2026-07-07,9.0,R_DS001_061,7.0,43.771158099999994,66.86758668333333,255.0,0.08105770018518517,0.7777777777777778
SH00004449,DS001,2026-07-07,9.0,R_DS001_063,34.0,221.28232523333335,343.18232523333324,1315.0,0.4097820837654321,3.7777777777777777
SH00004450,DS001,2026-07-07,9.0,R_DS001_064,5.0,27.399572816666666,41.9210014,185.0,0.050739949660493826,0.5555555555555556
SH00004451,DS001,2026-07-07,0.0,,0.0,0.0,0.0,0.0,0.0,0.0
SH00004452,DS001,2026-07-07,9.0,R_DS001_067,5.0,33.988071633333334,53.7595002,180.0,0.06294087339506173,0.5555555555555556
SH00004453,DS001,2026-07-07,8.75,R_DS001_068,29.0,211.76082456666663,318.5358245666666,1065.0,0.4033539515555555,3.3142857142857145
SH00004454,DS001,2026-07-07,0.0,,0.0,0.0,0.0,0.0,0.0,0.0
SH00004455,DS001,2026-07-07,8.1,R_DS001_070,3.0,19.488584033333332,29.6207269,115.0,0.040099967146776404,0.3703703703703704
SH00004456,DS001,2026-07-07,9.0,R_DS001_071,28.0,205.41009703333333,310.6350970333333,1020.0,0.3803890685802469,3.111111111111111
SH00004457,DS001,2026-07-07,0.0,,0.0,0.0,0.0,0.0,0.0,0.0
SH00004458,DS001,2026-07-07,0.0,,0.0,0.0,0.0,0.0,0.0,0.0
SH00004459,DS001,2026-07-07,0.0,,0.0,0.0,0.0,0.0,0.0,0.0
SH00004460,DS001,2026-07-07,9.0,R_DS001_077,30.0,203.16269121666673,307.78769121666664,1100.0,0.37622720595679027,3.3333333333333335
SH00004461,DS001,2026-07-07,9.0,R_DS001_078,36.0,224.56580263333336,340.19080263333336,1390.0,0.41586259746913584,4.0
SH00004462,DS001,2026-07-07,9.0,R_DS001_080,31.0,180.59985393333332,276.59985393333335,1135.0,0.33444417395061726,3.4444444444444446
SH00004463,DS001,2026-07-07,8.483333333333333,R_DS001_081,34.0,224.91894471666674,342.7189447166667,1315.0,0.4418839778323512,4.0078585461689595
SH00004464,DS001,2026-07-07,9.0,R_DS001_083,28.0,193.35363070000005,293.85363070000005,1030.0,0.3580622790740742,3.111111111111111
SH00004465,DS001,2026-07-07,8.333333333333334,R_DS001_084,33.0,226.98200410000004,347.58200409999995,1280.0,0.45396400820000005,3.9599999999999995
SH00004466,DS001,2026-07-07,9.0,R_DS001_085,2.0,11.392905633333335,18.175048483333335,80.0,0.021097973395061732,0.2222222222222222
SH00004467,DS001,2026-07-07,9.0,R_DS001_087,34.0,222.31262041666668,339.11262041666663,1320.0,0.411690037808642,3.7777777777777777
SH00004468,DS001,2026-07-07,8.533333333333333,R_DS001_088,2.0,21.81061305,33.63918446666666,80.0,0.04259885361328125,0.234375
SH00004469,DS001,2026-07-07,0.0,,0.0,0.0,0.0,0.0,0.0,0.0
SH00004470,DS001,2026-07-07,9.0,R_DS001_090,34.0,216.13814738333338,323.56314738333333,1320.0,0.4002558284876544,3.7777777777777777
SH00004471,DS001,2026-07-07,9.0,R_DS001_091,2.0,13.795071416666666,23.952214283333333,80.0,0.025546428549382716,0.2222222222222222
SH00004472,DS001,2026-07-07,9.0,R_DS001_092,28.0,184.29133701666674,280.34133701666667,1025.0,0.34128025373456805,3.111111111111111
SH00004473,DS001,2026-07-07,9.0,R_DS001_094,2.0,12.472919099999999,19.544347666666667,80.0,0.02309799833333333,0.2222222222222222
SH00004474,DS001,2026-07-07,9.0,R_DS001_095,27.0,180.5872625166667,277.5372625166667,995.0,0.3344208565123457,3.0
SH00004475,DS001,2026-07-07,9.0,R_DS001_096,35.0,213.04964683333336,331.6996468333333,1355.0,0.3945363830246914,3.888888888888889
SH00004476,DS001,2026-07-07,9.0,R_DS001_097,2.0,15.872292866666667,22.91157858333333,80.0,0.029393134938271608,0.2222222222222222
SH00004477,DS001,2026-07-07,9.0,R_DS001_098,22.0,158.41605938333333,239.59105938333332,815.0,0.2933630729320988,2.4444444444444446
SH00004478,DS001,2026-07-07,9.0,R_DS001_099,31.0,207.41317065,320.3131706500001,1210.0,0.3840984641666667,3.4444444444444446
SH00004479,DS001,2026-07-07,9.0,R_DS001_101,23.0,149.81360299999997,230.41360300000005,855.0,0.2774325981481481,2.5555555555555554
SH00004480,DS001,2026-07-07,8.45,R_DS001_102,32.0,208.87877835,318.57877835,1245.0,0.41198970088757403,3.7869822485207103
SH00004481,DS001,2026-07-07,9.0,R_DS001_103,2.0,12.625530516666664,21.59338765,80.0,0.023380612067901232,0.2222222222222222
SH00004482,DS001,2026-07-07,9.0,R_DS001_104,20.0,118.47448969999999,183.5244897,750.0,0.21939720314814815,2.2222222222222223
SH00004483,DS001,2026-07-07,0.0,,0.0,0.0,0.0,0.0,0.0,0.0
SH00004484,DS001,2026-07-07,0.0,,0.0,0.0,0.0,0.0,0.0,0.0
SH00004485,DS001,2026-07-07,9.0,R_DS001_108,32.0,204.60474066666671,313.3297406666667,1245.0,0.37889766790123464,3.5555555555555554
SH00004486,DS001,2026-07-07,9.0,R_DS001_109,2.0,15.306808199999999,24.499665333333333,80.0,0.02834594111111111,0.2222222222222222
SH00004487,DS001,2026-07-07,9.0,R_DS001_110,21.0,138.54126048333336,208.24126048333332,795.0,0.25655788978395067,2.3333333333333335
SH00004488,DS001,2026-07-07,9.0,R_DS001_111,32.0,198.90987503333335,300.23487503333337,1245.0,0.3683516204320988,3.5555555555555554
SH00004489,DS001,2026-07-07,9.0,R_DS001_113,23.0,131.49673356666665,199.17173356666663,860.0,0.2435124695679012,2.5555555555555554
SH00004490,DS001,2026-07-07,9.0,R_DS001_115,2.0,20.058674083333333,30.95510265,80.0,0.03714569274691358,0.2222222222222222
SH00004491,DS001,2026-07-07,9.0,R_DS001_116,19.0,118.88852315,186.56352314999998,710.0,0.22016393175925925,2.111111111111111
SH00004492,DS001,2026-07-07,8.366666666666667,R_DS001_117,34.0,197.53087488333327,299.5808748833333,1325.0,0.39348779857237703,4.063745019920319
SH00004493,DS001,2026-07-07,0.0,,0.0,0.0,0.0,0.0,0.0,0.0
SH00004494,DS001,2026-07-07,9.0,R_DS001_119,19.0,124.4182516,191.8182515833333,715.0,0.23040416962962965,2.111111111111111
SH00004495,DS001,2026-07-07,9.0,R_DS001_120,32.0,205.71025889999999,309.56025890000006,1250.0,0.38094492388888884,3.5555555555555554
SH00004496,DS001,2026-07-07,8.75,R_DS001_122,20.0,123.29608106666666,190.99608106666668,750.0,0.23484967822222222,2.2857142857142856
SH00004497,DS001,2026-07-07,9.0,R_DS001_123,27.0,198.61738868333336,306.9173886833333,1060.0,0.36780997904320994,3.0
SH00004498,DS001,2026-07-07,9.0,R_DS001_124,2.0,16.805924533333332,27.1880674,80.0,0.031122082469135802,0.2222222222222222
SH00004499,DS001,2026-07-07,0.0,,0.0,0.0,0.0,0.0,0.0,0.0
SH00004500,DS001,2026-07-07,9.0,R_DS001_127,2.0,12.844650066666667,20.719650066666667,80.0,0.023786389012345678,0.2222222222222222
SH00004501,DS001,2026-07-07,9.0,R_DS001_129,28.0,189.97234570000006,291.8723457,1090.0,0.3518006401851853,3.111111111111111
SH00004502,DS001,2026-07-07,9.0,R_DS001_131,16.0,115.8625042,178.51250419999997,600.0,0.21456019296296297,1.7777777777777777
SH00004503,DS001,2026-07-07,9.0,R_DS001_132,34.0,187.79530711666666,291.52030711666663,1335.0,0.3477690872530864,3.7777777777777777
SH00004504,DS001,2026-07-07,9.0,R_DS001_133,1.0,10.070933433333332,17.206647716666666,40.0,0.01864987672839506,0.1111111111111111
SH00004505,DS001,2026-07-07,8.4,R_DS001_134,16.0,111.68362889999999,169.30862889999997,600.0,0.22159450178571427,1.9047619047619047
SH00004506,DS001,2026-07-07,9.0,R_DS001_136,2.0,13.622090766666666,21.729233633333337,75.0,0.025226094012345678,0.2222222222222222
SH00004507,DS001,2026-07-07,9.0,R_DS001_137,16.0,99.26229201666669,150.33729201666668,605.0,0.18381905929012352,1.7777777777777777
SH00004508,DS001,2026-07-07,9.0,R_DS001_138,29.0,191.9249071666667,293.07490716666666,1135.0,0.3554164947530865,3.2222222222222223
SH00004509,DS001,2026-07-07,9.0,R_DS001_139,2.0,14.6245127,23.303084149999997,80.0,0.027082430925925927,0.2222222222222222
SH00004510,DS001,2026-07-07,9.0,R_DS001_140,17.0,101.44726560000002,150.5222656,645.0,0.1878653066666667,1.8888888888888888
SH00004511,DS001,2026-07-07,9.0,R_DS001_143,14.0,91.15407588333333,139.00407588333331,530.0,0.16880384422839506,1.5555555555555556
SH00004512,DS001,2026-07-07,9.0,R_DS001_144,29.0,188.67538276666667,289.2003827666666,1140.0,0.34939885697530865,3.2222222222222223
SH00004513,DS001,2026-07-07,9.0,R_DS001_145,2.0,13.90521395,21.844499650000003,80.0,0.025750396203703705,0.2222222222222222
SH00004514,DS001,2026-07-07,9.0,R_DS001_146,10.0,80.29450356666665,125.46950356666666,385.0,0.14869352512345677,1.1111111111111112
SH00004515,DS001,2026-07-07,9.0,R_DS001_147,29.0,183.71433495000002,275.98933495,1135.0,0.34021173138888894,3.2222222222222223
SH00004516,DS001,2026-07-07,0.0,,0.0,0.0,0.0,0.0,0.0,0.0
SH00004517,DS001,2026-07-07,9.0,R_DS001_150,27.0,184.29925110000005,282.9492511,1055.0,0.3412949094444445,3.0
SH00004518,DS001,2026-07-07,0.0,,0.0,0.0,0.0,0.0,0.0,0.0
SH00004519,DS001,2026-07-07,9.0,R_DS001_152,14.0,87.83307031666666,134.25807031666665,540.0,0.16265383391975308,1.5555555555555556
SH00004520,DS001,2026-07-07,9.0,R_DS001_153,28.0,179.68209478333333,276.45709478333333,1095.0,0.3327446199691358,3.111111111111111
SH00004521,DS001,2026-07-07,9.0,R_DS001_154,2.0,17.058491583333335,27.151348716666668,80.0,0.03158979922839507,0.2222222222222222
SH00004522,DS001,2026-07-07,9.0,R_DS001_155,11.0,75.52754696666666,118.37754696666666,420.0,0.13986582771604938,1.2222222222222223
SH00004523,DS001,2026-07-07,0.0,,0.0,0.0,0.0,0.0,0.0,0.0
SH00004524,DS001,2026-07-07,0.0,,0.0,0.0,0.0,0.0,0.0,0.0
SH00004525,DS001,2026-07-07,9.0,R_DS001_159,30.0,179.7356838333333,276.9606838333334,1175.0,0.33284385895061724,3.3333333333333335
SH00004526,DS001,2026-07-07,0.0,,0.0,0.0,0.0,0.0,0.0,0.0
SH00004527,DS001,2026-07-07,8.483333333333333,R_DS001_161,13.0,81.01489718333332,121.13989718333332,500.0,0.15916482747216765,1.532416502946955
SH00004528,DS001,2026-07-07,8.583333333333334,R_DS001_162,28.0,179.66610045000002,279.64110044999995,1100.0,0.34886621446601945,3.262135922330097
SH00004529,DS001,2026-07-07,9.0,R_DS001_164,13.0,86.71112573333333,134.5611257333333,495.0,0.1605761587654321,1.4444444444444444
SH00004530,DS001,2026-07-07,9.0,R_DS001_165,29.0,183.11242661666665,277.86242661666665,1130.0,0.33909708632716046,3.2222222222222223
SH00004560,DS002,2026-07-07,9.0,R_DS002_001,29.0,208.29043976666668,330.72615405000005,1025.0,0.3857230366049383,3.2222222222222223
SH00004561,DS002,2026-07-07,9.0,R_DS002_003,39.0,284.1133996,445.4883996,1485.0,0.5261359251851851,4.333333333333333
SH00004562,DS002,2026-07-07,9.0,R_DS002_004,26.0,204.41955243333334,313.79812384999997,920.0,0.3785547267283951,2.888888888888889
SH00004563,DS002,2026-07-07,8.616666666666667,R_DS002_005,37.0,274.27985608333336,425.10485608333335,1350.0,0.5305219653449388,4.294003868471953
SH00004564,DS002,2026-07-07,9.0,R_DS002_006,42.0,288.39759079999993,446.2725908,1595.0,0.5340696125925924,4.666666666666667
SH00004565,DS002,2026-07-07,9.0,R_DS002_007,25.0,200.6994229666667,313.4172801,885.0,0.3716655980864198,2.7777777777777777
SH00004566,DS002,2026-07-07,9.0,R_DS002_008,40.0,293.3795382333334,459.65453823333337,1455.0,0.5432954411728396,4.444444444444445
SH00004567,DS002,2026-07-07,9.0,R_DS002_010,26.0,174.12914381666667,267.2434295333333,915.0,0.32246137743827163,2.888888888888889
SH00004568,DS002,2026-07-07,9.0,R_DS002_011,40.0,289.13517136666655,452.4351713666667,1460.0,0.535435502530864,4.444444444444445
SH00004569,DS002,2026-07-07,8.683333333333334,R_DS002_012,38.0,289.78098266666666,444.6059826666666,1450.0,0.5562015022392834,4.3761996161228405
SH00004570,DS002,2026-07-07,9.0,R_DS002_013,20.0,171.74891645,270.3132021666666,705.0,0.31805354898148147,2.2222222222222223
SH00004571,DS002,2026-07-07,0.0,,0.0,0.0,0.0,0.0,0.0,0.0
SH00004572,DS002,2026-07-07,9.0,R_DS002_015,36.0,272.1328825333334,421.10788253333334,1365.0,0.5039497824691359,4.0
SH00004573,DS002,2026-07-07,9.0,R_DS002_017,44.0,276.02776333333327,425.5027633333333,1600.0,0.5111625246913579,4.888888888888889
SH00004574,DS002,2026-07-07,9.0,R_DS002_018,38.0,279.9588093333333,436.08380933333336,1445.0,0.5184422395061727,4.222222222222222
SH00004575,DS002,2026-07-07,9.0,R_DS002_019,17.0,131.76755358333332,198.01755358333332,600.0,0.24401398811728395,1.8888888888888888
SH00004576,DS002,2026-07-07,9.0,R_DS002_020,36.0,271.62097518333337,425.0959751833332,1310.0,0.5030018058950618,4.0
SH00004577,DS002,2026-07-07,9.0,R_DS002_021,35.0,258.36451901666663,405.7645190166666,1340.0,0.4784528129938271,3.888888888888889
SH00004578,DS002,2026-07-07,8.433333333333334,R_DS002_022,14.0,103.18696884999999,162.86196884999998,490.0,0.20392681590909087,1.6600790513833992
SH00004579,DS002,2026-07-07,9.0,R_DS002_024,37.0,263.6907114166667,411.6907114166667,1410.0,0.4883161322530865,4.111111111111111
SH00004580,DS002,2026-07-07,9.0,R_DS002_025,13.0,90.49984816666665,141.59627673333333,465.0,0.16759231141975306,1.4444444444444444
SH00004581,DS002,2026-07-07,9.0,R_DS002_026,38.0,271.6190890833334,420.24408908333334,1390.0,0.502998313117284,4.222222222222222
SH00004582,DS002,2026-07-07,9.0,R_DS002_028,9.0,68.57340985,107.74126698333333,320.0,0.12698779601851853,1.0
SH00004583,DS002,2026-07-07,9.0,R_DS002_029,34.0,260.1125785,411.9625785,1250.0,0.4816899601851852,3.7777777777777777
SH00004584,DS002,2026-07-07,9.0,R_DS002_031,10.0,69.065436,106.34757886666665,360.0,0.12789895555555555,1.1111111111111112
SH00004585,DS002,2026-07-07,0.0,,0.0,0.0,0.0,0.0,0.0,0.0
SH00004586,DS002,2026-07-07,9.0,R_DS002_033,36.0,246.9492649166667,385.64926491666677,1375.0,0.45731345354938274,4.0
SH00004587,DS002,2026-07-07,9.0,R_DS002_034,8.0,72.92114893333334,112.27114891666665,290.0,0.13503916469135804,0.8888888888888888
SH00004588,DS002,2026-07-07,9.0,R_DS002_035,35.0,254.2851539166667,399.2851539166667,1275.0,0.4708984331790124,3.888888888888889
SH00004589,DS002,2026-07-07,9.0,R_DS002_036,34.0,242.18047488333332,370.3304748833333,1300.0,0.4484823608950617,3.7777777777777777
SH00004590,DS002,2026-07-07,0.0,,0.0,0.0,0.0,0.0,0.0,0.0
SH00004591,DS002,2026-07-07,9.0,R_DS002_039,31.0,241.1342216666666,370.00922166666675,1195.0,0.4465448549382715,3.4444444444444446
SH00004592,DS002,2026-07-07,8.5,R_DS002_040,5.0,36.4382276,55.813227600000005,175.0,0.07144750509803921,0.5882352941176471
SH00004593,DS002,2026-07-07,9.0,R_DS002_041,34.0,252.14920608333338,392.7742060833334,1250.0,0.46694297422839515,3.7777777777777777
SH00004594,DS002,2026-07-07,0.0,,0.0,0.0,0.0,0.0,0.0,0.0
SH00004595,DS002,2026-07-07,9.0,R_DS002_043,6.0,40.028256299999995,61.24254201666667,215.0,0.07412640055555554,0.6666666666666666
SH00004596,DS002,2026-07-07,8.466666666666667,R_DS002_045,36.0,235.04923636666672,366.14923636666657,1385.0,0.46269534717847777,4.251968503937007
SH00004597,DS002,2026-07-07,0.0,,0.0,0.0,0.0,0.0,0.0,0.0
SH00004598,DS002,2026-07-07,9.0,R_DS002_047,31.0,244.57652561666666,376.1515256166667,1140.0,0.452919491882716,3.4444444444444446
SH00004599,DS002,2026-07-07,9.0,R_DS002_048,34.0,233.55130128333337,362.1513012833334,1310.0,0.4325024097839507,3.7777777777777777
SH00004600,DS002,2026-07-07,9.0,R_DS002_049,6.0,45.81377898333333,72.34592185,220.0,0.08484033145061727,0.6666666666666666
SH00004601,DS002,2026-07-07,9.0,R_DS002_050,30.0,231.31260691666665,360.66260691666673,1100.0,0.4283566794753086,3.3333333333333335
SH00004602,DS002,2026-07-07,9.0,R_DS002_052,6.0,38.975042183333336,60.671470750000005,220.0,0.07217600404320988,0.6666666666666666
SH00004603,DS002,2026-07-07,0.0,,0.0,0.0,0.0,0.0,0.0,0.0
SH00004604,DS002,2026-07-07,9.0,R_DS002_054,28.0,228.4595552,349.4845552,1075.0,0.4230732503703704,3.111111111111111
SH00004605,DS002,2026-07-07,9.0,R_DS002_055,6.0,39.93526213333333,60.57097641666667,220.0,0.07395418913580247,0.6666666666666666
SH00004606,DS002,2026-07-07,9.0,R_DS002_056,31.0,221.9589067333333,349.18390673333334,1140.0,0.4110350124691357,3.4444444444444446
SH00004607,DS002,2026-07-07,9.0,R_DS002_057,30.0,232.38628121666667,356.86128121666655,1150.0,0.4303449652160494,3.3333333333333335
SH00004608,DS002,2026-07-07,9.0,R_DS002_060,33.0,230.43142305,356.13142304999997,1270.0,0.4267248575,3.6666666666666665
SH00004609,DS002,2026-07-07,0.0,,0.0,0.0,0.0,0.0,0.0,0.0
SH00004610,DS002,2026-07-07,9.0,R_DS002_063,31.0,219.43126680000003,342.85626679999996,1200.0,0.4063541977777778,3.4444444444444446
SH00004611,DS002,2026-07-07,0.0,,0.0,0.0,0.0,0.0,0.0,0.0
SH00004612,DS002,2026-07-07,9.0,R_DS002_066,33.0,216.38429686666674,334.30929686666656,1275.0,0.4007116608641977,3.6666666666666665
SH00004613,DS002,2026-07-07,9.0,R_DS002_067,4.0,31.588477866666665,49.39919215,145.0,0.058497181234567895,0.4444444444444444
SH00004614,DS002,2026-07-07,9.0,R_DS002_068,29.0,224.12092666666666,350.0459266666666,1075.0,0.41503875308641974,3.2222222222222223
SH00004615,DS002,2026-07-07,9.0,R_DS002_069,30.0,216.24222449999996,333.51722450000005,1165.0,0.40044856388888883,3.3333333333333335
SH00004616,DS002,2026-07-07,9.0,R_DS002_070,3.0,28.129556899999997,42.86884261666667,110.0,0.052091772037037035,0.3333333333333333
SH00004617,DS002,2026-07-07,9.0,R_DS002_071,30.0,225.50590896666668,351.3809089666667,1110.0,0.4176035351234568,3.3333333333333335
SH00004618,DS002,2026-07-07,9.0,R_DS002_073,1.0,10.531082433333333,17.12036815,40.0,0.01950200450617284,0.1111111111111111
SH00004619,DS002,2026-07-07,9.0,R_DS002_074,29.0,219.53797625,337.28797625000004,1070.0,0.4065518078703704,3.2222222222222223
SH00004620,DS002,2026-07-07,9.0,R_DS002_075,26.0,216.6149239,341.6399239,1010.0,0.401138747962963,2.888888888888889
SH00004621,DS002,2026-07-07,0.0,,0.0,0.0,0.0,0.0,0.0,0.0
SH00004622,DS002,2026-07-07,9.0,R_DS002_077,29.0,204.20266839999996,313.7776684,1070.0,0.37815308962962957,3.2222222222222223
SH00004623,DS002,2026-07-07,8.333333333333334,R_DS002_078,28.0,213.08771763333337,332.88771763333335,1090.0,0.4261754352666667,3.36
SH00004624,DS002,2026-07-07,0.0,,0.0,0.0,0.0,0.0,0.0,0.0
SH00004625,DS002,2026-07-07,8.283333333333333,,0.0,0.0,0.0,0.0,0.0,0.0
SH00004626,DS002,2026-07-07,9.0,R_DS002_084,28.0,217.27295755000003,335.42295755000004,1085.0,0.4023573287962964,3.111111111111111
SH00004627,DS002,2026-07-07,9.0,R_DS002_085,1.0,12.898141149999999,18.137426866666665,40.0,0.02388544657407407,0.1111111111111111
SH00004628,DS002,2026-07-07,9.0,R_DS002_087,28.0,214.85523611666667,327.2052361166667,1090.0,0.39788006688271604,3.111111111111111
SH00004629,DS002,2026-07-07,0.0,,0.0,0.0,0.0,0.0,0.0,0.0
SH00004630,DS002,2026-07-07,9.0,R_DS002_089,29.0,194.46681916666665,309.39181916666666,1075.0,0.3601237391975308,3.2222222222222223
SH00004631,DS002,2026-07-07,9.0,R_DS002_090,30.0,213.7336407,325.2086407,1160.0,0.3958030383333333,3.3333333333333335
SH00004632,DS002,2026-07-07,9.0,R_DS002_091,1.0,9.090024666666666,14.747167516666668,40.0,0.01683337901234568,0.1111111111111111
SH00004633,DS002,2026-07-07,9.0,R_DS002_092,27.0,199.05572289999998,305.05572290000003,1000.0,0.36862170907407404,3.0
SH00004634,DS002,2026-07-07,9.0,R_DS002_094,2.0,13.476024800000001,21.640310516666666,80.0,0.024955601481481484,0.2222222222222222
SH00004635,DS002,2026-07-07,9.0,R_DS002_095,28.0,202.07083715,311.17083714999995,1045.0,0.37420525398148147,3.111111111111111
SH00004636,DS002,2026-07-07,9.0,R_DS002_096,30.0,208.94350415000005,324.76850415000007,1175.0,0.3869324150925927,3.3333333333333335
SH00004637,DS002,2026-07-07,9.0,R_DS002_097,2.0,13.058375833333333,20.965518683333332,80.0,0.024182177469135802,0.2222222222222222
SH00004638,DS002,2026-07-07,0.0,,0.0,0.0,0.0,0.0,0.0,0.0
SH00004639,DS002,2026-07-07,0.0,,0.0,0.0,0.0,0.0,0.0,0.0
SH00004640,DS002,2026-07-07,8.716666666666667,R_DS002_101,24.0,177.04353936666666,276.3685393666667,900.0,0.33851537163798595,2.7533460803059273
SH00004641,DS002,2026-07-07,9.0,R_DS002_103,1.0,7.7689110333333335,13.811768166666667,40.0,0.014386872283950618,0.1111111111111111
SH00004642,DS002,2026-07-07,8.25,R_DS002_105,29.0,206.69994749999995,319.7249475,1130.0,0.4175756515151514,3.515151515151515
SH00004643,DS002,2026-07-07,9.0,R_DS002_106,1.0,10.225619266666666,15.079190683333334,40.0,0.01893633197530864,0.1111111111111111
SH00004644,DS002,2026-07-07,8.316666666666666,R_DS002_108,28.0,209.62370750000002,319.0737075,1085.0,0.4200875901803608,3.366733466933868
SH00004645,DS002,2026-07-07,9.0,R_DS002_109,1.0,10.9815701,19.338712966666666,40.0,0.020336240925925928,0.1111111111111111
SH00004646,DS002,2026-07-07,9.0,R_DS002_110,24.0,176.0949682833333,273.2199682833333,900.0,0.3261017931172839,2.6666666666666665
SH00004647,DS002,2026-07-07,0.0,,0.0,0.0,0.0,0.0,0.0,0.0
SH00004648,DS002,2026-07-07,9.0,R_DS002_112,1.0,10.734757633333334,17.677614766666668,40.0,0.019879180802469136,0.1111111111111111
SH00004649,DS002,2026-07-07,9.0,R_DS002_113,22.0,175.16128986666666,268.78628986666666,830.0,0.3243727590123457,2.4444444444444446
SH00004650,DS002,2026-07-07,9.0,R_DS002_115,2.0,13.133376383333335,20.686947816666667,80.0,0.02432106737654321,0.2222222222222222
SH00004651,DS002,2026-07-07,8.566666666666666,R_DS002_116,21.0,174.49591363333332,267.39591363333335,790.0,0.3394862132944228,2.4513618677042803
SH00004652,DS002,2026-07-07,9.0,R_DS002_117,30.0,211.1689321833334,321.5439321833333,1170.0,0.3910535781172841,3.3333333333333335
SH00004653,DS002,2026-07-07,9.0,R_DS002_118,1.0,13.79777855,21.062064266666667,40.0,0.02555144175925926,0.1111111111111111
SH00004654,DS002,2026-07-07,9.0,R_DS002_119,21.0,164.98273334999996,248.35773335000005,790.0,0.3055235802777777,2.3333333333333335
SH00004655,DS002,2026-07-07,8.416666666666666,R_DS002_120,27.0,215.74588268333332,331.5958826833333,1045.0,0.427219569669967,3.207920792079208
SH00004656,DS002,2026-07-07,0.0,,0.0,0.0,0.0,0.0,0.0,0.0
SH00004657,DS002,2026-07-07,9.0,R_DS002_123,29.0,199.61797224999998,318.84297225,1130.0,0.36966291157407405,3.2222222222222223
SH00004658,DS002,2026-07-07,8.25,R_DS002_125,21.0,151.92292116666667,234.12292116666663,790.0,0.30691499225589225,2.5454545454545454
SH00004659,DS002,2026-07-07,9.0,R_DS002_126,30.0,206.47494076666666,314.6749407666667,1170.0,0.3823610014197531,3.3333333333333335
SH00004660,DS002,2026-07-07,9.0,R_DS002_127,1.0,12.3896584,18.400372683333334,40.0,0.02294381185185185,0.1111111111111111
SH00004661,DS002,2026-07-07,9.0,R_DS002_129,27.0,203.58781815,320.83781815000003,1055.0,0.37701447805555555,3.0
SH00004662,DS002,2026-07-07,9.0,R_DS002_130,1.0,11.21533495,16.036763516666667,40.0,0.0207691387962963,0.1111111111111111
SH00004663,DS002,2026-07-07,9.0,R_DS002_131,21.0,159.57822316666667,246.6532231666667,790.0,0.2955152280864198,2.3333333333333335
SH00004664,DS002,2026-07-07,8.35,R_DS002_132,28.0,206.91788361666664,319.39288361666667,1095.0,0.4130097477378576,3.353293413173653
SH00004665,DS002,2026-07-07,9.0,R_DS002_133,1.0,12.131296166666667,19.845581883333335,40.0,0.02246536327160494,0.1111111111111111
SH00004666,DS002,2026-07-07,9.0,R_DS002_134,18.0,135.06339015000003,213.93839015000003,685.0,0.2501173891666667,2.0
SH00004667,DS002,2026-07-07,9.0,R_DS002_136,2.0,21.24344585,32.49344585,80.0,0.03933971453703704,0.2222222222222222
SH00004668,DS002,2026-07-07,9.0,R_DS002_137,20.0,141.87520693333332,219.65020693333332,760.0,0.262731864691358,2.2222222222222223
SH00004669,DS002,2026-07-07,9.0,R_DS002_138,27.0,213.0965573666667,331.19655736666664,1045.0,0.3946232543827161,3.0
SH00004670,DS002,2026-07-07,9.0,R_DS002_139,2.0,20.005411416666668,33.28041141666667,80.0,0.03704705817901235,0.2222222222222222
SH00004671,DS002,2026-07-07,0.0,,0.0,0.0,0.0,0.0,0.0,0.0
SH00004672,DS002,2026-07-07,8.366666666666667,R_DS002_141,28.0,203.29452595,314.26952594999995,1100.0,0.4049691751992032,3.3466135458167328
SH00004673,DS002,2026-07-07,9.0,R_DS002_143,19.0,137.20776426666666,213.15776426666667,725.0,0.254088452345679,2.111111111111111
SH00004674,DS002,2026-07-07,9.0,R_DS002_144,29.0,203.2171622166667,318.26716221666663,1130.0,0.3763280781790124,3.2222222222222223
SH00004675,DS002,2026-07-07,9.0,R_DS002_145,2.0,13.314039116666667,19.2604677,80.0,0.024655627993827162,0.2222222222222222
SH00004676,DS002,2026-07-07,9.0,R_DS002_146,17.0,139.19120081666665,210.96620081666666,650.0,0.2577614829938271,1.8888888888888888
SH00004677,DS002,2026-07-07,0.0,,0.0,0.0,0.0,0.0,0.0,0.0
SH00004678,DS002,2026-07-07,9.0,R_DS002_150,25.0,198.54492311666667,312.2199231166667,980.0,0.36767578354938274,2.7777777777777777
SH00004679,DS002,2026-07-07,9.0,R_DS002_153,29.0,193.94167095000003,302.19167095,1135.0,0.3591512425000001,3.2222222222222223
SH00004680,DS002,2026-07-07,9.0,R_DS002_154,1.0,11.307558983333333,17.286130416666666,40.0,0.020939924043209875,0.1111111111111111
SH00004681,DS002,2026-07-07,9.0,R_DS002_155,16.0,132.04507768333335,206.0200776833333,615.0,0.2445279216358025,1.7777777777777777
SH00004709,DS003,2026-07-07,9.0,R_DS003_001,32.0,238.0998145333333,365.10338595,1135.0,0.44092558246913577,3.5555555555555554
SH00004710,DS003,2026-07-07,0.0,,0.0,0.0,0.0,0.0,0.0,0.0
SH00004711,DS003,2026-07-07,9.0,R_DS003_004,30.0,217.23329035,337.6332903333333,1060.0,0.40228387101851854,3.3333333333333335
SH00004712,DS003,2026-07-07,8.233333333333333,R_DS003_005,37.0,257.44503638333333,397.8700363833334,1340.0,0.5211437983468287,4.493927125506073
SH00004713,DS003,2026-07-07,9.0,R_DS003_006,43.0,295.97500749999995,460.47500750000006,1630.0,0.5481018657407406,4.777777777777778
SH00004714,DS003,2026-07-07,9.0,R_DS003_007,30.0,206.92409044999997,319.05266188333326,1065.0,0.3831927600925925,3.3333333333333335
SH00004715,DS003,2026-07-07,0.0,,0.0,0.0,0.0,0.0,0.0,0.0
SH00004716,DS003,2026-07-07,9.0,R_DS003_012,44.0,301.0052985000001,458.2052984999999,1670.0,0.5574172194444447,4.888888888888889
SH00004717,DS003,2026-07-07,8.283333333333333,R_DS003_013,22.0,153.50864231666668,244.9086423166667,770.0,0.3088705076794098,2.6559356136820926
SH00004718,DS003,2026-07-07,9.0,R_DS003_014,39.0,271.16137304999995,422.38637305000003,1410.0,0.5021506908333332,4.333333333333333
SH00004719,DS003,2026-07-07,9.0,R_DS003_015,41.0,298.05509096666674,457.8050909666666,1560.0,0.551953872160494,4.555555555555555
SH00004720,DS003,2026-07-07,9.0,R_DS003_018,41.0,287.57880563333345,439.42880563333335,1555.0,0.5325533437654323,4.555555555555555
SH00004721,DS003,2026-07-07,8.766666666666667,R_DS003_019,20.0,143.9018180333333,222.60181803333336,710.0,0.2735776008238276,2.2813688212927756
SH00004722,DS003,2026-07-07,9.0,R_DS003_020,36.0,272.22663131666667,414.9016313166667,1305.0,0.5041233913271606,4.0
SH00004723,DS003,2026-07-07,9.0,R_DS003_021,39.0,264.2037375333333,414.3537375333334,1485.0,0.4892661806172839,4.333333333333333
SH00004724,DS003,2026-07-07,9.0,R_DS003_022,19.0,125.2658487,197.7587058333333,675.0,0.2319737938888889,2.111111111111111
SH00004725,DS003,2026-07-07,0.0,,0.0,0.0,0.0,0.0,0.0,0.0
SH00004726,DS003,2026-07-07,9.0,R_DS003_025,16.0,120.84016628333333,184.71873770000002,570.0,0.22377808570987653,1.7777777777777777
SH00004727,DS003,2026-07-07,9.0,R_DS003_029,35.0,254.04351291666663,399.26851291666657,1265.0,0.4704509498456789,3.888888888888889
SH00004728,DS003,2026-07-07,9.0,R_DS003_031,16.0,100.49955023333335,157.98883591666666,575.0,0.18611027820987658,1.7777777777777777
SH00004729,DS003,2026-07-07,9.0,R_DS003_032,38.0,255.66507990000002,394.8650799,1380.0,0.4734538516666667,4.222222222222222
SH00004730,DS003,2026-07-07,9.0,R_DS003_033,36.0,257.1157577666666,398.9907577666666,1375.0,0.4761402921604937,4.0
SH00004731,DS003,2026-07-07,0.0,,0.0,0.0,0.0,0.0,0.0,0.0
SH00004732,DS003,2026-07-07,9.0,R_DS003_035,36.0,257.5755575833333,395.0505575833334,1305.0,0.4769917733024691,4.0
SH00004733,DS003,2026-07-07,9.0,R_DS003_036,36.0,252.317918,391.61791799999986,1385.0,0.46725540370370366,4.0
SH00004734,DS003,2026-07-07,9.0,R_DS003_038,35.0,252.91888409999999,385.91888410000007,1265.0,0.46836830388888884,3.888888888888889
SH00004735,DS003,2026-07-07,9.0,R_DS003_039,38.0,253.13612436666662,387.9611243666667,1460.0,0.4687706006790123,4.222222222222222
SH00004736,DS003,2026-07-07,0.0,,0.0,0.0,0.0,0.0,0.0,0.0
SH00004737,DS003,2026-07-07,8.083333333333334,R_DS003_041,36.0,225.77988843333333,349.32988843333317,1310.0,0.46552554316151196,4.45360824742268
SH00004738,DS003,2026-07-07,9.0,R_DS003_042,37.0,248.77710908333333,382.8521090833333,1420.0,0.460698350154321,4.111111111111111
SH00004739,DS003,2026-07-07,0.0,,0.0,0.0,0.0,0.0,0.0,0.0
SH00004740,DS003,2026-07-07,9.0,R_DS003_045,31.0,239.75924594999995,363.70924594999997,1200.0,0.44399860361111104,3.4444444444444446
SH00004741,DS003,2026-07-07,9.0,R_DS003_046,14.0,93.03574210000001,144.78931353333334,505.0,0.17228841129629632,1.5555555555555556
SH00004742,DS003,2026-07-07,9.0,R_DS003_047,33.0,228.62815456666664,352.4281545666667,1205.0,0.423385471419753,3.6666666666666665
SH00004743,DS003,2026-07-07,9.0,R_DS003_049,13.0,89.92225666666666,140.7579709666667,470.0,0.16652269753086418,1.4444444444444444
SH00004744,DS003,2026-07-07,9.0,R_DS003_052,9.0,66.8724723,100.19390088333333,325.0,0.12383791166666666,1.0
SH00004745,DS003,2026-07-07,9.0,R_DS003_054,34.0,242.9207875166667,374.42078751666656,1305.0,0.44985331021604946,3.7777777777777777
SH00004746,DS003,2026-07-07,9.0,R_DS003_055,11.0,68.21700391666667,105.12771818333333,405.0,0.1263277850308642,1.2222222222222223
SH00004747,DS003,2026-07-07,9.0,R_DS003_056,32.0,225.14555668333333,351.2455566833333,1170.0,0.4169362160802469,3.5555555555555554
SH00004748,DS003,2026-07-07,9.0,R_DS003_057,35.0,234.94106588333335,360.69106588333335,1350.0,0.4350760479320988,3.888888888888889
SH00004749,DS003,2026-07-07,0.0,,0.0,0.0,0.0,0.0,0.0,0.0
SH00004750,DS003,2026-07-07,9.0,R_DS003_060,33.0,236.85959993333336,360.18459993333323,1275.0,0.43862888876543216,3.6666666666666665
SH00004751,DS003,2026-07-07,9.0,R_DS003_061,8.0,60.41448338333333,95.30019768333334,295.0,0.11187867293209876,0.8888888888888888
SH00004752,DS003,2026-07-07,0.0,,0.0,0.0,0.0,0.0,0.0,0.0
SH00004753,DS003,2026-07-07,0.0,,0.0,0.0,0.0,0.0,0.0,0.0
SH00004754,DS003,2026-07-07,9.0,R_DS003_064,7.0,49.82902335,79.87902333333334,255.0,0.09227596916666667,0.7777777777777778
SH00004755,DS003,2026-07-07,8.516666666666667,R_DS003_066,35.0,231.56556880000002,355.84056879999997,1360.0,0.453161582778865,4.10958904109589
SH00004756,DS003,2026-07-07,9.0,R_DS003_068,34.0,221.30059609999995,335.07559610000004,1245.0,0.4098159187037036,3.7777777777777777
SH00004757,DS003,2026-07-07,9.0,R_DS003_069,32.0,237.5148726333333,362.1148726333334,1235.0,0.439842356728395,3.5555555555555554
SH00004758,DS003,2026-07-07,9.0,R_DS003_070,5.0,41.506272616666664,67.60627261666667,185.0,0.07686346780864196,0.5555555555555556
SH00004759,DS003,2026-07-07,9.0,R_DS003_071,31.0,211.53772345000002,332.93772345,1135.0,0.39173652490740746,3.4444444444444446
SH00004760,DS003,2026-07-07,9.0,R_DS003_073,5.0,42.406355366666666,68.40992678333333,185.0,0.07853028771604938,0.5555555555555556
SH00004761,DS003,2026-07-07,9.0,R_DS003_074,30.0,204.90122974999994,315.35122975,1090.0,0.37944672175925914,3.3333333333333335
SH00004762,DS003,2026-07-07,9.0,R_DS003_075,32.0,226.00829040000005,349.7082904,1235.0,0.4185338711111112,3.5555555555555554
SH00004763,DS003,2026-07-07,9.0,R_DS003_076,5.0,39.798310683333334,61.14116783333333,190.0,0.07370057533950618,0.5555555555555556
SH00004764,DS003,2026-07-07,0.0,,0.0,0.0,0.0,0.0,0.0,0.0
SH00004765,DS003,2026-07-07,8.4,R_DS003_080,27.0,197.81832293333338,303.7183229333333,990.0,0.39249667248677256,3.214285714285714
SH00004766,DS003,2026-07-07,9.0,R_DS003_081,32.0,232.1786003833333,361.8286003833333,1240.0,0.4299603710802469,3.5555555555555554
SH00004767,DS003,2026-07-07,0.0,,0.0,0.0,0.0,0.0,0.0,0.0
SH00004768,DS003,2026-07-07,9.0,R_DS003_083,28.0,187.66691073333334,285.5669107333334,1030.0,0.3475313161728395,3.111111111111111
SH00004769,DS003,2026-07-07,9.0,R_DS003_085,4.0,31.091980216666666,49.956265933333334,150.0,0.05757774114197531,0.4444444444444444
SH00004770,DS003,2026-07-07,9.0,R_DS003_087,35.0,218.74762038333333,340.6726203833334,1355.0,0.40508818589506174,3.888888888888889
SH00004771,DS003,2026-07-07,9.0,R_DS003_088,4.0,28.29353486666667,44.257820583333334,155.0,0.05239543493827161,0.4444444444444444
SH00004772,DS003,2026-07-07,8.483333333333333,R_DS003_089,26.0,173.7377021,270.8877021,950.0,0.3413314383104126,3.06483300589391
SH00004773,DS003,2026-07-07,9.0,R_DS003_090,31.0,214.68762623333333,332.8126262333334,1205.0,0.39756967820987654,3.4444444444444446
SH00004774,DS003,2026-07-07,9.0,R_DS003_091,4.0,27.979504683333335,45.622361850000004,155.0,0.0518138975617284,0.4444444444444444
SH00004775,DS003,2026-07-07,9.0,R_DS003_092,26.0,171.13867385,266.71367384999996,960.0,0.3169234700925926,2.888888888888889
SH00004776,DS003,2026-07-07,9.0,R_DS003_094,4.0,27.792115399999997,44.09568684999999,155.0,0.051466880370370366,0.4444444444444444
SH00004777,DS003,2026-07-07,9.0,R_DS003_095,26.0,193.05935486666664,296.00935486666674,960.0,0.35751732382716045,2.888888888888889
SH00004778,DS003,2026-07-07,8.7,R_DS003_097,1.0,8.27090875,14.50662305,40.0,0.015844652777777777,0.1149425287356322
SH00004779,DS003,2026-07-07,8.683333333333334,R_DS003_098,25.0,160.7443803,246.41938029999994,930.0,0.30853048042226483,2.8790786948176583
SH00004780,DS003,2026-07-07,8.383333333333333,R_DS003_099,33.0,222.20779105,337.85779105,1280.0,0.4417649921471173,3.9363817097415508
SH00004781,DS003,2026-07-07,9.0,R_DS003_101,24.0,160.19839728333332,251.3233972833333,895.0,0.2966636986728395,2.6666666666666665
SH00004782,DS003,2026-07-07,9.0,R_DS003_102,32.0,221.69037133333333,343.2903713333334,1250.0,0.410537724691358,3.5555555555555554
SH00004783,DS003,2026-07-07,9.0,R_DS003_103,2.0,18.149118416666667,29.174118416666666,80.0,0.03360947854938272,0.2222222222222222
SH00004784,DS003,2026-07-07,9.0,R_DS003_104,22.0,140.41285461666666,216.1878546166667,815.0,0.260023804845679,2.4444444444444446
SH00004785,DS003,2026-07-07,8.133333333333333,R_DS003_105,33.0,222.83923963333336,342.08923963333336,1285.0,0.45663778613387984,4.057377049180328
SH00004786,DS003,2026-07-07,0.0,,0.0,0.0,0.0,0.0,0.0,0.0
SH00004787,DS003,2026-07-07,9.0,R_DS003_108,29.0,217.36182036666668,329.6868203666667,1140.0,0.40252188956790125,3.2222222222222223
SH00004788,DS003,2026-07-07,9.0,R_DS003_109,3.0,25.229003399999996,42.29686053333333,120.0,0.04672037666666666,0.3333333333333333
SH00004789,DS003,2026-07-07,0.0,,0.0,0.0,0.0,0.0,0.0,0.0
SH00004790,DS003,2026-07-07,9.0,R_DS003_111,30.0,205.79173145,322.14173144999995,1170.0,0.38109579898148144,3.3333333333333335
SH00004791,DS003,2026-07-07,9.0,R_DS003_113,23.0,148.25987973333332,226.0848797333333,860.0,0.27455533283950617,2.5555555555555554
SH00004792,DS003,2026-07-07,9.0,R_DS003_115,3.0,24.145228416666665,39.25237126666667,120.0,0.04471338595679012,0.3333333333333333
SH00004793,DS003,2026-07-07,8.5,R_DS003_116,19.0,123.35478021666667,190.5297802166667,715.0,0.24187211807189543,2.235294117647059
SH00004794,DS003,2026-07-07,9.0,R_DS003_117,29.0,206.89909484999998,322.52409485000004,1135.0,0.3831464719444444,3.2222222222222223
SH00004795,DS003,2026-07-07,9.0,R_DS003_118,3.0,24.420142416666664,39.39871384999999,120.0,0.04522248595679012,0.3333333333333333
SH00004796,DS003,2026-07-07,9.0,R_DS003_119,18.0,124.18255349999998,188.7325535,675.0,0.22996769166666664,2.0
SH00004797,DS003,2026-07-07,9.0,R_DS003_120,31.0,210.52059421666664,321.74559421666663,1215.0,0.38985295225308636,3.4444444444444446
SH00004798,DS003,2026-07-07,0.0,,0.0,0.0,0.0,0.0,0.0,0.0
SH00004799,DS003,2026-07-07,9.0,R_DS003_123,29.0,210.08117083333337,322.68117083333334,1135.0,0.38903920524691366,3.2222222222222223
SH00004800,DS003,2026-07-07,9.0,R_DS003_124,2.0,21.124304950000003,35.23501923333333,80.0,0.039119083240740746,0.2222222222222222
SH00004801,DS003,2026-07-07,9.0,R_DS003_125,19.0,122.79565763333335,188.94565763333333,715.0,0.22739936598765434,2.111111111111111
SH00004802,DS003,2026-07-07,9.0,R_DS003_126,28.0,216.77319816666673,335.32319816666654,1090.0,0.40143184845679025,3.111111111111111
SH00004803,DS003,2026-07-07,9.0,R_DS003_127,3.0,25.255131700000003,42.837274566666665,120.0,0.04676876240740741,0.3333333333333333
SH00004804,DS003,2026-07-07,8.3,R_DS003_129,27.0,194.2942782333333,299.7442782333334,1060.0,0.3901491530789825,3.2530120481927707
SH00004805,DS003,2026-07-07,9.0,R_DS003_130,3.0,18.565519533333333,27.4369481,120.0,0.03438059172839506,0.3333333333333333
SH00004806,DS003,2026-07-07,0.0,,0.0,0.0,0.0,0.0,0.0,0.0
SH00004807,DS003,2026-07-07,9.0,R_DS003_132,29.0,200.61770301666667,310.96770301666675,1130.0,0.371514264845679,3.2222222222222223
SH00004808,DS003,2026-07-07,0.0,,0.0,0.0,0.0,0.0,0.0,0.0
SH00004809,DS003,2026-07-07,9.0,R_DS003_134,18.0,117.24346376666668,179.64346376666666,675.0,0.21711752549382718,2.0
SH00004810,DS003,2026-07-07,9.0,R_DS003_136,3.0,20.463002566666667,32.32371685,120.0,0.03789444919753086,0.3333333333333333
SH00004811,DS003,2026-07-07,9.0,R_DS003_137,16.0,103.32239511666666,157.04739511666668,610.0,0.19133776873456787,1.7777777777777777
SH00004812,DS003,2026-07-07,9.0,R_DS003_138,32.0,194.4580327833333,300.03303278333334,1255.0,0.3601074681172839,3.5555555555555554
SH00004813,DS003,2026-07-07,9.0,R_DS003_139,3.0,20.716700833333334,33.83098653333333,120.0,0.03836426080246914,0.3333333333333333
SH00004814,DS003,2026-07-07,0.0,,0.0,0.0,0.0,0.0,0.0,0.0
SH00004815,DS003,2026-07-07,9.0,R_DS003_141,26.0,198.6094805,313.3594804999999,1020.0,0.36779533425925925,2.888888888888889
SH00004816,DS003,2026-07-07,9.0,R_DS003_143,15.0,107.892725,171.71772499999997,570.0,0.19980134259259258,1.6666666666666667
SH00004817,DS003,2026-07-07,9.0,R_DS003_144,28.0,193.88905686666666,300.0140568666667,1095.0,0.3590538090123457,3.111111111111111
SH00004818,DS003,2026-07-07,0.0,,0.0,0.0,0.0,0.0,0.0,0.0
SH00004849,DS004,2026-07-07,9.0,R_DS004_001,30.0,239.73010301666665,376.1443887166667,1070.0,0.4439446352160493,3.3333333333333335
SH00004850,DS004,2026-07-07,9.0,R_DS004_003,40.0,303.72082458333347,477.0708245833334,1520.0,0.5624459714506175,4.444444444444445
SH00004851,DS004,2026-07-07,9.0,R_DS004_004,30.0,236.31345386666675,364.68488243333337,1060.0,0.43761750716049397,3.3333333333333335
SH00004852,DS004,2026-07-07,0.0,,0.0,0.0,0.0,0.0,0.0,0.0
SH00004853,DS004,2026-07-07,8.333333333333334,R_DS004_006,35.0,261.6612016666667,410.2362016666666,1335.0,0.5233224033333334,4.199999999999999
SH00004854,DS004,2026-07-07,9.0,R_DS004_007,26.0,219.38340104999997,339.76554389999995,925.0,0.40626555749999993,2.888888888888889
SH00004855,DS004,2026-07-07,9.0,R_DS004_008,39.0,289.91400724999994,445.5140072500001,1420.0,0.5368777912037036,4.333333333333333
SH00004856,DS004,2026-07-07,8.35,R_DS004_010,21.0,166.90660196666667,261.33160196666665,735.0,0.33314691011310715,2.51497005988024
SH00004857,DS004,2026-07-07,0.0,,0.0,0.0,0.0,0.0,0.0,0.0
SH00004858,DS004,2026-07-07,9.0,R_DS004_012,37.0,284.33834360000003,450.11334359999995,1410.0,0.5265524881481483,4.111111111111111
SH00004859,DS004,2026-07-07,9.0,R_DS004_013,20.0,166.54497688333336,256.81640546666665,715.0,0.30841662385802476,2.2222222222222223
SH00004860,DS004,2026-07-07,9.0,R_DS004_014,36.0,286.7455264833333,440.67052648333345,1305.0,0.531010234228395,4.0
SH00004861,DS004,2026-07-07,9.0,R_DS004_015,37.0,287.1985898,450.9235898,1410.0,0.5318492403703703,4.111111111111111
SH00004862,DS004,2026-07-07,9.0,R_DS004_017,38.0,283.8020350666666,436.90203506666666,1385.0,0.5255593241975307,4.222222222222222
SH00004863,DS004,2026-07-07,9.0,R_DS004_018,35.0,278.8867061000001,436.48670610000005,1340.0,0.5164568631481483,3.888888888888889
SH00004864,DS004,2026-07-07,9.0,R_DS004_019,18.0,135.17595685,212.05809971666667,645.0,0.25032584601851854,2.0
SH00004865,DS004,2026-07-07,8.516666666666667,R_DS004_020,32.0,275.6280590833333,432.8780590833333,1175.0,0.5393895481082843,3.7573385518590996
SH00004866,DS004,2026-07-07,8.333333333333334,R_DS004_022,14.0,109.82953271666665,171.60453271666665,490.0,0.21965906543333327,1.68
SH00004867,DS004,2026-07-07,9.0,R_DS004_024,34.0,265.2026026166666,422.2776026166666,1295.0,0.49111593077160476,3.7777777777777777
SH00004868,DS004,2026-07-07,9.0,R_DS004_025,14.0,109.72094498333333,175.54951641666668,500.0,0.20318693515432099,1.5555555555555556
SH00004869,DS004,2026-07-07,9.0,R_DS004_026,37.0,273.9118342499999,431.43683424999995,1355.0,0.5072441374999999,4.111111111111111
SH00004870,DS004,2026-07-07,9.0,R_DS004_027,38.0,282.4460586833334,429.8460586833334,1450.0,0.5230482568209878,4.222222222222222
SH00004871,DS004,2026-07-07,9.0,R_DS004_028,12.0,100.99027413333334,163.40455985,435.0,0.18701902617283953,1.3333333333333333
SH00004872,DS004,2026-07-07,9.0,R_DS004_029,36.0,278.3887531166667,428.61375311666666,1320.0,0.5155347279938272,4.0
SH00004873,DS004,2026-07-07,9.0,R_DS004_031,13.0,91.59335365000001,144.71835365,470.0,0.1696173215740741,1.4444444444444444
SH00004874,DS004,2026-07-07,9.0,R_DS004_032,31.0,259.60850085,407.80850085000003,1130.0,0.4807564830555555,3.4444444444444446
SH00004875,DS004,2026-07-07,9.0,R_DS004_033,34.0,271.2304350833333,420.9804350833334,1300.0,0.5022785834876543,3.7777777777777777
SH00004876,DS004,2026-07-07,9.0,R_DS004_034,12.0,95.56520816666665,146.6473510333333,440.0,0.17697260771604936,1.3333333333333333
SH00004877,DS004,2026-07-07,9.0,R_DS004_035,37.0,255.72821666666664,398.20321666666666,1355.0,0.4735707716049382,4.111111111111111
SH00004878,DS004,2026-07-07,0.0,,0.0,0.0,0.0,0.0,0.0,0.0
SH00004879,DS004,2026-07-07,9.0,R_DS004_038,32.0,266.3868883333333,416.3118883333333,1175.0,0.4933090524691357,3.5555555555555554
SH00004880,DS004,2026-07-07,0.0,,0.0,0.0,0.0,0.0,0.0,0.0
SH00004881,DS004,2026-07-07,9.0,R_DS004_040,10.0,77.27460085,118.96745798333333,365.0,0.1431011126851852,1.1111111111111112
SH00004882,DS004,2026-07-07,0.0,,0.0,0.0,0.0,0.0,0.0,0.0
SH00004883,DS004,2026-07-07,9.0,R_DS004_042,32.0,256.17805298333326,408.50305298333325,1225.0,0.4744038018209875,3.5555555555555554
SH00004884,DS004,2026-07-07,9.0,R_DS004_043,9.0,79.84984411666667,131.38198696666666,330.0,0.14787008169753088,1.0
SH00004885,DS004,2026-07-07,9.0,R_DS004_045,31.0,238.16383349999998,372.66383350000007,1195.0,0.4410441361111111,3.4444444444444446
SH00004886,DS004,2026-07-07,9.0,R_DS004_046,10.0,74.76386655,118.0460094,365.0,0.13845160472222223,1.1111111111111112
SH00004887,DS004,2026-07-07,9.0,R_DS004_047,30.0,243.23071860000002,381.9307186,1100.0,0.4504272566666667,3.3333333333333335
SH00004888,DS004,2026-07-07,9.0,R_DS004_049,6.0,61.3094645,95.56660735,220.0,0.11353604537037036,0.6666666666666666
SH00004889,DS004,2026-07-07,9.0,R_DS004_050,34.0,243.83168433333338,376.2816843333334,1250.0,0.4515401561728396,3.7777777777777777
SH00004890,DS004,2026-07-07,9.0,R_DS004_052,8.0,61.95868188333335,101.16582475,295.0,0.11473829978395064,0.8888888888888888
SH00004891,DS004,2026-07-07,9.0,R_DS004_054,31.0,250.93085588333338,390.4558558833333,1190.0,0.4646867701543211,3.4444444444444446
SH00004892,DS004,2026-07-07,9.0,R_DS004_056,32.0,222.01745878333335,340.9924587833333,1180.0,0.41114344219135807,3.5555555555555554
SH00004893,DS004,2026-07-07,8.383333333333333,R_DS004_057,32.0,238.71839378333328,371.4433937833333,1240.0,0.47458925205434055,3.8170974155069586
SH00004894,DS004,2026-07-07,9.0,R_DS004_059,30.0,235.28003363333335,359.8050336333333,1100.0,0.43570376598765437,3.3333333333333335
SH00004895,DS004,2026-07-07,9.0,R_DS004_060,30.0,244.57498893333334,375.8249889333333,1160.0,0.4529166461728395,3.3333333333333335
SH00004896,DS004,2026-07-07,9.0,R_DS004_061,7.0,45.29644843333333,68.25001986666666,265.0,0.08388231191358024,0.7777777777777778
SH00004897,DS004,2026-07-07,9.0,R_DS004_062,29.0,227.56558234999994,358.96558235000003,1070.0,0.4214177450925925,3.2222222222222223
SH00004898,DS004,2026-07-07,8.633333333333333,R_DS004_063,29.0,224.40411533333335,357.62911533333323,1125.0,0.4332125778635779,3.3590733590733595
SH00004899,DS004,2026-07-07,9.0,R_DS004_064,6.0,47.544222766666664,74.1227942,230.0,0.08804485697530863,0.6666666666666666
SH00004900,DS004,2026-07-07,9.0,R_DS004_066,31.0,224.65473213333334,359.1797321333333,1200.0,0.4160272817283951,3.4444444444444446
SH00004901,DS004,2026-07-07,8.433333333333334,R_DS004_067,3.0,25.91164085,37.8937837,110.0,0.05120877638339921,0.3557312252964427
SH00004902,DS004,2026-07-07,0.0,,0.0,0.0,0.0,0.0,0.0,0.0
SH00004903,DS004,2026-07-07,9.0,R_DS004_069,31.0,239.53259626666664,380.1825962666667,1205.0,0.4435788819753086,3.4444444444444446
SH00004904,DS004,2026-07-07,0.0,,0.0,0.0,0.0,0.0,0.0,0.0
SH00004905,DS004,2026-07-07,0.0,,0.0,0.0,0.0,0.0,0.0,0.0
SH00004906,DS004,2026-07-07,9.0,R_DS004_073,5.0,40.384675466666664,63.556104016666666,190.0,0.07478643604938272,0.5555555555555556
SH00004907,DS004,2026-07-07,9.0,R_DS004_074,28.0,224.18256864999992,346.95756865000004,1035.0,0.41515290490740725,3.111111111111111
SH00004908,DS004,2026-07-07,9.0,R_DS004_075,31.0,238.9971089666667,376.67210896666666,1205.0,0.44258723882716056,3.4444444444444446
SH00004909,DS004,2026-07-07,9.0,R_DS004_076,5.0,46.450497283333334,72.3004973,190.0,0.08601943941358024,0.5555555555555556
SH00004910,DS004,2026-07-07,9.0,R_DS004_077,26.0,219.2505661666667,343.2755661666667,960.0,0.40601956697530867,2.888888888888889
SH00004911,DS004,2026-07-07,0.0,,0.0,0.0,0.0,0.0,0.0,0.0
SH00004912,DS004,2026-07-07,9.0,R_DS004_080,25.0,213.84515309999998,328.94515309999997,925.0,0.3960095427777777,2.7777777777777777
SH00004913,DS004,2026-07-07,9.0,R_DS004_081,30.0,240.1444940166667,380.0944940166666,1160.0,0.44471202595679016,3.3333333333333335
SH00004914,DS004,2026-07-07,8.266666666666667,R_DS004_082,4.0,40.48999025,66.50427596666667,155.0,0.08163304485887095,0.48387096774193544
SH00004915,DS004,2026-07-07,9.0,R_DS004_083,28.0,211.75362911666664,335.87862911666673,1030.0,0.39213635021604937,3.111111111111111
SH00004916,DS004,2026-07-07,9.0,R_DS004_084,30.0,224.79779191666668,358.87279191666664,1165.0,0.41629220725308647,3.3333333333333335
SH00004917,DS004,2026-07-07,0.0,,0.0,0.0,0.0,0.0,0.0,0.0
SH00004918,DS004,2026-07-07,9.0,R_DS004_087,33.0,229.22651344999997,363.2265134500001,1285.0,0.4244935434259259,3.6666666666666665
SH00004919,DS004,2026-07-07,9.0,R_DS004_088,5.0,39.4313795,63.88495091666666,195.0,0.07302107314814814,0.5555555555555556
SH00004920,DS004,2026-07-07,9.0,R_DS004_089,28.0,202.50269138333334,315.1276913833334,1035.0,0.37500498404320987,3.111111111111111
SH00004921,DS004,2026-07-07,9.0,R_DS004_090,33.0,226.60738404999998,356.70738405,1285.0,0.4196433037962963,3.6666666666666665
SH00004922,DS004,2026-07-07,9.0,R_DS004_091,4.0,33.80413753333333,52.68270896666667,155.0,0.06260025469135802,0.4444444444444444
SH00004923,DS004,2026-07-07,9.0,R_DS004_092,26.0,197.54960665000004,314.72460665,960.0,0.3658326049074075,2.888888888888889
SH00004924,DS004,2026-07-07,8.3,R_DS004_094,1.0,3.89225325,5.942253249999999,35.0,0.007815769578313252,0.12048192771084336
SH00004925,DS004,2026-07-07,9.0,R_DS004_095,30.0,196.59375703333328,304.2687570333333,1115.0,0.3640625130246912,3.3333333333333335
SH00004926,DS004,2026-07-07,9.0,R_DS004_096,32.0,230.4026219,356.6026219,1245.0,0.42667152203703707,3.5555555555555554
SH00004927,DS004,2026-07-07,9.0,R_DS004_097,3.0,35.366369066666664,53.380654783333334,115.0,0.06549327604938271,0.3333333333333333
SH00004928,DS004,2026-07-07,0.0,,0.0,0.0,0.0,0.0,0.0,0.0
SH00004929,DS004,2026-07-07,0.0,,0.0,0.0,0.0,0.0,0.0,0.0
SH00004930,DS004,2026-07-07,9.0,R_DS004_101,26.0,200.31546606666663,315.6404660666667,960.0,0.3709545667901234,2.888888888888889
SH00004931,DS004,2026-07-07,9.0,R_DS004_102,28.0,229.8583111666667,360.30831116666667,1090.0,0.4256635391975309,3.111111111111111
SH00004932,DS004,2026-07-07,9.0,R_DS004_103,4.0,34.01451228333334,53.157369450000004,155.0,0.0629898375617284,0.4444444444444444
SH00004933,DS004,2026-07-07,9.0,R_DS004_105,30.0,237.38268053333337,366.8826805333332,1160.0,0.4395975565432099,3.3333333333333335
SH00004934,DS004,2026-07-07,0.0,,0.0,0.0,0.0,0.0,0.0,0.0
SH00004935,DS004,2026-07-07,9.0,R_DS004_108,30.0,226.41705553333338,353.0920555333333,1165.0,0.419290843580247,3.3333333333333335
SH00004936,DS004,2026-07-07,9.0,R_DS004_109,4.0,46.28189846666667,71.28189846666666,155.0,0.08570721938271605,0.4444444444444444
SH00004937,DS004,2026-07-07,8.583333333333334,R_DS004_110,26.0,199.56091319999996,306.51091319999995,965.0,0.38749691883495135,3.029126213592233
SH00004938,DS004,2026-07-07,9.0,R_DS004_112,5.0,41.21556629999999,62.02270916666667,195.0,0.07632512277777777,0.5555555555555556
SH00004939,DS004,2026-07-07,9.0,R_DS004_115,4.0,43.07405575000001,64.42048431666666,155.0,0.07976676990740741,0.4444444444444444
SH00004940,DS004,2026-07-07,9.0,R_DS004_116,22.0,188.64613970000002,296.67113969999997,815.0,0.3493447031481482,2.4444444444444446
SH00004941,DS004,2026-07-07,0.0,,0.0,0.0,0.0,0.0,0.0,0.0
SH00004942,DS004,2026-07-07,9.0,R_DS004_118,4.0,35.10612856666667,55.798985699999996,150.0,0.06501134919753086,0.4444444444444444
SH00004943,DS004,2026-07-07,9.0,R_DS004_119,25.0,194.56903053333335,308.6690305333334,935.0,0.36031301950617284,2.7777777777777777
SH00004944,DS004,2026-07-07,9.0,R_DS004_120,28.0,217.9709307,344.2459307,1095.0,0.40364987166666666,3.111111111111111
SH00004945,DS004,2026-07-07,9.0,R_DS004_122,24.0,181.93996806666667,279.41496804999997,895.0,0.33692586679012343,2.6666666666666665
SH00004946,DS004,2026-07-07,9.0,R_DS004_123,29.0,223.89242423333337,346.0924242333333,1130.0,0.41461560043209883,3.2222222222222223
SH00004947,DS004,2026-07-07,9.0,R_DS004_124,4.0,32.21529076666667,53.50457646666666,155.0,0.05965794586419754,0.4444444444444444
SH00004948,DS004,2026-07-07,9.0,R_DS004_125,19.0,165.51853006666667,254.71853006666663,710.0,0.3065157964197531,2.111111111111111
SH00004949,DS004,2026-07-07,9.0,R_DS004_126,30.0,218.41435788333325,341.0893578833333,1165.0,0.4044710331172838,3.3333333333333335
SH00004950,DS004,2026-07-07,9.0,R_DS004_127,4.0,40.68233683333334,65.00019400000001,155.0,0.07533766080246915,0.4444444444444444
SH00004951,DS004,2026-07-07,9.0,R_DS004_129,29.0,222.31195168333338,348.11195168333325,1130.0,0.41168879941358033,3.2222222222222223
SH00004952,DS004,2026-07-07,0.0,,0.0,0.0,0.0,0.0,0.0,0.0
SH00004953,DS004,2026-07-07,9.0,R_DS004_132,29.0,220.61488243333335,342.9648824333333,1140.0,0.40854607858024694,3.2222222222222223
SH00004954,DS004,2026-07-07,9.0,R_DS004_133,5.0,42.27853931666667,63.907110733333326,195.0,0.07829359132716049,0.5555555555555556
SH00004955,DS004,2026-07-07,9.0,R_DS004_134,21.0,168.33348535,261.00848535,790.0,0.31172867657407405,2.3333333333333335
SH00004956,DS004,2026-07-07,9.0,R_DS004_136,3.0,30.879408983333335,46.43655183333334,120.0,0.057184090709876546,0.3333333333333333
SH00004957,DS004,2026-07-07,9.0,R_DS004_137,20.0,159.85445225,249.47945225000004,745.0,0.29602676342592593,2.2222222222222223
SH00004958,DS004,2026-07-07,9.0,R_DS004_138,29.0,221.91240294999997,349.81240295000003,1130.0,0.4109488943518518,3.2222222222222223
SH00004959,DS004,2026-07-07,9.0,R_DS004_139,3.0,33.26840766666667,50.97912195,120.0,0.061608162345679014,0.3333333333333333
SH00004960,DS004,2026-07-07,9.0,R_DS004_140,19.0,153.54371758333338,235.2187175833333,705.0,0.28434021774691365,2.111111111111111
SH00004961,DS004,2026-07-07,9.0,R_DS004_141,29.0,227.61246549999996,355.41246549999994,1130.0,0.42150456574074063,3.2222222222222223
SH00004962,DS004,2026-07-07,9.0,R_DS004_143,20.0,160.14312241666664,247.54312241666662,745.0,0.2965613378086419,2.2222222222222223
SH00004963,DS004,2026-07-07,9.0,R_DS004_144,28.0,221.49953178333334,347.3995317833333,1085.0,0.41018431811728395,3.111111111111111
SH00004964,DS004,2026-07-07,8.433333333333334,R_DS004_145,1.0,8.645325733333333,14.752468583333332,40.0,0.01708562397891963,0.11857707509881422
SH00004965,DS004,2026-07-07,0.0,,0.0,0.0,0.0,0.0,0.0,0.0
SH00004966,DS004,2026-07-07,9.0,R_DS004_147,28.0,212.98821295,338.53821294999995,1090.0,0.39442261657407407,3.111111111111111
SH00004967,DS004,2026-07-07,0.0,,0.0,0.0,0.0,0.0,0.0,0.0
SH00004968,DS004,2026-07-07,9.0,R_DS004_150,27.0,217.01437413333335,339.61437413333323,1060.0,0.401878470617284,3.0
SH00004969,DS004,2026-07-07,9.0,R_DS004_151,3.0,22.557067433333334,37.7927817,120.0,0.041772347098765435,0.3333333333333333
SH00004970,DS004,2026-07-07,9.0,R_DS004_152,15.0,143.5501965166667,221.90019651666665,565.0,0.2658336972530865,1.6666666666666667
SH00004971,DS004,2026-07-07,9.0,R_DS004_153,28.0,221.98988496666666,344.16488496666665,1085.0,0.41109237956790123,3.111111111111111
SH00004972,DS004,2026-07-07,9.0,R_DS004_154,4.0,32.628382583333334,50.4676683,160.0,0.060422930709876546,0.4444444444444444
SH00004973,DS004,2026-07-07,8.25,R_DS004_155,17.0,129.45096308333333,203.70096308333333,645.0,0.26151709713804716,2.0606060606060606
SH00004974,DS004,2026-07-07,8.533333333333333,R_DS004_157,1.0,8.353999233333333,12.050427816666666,40.0,0.016316404752604166,0.1171875
SH00004975,DS004,2026-07-07,9.0,R_DS004_158,19.0,133.33827483333334,209.08827483333334,730.0,0.24692273117283953,2.111111111111111
SH00004976,DS004,2026-07-07,9.0,R_DS004_159,32.0,215.14128598333332,336.96628596666665,1255.0,0.39840978885802464,3.5555555555555554
SH00004977,DS004,2026-07-07,0.0,,0.0,0.0,0.0,0.0,0.0,0.0
SH00005003,DS005,2026-07-07,9.0,R_DS005_003,48.0,298.81007118333326,456.8850711833334,1830.0,0.5533519836728393,5.333333333333333
SH00005004,DS005,2026-07-07,9.0,R_DS005_004,33.0,195.36809548333326,295.9395240666666,1160.0,0.36179276941358013,3.6666666666666665
SH00005005,DS005,2026-07-07,9.0,R_DS005_005,43.0,272.9177523333334,417.3177523333335,1560.0,0.5054032450617285,4.777777777777778
SH00005006,DS005,2026-07-07,9.0,R_DS005_006,44.0,291.77399980000007,445.7489998,1680.0,0.540322221851852,4.888888888888889
SH00005007,DS005,2026-07-07,9.0,R_DS005_007,28.0,159.05798011666673,244.07940870000002,985.0,0.2945518150308643,3.111111111111111
SH00005008,DS005,2026-07-07,9.0,R_DS005_008,43.0,258.9455452166667,393.1455452166667,1565.0,0.47952878743827165,4.777777777777778
SH00005009,DS005,2026-07-07,9.0,R_DS005_010,26.0,165.60176923333336,249.64462636666667,915.0,0.3066699430246914,2.888888888888889
SH00005010,DS005,2026-07-07,9.0,R_DS005_011,41.0,265.87247504999993,403.1724750500001,1490.0,0.49235643527777767,4.555555555555555
SH00005011,DS005,2026-07-07,9.0,R_DS005_012,47.0,291.5759525166667,442.1259525166665,1805.0,0.5399554676234568,5.222222222222222
SH00005012,DS005,2026-07-07,8.7,R_DS005_013,20.0,144.12572164999997,218.83286451666666,705.0,0.27610291503831413,2.298850574712644
SH00005013,DS005,2026-07-07,9.0,R_DS005_014,41.0,259.9329264000001,387.83292640000013,1490.0,0.4813572711111113,4.555555555555555
SH00005014,DS005,2026-07-07,0.0,,0.0,0.0,0.0,0.0,0.0,0.0
SH00005015,DS005,2026-07-07,9.0,R_DS005_017,40.0,244.93794988333335,376.81294988333326,1450.0,0.45358879608024694,4.444444444444445
SH00005016,DS005,2026-07-07,9.0,R_DS005_019,21.0,130.89496085,196.63424655000003,740.0,0.24239807564814814,2.3333333333333335
SH00005017,DS005,2026-07-07,9.0,R_DS005_020,39.0,251.4328622666667,386.35786226666653,1415.0,0.46561641160493833,4.333333333333333
SH00005018,DS005,2026-07-07,8.233333333333333,R_DS005_021,43.0,260.3374169333333,389.7624169333334,1660.0,0.5269988197031039,5.222672064777329
SH00005019,DS005,2026-07-07,9.0,R_DS005_022,20.0,110.08486926666666,170.80629783333333,705.0,0.20386086901234565,2.2222222222222223
SH00005020,DS005,2026-07-07,8.816666666666666,R_DS005_024,45.0,274.19800198333337,417.92300198333334,1730.0,0.518332706962823,5.103969754253308
SH00005021,DS005,2026-07-07,9.0,R_DS005_025,16.0,94.19549671666665,146.29906815,565.0,0.17443610503086418,1.7777777777777777
SH00005022,DS005,2026-07-07,0.0,,0.0,0.0,0.0,0.0,0.0,0.0
SH00005023,DS005,2026-07-07,9.0,R_DS005_027,46.0,267.24211861666663,412.7921186166667,1775.0,0.49489281225308634,5.111111111111111
SH00005024,DS005,2026-07-07,9.0,R_DS005_028,10.0,66.45994606666667,100.5885175,355.0,0.12307397419753088,1.1111111111111112
SH00005025,DS005,2026-07-07,0.0,,0.0,0.0,0.0,0.0,0.0,0.0
SH00005026,DS005,2026-07-07,8.7,R_DS005_031,7.0,47.073688133333334,72.64868813333334,245.0,0.0901794791826309,0.8045977011494253
SH00005027,DS005,2026-07-07,9.0,R_DS005_032,39.0,227.63521818333336,346.98521818333325,1430.0,0.42154670033950625,4.333333333333333
SH00005028,DS005,2026-07-07,8.333333333333334,R_DS005_034,7.0,41.03703363333333,61.76203363333333,245.0,0.08207406726666665,0.84
SH00005029,DS005,2026-07-07,9.0,R_DS005_035,33.0,222.75512425,337.8051242500001,1205.0,0.41250948935185183,3.6666666666666665
SH00005030,DS005,2026-07-07,9.0,R_DS005_040,6.0,33.77579836666666,50.9543698,215.0,0.06254777475308641,0.6666666666666666
SH00005031,DS005,2026-07-07,9.0,R_DS005_041,31.0,196.75792553333335,302.55792553333333,1135.0,0.36436652876543213,3.4444444444444446
SH00005032,DS005,2026-07-07,8.8,R_DS005_043,4.0,27.741547983333334,43.76654798333334,140.0,0.05254081057449495,0.45454545454545453
SH00005033,DS005,2026-07-07,8.333333333333334,R_DS005_045,40.0,253.08233369999996,380.2323337000001,1550.0,0.5061646673999999,4.8
SH00005034,DS005,2026-07-07,9.0,R_DS005_046,5.0,34.930398849999996,51.8375417,180.0,0.06468592379629629,0.5555555555555556
SH00005035,DS005,2026-07-07,9.0,R_DS005_048,38.0,242.41724989999997,372.06724990000004,1470.0,0.4489208331481481,4.222222222222222
SH00005036,DS005,2026-07-07,9.0,R_DS005_049,5.0,32.74607521666667,49.42107521666667,180.0,0.0606408800308642,0.5555555555555556
SH00005037,DS005,2026-07-07,9.0,R_DS005_052,3.0,22.773607016666666,35.77360701666667,110.0,0.042173346327160494,0.3333333333333333
SH00005038,DS005,2026-07-07,9.0,R_DS005_053,32.0,195.20087024999998,294.95087025000004,1175.0,0.36148309305555554,3.5555555555555554
SH00005039,DS005,2026-07-07,9.0,R_DS005_054,36.0,240.17835956666661,367.9033595666666,1400.0,0.4447747399382715,4.0
SH00005040,DS005,2026-07-07,9.0,R_DS005_055,2.0,17.971779266666665,27.496779266666664,75.0,0.03328107271604938,0.2222222222222222
SH00005041,DS005,2026-07-07,8.833333333333334,R_DS005_056,30.0,179.89811340000006,279.0231134,1105.0,0.33943040264150953,3.3962264150943393
SH00005042,DS005,2026-07-07,9.0,R_DS005_057,35.0,233.47390828333334,357.2239082833333,1360.0,0.43235908941358026,3.888888888888889
SH00005043,DS005,2026-07-07,9.0,R_DS005_060,35.0,242.28499175,371.63499175,1360.0,0.4486759106481481,3.888888888888889
SH00005044,DS005,2026-07-07,8.566666666666666,,0.0,0.0,0.0,0.0,0.0,0.0
SH00005045,DS005,2026-07-07,0.0,,0.0,0.0,0.0,0.0,0.0,0.0
SH00005046,DS005,2026-07-07,9.0,R_DS005_063,39.0,239.0808230833333,368.7558230833333,1520.0,0.44274226496913577,4.333333333333333
SH00005047,DS005,2026-07-07,9.0,R_DS005_064,1.0,8.1599176,12.692060466666668,40.0,0.015110958518518519,0.1111111111111111
SH00005048,DS005,2026-07-07,9.0,R_DS005_066,38.0,238.96365878333333,364.96365878333336,1485.0,0.4425252940432099,4.222222222222222
SH00005049,DS005,2026-07-07,9.0,R_DS005_068,30.0,188.27060948333335,286.84560948333336,1100.0,0.3486492768209877,3.3333333333333335
SH00005050,DS005,2026-07-07,9.0,R_DS005_069,39.0,239.94590185,361.4209018499999,1530.0,0.44434426268518523,4.333333333333333
SH00005051,DS005,2026-07-07,0.0,,0.0,0.0,0.0,0.0,0.0,0.0
SH00005052,DS005,2026-07-07,9.0,R_DS005_073,1.0,12.202809583333334,17.92423815,40.0,0.02259779552469136,0.1111111111111111
SH00005053,DS005,2026-07-07,9.0,R_DS005_074,28.0,175.66856431666668,270.2935643166667,1030.0,0.32531215614197534,3.111111111111111
SH00005054,DS005,2026-07-07,8.733333333333333,R_DS005_075,37.0,232.45771248333327,353.7077124833333,1440.0,0.44362158870865126,4.236641221374046
SH00005055,DS005,2026-07-07,9.0,R_DS005_076,1.0,8.589135233333334,12.542706666666668,40.0,0.01590580598765432,0.1111111111111111
SH00005056,DS005,2026-07-07,0.0,,0.0,0.0,0.0,0.0,0.0,0.0
SH00005057,DS005,2026-07-07,9.0,R_DS005_078,37.0,229.31459585000002,346.48959585,1440.0,0.4246566589814815,4.111111111111111
SH00005058,DS005,2026-07-07,9.0,R_DS005_080,27.0,165.10615761666665,244.1061576166666,1000.0,0.3057521437345679,3.0
SH00005059,DS005,2026-07-07,9.0,R_DS005_081,39.0,229.29237991666673,345.5423799166667,1520.0,0.42461551836419764,4.333333333333333
SH00005060,DS005,2026-07-07,9.0,R_DS005_082,1.0,10.296804850000001,15.857519133333334,40.0,0.019068157129629632,0.1111111111111111
SH00005061,DS005,2026-07-07,9.0,R_DS005_087,39.0,223.21557019999995,338.31557019999997,1520.0,0.41336216703703693,4.333333333333333
SH00005062,DS005,2026-07-07,9.0,R_DS005_088,1.0,7.796296783333333,11.910582483333334,40.0,0.014437586635802468,0.1111111111111111
SH00005063,DS005,2026-07-07,9.0,R_DS005_089,26.0,168.9313174,258.1313174,960.0,0.312835772962963,2.888888888888889
SH00005064,DS005,2026-07-07,9.0,R_DS005_090,34.0,214.32649775000002,330.52649775000003,1335.0,0.3969009217592593,3.7777777777777777
SH00005065,DS005,2026-07-07,9.0,R_DS005_091,2.0,10.098959766666667,15.241816916666668,80.0,0.018701777345679012,0.2222222222222222
SH00005066,DS005,2026-07-07,9.0,R_DS005_092,24.0,150.24176201666668,229.49176201666666,890.0,0.2782254852160494,2.6666666666666665
SH00005067,DS005,2026-07-07,9.0,R_DS005_094,1.0,8.414737783333333,13.4290235,40.0,0.01558284774691358,0.1111111111111111
SH00005068,DS005,2026-07-07,9.0,R_DS005_095,21.0,152.3950095666667,228.74500956666668,785.0,0.2822129806790124,2.3333333333333335
SH00005069,DS005,2026-07-07,9.0,R_DS005_096,36.0,222.89218970000002,334.4921897,1410.0,0.4127633142592593,4.0
SH00005070,DS005,2026-07-07,9.0,R_DS005_097,1.0,9.782224816666666,16.885796250000002,40.0,0.01811523114197531,0.1111111111111111
SH00005071,DS005,2026-07-07,9.0,R_DS005_098,23.0,142.89260571666668,208.91760571666669,865.0,0.2646159365123457,2.5555555555555554
SH00005072,DS005,2026-07-07,9.0,R_DS005_099,35.0,226.00917273333337,348.15917271666666,1375.0,0.4185355050617285,3.888888888888889
SH00005073,DS005,2026-07-07,9.0,R_DS005_101,21.0,143.63947553333333,217.0644755333333,790.0,0.2659990287654321,2.3333333333333335
SH00005074,DS005,2026-07-07,9.0,R_DS005_102,38.0,223.02393141666673,342.19893141666665,1490.0,0.4130072804012347,4.222222222222222
SH00005075,DS005,2026-07-07,9.0,R_DS005_103,1.0,5.545991316666667,9.628134166666666,40.0,0.010270354290123457,0.1111111111111111
SH00005076,DS005,2026-07-07,9.0,R_DS005_104,18.0,122.31612548333335,186.06612548333334,680.0,0.22651134348765437,2.0
SH00005077,DS005,2026-07-07,9.0,R_DS005_105,36.0,214.44802478333332,331.34802478333336,1415.0,0.39712597182098763,4.0
SH00005078,DS005,2026-07-07,9.0,R_DS005_106,1.0,7.6134257666666665,12.49914005,40.0,0.01409893660493827,0.1111111111111111
SH00005079,DS005,2026-07-07,9.0,R_DS005_108,34.0,225.1550282833334,339.93002828333323,1330.0,0.41695375608024704,3.7777777777777777
SH00005080,DS005,2026-07-07,9.0,R_DS005_112,2.0,7.196052099999999,11.16390925,75.0,0.013326022407407406,0.2222222222222222
SH00005081,DS005,2026-07-07,9.0,R_DS005_113,15.0,106.30806016666665,163.85806016666666,575.0,0.19686677808641972,1.6666666666666667
SH00005082,DS005,2026-07-07,8.816666666666666,,0.0,0.0,0.0,0.0,0.0,0.0
SH00005083,DS005,2026-07-07,9.0,R_DS005_116,17.0,92.69479845000001,136.89479845,655.0,0.1716570341666667,1.8888888888888888
SH00005084,DS005,2026-07-07,0.0,,0.0,0.0,0.0,0.0,0.0,0.0
SH00005085,DS005,2026-07-07,9.0,R_DS005_118,1.0,4.950082699999999,7.84293985,40.0,0.009166819814814814,0.1111111111111111
SH00005086,DS005,2026-07-07,9.0,R_DS005_119,15.0,94.59741823333331,147.39741823333335,570.0,0.17518040413580244,1.6666666666666667
SH00005087,DS005,2026-07-07,9.0,R_DS005_120,34.0,216.70288425000004,332.92788425000003,1340.0,0.4013016375000001,3.7777777777777777
SH00005088,DS005,2026-07-07,8.666666666666666,R_DS005_123,32.0,209.46072241666667,313.63572241666657,1260.0,0.4028090815705128,3.6923076923076925
SH00005089,DS005,2026-07-07,8.5,R_DS005_124,1.0,10.9475564,15.640413533333334,40.0,0.021465796862745096,0.11764705882352941
SH00005090,DS005,2026-07-07,0.0,,0.0,0.0,0.0,0.0,0.0,0.0
SH00005091,DS005,2026-07-07,9.0,R_DS005_126,32.0,210.78137875,322.30637874999996,1265.0,0.39033588657407403,3.5555555555555554
SH00005092,DS005,2026-07-07,9.0,R_DS005_127,1.0,9.1029901,16.399418666666666,40.0,0.016857389074074074,0.1111111111111111
SH00005093,DS005,2026-07-07,9.0,R_DS005_129,35.0,216.89534903333333,326.0203490333333,1375.0,0.4016580537654321,3.888888888888889
SH00005094,DS005,2026-07-07,8.566666666666666,R_DS005_130,1.0,6.209699716666666,10.677556866666666,40.0,0.012081127853437094,0.11673151750972763
SH00005095,DS005,2026-07-07,0.0,,0.0,0.0,0.0,0.0,0.0,0.0
SH00005096,DS005,2026-07-07,0.0,,0.0,0.0,0.0,0.0,0.0,0.0
SH00005097,DS005,2026-07-07,9.0,R_DS005_133,1.0,9.461365233333334,13.993508083333333,40.0,0.01752104672839506,0.1111111111111111
SH00005098,DS005,2026-07-07,0.0,,0.0,0.0,0.0,0.0,0.0,0.0
SH00005130,DS001,2026-07-08,0.0,,0.0,0.0,0.0,0.0,0.0,0.0
SH00005131,DS001,2026-07-08,9.0,R_DS001_004,31.0,201.2096331,308.0346331,1085.0,0.37261043166666663,3.4444444444444446
SH00005132,DS001,2026-07-08,9.0,R_DS001_005,44.0,274.65953979999995,424.30953980000004,1600.0,0.5086287774074073,4.888888888888889
SH00005133,DS001,2026-07-08,9.0,R_DS001_006,45.0,289.77462383333335,444.4996238333333,1685.0,0.5366196737654322,5.0
SH00005134,DS001,2026-07-08,0.0,,0.0,0.0,0.0,0.0,0.0,0.0
SH00005135,DS001,2026-07-08,9.0,R_DS001_008,42.0,276.25742934999994,427.15742935000003,1535.0,0.5115878321296295,4.666666666666667
SH00005136,DS001,2026-07-08,9.0,R_DS001_009,44.0,293.18812470000006,442.5381247333333,1650.0,0.5429409716666668,4.888888888888889
SH00005137,DS001,2026-07-08,9.0,R_DS001_012,41.0,290.6780902833334,441.24854481666665,1530.0,0.5382927597839507,4.555555555555555
SH00005138,DS001,2026-07-08,9.0,R_DS001_013,31.0,181.36633909999995,280.0413391000001,1085.0,0.3358635909259258,3.4444444444444446
SH00005139,DS001,2026-07-08,9.0,R_DS001_014,44.0,279.1397653,429.98976530000004,1605.0,0.5169254912962964,4.888888888888889
SH00005140,DS001,2026-07-08,9.0,R_DS001_016,28.0,189.29946374999994,287.57446375,980.0,0.3505545624999999,3.111111111111111
SH00005141,DS001,2026-07-08,9.0,R_DS001_018,43.0,271.6025177833333,413.15024504999985,1615.0,0.5029676255246913,4.777777777777778
SH00005142,DS001,2026-07-08,9.0,R_DS001_019,25.0,167.06575726666668,257.29075726666673,875.0,0.30938103197530864,2.7777777777777777
SH00005143,DS001,2026-07-08,9.0,R_DS001_020,38.0,268.6804331833333,417.10543318333333,1380.0,0.49755635774691354,4.222222222222222
SH00005144,DS001,2026-07-08,9.0,R_DS001_021,42.0,267.1699952166667,407.5949952166667,1585.0,0.4947592504012346,4.666666666666667
SH00005145,DS001,2026-07-08,7.85,R_DS001_022,16.0,113.28546858333333,175.83546858333335,560.0,0.24052116472045293,2.038216560509554
SH00005146,DS001,2026-07-08,9.0,R_DS001_023,41.0,267.61221551666665,412.2872155166667,1490.0,0.49557817688271605,4.555555555555555
SH00005147,DS001,2026-07-08,9.0,R_DS001_025,19.0,121.34189453333333,184.01689453333333,665.0,0.22470721209876543,2.111111111111111
SH00005148,DS001,2026-07-08,9.0,R_DS001_026,44.0,266.71529018333337,407.39029018333326,1605.0,0.49391720404320993,4.888888888888889
SH00005149,DS001,2026-07-08,9.0,R_DS001_028,17.0,97.68968275,151.06468275,595.0,0.18090681990740742,1.8888888888888888
SH00005150,DS001,2026-07-08,0.0,,0.0,0.0,0.0,0.0,0.0,0.0
SH00005151,DS001,2026-07-08,9.0,R_DS001_032,42.0,260.2318172,405.5818172,1530.0,0.48191077259259263,4.666666666666667
SH00005152,DS001,2026-07-08,9.0,R_DS001_033,39.0,251.7226436,382.44764359999994,1490.0,0.4661530437037037,4.333333333333333
SH00005153,DS001,2026-07-08,8.016666666666667,R_DS001_034,11.0,67.06703478333333,102.16703478333332,385.0,0.1394325047470547,1.372141372141372
SH00005154,DS001,2026-07-08,9.0,R_DS001_035,40.0,262.8788656,389.8538656,1455.0,0.48681271407407406,4.444444444444445
SH00005155,DS001,2026-07-08,0.0,,0.0,0.0,0.0,0.0,0.0,0.0
SH00005156,DS001,2026-07-08,8.0,R_DS001_037,8.0,60.28026574999999,90.90526575,280.0,0.12558388697916664,1.0
SH00005157,DS001,2026-07-08,9.0,R_DS001_039,40.0,257.08411231666673,388.53411231666666,1530.0,0.47608168947530877,4.444444444444445
SH00005158,DS001,2026-07-08,9.0,R_DS001_040,10.0,60.046133983333334,92.89613398333333,350.0,0.11119654441358025,1.1111111111111112
SH00005159,DS001,2026-07-08,0.0,,0.0,0.0,0.0,0.0,0.0,0.0
SH00005160,DS001,2026-07-08,9.0,R_DS001_042,38.0,246.2163958333334,371.71639583333325,1465.0,0.455956288580247,4.222222222222222
SH00005161,DS001,2026-07-08,9.0,R_DS001_043,8.0,56.80726926666667,87.73226926666668,280.0,0.10519864679012347,0.8888888888888888
SH00005162,DS001,2026-07-08,8.55,R_DS001_044,37.0,232.94957460000003,356.5995745999999,1365.0,0.454092738011696,4.327485380116959
SH00005163,DS001,2026-07-08,9.0,R_DS001_046,7.0,49.47658931666667,74.92658931666666,245.0,0.09162331354938272,0.7777777777777778
SH00005164,DS001,2026-07-08,9.0,R_DS001_047,37.0,242.51430881666664,369.2893088166666,1355.0,0.449100571882716,4.111111111111111
SH00005165,DS001,2026-07-08,9.0,R_DS001_048,36.0,240.77814635,366.92814634999996,1390.0,0.4458854562037037,4.0
SH00005166,DS001,2026-07-08,9.0,R_DS001_049,5.0,35.6625038,54.2125038,175.0,0.06604167370370372,0.5555555555555556
SH00005167,DS001,2026-07-08,9.0,R_DS001_050,38.0,241.19969923333332,364.1246992333334,1390.0,0.446666109691358,4.222222222222222
SH00005168,DS001,2026-07-08,0.0,,0.0,0.0,0.0,0.0,0.0,0.0
SH00005169,DS001,2026-07-08,9.0,R_DS001_056,38.0,224.39513595,349.82013595,1400.0,0.4155465480555556,4.222222222222222
SH00005170,DS001,2026-07-08,9.0,R_DS001_057,36.0,237.1435550333333,357.8935550333332,1390.0,0.43915473154320983,4.0
SH00005171,DS001,2026-07-08,9.0,R_DS001_058,4.0,19.47728025,30.302280250000003,140.0,0.0360690375,0.4444444444444444
SH00005172,DS001,2026-07-08,9.0,R_DS001_060,35.0,232.95827095,354.73327094999996,1345.0,0.431404205462963,3.888888888888889
SH00005173,DS001,2026-07-08,9.0,R_DS001_061,5.0,26.874573866666665,40.474573866666674,175.0,0.04976772938271605,0.5555555555555556
SH00005174,DS001,2026-07-08,9.0,R_DS001_062,31.0,210.01114691666666,322.8361469166666,1140.0,0.3889095313271605,3.4444444444444446
SH00005175,DS001,2026-07-08,9.0,R_DS001_063,37.0,231.97993236666665,353.80493236666666,1425.0,0.42959246734567896,4.111111111111111
SH00005176,DS001,2026-07-08,9.0,R_DS001_064,3.0,23.919886266666666,36.169886266666666,105.0,0.044296085679012345,0.3333333333333333
SH00005177,DS001,2026-07-08,9.0,R_DS001_065,34.0,216.47532125000004,328.90032125,1250.0,0.4008802245370371,3.7777777777777777
SH00005178,DS001,2026-07-08,8.116666666666667,R_DS001_067,1.0,6.059924833333333,9.309924833333334,35.0,0.012443377481177274,0.12320328542094455
SH00005179,DS001,2026-07-08,0.0,,0.0,0.0,0.0,0.0,0.0,0.0
SH00005180,DS001,2026-07-08,9.0,R_DS001_070,2.0,16.05668358333333,22.68168358333333,70.0,0.029734599228395057,0.2222222222222222
SH00005181,DS001,2026-07-08,9.0,R_DS001_071,31.0,201.1864461,306.93644610000007,1150.0,0.3725674927777778,3.4444444444444446
SH00005182,DS001,2026-07-08,0.0,,0.0,0.0,0.0,0.0,0.0,0.0
SH00005183,DS001,2026-07-08,0.0,,0.0,0.0,0.0,0.0,0.0,0.0
SH00005184,DS001,2026-07-08,9.0,R_DS001_075,31.0,231.69162608333335,357.31662608333335,1200.0,0.4290585668209877,3.4444444444444446
SH00005185,DS001,2026-07-08,9.0,R_DS001_076,1.0,5.00932005,7.05932005,35.0,0.009276518611111112,0.1111111111111111
SH00005186,DS001,2026-07-08,9.0,R_DS001_077,30.0,196.86369445000003,294.98869445,1120.0,0.3645623971296297,3.3333333333333335
SH00005187,DS001,2026-07-08,9.0,R_DS001_078,36.0,236.3057793666667,353.3807793666666,1390.0,0.43760329512345686,4.0
SH00005188,DS001,2026-07-08,9.0,R_DS001_079,1.0,6.867310083333334,9.592310083333333,35.0,0.012717240895061729,0.1111111111111111
SH00005189,DS001,2026-07-08,9.0,R_DS001_081,37.0,225.14348896666664,342.89348896666667,1430.0,0.4169323869753086,4.111111111111111
SH00005190,DS001,2026-07-08,0.0,,0.0,0.0,0.0,0.0,0.0,0.0
SH00005191,DS001,2026-07-08,9.0,R_DS001_083,31.0,187.03937671666662,282.2143767166667,1145.0,0.34636921614197524,3.4444444444444446
SH00005192,DS001,2026-07-08,9.0,R_DS001_084,38.0,234.16714715,353.0921471500001,1470.0,0.4336428650925926,4.222222222222222
SH00005193,DS001,2026-07-08,9.0,R_DS001_085,1.0,6.682965916666666,10.057965916666666,35.0,0.012375862808641974,0.1111111111111111
SH00005194,DS001,2026-07-08,9.0,R_DS001_086,30.0,183.5516329166667,276.2766329166667,1110.0,0.3399104313271606,3.3333333333333335
SH00005195,DS001,2026-07-08,0.0,,0.0,0.0,0.0,0.0,0.0,0.0
SH00005196,DS001,2026-07-08,0.0,,0.0,0.0,0.0,0.0,0.0,0.0
SH00005197,DS001,2026-07-08,9.0,R_DS001_091,1.0,4.934018116666667,6.859018116666666,35.0,0.009137070586419754,0.1111111111111111
SH00005198,DS001,2026-07-08,0.0,,0.0,0.0,0.0,0.0,0.0,0.0
SH00005199,DS001,2026-07-08,9.0,R_DS001_093,35.0,223.37764843333335,340.3526484333333,1355.0,0.41366231191358027,3.888888888888889
SH00005200,DS001,2026-07-08,9.0,R_DS001_095,28.0,183.26871985000002,275.81871985000004,1040.0,0.3393865182407408,3.111111111111111
SH00005201,DS001,2026-07-08,9.0,R_DS001_096,37.0,237.87320405000003,355.42320405,1430.0,0.440505933425926,4.111111111111111
SH00005202,DS001,2026-07-08,9.0,R_DS001_097,1.0,5.674622916666666,10.474622916666668,35.0,0.010508560956790123,0.1111111111111111
SH00005203,DS001,2026-07-08,8.1,R_DS001_098,27.0,175.03669126666665,266.0116912666666,1005.0,0.36015780096021943,3.3333333333333335
SH00005204,DS001,2026-07-08,9.0,,0.0,0.0,0.0,0.0,0.0,0.0
SH00005205,DS001,2026-07-08,9.0,R_DS001_102,37.0,224.54581773333337,340.9208177333333,1430.0,0.4158255883950618,4.111111111111111
SH00005206,DS001,2026-07-08,9.0,R_DS001_104,24.0,151.00915486666665,233.43415486666663,900.0,0.2796465830864197,2.6666666666666665
SH00005207,DS001,2026-07-08,0.0,,0.0,0.0,0.0,0.0,0.0,0.0
SH00005208,DS001,2026-07-08,9.0,,0.0,0.0,0.0,0.0,0.0,0.0
SH00005209,DS001,2026-07-08,8.466666666666667,R_DS001_107,24.0,157.52485708333336,246.39985708333333,900.0,0.3100883013451444,2.8346456692913384
SH00005210,DS001,2026-07-08,9.0,,0.0,0.0,0.0,0.0,0.0,0.0
SH00005211,DS001,2026-07-08,9.0,R_DS001_110,26.0,151.76305938333334,230.5130593833333,970.0,0.2810427025617284,2.888888888888889
SH00005212,DS001,2026-07-08,9.0,R_DS001_111,30.0,210.60708605000008,326.0320860500001,1165.0,0.39001312231481494,3.3333333333333335
SH00005213,DS001,2026-07-08,8.566666666666666,,0.0,0.0,0.0,0.0,0.0,0.0
SH00005214,DS001,2026-07-08,9.0,R_DS001_113,23.0,151.0016418666667,230.65164186666664,860.0,0.27963267012345683,2.5555555555555554
SH00005215,DS001,2026-07-08,9.0,R_DS001_114,33.0,219.76585314999994,335.99085314999996,1280.0,0.4069738021296295,3.6666666666666665
SH00005216,DS001,2026-07-08,8.6,R_DS001_116,20.0,145.78959496666667,222.6395949666667,750.0,0.2825379747416021,2.3255813953488373
SH00005217,DS001,2026-07-08,9.0,R_DS001_117,33.0,212.87211011666662,334.6471101166667,1280.0,0.3942076113271604,3.6666666666666665
SH00005218,DS001,2026-07-08,9.0,,0.0,0.0,0.0,0.0,0.0,0.0
SH00005219,DS001,2026-07-08,9.0,R_DS001_119,20.0,136.73891646666667,209.18891646666668,755.0,0.2532202156790123,2.2222222222222223
SH00005220,DS001,2026-07-08,9.0,R_DS001_120,36.0,218.92497421666667,328.0249742166667,1405.0,0.4054166189197531,4.0
SH00005221,DS001,2026-07-08,0.0,,0.0,0.0,0.0,0.0,0.0,0.0
SH00005222,DS001,2026-07-08,9.0,R_DS001_126,33.0,205.05979441666665,310.7097944166667,1285.0,0.37974036003086414,3.6666666666666665
SH00005223,DS001,2026-07-08,9.0,,0.0,0.0,0.0,0.0,0.0,0.0
SH00005224,DS001,2026-07-08,9.0,R_DS001_128,21.0,131.4110816166667,198.56108161666666,800.0,0.2433538548456791,2.3333333333333335
SH00005225,DS001,2026-07-08,9.0,R_DS001_131,20.0,134.29922463333332,202.94922463333333,755.0,0.24870226783950616,2.2222222222222223
SH00005226,DS001,2026-07-08,9.0,R_DS001_132,34.0,201.94245174999998,311.19245175000003,1330.0,0.3739675032407407,3.7777777777777777
SH00005227,DS001,2026-07-08,8.516666666666667,,0.0,0.0,0.0,0.0,0.0,0.0
SH00005228,DS001,2026-07-08,9.0,R_DS001_134,17.0,112.98031714999999,171.68031715000004,650.0,0.209222809537037,1.8888888888888888
SH00005229,DS001,2026-07-08,8.733333333333333,R_DS001_135,33.0,206.80832309999997,316.2083230999999,1290.0,0.3946723723282442,3.7786259541984735
SH00005230,DS001,2026-07-08,9.0,R_DS001_137,16.0,108.21341908333332,171.78841908333334,615.0,0.20039522052469133,1.7777777777777777
SH00005231,DS001,2026-07-08,8.466666666666667,R_DS001_138,33.0,204.52037674999994,314.99537674999993,1285.0,0.40259916683070857,3.8976377952755903
SH00005232,DS001,2026-07-08,9.0,,0.0,0.0,0.0,0.0,0.0,0.0
SH00005233,DS001,2026-07-08,9.0,R_DS001_140,15.0,97.73371728333332,149.23371728333333,580.0,0.18098836533950616,1.6666666666666667
SH00005234,DS001,2026-07-08,9.0,R_DS001_141,33.0,204.87397516666667,315.2739751666666,1295.0,0.379396250308642,3.6666666666666665
SH00005235,DS001,2026-07-08,0.0,,0.0,0.0,0.0,0.0,0.0,0.0
SH00005236,DS001,2026-07-08,9.0,R_DS001_144,33.0,211.17572099999998,323.450721,1290.0,0.39106614999999995,3.6666666666666665
SH00005237,DS001,2026-07-08,9.0,,0.0,0.0,0.0,0.0,0.0,0.0
SH00005238,DS001,2026-07-08,9.0,R_DS001_146,15.0,103.98820535000002,160.43820535000003,580.0,0.1925707506481482,1.6666666666666667
SH00005239,DS001,2026-07-08,9.0,R_DS001_147,29.0,205.89092323333333,317.2909232333333,1135.0,0.3812794874691358,3.2222222222222223
SH00005240,DS001,2026-07-08,0.0,,0.0,0.0,0.0,0.0,0.0,0.0
SH00005241,DS001,2026-07-08,9.0,,0.0,0.0,0.0,0.0,0.0,0.0
SH00005242,DS001,2026-07-08,9.0,R_DS001_152,14.0,93.07058883333333,141.39558883333333,545.0,0.17235294228395062,1.5555555555555556
SH00005243,DS001,2026-07-08,9.0,R_DS001_153,31.0,207.9402283833333,316.5902283833333,1210.0,0.3850744970061728,3.4444444444444446
SH00005244,DS001,2026-07-08,9.0,,0.0,0.0,0.0,0.0,0.0,0.0
SH00005245,DS001,2026-07-08,9.0,R_DS001_155,15.0,91.41900243333335,141.76900243333333,590.0,0.16929444895061732,1.6666666666666667
SH00005246,DS001,2026-07-08,9.0,R_DS001_156,28.0,193.83835906666667,297.71335906666667,1100.0,0.35895992419753087,3.111111111111111
SH00005247,DS001,2026-07-08,9.0,R_DS001_158,15.0,89.37556323333335,132.32556323333336,585.0,0.16551030228395064,1.6666666666666667
SH00005248,DS001,2026-07-08,0.0,,0.0,0.0,0.0,0.0,0.0,0.0
SH00005249,DS001,2026-07-08,9.0,,0.0,0.0,0.0,0.0,0.0,0.0
SH00005250,DS001,2026-07-08,9.0,R_DS001_161,14.0,93.24941006666667,139.24941006666666,545.0,0.1726840927160494,1.5555555555555556
SH00005251,DS001,2026-07-08,9.0,R_DS001_162,30.0,190.6956922,294.67069219999996,1180.0,0.3531401707407407,3.3333333333333335
SH00005252,DS001,2026-07-08,9.0,,0.0,0.0,0.0,0.0,0.0,0.0
SH00005253,DS001,2026-07-08,9.0,R_DS001_165,30.0,202.95962035000005,307.3846203500001,1175.0,0.3758511487962964,3.3333333333333335
SH00005283,DS002,2026-07-08,9.0,R_DS002_002,38.0,264.8156689333333,415.2906689333332,1380.0,0.4903993869135802,4.222222222222222
SH00005284,DS002,2026-07-08,9.0,R_DS002_004,27.0,199.02597034999997,315.95097035000003,945.0,0.3685666117592592,3.0
SH00005285,DS002,2026-07-08,0.0,,0.0,0.0,0.0,0.0,0.0,0.0
SH00005286,DS002,2026-07-08,9.0,R_DS002_006,38.0,287.3971128499999,445.1039310333334,1420.0,0.532216875648148,4.222222222222222
SH00005287,DS002,2026-07-08,9.0,R_DS002_007,27.0,190.02360008333335,297.9486000833333,945.0,0.3518955557098766,3.0
SH00005288,DS002,2026-07-08,9.0,R_DS002_008,37.0,263.89191135000004,412.49191134999995,1345.0,0.4886887247222223,4.111111111111111
SH00005289,DS002,2026-07-08,9.0,R_DS002_009,45.0,296.7311599833333,447.10388726666673,1700.0,0.5495021481172839,5.0
SH00005290,DS002,2026-07-08,9.0,R_DS002_011,38.0,265.88528486666667,418.6602848666667,1380.0,0.4923801571604938,4.222222222222222
SH00005291,DS002,2026-07-08,9.0,R_DS002_012,41.0,286.32233550000007,438.30415368333337,1545.0,0.5302265472222223,4.555555555555555
SH00005292,DS002,2026-07-08,9.0,R_DS002_015,41.0,277.09960955,429.5518822833333,1550.0,0.5131474250925926,4.555555555555555
SH00005293,DS002,2026-07-08,9.0,R_DS002_016,23.0,158.2757293833333,244.00072938333335,805.0,0.29310320256172834,2.5555555555555554
SH00005294,DS002,2026-07-08,8.133333333333333,R_DS002_018,37.0,270.52452983333325,418.10634801666663,1400.0,0.554353544740437,4.549180327868853
SH00005295,DS002,2026-07-08,9.0,R_DS002_019,21.0,157.5159663,244.0659663,735.0,0.2916962338888889,2.3333333333333335
SH00005296,DS002,2026-07-08,8.733333333333333,R_DS002_020,36.0,253.20751883333335,395.3075188333334,1300.0,0.4832204557888041,4.122137404580153
SH00005297,DS002,2026-07-08,9.0,R_DS002_021,39.0,272.8892248499999,425.0824066666666,1475.0,0.5053504163888887,4.333333333333333
SH00005298,DS002,2026-07-08,9.0,R_DS002_022,19.0,140.39460396666666,221.7446039666667,665.0,0.259990007345679,2.111111111111111
SH00005299,DS002,2026-07-08,9.0,R_DS002_023,36.0,259.80879111666667,404.88379111666666,1305.0,0.48112739095679014,4.0
SH00005300,DS002,2026-07-08,9.0,R_DS002_025,15.0,122.35512171666666,187.50512171666665,525.0,0.2265835587345679,1.6666666666666667
SH00005301,DS002,2026-07-08,9.0,R_DS002_026,39.0,263.8917455166666,408.5917455166667,1415.0,0.4886884176234567,4.333333333333333
SH00005302,DS002,2026-07-08,9.0,R_DS002_027,37.0,261.7317074,403.5862528666667,1410.0,0.48468834703703706,4.111111111111111
SH00005303,DS002,2026-07-08,9.0,R_DS002_028,13.0,92.11038203333331,140.48538203333334,455.0,0.17057478154320982,1.4444444444444444
SH00005304,DS002,2026-07-08,9.0,R_DS002_029,34.0,241.16547233333338,378.4404723333332,1235.0,0.44660272654321,3.7777777777777777
SH00005305,DS002,2026-07-08,0.0,,0.0,0.0,0.0,0.0,0.0,0.0
SH00005306,DS002,2026-07-08,9.0,R_DS002_032,30.0,235.48204363333332,369.3570436333334,1090.0,0.4360778585802469,3.3333333333333335
SH00005307,DS002,2026-07-08,9.0,R_DS002_033,33.0,253.0004676333333,394.47319491666656,1250.0,0.46851938450617275,3.6666666666666665
SH00005308,DS002,2026-07-08,9.0,R_DS002_034,10.0,71.47823253333334,112.35323253333333,350.0,0.13236709728395063,1.1111111111111112
SH00005309,DS002,2026-07-08,9.0,R_DS002_035,32.0,237.32118594999994,371.1211859499999,1160.0,0.4394836776851851,3.5555555555555554
SH00005310,DS002,2026-07-08,9.0,R_DS002_037,8.0,53.120798,84.54579799999999,280.0,0.09837184814814814,0.8888888888888888
SH00005311,DS002,2026-07-08,9.0,R_DS002_039,34.0,248.2197455333333,379.9447455333334,1310.0,0.45966619543209875,3.7777777777777777
SH00005312,DS002,2026-07-08,8.733333333333333,R_DS002_040,4.0,31.676021616666667,46.851021616666664,140.0,0.060450422932569976,0.45801526717557256
SH00005313,DS002,2026-07-08,9.0,R_DS002_041,31.0,229.8211336666667,355.5211336666667,1125.0,0.4255946919753087,3.4444444444444446
SH00005314,DS002,2026-07-08,9.0,R_DS002_043,5.0,34.028232433333336,52.62823243333333,175.0,0.06301524524691358,0.5555555555555556
SH00005315,DS002,2026-07-08,9.0,R_DS002_044,31.0,222.54895978333337,345.14895978333334,1135.0,0.41212770330246923,3.4444444444444446
SH00005316,DS002,2026-07-08,9.0,R_DS002_046,4.0,40.92522955,62.95022955,140.0,0.07578746212962963,0.4444444444444444
SH00005317,DS002,2026-07-08,9.0,R_DS002_047,30.0,210.38370770000003,328.00870770000006,1090.0,0.38959945870370377,3.3333333333333335
SH00005318,DS002,2026-07-08,9.0,R_DS002_048,31.0,240.04751969999995,376.8475197000001,1200.0,0.4445324438888888,3.4444444444444446
SH00005319,DS002,2026-07-08,9.0,R_DS002_049,4.0,20.75787228333333,32.20787228333334,140.0,0.03844050422839506,0.4444444444444444
SH00005320,DS002,2026-07-08,9.0,R_DS002_050,27.0,206.48112515,321.48112515,985.0,0.38237245398148145,3.0
SH00005321,DS002,2026-07-08,9.0,R_DS002_051,31.0,229.33614278333332,364.26114278333336,1195.0,0.4246965607098765,3.4444444444444446
SH00005322,DS002,2026-07-08,9.0,R_DS002_053,28.0,196.75381945000004,304.67881945,1025.0,0.36435892490740746,3.111111111111111
SH00005323,DS002,2026-07-08,9.0,R_DS002_054,31.0,237.22064225,366.07064224999993,1200.0,0.43929748564814813,3.4444444444444446
SH00005324,DS002,2026-07-08,9.0,R_DS002_055,4.0,27.979131783333333,43.904131783333334,140.0,0.05181320700617284,0.4444444444444444
SH00005325,DS002,2026-07-08,9.0,R_DS002_056,28.0,183.4383683,281.9633683,1025.0,0.33970068203703707,3.111111111111111
SH00005326,DS002,2026-07-08,9.0,R_DS002_057,32.0,231.65292253333337,356.9529225333333,1240.0,0.428986893580247,3.5555555555555554
SH00005327,DS002,2026-07-08,9.0,R_DS002_058,2.0,17.170952516666667,24.895952516666668,70.0,0.03179806021604938,0.2222222222222222
SH00005328,DS002,2026-07-08,9.0,R_DS002_060,32.0,230.6084878333333,363.8584878333333,1235.0,0.4270527552469135,3.5555555555555554
SH00005329,DS002,2026-07-08,0.0,,0.0,0.0,0.0,0.0,0.0,0.0
SH00005330,DS002,2026-07-08,9.0,R_DS002_062,24.0,194.12081485000002,298.79581484999994,875.0,0.359482990462963,2.6666666666666665
SH00005331,DS002,2026-07-08,9.0,R_DS002_063,34.0,238.93634928333336,369.91134928333327,1310.0,0.4424747208950618,3.7777777777777777
SH00005332,DS002,2026-07-08,9.0,R_DS002_064,2.0,14.582339283333335,21.207339283333333,70.0,0.027004332006172842,0.2222222222222222
SH00005333,DS002,2026-07-08,9.0,R_DS002_065,24.0,176.32405213333337,272.7990521333333,875.0,0.32652602246913587,2.6666666666666665
SH00005334,DS002,2026-07-08,0.0,,0.0,0.0,0.0,0.0,0.0,0.0
SH00005335,DS002,2026-07-08,9.0,R_DS002_068,24.0,176.70109868333336,266.67609868333335,880.0,0.3272242568209877,2.6666666666666665
SH00005336,DS002,2026-07-08,9.0,R_DS002_069,32.0,237.7138187,366.9888187,1240.0,0.44021077537037034,3.5555555555555554
SH00005337,DS002,2026-07-08,9.0,R_DS002_070,2.0,19.08543991666667,29.810439916666667,70.0,0.03534340725308643,0.2222222222222222
SH00005338,DS002,2026-07-08,9.0,R_DS002_071,24.0,174.0277354333333,274.37773543333327,880.0,0.3222735841358024,2.6666666666666665
SH00005339,DS002,2026-07-08,9.0,R_DS002_072,31.0,229.47830626666666,358.8533062666667,1200.0,0.4249598264197531,3.4444444444444446
SH00005340,DS002,2026-07-08,9.0,R_DS002_074,22.0,187.6947034833333,289.56970348333334,810.0,0.347582784228395,2.4444444444444446
SH00005341,DS002,2026-07-08,9.0,R_DS002_076,2.0,12.94064135,19.79064135,70.0,0.023964150648148146,0.2222222222222222
SH00005342,DS002,2026-07-08,9.0,R_DS002_077,23.0,161.64947463333334,252.14947463333334,855.0,0.2993508789506173,2.5555555555555554
SH00005343,DS002,2026-07-08,9.0,R_DS002_078,30.0,230.7166359,356.59163589999997,1160.0,0.42725302944444443,3.3333333333333335
SH00005344,DS002,2026-07-08,9.0,R_DS002_079,2.0,10.406348683333334,17.556348683333333,70.0,0.019271016080246915,0.2222222222222222
SH00005345,DS002,2026-07-08,8.15,R_DS002_081,29.0,234.45192226666663,368.95192226666666,1115.0,0.4794517837764144,3.558282208588957
SH00005346,DS002,2026-07-08,9.0,R_DS002_082,2.0,14.776038666666667,23.601038666666668,70.0,0.027363034567901234,0.2222222222222222
SH00005347,DS002,2026-07-08,9.0,R_DS002_083,20.0,151.59430348333333,235.81930348333333,740.0,0.2807301916358025,2.2222222222222223
SH00005348,DS002,2026-07-08,9.0,R_DS002_084,32.0,231.18794021666668,354.4879402166667,1240.0,0.4281258152160494,3.5555555555555554
SH00005349,DS002,2026-07-08,0.0,,0.0,0.0,0.0,0.0,0.0,0.0
SH00005350,DS002,2026-07-08,9.0,R_DS002_086,19.0,131.83223258333337,206.2322325833333,710.0,0.24413376404320994,2.111111111111111
SH00005351,DS002,2026-07-08,9.0,R_DS002_088,1.0,5.09069085,7.990690849999999,35.0,0.009427205277777777,0.1111111111111111
SH00005352,DS002,2026-07-08,9.0,R_DS002_089,19.0,123.59051374999997,187.51551375000003,710.0,0.2288713217592592,2.111111111111111
SH00005353,DS002,2026-07-08,9.0,R_DS002_090,30.0,223.00560008333335,347.1306000833333,1165.0,0.41297333348765436,3.3333333333333335
SH00005354,DS002,2026-07-08,9.0,R_DS002_091,1.0,5.473091933333333,7.973091933333333,35.0,0.010135355432098765,0.1111111111111111
SH00005355,DS002,2026-07-08,0.0,,0.0,0.0,0.0,0.0,0.0,0.0
SH00005356,DS002,2026-07-08,9.0,R_DS002_093,29.0,220.4926079666667,345.04260796666665,1125.0,0.4083196443827161,3.2222222222222223
SH00005357,DS002,2026-07-08,9.0,R_DS002_095,18.0,140.29812198333335,214.64812198333334,670.0,0.25981133700617287,2.0
SH00005358,DS002,2026-07-08,9.0,R_DS002_096,29.0,215.11878926666668,340.8687892666667,1125.0,0.39836812827160495,3.2222222222222223
SH00005359,DS002,2026-07-08,9.0,R_DS002_097,1.0,6.60355605,9.72855605,35.0,0.0122288075,0.1111111111111111
SH00005360,DS002,2026-07-08,9.0,R_DS002_098,17.0,133.27413988333333,207.57413988333332,630.0,0.24680396274691357,1.8888888888888888
SH00005361,DS002,2026-07-08,9.0,R_DS002_100,1.0,4.788672466666667,7.163672466666667,35.0,0.008867911975308642,0.1111111111111111
SH00005362,DS002,2026-07-08,9.0,R_DS002_102,30.0,219.6953120666667,341.24531206666666,1170.0,0.40684317049382723,3.3333333333333335
SH00005363,DS002,2026-07-08,8.466666666666667,R_DS002_103,1.0,6.3403867499999995,9.040386750000001,35.0,0.012481076279527558,0.11811023622047244
SH00005364,DS002,2026-07-08,9.0,R_DS002_104,15.0,114.80268253333332,178.95268253333336,565.0,0.21259756024691356,1.6666666666666667
SH00005365,DS002,2026-07-08,9.0,R_DS002_105,30.0,217.14925549999995,340.87425550000006,1165.0,0.40212825092592586,3.3333333333333335
SH00005366,DS002,2026-07-08,8.25,R_DS002_106,1.0,8.00683335,11.731833349999999,35.0,0.01617542090909091,0.12121212121212122
SH00005367,DS002,2026-07-08,9.0,R_DS002_107,14.0,105.31182723333333,164.93682723333333,525.0,0.1950219022839506,1.5555555555555556
SH00005368,DS002,2026-07-08,8.366666666666667,R_DS002_109,1.0,3.0025417833333337,3.9275417833333335,35.0,0.005981158930942896,0.1195219123505976
SH00005369,DS002,2026-07-08,9.0,R_DS002_110,16.0,104.27751241666667,160.97751241666668,610.0,0.19310650447530864,1.7777777777777777
SH00005370,DS002,2026-07-08,9.0,R_DS002_111,34.0,214.80677219999995,337.6567722,1325.0,0.3977903188888888,3.7777777777777777
SH00005371,DS002,2026-07-08,9.0,R_DS002_112,1.0,8.9041057,13.8541057,35.0,0.01648908462962963,0.1111111111111111
SH00005372,DS002,2026-07-08,9.0,R_DS002_113,12.0,97.06646078333333,150.94146078333333,455.0,0.17975270515432099,1.3333333333333333
SH00005373,DS002,2026-07-08,9.0,R_DS002_114,30.0,208.19353086666672,322.71853086666664,1175.0,0.38554357567901243,3.3333333333333335
SH00005374,DS002,2026-07-08,9.0,R_DS002_116,13.0,93.66940038333334,143.51940038333336,495.0,0.1734618525617284,1.4444444444444444
SH00005375,DS002,2026-07-08,9.0,R_DS002_117,27.0,208.53187733333328,328.5068773333334,1055.0,0.38617014320987647,3.0
SH00005376,DS002,2026-07-08,8.333333333333334,R_DS002_118,1.0,9.046311083333334,14.496311083333334,35.0,0.018092622166666666,0.12
SH00005377,DS002,2026-07-08,0.0,,0.0,0.0,0.0,0.0,0.0,0.0
SH00005378,DS002,2026-07-08,9.0,R_DS002_121,1.0,7.264522883333333,11.689522883333332,35.0,0.013452820154320987,0.1111111111111111
SH00005379,DS002,2026-07-08,9.0,R_DS002_123,28.0,203.63048198333337,322.2804819833334,1095.0,0.37709348515432106,3.111111111111111
SH00005380,DS002,2026-07-08,9.0,,0.0,0.0,0.0,0.0,0.0,0.0
SH00005381,DS002,2026-07-08,9.0,R_DS002_125,10.0,71.85538255,112.48038255,390.0,0.13306552324074075,1.1111111111111112
SH00005382,DS002,2026-07-08,9.0,R_DS002_126,29.0,210.4216234666667,327.8466234666667,1130.0,0.3896696730864198,3.2222222222222223
SH00005383,DS002,2026-07-08,9.0,,0.0,0.0,0.0,0.0,0.0,0.0
SH00005384,DS002,2026-07-08,9.0,R_DS002_128,10.0,81.21561381666668,124.96561381666666,385.0,0.15039928484567902,1.1111111111111112
SH00005385,DS002,2026-07-08,9.0,,0.0,0.0,0.0,0.0,0.0,0.0
SH00005386,DS002,2026-07-08,8.283333333333333,R_DS002_131,10.0,63.36757488333333,95.91757488333333,390.0,0.12750015067069081,1.2072434607645874
SH00005387,DS002,2026-07-08,9.0,R_DS002_132,31.0,205.78213041666666,319.3571304166667,1210.0,0.38107801929012347,3.4444444444444446
SH00005388,DS002,2026-07-08,8.483333333333333,,0.0,0.0,0.0,0.0,0.0,0.0
SH00005389,DS002,2026-07-08,9.0,R_DS002_134,8.0,67.03985043333333,101.86485043333333,310.0,0.1241478711728395,0.8888888888888888
SH00005390,DS002,2026-07-08,9.0,R_DS002_135,25.0,206.21896956666666,323.1439695666667,980.0,0.38188698067901233,2.7777777777777777
SH00005391,DS002,2026-07-08,9.0,R_DS002_137,9.0,53.12115391666666,80.39615391666666,355.0,0.0983725072530864,1.0
SH00005392,DS002,2026-07-08,9.0,R_DS002_138,30.0,206.0273734333333,319.0273734333334,1170.0,0.38153217302469133,3.3333333333333335
SH00005393,DS002,2026-07-08,8.616666666666667,,0.0,0.0,0.0,0.0,0.0,0.0
SH00005394,DS002,2026-07-08,9.0,R_DS002_140,8.0,53.145613966666666,82.27061396666667,315.0,0.0984178036419753,0.8888888888888888
SH00005395,DS002,2026-07-08,0.0,,0.0,0.0,0.0,0.0,0.0,0.0
SH00005396,DS002,2026-07-08,9.0,,0.0,0.0,0.0,0.0,0.0,0.0
SH00005397,DS002,2026-07-08,9.0,R_DS002_144,27.0,200.04692110000002,313.4719211,1060.0,0.37045726129629636,3.0
SH00005398,DS002,2026-07-08,9.0,,0.0,0.0,0.0,0.0,0.0,0.0
SH00005399,DS002,2026-07-08,9.0,R_DS002_146,7.0,51.4435093,79.8935093,280.0,0.09526575796296297,0.7777777777777778
SH00005400,DS002,2026-07-08,9.0,,0.0,0.0,0.0,0.0,0.0,0.0
SH00005401,DS002,2026-07-08,9.0,R_DS002_149,7.0,49.88273273333333,77.18273273333334,275.0,0.09237543098765431,0.7777777777777778
SH00005402,DS002,2026-07-08,9.0,,0.0,0.0,0.0,0.0,0.0,0.0
SH00005403,DS002,2026-07-08,9.0,R_DS002_152,5.0,47.75198923333333,73.45198923333332,200.0,0.08842960969135802,0.5555555555555556
SH00005404,DS002,2026-07-08,9.0,R_DS002_153,29.0,212.55610403333333,326.15610403333335,1130.0,0.3936224148765432,3.2222222222222223
SH00005405,DS002,2026-07-08,9.0,,0.0,0.0,0.0,0.0,0.0,0.0
SH00005406,DS002,2026-07-08,9.0,R_DS002_155,8.0,41.654283649999996,59.02928365,315.0,0.0771375623148148,0.8888888888888888
SH00005434,DS003,2026-07-08,9.0,R_DS003_001,30.0,199.67653890000005,312.6765389000001,1050.0,0.3697713683333334,3.3333333333333335
SH00005435,DS003,2026-07-08,9.0,R_DS003_002,38.0,265.36976595,412.96976594999995,1365.0,0.49142549249999995,4.222222222222222
SH00005436,DS003,2026-07-08,8.616666666666667,R_DS003_004,30.0,209.7633458666666,323.11334586666663,1050.0,0.405731810186976,3.481624758220503
SH00005437,DS003,2026-07-08,0.0,,0.0,0.0,0.0,0.0,0.0,0.0
SH00005438,DS003,2026-07-08,9.0,R_DS003_006,44.0,305.0592601833333,464.22062381666666,1675.0,0.5649245558950617,4.888888888888889
SH00005439,DS003,2026-07-08,9.0,R_DS003_007,25.0,174.41012523333333,265.03512523333336,875.0,0.3229817133950617,2.7777777777777777
SH00005440,DS003,2026-07-08,9.0,R_DS003_008,39.0,271.1181224166667,424.2681224166666,1410.0,0.5020705970679014,4.333333333333333
SH00005441,DS003,2026-07-08,9.0,R_DS003_009,39.0,293.35874298333334,456.3405611500001,1475.0,0.5432569314506173,4.333333333333333
SH00005442,DS003,2026-07-08,0.0,,0.0,0.0,0.0,0.0,0.0,0.0
SH00005443,DS003,2026-07-08,9.0,R_DS003_012,41.0,280.86177530000003,443.4663207333333,1560.0,0.5201143987037038,4.555555555555555
SH00005444,DS003,2026-07-08,9.0,R_DS003_014,41.0,270.1495267166667,411.1245267166667,1480.0,0.5002769013271605,4.555555555555555
SH00005445,DS003,2026-07-08,0.0,,0.0,0.0,0.0,0.0,0.0,0.0
SH00005446,DS003,2026-07-08,9.0,R_DS003_016,21.0,159.66646220000004,247.8664622,735.0,0.2956786337037038,2.3333333333333335
SH00005447,DS003,2026-07-08,9.0,R_DS003_018,41.0,294.27953186666656,455.55680458333325,1565.0,0.5449620960493825,4.555555555555555
SH00005448,DS003,2026-07-08,9.0,R_DS003_019,20.0,139.66905023333334,218.84405023333332,700.0,0.25864638932098766,2.2222222222222223
SH00005449,DS003,2026-07-08,9.0,R_DS003_020,36.0,260.2598837500001,409.23488375,1300.0,0.4819627476851853,4.0
SH00005450,DS003,2026-07-08,9.0,R_DS003_023,37.0,263.9528084333333,406.75280843333337,1335.0,0.48880149709876536,4.111111111111111
SH00005451,DS003,2026-07-08,8.133333333333333,R_DS003_025,11.0,80.69635668333333,123.54635668333331,385.0,0.16536138664617486,1.3524590163934427
SH00005452,DS003,2026-07-08,9.0,R_DS003_026,37.0,260.20527195000005,400.55527194999996,1340.0,0.48186161472222233,4.111111111111111
SH00005453,DS003,2026-07-08,9.0,R_DS003_027,41.0,274.6105233833333,427.30597793333334,1570.0,0.5085380062654321,4.555555555555555
SH00005454,DS003,2026-07-08,0.0,,0.0,0.0,0.0,0.0,0.0,0.0
SH00005455,DS003,2026-07-08,8.3,R_DS003_029,33.0,230.08015673333335,352.50515673333325,1205.0,0.462008346854083,3.975903614457831
SH00005456,DS003,2026-07-08,9.0,R_DS003_030,37.0,259.6503157833334,402.27531578333316,1435.0,0.48083391811728404,4.111111111111111
SH00005457,DS003,2026-07-08,9.0,R_DS003_032,36.0,241.7922739666666,380.6422739666667,1305.0,0.4477634703086419,4.0
SH00005458,DS003,2026-07-08,9.0,R_DS003_033,38.0,251.9022376166667,392.7772376166667,1475.0,0.4664856252160494,4.222222222222222
SH00005459,DS003,2026-07-08,9.0,R_DS003_035,34.0,239.84706558333338,371.1970655833333,1235.0,0.44416123256172846,3.7777777777777777
SH00005460,DS003,2026-07-08,8.566666666666666,R_DS003_036,34.0,253.12525338333336,390.62525338333336,1315.0,0.492461582457847,3.9688715953307394
SH00005461,DS003,2026-07-08,9.0,R_DS003_037,12.0,83.28930831666666,128.41430831666668,420.0,0.154239459845679,1.3333333333333333
SH00005462,DS003,2026-07-08,9.0,R_DS003_039,40.0,255.7661900833333,393.7161900833333,1550.0,0.4736410927469135,4.444444444444445
SH00005463,DS003,2026-07-08,8.2,R_DS003_040,7.0,48.375367849999996,73.92536785,245.0,0.09832391839430894,0.853658536585366
SH00005464,DS003,2026-07-08,9.0,R_DS003_041,32.0,230.66966230000003,361.14466230000005,1165.0,0.4271660412962964,3.5555555555555554
SH00005465,DS003,2026-07-08,9.0,R_DS003_042,36.0,253.04711426666665,390.4471142666667,1400.0,0.4686057671604938,4.0
SH00005466,DS003,2026-07-08,9.0,R_DS003_043,9.0,66.17758713333333,98.40258713333331,315.0,0.12255108728395062,1.0
SH00005467,DS003,2026-07-08,9.0,R_DS003_044,31.0,214.83955466666677,332.4145546666666,1130.0,0.39785102716049403,3.4444444444444446
SH00005468,DS003,2026-07-08,9.0,R_DS003_046,8.0,53.005826049999996,83.05582605000001,280.0,0.09815893712962963,0.8888888888888888
SH00005469,DS003,2026-07-08,9.0,R_DS003_047,32.0,204.64211329999992,317.21711329999994,1170.0,0.3789668764814813,3.5555555555555554
SH00005470,DS003,2026-07-08,0.0,,0.0,0.0,0.0,0.0,0.0,0.0
SH00005471,DS003,2026-07-08,9.0,R_DS003_049,8.0,59.85202433333332,89.40202433333334,280.0,0.1108370820987654,0.8888888888888888
SH00005472,DS003,2026-07-08,0.0,,0.0,0.0,0.0,0.0,0.0,0.0
SH00005473,DS003,2026-07-08,8.683333333333334,R_DS003_051,36.0,254.60200389999997,384.55200389999993,1395.0,0.4886794700575815,4.145873320537428
SH00005474,DS003,2026-07-08,9.0,R_DS003_054,35.0,250.82881078333332,390.32199260000004,1355.0,0.4644977977469136,3.888888888888889
SH00005475,DS003,2026-07-08,9.0,R_DS003_055,8.0,51.52821085,78.55321085,280.0,0.09542261268518519,0.8888888888888888
SH00005476,DS003,2026-07-08,9.0,R_DS003_056,30.0,207.11380666666668,316.81380666666666,1095.0,0.3835440864197531,3.3333333333333335
SH00005477,DS003,2026-07-08,8.066666666666666,R_DS003_057,37.0,240.91339390000005,367.3383939000001,1445.0,0.49775494607438026,4.586776859504132
SH00005478,DS003,2026-07-08,9.0,R_DS003_058,7.0,48.70686416666666,75.58186416666668,245.0,0.09019789660493827,0.7777777777777778
SH00005479,DS003,2026-07-08,8.3,R_DS003_060,38.0,248.33646476666667,384.0114647666666,1475.0,0.49866759993306553,4.578313253012047
SH00005480,DS003,2026-07-08,9.0,R_DS003_061,8.0,39.33739383333333,58.41239383333334,280.0,0.07284702561728394,0.8888888888888888
SH00005481,DS003,2026-07-08,9.0,R_DS003_062,32.0,207.50174326666672,317.95174326666665,1165.0,0.3842624875308643,3.5555555555555554
SH00005482,DS003,2026-07-08,8.516666666666667,R_DS003_063,36.0,253.26672993333335,387.19172993333336,1400.0,0.49562960848010434,4.227005870841487
SH00005483,DS003,2026-07-08,9.0,R_DS003_064,5.0,51.38223218333333,77.40723218333335,175.0,0.09515228182098764,0.5555555555555556
SH00005484,DS003,2026-07-08,9.0,R_DS003_065,29.0,205.4421392333334,319.2171392333334,1065.0,0.38044840598765445,3.2222222222222223
SH00005485,DS003,2026-07-08,9.0,R_DS003_067,6.0,44.89949154999999,71.24949155,210.0,0.08314720657407407,0.6666666666666666
SH00005486,DS003,2026-07-08,9.0,R_DS003_068,28.0,192.1255676,293.12556760000007,1025.0,0.35578808814814816,3.111111111111111
SH00005487,DS003,2026-07-08,0.0,,0.0,0.0,0.0,0.0,0.0,0.0
SH00005488,DS003,2026-07-08,0.0,,0.0,0.0,0.0,0.0,0.0,0.0
SH00005489,DS003,2026-07-08,9.0,R_DS003_071,25.0,178.40874553333333,278.2587455333333,910.0,0.3303865658024691,2.7777777777777777
SH00005490,DS003,2026-07-08,9.0,R_DS003_072,33.0,243.2944717333333,376.6194717333333,1290.0,0.4505453180246913,3.6666666666666665
SH00005491,DS003,2026-07-08,9.0,R_DS003_074,25.0,175.7543511833333,270.82935118333336,920.0,0.3254710207098765,2.7777777777777777
SH00005492,DS003,2026-07-08,9.0,R_DS003_075,37.0,249.20200396666667,380.97700396666653,1440.0,0.4614851925308642,4.111111111111111
SH00005493,DS003,2026-07-08,0.0,,0.0,0.0,0.0,0.0,0.0,0.0
SH00005494,DS003,2026-07-08,9.0,R_DS003_077,23.0,156.27755205000003,240.20255204999998,845.0,0.2894028741666667,2.5555555555555554
SH00005495,DS003,2026-07-08,8.683333333333334,R_DS003_078,34.0,240.41133503333333,377.7363350333333,1325.0,0.46144210179142675,3.9155470249520152
SH00005496,DS003,2026-07-08,8.583333333333334,R_DS003_082,4.0,30.4146922,46.7896922,140.0,0.05905765475728156,0.4660194174757281
SH00005497,DS003,2026-07-08,0.0,,0.0,0.0,0.0,0.0,0.0,0.0
SH00005498,DS003,2026-07-08,9.0,R_DS003_084,36.0,246.68162451666663,372.28162451666674,1400.0,0.45681782317901226,4.0
SH00005499,DS003,2026-07-08,9.0,R_DS003_085,2.0,8.626926083333334,12.701926083333333,70.0,0.015975789043209877,0.2222222222222222
SH00005500,DS003,2026-07-08,9.0,R_DS003_086,24.0,162.20241991666663,243.35241991666663,895.0,0.3003748516975308,2.6666666666666665
SH00005501,DS003,2026-07-08,9.0,R_DS003_088,2.0,12.491522566666667,18.416522566666664,70.0,0.023132449197530866,0.2222222222222222
SH00005502,DS003,2026-07-08,9.0,R_DS003_089,21.0,146.81518823333332,223.91518823333337,780.0,0.2718799782098765,2.3333333333333335
SH00005503,DS003,2026-07-08,9.0,R_DS003_090,34.0,247.80199395000002,383.02699394999996,1315.0,0.45889258138888894,3.7777777777777777
SH00005504,DS003,2026-07-08,9.0,R_DS003_091,2.0,14.003065366666668,19.703065366666667,70.0,0.0259316025308642,0.2222222222222222
SH00005505,DS003,2026-07-08,9.0,R_DS003_092,20.0,143.99906955,223.44906955000005,740.0,0.2666649436111111,2.2222222222222223
SH00005506,DS003,2026-07-08,9.0,R_DS003_095,17.0,130.78539775000002,201.68539774999996,635.0,0.24219518101851856,1.8888888888888888
SH00005507,DS003,2026-07-08,9.0,R_DS003_096,37.0,242.40413971666666,376.67913971666655,1440.0,0.4488965550308642,4.111111111111111
SH00005508,DS003,2026-07-08,9.0,R_DS003_097,2.0,15.054545966666666,23.979545966666667,70.0,0.02787878882716049,0.2222222222222222
SH00005509,DS003,2026-07-08,9.0,R_DS003_098,17.0,131.43668363333333,200.91168363333327,635.0,0.24340126598765432,1.8888888888888888
SH00005510,DS003,2026-07-08,9.0,R_DS003_099,33.0,247.12167254999997,384.69667254999996,1285.0,0.4576327269444444,3.6666666666666665
SH00005511,DS003,2026-07-08,9.0,R_DS003_100,1.0,8.290365516666666,13.140365516666666,35.0,0.0153525287345679,0.1111111111111111
SH00005512,DS003,2026-07-08,0.0,,0.0,0.0,0.0,0.0,0.0,0.0
SH00005513,DS003,2026-07-08,0.0,,0.0,0.0,0.0,0.0,0.0,0.0
SH00005514,DS003,2026-07-08,9.0,R_DS003_104,19.0,133.71987691666666,204.21987691666666,710.0,0.24762940169753087,2.111111111111111
SH00005515,DS003,2026-07-08,9.0,R_DS003_107,18.0,114.96711313333333,176.74211313333333,675.0,0.21290206135802467,2.0
SH00005516,DS003,2026-07-08,9.0,R_DS003_109,1.0,7.301375533333333,11.001375533333334,35.0,0.013521065802469135,0.1111111111111111
SH00005517,DS003,2026-07-08,9.0,R_DS003_110,15.0,103.49290116666667,160.46790116666668,565.0,0.19165352067901234,1.6666666666666667
SH00005518,DS003,2026-07-08,9.0,R_DS003_111,40.0,247.67086488333337,372.5958648833334,1560.0,0.4586497497839507,4.444444444444445
SH00005519,DS003,2026-07-08,0.0,,0.0,0.0,0.0,0.0,0.0,0.0
SH00005520,DS003,2026-07-08,9.0,R_DS003_113,15.0,107.17845654999999,160.10345655000003,565.0,0.19847862324074073,1.6666666666666667
SH00005521,DS003,2026-07-08,9.0,R_DS003_114,36.0,245.31264813333328,370.06264813333337,1410.0,0.454282681728395,4.0
SH00005522,DS003,2026-07-08,9.0,R_DS003_116,17.0,105.22313226666667,159.74813226666666,640.0,0.194857652345679,1.8888888888888888
SH00005523,DS003,2026-07-08,9.0,R_DS003_117,39.0,236.9920428166667,360.86704281666675,1525.0,0.4388741533641976,4.333333333333333
SH00005524,DS003,2026-07-08,8.65,R_DS003_118,1.0,4.820314866666666,6.445314866666666,35.0,0.00928769723827874,0.11560693641618497
SH00005525,DS003,2026-07-08,9.0,R_DS003_119,14.0,88.09936306666667,139.7743630666667,535.0,0.1631469686419753,1.5555555555555556
SH00005526,DS003,2026-07-08,9.0,R_DS003_120,36.0,236.42677550000005,367.3267755,1405.0,0.43782736203703715,4.0
SH00005527,DS003,2026-07-08,9.0,,0.0,0.0,0.0,0.0,0.0,0.0
SH00005528,DS003,2026-07-08,9.0,R_DS003_123,33.0,241.24726994999995,372.29726995000004,1290.0,0.446754203611111,3.6666666666666665
SH00005529,DS003,2026-07-08,9.0,,0.0,0.0,0.0,0.0,0.0,0.0
SH00005530,DS003,2026-07-08,9.0,R_DS003_126,35.0,243.48663903333332,374.1366390333333,1360.0,0.4509011833950617,3.888888888888889
SH00005531,DS003,2026-07-08,9.0,,0.0,0.0,0.0,0.0,0.0,0.0
SH00005532,DS003,2026-07-08,9.0,R_DS003_128,11.0,83.1644319,131.2394319,420.0,0.15400820722222222,1.2222222222222223
SH00005533,DS003,2026-07-08,0.0,,0.0,0.0,0.0,0.0,0.0,0.0
SH00005534,DS003,2026-07-08,9.0,R_DS003_131,9.0,69.55563078333333,106.30563078333331,340.0,0.1288067236728395,1.0
SH00005535,DS003,2026-07-08,9.0,R_DS003_132,37.0,230.0931824666667,356.2681824666666,1445.0,0.4260984860493828,4.111111111111111
SH00005536,DS003,2026-07-08,9.0,,0.0,0.0,0.0,0.0,0.0,0.0
SH00005537,DS003,2026-07-08,0.0,,0.0,0.0,0.0,0.0,0.0,0.0
SH00005538,DS003,2026-07-08,9.0,R_DS003_137,9.0,62.701889216666665,100.77688921666666,345.0,0.11611460966049382,1.0
SH00005539,DS003,2026-07-08,9.0,R_DS003_138,33.0,229.34483058333328,354.11983058333334,1290.0,0.42471264922839497,3.6666666666666665
SH00005540,DS003,2026-07-08,8.7,,0.0,0.0,0.0,0.0,0.0,0.0
SH00005541,DS003,2026-07-08,8.15,R_DS003_140,7.0,50.366263599999996,75.7912636,270.0,0.10299849406952964,0.8588957055214723
SH00005542,DS003,2026-07-08,9.0,R_DS003_141,30.0,221.73684333333333,344.7868433333333,1180.0,0.41062378395061727,3.3333333333333335
SH00005543,DS003,2026-07-08,9.0,,0.0,0.0,0.0,0.0,0.0,0.0
SH00005544,DS003,2026-07-08,9.0,R_DS003_144,33.0,229.70970563333336,359.10970563333336,1290.0,0.42538834376543216,3.6666666666666665
SH00005545,DS003,2026-07-08,9.0,,0.0,0.0,0.0,0.0,0.0,0.0
SH00005576,DS004,2026-07-08,9.0,R_DS004_001,29.0,223.00595458333333,350.5309545833333,1015.0,0.4129739899691358,3.2222222222222223
SH00005577,DS004,2026-07-08,9.0,R_DS004_002,36.0,295.8168182999999,456.3168183000002,1295.0,0.5478089227777776,4.0
SH00005578,DS004,2026-07-08,9.0,R_DS004_004,28.0,204.25634518333328,320.3063451833334,980.0,0.37825249108024683,3.111111111111111
SH00005579,DS004,2026-07-08,9.0,R_DS004_005,39.0,278.7871174,437.8121174000001,1415.0,0.5162724396296297,4.333333333333333
SH00005580,DS004,2026-07-08,9.0,R_DS004_006,38.0,300.3546630333334,473.08875395,1445.0,0.5562123389506174,4.222222222222222
SH00005581,DS004,2026-07-08,0.0,,0.0,0.0,0.0,0.0,0.0,0.0
SH00005582,DS004,2026-07-08,9.0,R_DS004_008,39.0,283.1953062333333,433.5703062333333,1410.0,0.5244357522839506,4.333333333333333
SH00005583,DS004,2026-07-08,0.0,,0.0,0.0,0.0,0.0,0.0,0.0
SH00005584,DS004,2026-07-08,8.733333333333333,R_DS004_012,36.0,289.0469507833334,449.4333144333333,1375.0,0.5516163182888042,4.122137404580153
SH00005585,DS004,2026-07-08,8.65,R_DS004_013,26.0,211.59073040000007,328.19073040000006,910.0,0.40768926859344906,3.005780346820809
SH00005586,DS004,2026-07-08,9.0,R_DS004_014,35.0,278.43559453333336,436.7855945333335,1270.0,0.5156214713580247,3.888888888888889
SH00005587,DS004,2026-07-08,9.0,R_DS004_016,24.0,187.62119468333333,294.42119468333334,840.0,0.34744665682098763,2.6666666666666665
SH00005588,DS004,2026-07-08,9.0,R_DS004_019,23.0,185.85022661666665,285.6502266166667,805.0,0.3441670863271605,2.5555555555555554
SH00005589,DS004,2026-07-08,9.0,R_DS004_020,35.0,277.2840580166667,436.63405801666664,1270.0,0.5134889963271605,3.888888888888889
SH00005590,DS004,2026-07-08,9.0,R_DS004_021,40.0,278.66063248333325,430.03563248333325,1525.0,0.5160382083024689,4.444444444444445
SH00005591,DS004,2026-07-08,0.0,,0.0,0.0,0.0,0.0,0.0,0.0
SH00005592,DS004,2026-07-08,0.0,,0.0,0.0,0.0,0.0,0.0,0.0
SH00005593,DS004,2026-07-08,8.666666666666666,R_DS004_025,19.0,125.96232883333334,197.83732883333332,665.0,0.24223524775641028,2.1923076923076925
SH00005594,DS004,2026-07-08,9.0,R_DS004_026,40.0,258.76391469999993,408.9389147,1450.0,0.4791924346296295,4.444444444444445
SH00005595,DS004,2026-07-08,9.0,R_DS004_027,34.0,279.65582436666665,437.88764254999995,1295.0,0.5178811562345679,3.7777777777777777
SH00005596,DS004,2026-07-08,9.0,R_DS004_028,16.0,136.67036543333333,210.2453654333333,560.0,0.25309326932098763,1.7777777777777777
SH00005597,DS004,2026-07-08,9.0,R_DS004_029,34.0,272.4645093833333,430.9395093833334,1235.0,0.504563906265432,3.7777777777777777
SH00005598,DS004,2026-07-08,9.0,R_DS004_030,35.0,270.1757968666667,428.7757968666667,1345.0,0.5003255497530865,3.888888888888889
SH00005599,DS004,2026-07-08,9.0,R_DS004_032,36.0,269.7088009166667,406.1338009166667,1305.0,0.49946074243827165,4.0
SH00005600,DS004,2026-07-08,9.0,R_DS004_033,35.0,275.6408951333333,422.34089513333333,1345.0,0.5104461020987654,3.888888888888889
SH00005601,DS004,2026-07-08,9.0,R_DS004_034,16.0,98.07722435000001,153.02722435,560.0,0.18162448953703705,1.7777777777777777
SH00005602,DS004,2026-07-08,8.8,R_DS004_035,35.0,257.6518467833334,400.0768467833332,1270.0,0.48797698254419203,3.977272727272727
SH00005603,DS004,2026-07-08,9.0,R_DS004_036,36.0,272.07752424999995,433.12752425,1390.0,0.5038472671296296,4.0
SH00005604,DS004,2026-07-08,9.0,R_DS004_037,14.0,90.15554883333333,141.6555488333333,490.0,0.16695472006172837,1.5555555555555556
SH00005605,DS004,2026-07-08,8.316666666666666,R_DS004_039,34.0,259.09392868333333,401.6939286833333,1315.0,0.51922630998664,4.088176352705411
SH00005606,DS004,2026-07-08,9.0,R_DS004_040,11.0,83.55037143333332,133.70037143333332,385.0,0.1547229100617284,1.2222222222222223
SH00005607,DS004,2026-07-08,0.0,,0.0,0.0,0.0,0.0,0.0,0.0
SH00005608,DS004,2026-07-08,9.0,R_DS004_042,39.0,271.8183624666666,427.14108973333333,1500.0,0.5033673379012344,4.333333333333333
SH00005609,DS004,2026-07-08,8.3,R_DS004_043,9.0,70.10236231666666,109.62736231666669,315.0,0.1407677958165997,1.0843373493975903
SH00005610,DS004,2026-07-08,8.533333333333333,R_DS004_044,33.0,258.5894341666667,405.78943416666664,1200.0,0.5050574886067709,3.8671875
SH00005611,DS004,2026-07-08,9.0,R_DS004_046,8.0,51.35544366666667,83.15544366666667,280.0,0.09510267345679013,0.8888888888888888
SH00005612,DS004,2026-07-08,9.0,R_DS004_047,32.0,249.13899386666665,395.0889938666667,1160.0,0.4613685071604938,3.5555555555555554
SH00005613,DS004,2026-07-08,9.0,R_DS004_048,37.0,272.89872159999993,429.5237216,1430.0,0.5053680029629628,4.111111111111111
SH00005614,DS004,2026-07-08,0.0,,0.0,0.0,0.0,0.0,0.0,0.0
SH00005615,DS004,2026-07-08,9.0,R_DS004_050,33.0,237.58679716666666,367.8117971666667,1195.0,0.43997555030864194,3.6666666666666665
SH00005616,DS004,2026-07-08,9.0,R_DS004_051,33.0,255.79942500000004,399.999425,1275.0,0.47370263888888897,3.6666666666666665
SH00005617,DS004,2026-07-08,9.0,R_DS004_053,29.0,234.30430950000002,375.47930949999994,1060.0,0.4338968694444445,3.2222222222222223
SH00005618,DS004,2026-07-08,8.316666666666666,R_DS004_054,33.0,246.5507934999999,388.0757935000001,1275.0,0.49408976653306597,3.967935871743487
SH00005619,DS004,2026-07-08,9.0,R_DS004_055,6.0,47.33119016666666,74.75619016666666,210.0,0.08765035216049381,0.6666666666666666
SH00005620,DS004,2026-07-08,9.0,R_DS004_056,29.0,211.80197855,325.47697854999996,1060.0,0.3922258862037037,3.2222222222222223
SH00005621,DS004,2026-07-08,9.0,R_DS004_057,33.0,253.43312793333334,393.08312793333334,1280.0,0.46932060728395064,3.6666666666666665
SH00005622,DS004,2026-07-08,9.0,R_DS004_058,6.0,38.885288083333336,60.98528808333333,210.0,0.07200979274691359,0.6666666666666666
SH00005623,DS004,2026-07-08,9.0,R_DS004_060,33.0,257.9885885833333,400.9249522166665,1270.0,0.47775664552469127,3.6666666666666665
SH00005624,DS004,2026-07-08,9.0,R_DS004_061,6.0,44.12655355,65.25155355,210.0,0.0817158399074074,0.6666666666666666
SH00005625,DS004,2026-07-08,9.0,R_DS004_062,26.0,209.25108135,336.45108135000004,950.0,0.3875020025,2.888888888888889
SH00005626,DS004,2026-07-08,0.0,,0.0,0.0,0.0,0.0,0.0,0.0
SH00005627,DS004,2026-07-08,9.0,R_DS004_064,5.0,45.01046943333333,70.73546943333334,175.0,0.0833527211728395,0.5555555555555556
SH00005628,DS004,2026-07-08,9.0,R_DS004_065,26.0,207.78019386666665,320.7301938666667,950.0,0.3847781367901234,2.888888888888889
SH00005629,DS004,2026-07-08,8.533333333333333,R_DS004_067,3.0,24.903306266666668,38.40330626666666,105.0,0.048639270052083336,0.3515625
SH00005630,DS004,2026-07-08,9.0,R_DS004_068,26.0,214.55465316666667,335.97965316666665,955.0,0.39732343179012347,2.888888888888889
SH00005631,DS004,2026-07-08,9.0,R_DS004_069,32.0,244.51333174999996,384.18833175000003,1235.0,0.4528024662037036,3.5555555555555554
SH00005632,DS004,2026-07-08,9.0,R_DS004_070,4.0,31.431028416666667,48.781028416666665,140.0,0.058205608179012346,0.4444444444444444
SH00005633,DS004,2026-07-08,9.0,R_DS004_071,28.0,204.88601056666667,321.2860105666668,1025.0,0.37941853808641973,3.111111111111111
SH00005634,DS004,2026-07-08,0.0,,0.0,0.0,0.0,0.0,0.0,0.0
SH00005635,DS004,2026-07-08,9.0,R_DS004_074,26.0,189.97346831666667,292.34846831666664,960.0,0.35180271910493827,2.888888888888889
SH00005636,DS004,2026-07-08,0.0,,0.0,0.0,0.0,0.0,0.0,0.0
SH00005637,DS004,2026-07-08,9.0,R_DS004_076,3.0,22.1612389,35.536238899999994,105.0,0.0410393312962963,0.3333333333333333
SH00005638,DS004,2026-07-08,9.0,R_DS004_077,26.0,215.61606203333332,336.01606203333336,955.0,0.3992890037654321,2.888888888888889
SH00005639,DS004,2026-07-08,9.0,R_DS004_078,32.0,242.4696076833333,386.31960768333334,1245.0,0.44901779200617276,3.5555555555555554
SH00005640,DS004,2026-07-08,9.0,R_DS004_079,2.0,15.620017816666667,23.345017816666665,70.0,0.028925958919753088,0.2222222222222222
SH00005641,DS004,2026-07-08,8.666666666666666,R_DS004_081,29.0,240.6528687333333,382.52786873333326,1120.0,0.46279397833333324,3.3461538461538463
SH00005642,DS004,2026-07-08,9.0,R_DS004_082,1.0,7.627531716666667,11.527531716666665,35.0,0.0141250587345679,0.1111111111111111
SH00005643,DS004,2026-07-08,9.0,R_DS004_083,26.0,176.97294308333335,278.5729430833334,960.0,0.3277276723765432,2.888888888888889
SH00005644,DS004,2026-07-08,8.566666666666666,R_DS004_084,32.0,255.6487598833333,394.6987598833333,1240.0,0.49737112817769125,3.735408560311284
SH00005645,DS004,2026-07-08,9.0,R_DS004_085,1.0,6.248420966666667,9.223420966666668,35.0,0.011571149938271606,0.1111111111111111
SH00005646,DS004,2026-07-08,9.0,R_DS004_086,23.0,182.49950686666668,286.0745068666667,845.0,0.33796204975308647,2.5555555555555554
SH00005647,DS004,2026-07-08,0.0,,0.0,0.0,0.0,0.0,0.0,0.0
SH00005648,DS004,2026-07-08,9.0,R_DS004_090,35.0,243.22112523333337,375.6461252333333,1355.0,0.45040949117283957,3.888888888888889
SH00005649,DS004,2026-07-08,9.0,R_DS004_091,1.0,9.7932134,15.8182134,35.0,0.01813558037037037,0.1111111111111111
SH00005650,DS004,2026-07-08,0.0,,0.0,0.0,0.0,0.0,0.0,0.0
SH00005651,DS004,2026-07-08,9.0,R_DS004_096,34.0,247.07173318333332,375.2467331833334,1315.0,0.45754024663580245,3.7777777777777777
SH00005652,DS004,2026-07-08,9.0,R_DS004_097,1.0,7.4059329,12.055932899999998,35.0,0.013714690555555555,0.1111111111111111
SH00005653,DS004,2026-07-08,9.0,R_DS004_098,26.0,190.87722829999998,297.6272283,960.0,0.3534763487037037,2.888888888888889
SH00005654,DS004,2026-07-08,9.0,R_DS004_100,1.0,10.243970733333333,15.618970733333333,35.0,0.018970316172839504,0.1111111111111111
SH00005655,DS004,2026-07-08,8.833333333333334,R_DS004_102,36.0,247.61762595000002,389.04262595,1390.0,0.4672030678301887,4.0754716981132075
SH00005656,DS004,2026-07-08,9.0,R_DS004_103,1.0,3.8609291666666667,6.060929166666667,35.0,0.007149868827160494,0.1111111111111111
SH00005657,DS004,2026-07-08,9.0,R_DS004_105,30.0,243.61701711666666,380.3920171166666,1165.0,0.4511426242901234,3.3333333333333335
SH00005658,DS004,2026-07-08,9.0,,0.0,0.0,0.0,0.0,0.0,0.0
SH00005659,DS004,2026-07-08,9.0,R_DS004_107,23.0,174.98400195,273.83400194999996,850.0,0.32404444805555555,2.5555555555555554
SH00005660,DS004,2026-07-08,7.416666666666667,,0.0,0.0,0.0,0.0,0.0,0.0
SH00005661,DS004,2026-07-08,9.0,R_DS004_110,25.0,166.5119421,262.91194210000003,925.0,0.30835544833333334,2.7777777777777777
SH00005662,DS004,2026-07-08,9.0,R_DS004_111,30.0,242.2320747666667,377.6093475,1155.0,0.44857791623456794,3.3333333333333335
SH00005663,DS004,2026-07-08,0.0,,0.0,0.0,0.0,0.0,0.0,0.0
SH00005664,DS004,2026-07-08,9.0,R_DS004_114,30.0,229.50874116666665,360.6087411666667,1170.0,0.425016187345679,3.3333333333333335
SH00005665,DS004,2026-07-08,9.0,R_DS004_116,19.0,149.2509775333333,230.40097753333336,705.0,0.2763906991358024,2.111111111111111
SH00005666,DS004,2026-07-08,9.0,R_DS004_117,31.0,236.72460104999993,369.37460105,1205.0,0.4383788908333332,3.4444444444444446
SH00005667,DS004,2026-07-08,9.0,,0.0,0.0,0.0,0.0,0.0,0.0
SH00005668,DS004,2026-07-08,9.0,R_DS004_119,17.0,138.18635263333334,220.83635263333332,635.0,0.2559006530246914,1.8888888888888888
SH00005669,DS004,2026-07-08,8.633333333333333,R_DS004_120,31.0,232.17558631666662,360.9755863166667,1205.0,0.44821541759974254,3.590733590733591
SH00005670,DS004,2026-07-08,8.75,,0.0,0.0,0.0,0.0,0.0,0.0
SH00005671,DS004,2026-07-08,9.0,R_DS004_123,31.0,239.51469168333335,372.6896916833335,1190.0,0.4435457253395062,3.4444444444444446
SH00005672,DS004,2026-07-08,8.383333333333333,,0.0,0.0,0.0,0.0,0.0,0.0
SH00005673,DS004,2026-07-08,9.0,R_DS004_125,19.0,129.55827196666667,201.10827196666668,715.0,0.23992272586419752,2.111111111111111
SH00005674,DS004,2026-07-08,9.0,R_DS004_126,32.0,236.65109088333335,369.8510908833333,1240.0,0.43824276089506176,3.5555555555555554
SH00005675,DS004,2026-07-08,0.0,,0.0,0.0,0.0,0.0,0.0,0.0
SH00005676,DS004,2026-07-08,9.0,R_DS004_128,17.0,134.19760080000003,204.1976008,640.0,0.2485140755555556,1.8888888888888888
SH00005677,DS004,2026-07-08,9.0,,0.0,0.0,0.0,0.0,0.0,0.0
SH00005678,DS004,2026-07-08,9.0,R_DS004_131,16.0,128.80677315,200.63177315,605.0,0.23853106138888888,1.7777777777777777
SH00005679,DS004,2026-07-08,9.0,R_DS004_132,30.0,239.80545134999997,374.1259059,1160.0,0.4440841691666666,3.3333333333333335
SH00005680,DS004,2026-07-08,9.0,,0.0,0.0,0.0,0.0,0.0,0.0
SH00005681,DS004,2026-07-08,0.0,,0.0,0.0,0.0,0.0,0.0,0.0
SH00005682,DS004,2026-07-08,9.0,R_DS004_135,31.0,245.65668554999996,379.0566855500001,1210.0,0.4549197880555555,3.4444444444444446
SH00005683,DS004,2026-07-08,0.0,,0.0,0.0,0.0,0.0,0.0,0.0
SH00005684,DS004,2026-07-08,8.466666666666667,R_DS004_138,29.0,245.82944641666668,374.05444641666674,1120.0,0.4839162331036746,3.425196850393701
SH00005685,DS004,2026-07-08,9.0,,0.0,0.0,0.0,0.0,0.0,0.0
SH00005686,DS004,2026-07-08,9.0,R_DS004_140,16.0,121.04245645,194.69245644999995,600.0,0.22415269712962962,1.7777777777777777
SH00005687,DS004,2026-07-08,9.0,R_DS004_141,31.0,244.47942648333333,381.20442648333335,1210.0,0.4527396786728395,3.4444444444444446
SH00005688,DS004,2026-07-08,9.0,R_DS004_144,29.0,227.41244866666676,366.26244866666667,1130.0,0.421134164197531,3.2222222222222223
SH00005689,DS004,2026-07-08,9.0,,0.0,0.0,0.0,0.0,0.0,0.0
SH00005690,DS004,2026-07-08,9.0,R_DS004_147,29.0,223.4276884833333,351.3026884833333,1135.0,0.41375497867283945,3.2222222222222223
SH00005691,DS004,2026-07-08,9.0,,0.0,0.0,0.0,0.0,0.0,0.0
SH00005692,DS004,2026-07-08,9.0,R_DS004_149,16.0,122.59167996666667,192.0166799666667,600.0,0.22702162956790126,1.7777777777777777
SH00005693,DS004,2026-07-08,9.0,,0.0,0.0,0.0,0.0,0.0,0.0
SH00005694,DS004,2026-07-08,9.0,R_DS004_153,32.0,226.82185048333338,351.5468504833334,1250.0,0.4200404638580248,3.5555555555555554
SH00005695,DS004,2026-07-08,9.0,,0.0,0.0,0.0,0.0,0.0,0.0
SH00005696,DS004,2026-07-08,9.0,R_DS004_155,15.0,121.55308668333333,190.3030866833333,570.0,0.2250983086728395,1.6666666666666667
SH00005697,DS004,2026-07-08,9.0,R_DS004_158,15.0,114.34224971666666,177.5422497166667,570.0,0.21174490688271602,1.6666666666666667
SH00005698,DS004,2026-07-08,8.383333333333333,R_DS004_159,29.0,223.74151039999998,353.91651040000005,1135.0,0.4448141359840954,3.459244532803181
SH00005699,DS004,2026-07-08,9.0,,0.0,0.0,0.0,0.0,0.0,0.0
SH00005726,DS005,2026-07-08,8.35,R_DS005_001,28.0,170.00246959999998,256.0774696,980.0,0.33932628662674647,3.353293413173653
SH00005727,DS005,2026-07-08,9.0,R_DS005_002,42.0,259.1699980166667,398.2949980166666,1520.0,0.479944440771605,4.666666666666667
SH00005728,DS005,2026-07-08,9.0,R_DS005_004,28.0,169.87465571666667,261.5496557166667,980.0,0.3145826957716049,3.111111111111111
SH00005729,DS005,2026-07-08,9.0,R_DS005_005,38.0,262.7920361166666,399.04203611666685,1370.0,0.4866519187345678,4.222222222222222
SH00005730,DS005,2026-07-08,9.0,R_DS005_006,44.0,268.72496770000004,407.1522404333334,1645.0,0.49763882907407414,4.888888888888889
SH00005731,DS005,2026-07-08,9.0,R_DS005_007,26.0,144.08737770000002,215.33737770000002,910.0,0.26682847722222225,2.888888888888889
SH00005732,DS005,2026-07-08,9.0,R_DS005_008,39.0,250.53494888333336,382.90994888333324,1410.0,0.4639536090432099,4.333333333333333
SH00005733,DS005,2026-07-08,9.0,R_DS005_009,44.0,270.33904896666667,405.00041260000006,1660.0,0.5006278684567901,4.888888888888889
SH00005734,DS005,2026-07-08,9.0,R_DS005_011,38.0,233.07269391666668,360.7226939166666,1370.0,0.43161609984567906,4.222222222222222
SH00005735,DS005,2026-07-08,9.0,R_DS005_012,42.0,254.7028856666667,389.2847038500001,1590.0,0.47167201049382723,4.666666666666667
SH00005736,DS005,2026-07-08,9.0,R_DS005_013,17.0,113.24313038333335,169.26813038333333,595.0,0.20970950070987657,1.8888888888888888
SH00005737,DS005,2026-07-08,9.0,R_DS005_014,37.0,232.24753250000003,350.17253250000005,1340.0,0.4300880231481482,4.111111111111111
SH00005738,DS005,2026-07-08,0.0,,0.0,0.0,0.0,0.0,0.0,0.0
SH00005739,DS005,2026-07-08,9.0,R_DS005_016,12.0,85.06175653333332,125.93675653333334,420.0,0.15752177135802467,1.3333333333333333
SH00005740,DS005,2026-07-08,0.0,,0.0,0.0,0.0,0.0,0.0,0.0
SH00005741,DS005,2026-07-08,9.0,R_DS005_019,9.0,61.304460883333334,94.40446088333331,315.0,0.11352677941358025,1.0
SH00005742,DS005,2026-07-08,9.0,R_DS005_020,35.0,226.98137615000002,347.60637614999996,1270.0,0.4203358817592593,3.888888888888889
SH00005743,DS005,2026-07-08,9.0,R_DS005_021,40.0,244.82079716666672,370.74579716666653,1525.0,0.4533718466049384,4.444444444444445
SH00005744,DS005,2026-07-08,9.0,R_DS005_022,11.0,68.46403521666666,106.83903521666666,385.0,0.12678525040123456,1.2222222222222223
SH00005745,DS005,2026-07-08,9.0,R_DS005_023,32.0,205.78884845,311.88884845000007,1170.0,0.38109046009259256,3.5555555555555554
SH00005746,DS005,2026-07-08,9.0,R_DS005_025,10.0,71.63631856666667,110.33631856666666,350.0,0.13265984919753088,1.1111111111111112
SH00005747,DS005,2026-07-08,0.0,,0.0,0.0,0.0,0.0,0.0,0.0
SH00005748,DS005,2026-07-08,9.0,R_DS005_028,9.0,52.36069538333334,80.43569538333333,315.0,0.09696425070987656,1.0
SH00005749,DS005,2026-07-08,9.0,R_DS005_029,32.0,202.75209863333333,309.22709863333336,1165.0,0.3754668493209877,3.5555555555555554
SH00005750,DS005,2026-07-08,9.0,R_DS005_030,36.0,224.77941348333326,340.94304985,1375.0,0.4162581731172838,4.0
SH00005751,DS005,2026-07-08,9.0,R_DS005_032,29.0,183.21494711666668,277.5649471166667,1060.0,0.3392869391049383,3.2222222222222223
SH00005752,DS005,2026-07-08,9.0,R_DS005_033,38.0,212.79671135000007,320.52171135,1450.0,0.39406798398148163,4.222222222222222
SH00005753,DS005,2026-07-08,8.633333333333333,R_DS005_034,5.0,27.52240905,43.722409049999996,175.0,0.053132063803088804,0.5791505791505792
SH00005754,DS005,2026-07-08,9.0,R_DS005_035,27.0,176.83816306666665,267.18816306666673,985.0,0.3274780797530864,3.0
SH00005755,DS005,2026-07-08,9.0,R_DS005_036,37.0,212.04175371666662,324.3417537166667,1425.0,0.3926699142901234,4.111111111111111
SH00005756,DS005,2026-07-08,9.0,R_DS005_037,7.0,48.436265133333336,75.38626513333332,245.0,0.08969678728395063,0.7777777777777778
SH00005757,DS005,2026-07-08,9.0,R_DS005_039,34.0,219.52469346666672,332.67469346666667,1300.0,0.4065272101234569,3.7777777777777777
SH00005758,DS005,2026-07-08,9.0,R_DS005_040,6.0,33.822006333333334,51.34700633333333,210.0,0.0626333450617284,0.6666666666666666
SH00005759,DS005,2026-07-08,0.0,,0.0,0.0,0.0,0.0,0.0,0.0
SH00005760,DS005,2026-07-08,0.0,,0.0,0.0,0.0,0.0,0.0,0.0
SH00005761,DS005,2026-07-08,0.0,,0.0,0.0,0.0,0.0,0.0,0.0
SH00005762,DS005,2026-07-08,9.0,R_DS005_046,6.0,36.8515375,55.4515375,210.0,0.06824358796296297,0.6666666666666666
SH00005763,DS005,2026-07-08,9.0,R_DS005_047,28.0,167.81911646666669,251.7191164666667,1025.0,0.3107761416049383,3.111111111111111
SH00005764,DS005,2026-07-08,8.383333333333333,R_DS005_048,31.0,220.01215383333337,336.2621538333334,1190.0,0.4373999082173626,3.697813121272366
SH00005765,DS005,2026-07-08,9.0,R_DS005_049,3.0,20.880343099999997,30.5053431,105.0,0.038667302037037034,0.3333333333333333
SH00005766,DS005,2026-07-08,9.0,R_DS005_050,24.0,148.34998563333335,230.07498563333337,885.0,0.27472219561728395,2.6666666666666665
SH00005767,DS005,2026-07-08,9.0,R_DS005_053,20.0,127.75190989999997,192.2269099,735.0,0.23657761092592589,2.2222222222222223
SH00005768,DS005,2026-07-08,9.0,R_DS005_054,36.0,209.89165888333335,318.21665888333337,1385.0,0.3886882571913581,4.0
SH00005769,DS005,2026-07-08,9.0,R_DS005_055,4.0,21.79704428333333,32.59704428333333,140.0,0.04036489682098765,0.4444444444444444
SH00005770,DS005,2026-07-08,9.0,R_DS005_056,19.0,140.80372661666667,209.6787266166667,700.0,0.26074764188271604,2.111111111111111
SH00005771,DS005,2026-07-08,9.0,R_DS005_058,3.0,26.872062149999998,40.84706215,105.0,0.04976307805555555,0.3333333333333333
SH00005772,DS005,2026-07-08,9.0,R_DS005_060,33.0,205.9831482,309.8581482000001,1275.0,0.3814502744444444,3.6666666666666665
SH00005773,DS005,2026-07-08,9.0,R_DS005_061,3.0,15.750166916666668,23.825166916666667,105.0,0.02916697577160494,0.3333333333333333
SH00005774,DS005,2026-07-08,9.0,R_DS005_062,18.0,107.71289163333331,163.26289163333334,665.0,0.19946831783950614,2.0
SH00005775,DS005,2026-07-08,9.0,R_DS005_063,34.0,199.50679438333336,302.6567943833333,1315.0,0.3694570266358025,3.7777777777777777
SH00005776,DS005,2026-07-08,8.35,R_DS005_065,15.0,104.5329984,160.13299840000002,555.0,0.2086486994011976,1.7964071856287427
SH00005777,DS005,2026-07-08,9.0,R_DS005_067,2.0,13.98792215,20.63792215,70.0,0.025903559537037036,0.2222222222222222
SH00005778,DS005,2026-07-08,9.0,R_DS005_068,15.0,91.47155706666668,136.07155706666666,565.0,0.16939177234567904,1.6666666666666667
SH00005779,DS005,2026-07-08,9.0,R_DS005_069,28.0,196.21499164999997,300.58999165,1085.0,0.3633610956481481,3.111111111111111
SH00005780,DS005,2026-07-08,9.0,R_DS005_070,3.0,19.04704078333333,27.77204078333333,105.0,0.035272297746913574,0.3333333333333333
SH00005781,DS005,2026-07-08,9.0,R_DS005_071,15.0,80.14209366666668,122.29209366666666,565.0,0.14841128456790126,1.6666666666666667
SH00005782,DS005,2026-07-08,9.0,R_DS005_072,30.0,195.7894881833333,296.48948818333326,1165.0,0.36257312626543203,3.3333333333333335
SH00005783,DS005,2026-07-08,8.45,R_DS005_074,10.0,51.02525448333333,78.17525448333335,375.0,0.10064152758053913,1.183431952662722
SH00005784,DS005,2026-07-08,0.0,,0.0,0.0,0.0,0.0,0.0,0.0
SH00005785,DS005,2026-07-08,9.0,R_DS005_076,3.0,17.703240983333334,27.95324098333333,105.0,0.03278377959876543,0.3333333333333333
SH00005786,DS005,2026-07-08,0.0,,0.0,0.0,0.0,0.0,0.0,0.0
SH00005787,DS005,2026-07-08,9.0,R_DS005_078,30.0,201.84591624999996,300.37091624999994,1165.0,0.37378873379629624,3.3333333333333335
SH00005788,DS005,2026-07-08,9.0,R_DS005_079,3.0,11.617096916666666,17.017096916666667,105.0,0.021513142438271605,0.3333333333333333
SH00005789,DS005,2026-07-08,9.0,R_DS005_081,30.0,179.11917303333337,273.4691730333334,1175.0,0.33170217228395066,3.3333333333333335
SH00005790,DS005,2026-07-08,9.0,R_DS005_082,2.0,14.403500883333333,20.853500883333332,70.0,0.026673149783950616,0.2222222222222222
SH00005791,DS005,2026-07-08,9.0,R_DS005_083,9.0,56.885563516666664,85.66056351666666,340.0,0.10534363614197531,1.0
SH00005792,DS005,2026-07-08,9.0,R_DS005_084,30.0,179.00254943333337,274.5275494333333,1175.0,0.33148620265432105,3.3333333333333335
SH00005793,DS005,2026-07-08,9.0,R_DS005_085,2.0,14.056990966666667,20.856990966666668,70.0,0.02603146475308642,0.2222222222222222
SH00005794,DS005,2026-07-08,9.0,R_DS005_086,9.0,59.482710366666666,88.95771036666667,340.0,0.11015316734567901,1.0
SH00005795,DS005,2026-07-08,9.0,R_DS005_088,2.0,8.43156175,12.731561750000001,70.0,0.015614003240740741,0.2222222222222222
SH00005796,DS005,2026-07-08,9.0,R_DS005_089,9.0,51.947518366666664,81.62251836666665,340.0,0.09619910808641975,1.0
SH00005797,DS005,2026-07-08,9.0,R_DS005_090,29.0,176.61578550000002,266.1657855,1135.0,0.32706626944444445,3.2222222222222223
SH00005798,DS005,2026-07-08,9.0,R_DS005_091,1.0,9.602437566666667,14.152437566666666,35.0,0.01778229179012346,0.1111111111111111
SH00005799,DS005,2026-07-08,9.0,R_DS005_092,8.0,51.01872136666667,76.46872136666666,305.0,0.09447911364197531,0.8888888888888888
SH00005800,DS005,2026-07-08,9.0,R_DS005_093,31.0,173.56197821666666,263.38697821666665,1215.0,0.3214110707716049,3.4444444444444446
SH00005801,DS005,2026-07-08,9.0,R_DS005_095,7.0,42.724849133333336,64.77484913333333,270.0,0.07912009098765432,0.7777777777777778
SH00005802,DS005,2026-07-08,8.433333333333334,R_DS005_096,27.0,170.04369715000007,264.06869715000005,1055.0,0.336054737450593,3.201581027667984
SH00005803,DS005,2026-07-08,0.0,,0.0,0.0,0.0,0.0,0.0,0.0
SH00005804,DS005,2026-07-08,9.0,R_DS005_098,5.0,32.5044232,47.3794232,195.0,0.06019337629629629,0.5555555555555556
SH00005805,DS005,2026-07-08,9.0,R_DS005_099,27.0,174.0157557333333,267.3907557333334,1055.0,0.32225139950617276,3.0
SH00005806,DS005,2026-07-08,9.0,R_DS005_100,1.0,6.962287450000001,10.96228745,35.0,0.012893124907407408,0.1111111111111111
SH00005807,DS005,2026-07-08,0.0,,0.0,0.0,0.0,0.0,0.0,0.0
SH00005808,DS005,2026-07-08,0.0,,0.0,0.0,0.0,0.0,0.0,0.0
SH00005809,DS005,2026-07-08,9.0,R_DS005_104,2.0,11.889214683333334,17.889214683333336,80.0,0.022017064228395063,0.2222222222222222
SH00005810,DS005,2026-07-08,8.366666666666667,R_DS005_105,29.0,166.10239713333334,252.25239713333335,1135.0,0.33088126918990707,3.4661354581673303
SH00005811,DS005,2026-07-08,8.433333333333334,R_DS005_106,2.0,13.793058866666666,20.86805886666667,70.0,0.02725900961791831,0.23715415019762845
SH00005812,DS005,2026-07-08,8.516666666666667,R_DS005_107,2.0,14.965441916666666,21.215441916666666,80.0,0.029286579093281143,0.23483365949119372
SH00005813,DS005,2026-07-08,9.0,R_DS005_109,2.0,12.535631433333332,19.185631433333334,70.0,0.023214132283950615,0.2222222222222222
SH00005814,DS005,2026-07-08,9.0,R_DS005_110,1.0,5.6177342333333335,8.592734233333335,40.0,0.010403211543209877,0.1111111111111111
SH00005815,DS005,2026-07-08,9.0,R_DS005_111,26.0,167.02473456666664,252.29973456666667,1020.0,0.30930506401234564,2.888888888888889
SH00005816,DS005,2026-07-08,9.0,R_DS005_112,1.0,6.76273045,11.46273045,35.0,0.012523574907407409,0.1111111111111111
SH00005817,DS005,2026-07-08,9.0,R_DS005_113,1.0,4.879364716666667,6.879364716666667,40.0,0.009035860586419754,0.1111111111111111
SH00005818,DS005,2026-07-08,9.0,R_DS005_114,27.0,170.72036801666664,253.19536801666666,1060.0,0.3161488296604938,3.0
SH00005819,DS005,2026-07-08,8.7,,0.0,0.0,0.0,0.0,0.0,0.0
SH00005820,DS005,2026-07-08,0.0,,0.0,0.0,0.0,0.0,0.0,0.0
SH00005821,DS005,2026-07-08,9.0,,0.0,0.0,0.0,0.0,0.0,0.0
SH00005822,DS005,2026-07-08,9.0,R_DS005_120,26.0,167.03786285,249.26286285,1020.0,0.30932937564814816,2.888888888888889
SH00005823,DS005,2026-07-08,9.0,R_DS005_121,2.0,14.39034315,21.19034315,70.0,0.026648783611111112,0.2222222222222222
SH00005824,DS005,2026-07-08,8.4,R_DS005_123,24.0,157.90663526666668,237.73163526666664,940.0,0.31330681600529103,2.857142857142857
SH00005825,DS005,2026-07-08,0.0,,0.0,0.0,0.0,0.0,0.0,0.0
SH00005826,DS005,2026-07-08,9.0,,0.0,0.0,0.0,0.0,0.0,0.0
SH00005827,DS005,2026-07-08,9.0,R_DS005_126,25.0,149.8278289,236.27782889999997,980.0,0.27745894240740737,2.7777777777777777
SH00005828,DS005,2026-07-08,0.0,,0.0,0.0,0.0,0.0,0.0,0.0
SH00005829,DS005,2026-07-08,9.0,,0.0,0.0,0.0,0.0,0.0,0.0
SH00005830,DS005,2026-07-08,9.0,R_DS005_130,2.0,13.060143033333333,18.710143033333335,70.0,0.024185450061728394,0.2222222222222222
SH00005831,DS005,2026-07-08,9.0,,0.0,0.0,0.0,0.0,0.0,0.0
SH00005832,DS005,2026-07-08,9.0,R_DS005_132,26.0,148.9395866333333,234.43958663333336,1020.0,0.27581404932098763,2.888888888888889
SH00005833,DS005,2026-07-08,9.0,R_DS005_133,1.0,6.3917321,10.3667321,35.0,0.011836540925925926,0.1111111111111111
SH00005834,DS005,2026-07-08,0.0,,0.0,0.0,0.0,0.0,0.0,0.0
SH00005835,DS005,2026-07-08,9.0,R_DS005_135,24.0,157.31656711666668,240.71656711666668,940.0,0.29132697614197534,2.6666666666666665
SH00005867,DS001,2026-07-09,8.616666666666667,R_DS001_001,36.0,214.62737623333334,320.72510356666675,1080.0,0.41513999271437785,4.1779497098646035
SH00005868,DS001,2026-07-09,9.0,R_DS001_002,48.0,275.96041988333326,407.11496530000005,1495.0,0.5110378145987653,5.333333333333333
SH00005869,DS001,2026-07-09,9.0,R_DS001_003,51.0,292.77246625000004,443.9861026833334,1675.0,0.5421712337962964,5.666666666666667
SH00005870,DS001,2026-07-09,8.583333333333334,R_DS001_005,47.0,254.07746338333325,385.08882696666655,1480.0,0.493354297831715,5.475728155339805
SH00005871,DS001,2026-07-09,9.0,R_DS001_007,34.0,191.49344341666665,287.3434435,1020.0,0.35461748780864194,3.7777777777777777
SH00005872,DS001,2026-07-09,9.0,R_DS001_008,47.0,272.34761266666663,405.4248853833334,1470.0,0.5043474308641974,5.222222222222222
SH00005873,DS001,2026-07-09,9.0,R_DS001_009,50.0,286.25814925,426.3337986166668,1645.0,0.5301076837962962,5.555555555555555
SH00005874,DS001,2026-07-09,9.0,R_DS001_010,31.0,160.4479691666667,240.6911509666667,930.0,0.2971258688271605,3.4444444444444446
SH00005875,DS001,2026-07-09,9.0,R_DS001_012,55.0,278.6322210833333,407.93222110000005,1820.0,0.5159855945987654,6.111111111111111
SH00005876,DS001,2026-07-09,9.0,R_DS001_013,30.0,151.72876303333334,227.57421761666666,900.0,0.28097919080246914,3.3333333333333335
SH00005877,DS001,2026-07-09,9.0,R_DS001_014,48.0,256.9652321833334,385.2561412333335,1505.0,0.47586154108024703,5.333333333333333
SH00005878,DS001,2026-07-09,9.0,R_DS001_015,49.0,277.5123932,413.71726329999996,1620.0,0.5139118392592593,5.444444444444445
SH00005879,DS001,2026-07-09,9.0,R_DS001_016,24.0,142.76409136666663,216.25727313333337,720.0,0.2643779469753086,2.6666666666666665
SH00005880,DS001,2026-07-09,9.0,R_DS001_017,48.0,261.68854791666666,391.6771842166668,1505.0,0.4846084220679012,5.333333333333333
SH00005881,DS001,2026-07-09,9.0,R_DS001_019,21.0,110.06875266666667,168.11875261666665,630.0,0.20383102345679013,2.3333333333333335
SH00005882,DS001,2026-07-09,8.416666666666666,R_DS001_020,42.0,242.68206725000005,363.2616128,1325.0,0.48055854900990114,4.99009900990099
SH00005883,DS001,2026-07-09,9.0,R_DS001_021,49.0,270.41270829999996,399.8860849333332,1620.0,0.5007642746296296,5.444444444444445
SH00005884,DS001,2026-07-09,8.833333333333334,R_DS001_022,17.0,98.07298923333333,149.33208013333333,510.0,0.1850433759119497,1.9245283018867922
SH00005885,DS001,2026-07-09,9.0,R_DS001_023,43.0,247.64300385000004,369.06118563333325,1355.0,0.45859815527777786,4.777777777777778
SH00005886,DS001,2026-07-09,9.0,R_DS001_024,46.0,274.6952021000001,407.7559163666665,1525.0,0.5086948187037038,5.111111111111111
SH00005887,DS001,2026-07-09,9.0,R_DS001_027,47.0,266.27975254999996,393.09403828333336,1560.0,0.4931106528703703,5.222222222222222
SH00005888,DS001,2026-07-09,9.0,R_DS001_028,16.0,78.16768008333332,115.25177103333334,480.0,0.14475496311728392,1.7777777777777777
SH00005889,DS001,2026-07-09,9.0,R_DS001_029,42.0,244.44309019999997,363.44763573333324,1315.0,0.45267238925925923,4.666666666666667
SH00005890,DS001,2026-07-09,8.8,R_DS001_030,48.0,260.31170083333336,389.03020731666675,1590.0,0.4930145849116162,5.454545454545454
SH00005891,DS001,2026-07-09,8.516666666666667,R_DS001_031,11.0,56.73846136666668,84.65891591666667,330.0,0.11103417097195042,1.2915851272015655
SH00005892,DS001,2026-07-09,9.0,R_DS001_033,43.0,248.77904243333336,374.20631516666674,1440.0,0.46070193043209884,4.777777777777778
SH00005893,DS001,2026-07-09,9.0,R_DS001_034,11.0,60.28907859999999,92.54589675000001,330.0,0.11164644185185184,1.2222222222222223
SH00005894,DS001,2026-07-09,0.0,,0.0,0.0,0.0,0.0,0.0,0.0
SH00005895,DS001,2026-07-09,9.0,R_DS001_036,43.0,248.91222766666667,369.4304095333334,1440.0,0.4609485697530864,4.777777777777778
SH00005896,DS001,2026-07-09,0.0,,0.0,0.0,0.0,0.0,0.0,0.0
SH00005897,DS001,2026-07-09,0.0,,0.0,0.0,0.0,0.0,0.0,0.0
SH00005898,DS001,2026-07-09,0.0,,0.0,0.0,0.0,0.0,0.0,0.0
SH00005899,DS001,2026-07-09,0.0,,0.0,0.0,0.0,0.0,0.0,0.0
SH00005900,DS001,2026-07-09,0.0,,0.0,0.0,0.0,0.0,0.0,0.0
SH00005901,DS001,2026-07-09,9.0,R_DS001_045,43.0,241.9174058666668,360.55376946666667,1440.0,0.447995196049383,4.777777777777778
SH00005902,DS001,2026-07-09,9.0,R_DS001_047,43.0,242.0393147333333,358.8143148333333,1350.0,0.4482209532098765,4.777777777777778
SH00005903,DS001,2026-07-09,9.0,R_DS001_048,43.0,238.07228159999994,354.64273615,1435.0,0.44087459555555547,4.777777777777778
SH00005904,DS001,2026-07-09,9.0,R_DS001_049,10.0,51.993965100000004,76.35532876666667,300.0,0.09628512055555556,1.1111111111111112
SH00005905,DS001,2026-07-09,8.8,R_DS001_050,43.0,235.99762618333335,353.365808,1350.0,0.44696520110479804,4.886363636363636
SH00005906,DS001,2026-07-09,9.0,R_DS001_051,43.0,242.82029748333332,356.58847929999996,1440.0,0.4496672175617284,4.777777777777778
SH00005907,DS001,2026-07-09,9.0,R_DS001_052,9.0,49.602697366666675,71.18224281666667,270.0,0.09185684697530866,1.0
SH00005908,DS001,2026-07-09,0.0,,0.0,0.0,0.0,0.0,0.0,0.0
SH00005909,DS001,2026-07-09,9.0,R_DS001_055,9.0,48.47413475,71.54686205,270.0,0.0897669162037037,1.0
SH00005910,DS001,2026-07-09,9.0,R_DS001_056,43.0,225.0475490833333,330.79754906666676,1355.0,0.4167547205246913,4.777777777777778
SH00005911,DS001,2026-07-09,9.0,R_DS001_057,42.0,226.93263156666669,335.1167223999999,1415.0,0.4202456140123457,4.666666666666667
SH00005912,DS001,2026-07-09,9.0,R_DS001_058,7.0,49.258021533333334,71.36938516666667,210.0,0.09121855839506172,0.7777777777777778
SH00005913,DS001,2026-07-09,9.0,R_DS001_059,39.0,208.23337985,312.3470162,1235.0,0.3856173700925926,4.333333333333333
SH00005914,DS001,2026-07-09,9.0,R_DS001_061,8.0,45.30133321666667,67.24906048333334,240.0,0.08389135780864199,0.8888888888888888
SH00005915,DS001,2026-07-09,9.0,R_DS001_062,38.0,207.40328425000004,306.2805569833333,1210.0,0.3840801560185186,4.222222222222222
SH00005916,DS001,2026-07-09,9.0,R_DS001_063,40.0,235.02078903333333,347.8889709,1345.0,0.43522368339506173,4.444444444444445
SH00005917,DS001,2026-07-09,9.0,R_DS001_064,5.0,27.688466899999998,42.51801235000001,150.0,0.0512749387037037,0.5555555555555556
SH00005918,DS001,2026-07-09,9.0,R_DS001_065,39.0,205.44507766666666,305.9996231,1245.0,0.3804538475308642,4.333333333333333
SH00005919,DS001,2026-07-09,9.0,R_DS001_066,40.0,222.42287683333333,331.6501495333333,1355.0,0.4118942163580247,4.444444444444445
SH00005920,DS001,2026-07-09,9.0,R_DS001_069,38.0,217.87668750000003,326.79714204999993,1285.0,0.4034753472222223,4.222222222222222
SH00005921,DS001,2026-07-09,9.0,R_DS001_070,4.0,23.0964783,35.5532965,120.0,0.042771256111111114,0.4444444444444444
SH00005922,DS001,2026-07-09,9.0,R_DS001_071,36.0,198.8451437,289.68378010000004,1145.0,0.3682317475925926,4.0
SH00005923,DS001,2026-07-09,9.0,R_DS001_072,42.0,220.58398400000007,328.48171128333337,1420.0,0.4084888592592594,4.666666666666667
SH00005924,DS001,2026-07-09,9.0,R_DS001_073,3.0,12.584906383333333,20.664451816666666,90.0,0.023305382191358026,0.3333333333333333
SH00005925,DS001,2026-07-09,9.0,R_DS001_075,43.0,217.08006986666666,323.07552443333327,1450.0,0.40200012938271606,4.777777777777778
SH00005926,DS001,2026-07-09,9.0,R_DS001_076,3.0,17.99814471666667,28.839053800000002,90.0,0.0333298976234568,0.3333333333333333
SH00005927,DS001,2026-07-09,9.0,R_DS001_077,35.0,205.23751969999995,305.32161059999993,1110.0,0.38006948092592585,3.888888888888889
SH00005928,DS001,2026-07-09,9.0,R_DS001_079,4.0,22.15233875,33.0137024,120.0,0.04102284953703703,0.4444444444444444
SH00005929,DS001,2026-07-09,9.0,R_DS001_080,35.0,190.44380985000004,284.4938098666666,1120.0,0.3526737219444445,3.888888888888889
SH00005930,DS001,2026-07-09,9.0,R_DS001_082,3.0,14.930039733333334,22.539130633333333,90.0,0.027648221728395064,0.3333333333333333
SH00005931,DS001,2026-07-09,9.0,R_DS001_084,39.0,217.74258885000003,323.10395248333333,1320.0,0.40322701638888897,4.333333333333333
SH00005932,DS001,2026-07-09,9.0,R_DS001_085,3.0,15.78504285,25.194133766666667,90.0,0.029231560833333333,0.3333333333333333
SH00005933,DS001,2026-07-09,9.0,R_DS001_086,36.0,182.51147108333336,272.14328923333335,1145.0,0.3379842057098766,4.0
SH00005934,DS001,2026-07-09,9.0,R_DS001_089,30.0,189.19267938333334,285.88131576666666,955.0,0.3503568136728395,3.3333333333333335
SH00005935,DS001,2026-07-09,9.0,R_DS001_090,40.0,210.22973673333337,318.22973675,1355.0,0.38931432728395066,4.444444444444445
SH00005936,DS001,2026-07-09,9.0,,0.0,0.0,0.0,0.0,0.0,0.0
SH00005937,DS001,2026-07-09,9.0,R_DS001_092,28.0,158.7737510833333,236.86920565,895.0,0.29402546496913573,3.111111111111111
SH00005938,DS001,2026-07-09,0.0,,0.0,0.0,0.0,0.0,0.0,0.0
SH00005939,DS001,2026-07-09,0.0,,0.0,0.0,0.0,0.0,0.0,0.0
SH00005940,DS001,2026-07-09,9.0,,0.0,0.0,0.0,0.0,0.0,0.0
SH00005941,DS001,2026-07-09,9.0,R_DS001_098,29.0,155.5794919,234.90221916666664,935.0,0.2881101701851852,3.2222222222222223
SH00005942,DS001,2026-07-09,9.0,,0.0,0.0,0.0,0.0,0.0,0.0
SH00005943,DS001,2026-07-09,9.0,R_DS001_101,25.0,136.42205941666668,205.78342311666665,815.0,0.2526334433641976,2.7777777777777777
SH00005944,DS001,2026-07-09,9.0,,0.0,0.0,0.0,0.0,0.0,0.0
SH00005945,DS001,2026-07-09,9.0,R_DS001_105,38.0,215.86030468333334,328.27848645,1290.0,0.3997413049691358,4.222222222222222
SH00005946,DS001,2026-07-09,9.0,,0.0,0.0,0.0,0.0,0.0,0.0
SH00005947,DS001,2026-07-09,8.2,R_DS001_107,25.0,140.02941205,207.83623025000003,805.0,0.2846126261178862,3.048780487804878
SH00005948,DS001,2026-07-09,9.0,R_DS001_108,37.0,211.10415396666662,317.1405175666666,1250.0,0.39093361845679003,4.111111111111111
SH00005949,DS001,2026-07-09,9.0,R_DS001_110,26.0,135.70343341666668,206.0670698,840.0,0.2513026544753087,2.888888888888889
SH00005950,DS001,2026-07-09,9.0,R_DS001_111,39.0,212.7695797499999,315.4104888499999,1320.0,0.3940177402777776,4.333333333333333
SH00005951,DS001,2026-07-09,9.0,,0.0,0.0,0.0,0.0,0.0,0.0
SH00005952,DS001,2026-07-09,9.0,R_DS001_113,25.0,137.1361223,205.72021326666666,810.0,0.25395578203703706,2.7777777777777777
SH00005953,DS001,2026-07-09,9.0,R_DS001_114,38.0,212.42355168333333,317.45764248333336,1295.0,0.39337694756172836,4.222222222222222
SH00005954,DS001,2026-07-09,9.0,,0.0,0.0,0.0,0.0,0.0,0.0
SH00005955,DS001,2026-07-09,9.0,,0.0,0.0,0.0,0.0,0.0,0.0
SH00005956,DS001,2026-07-09,9.0,R_DS001_119,22.0,123.02397621666667,182.15806714999997,720.0,0.22782217817901235,2.4444444444444446
SH00005957,DS001,2026-07-09,9.0,R_DS001_120,36.0,205.08463451666665,306.0687254166666,1225.0,0.37978636021604933,4.0
SH00005958,DS001,2026-07-09,9.0,,0.0,0.0,0.0,0.0,0.0,0.0
SH00005959,DS001,2026-07-09,9.0,R_DS001_122,21.0,115.12280561666667,170.02280563333335,700.0,0.21319038077160493,2.3333333333333335
SH00005960,DS001,2026-07-09,9.0,,0.0,0.0,0.0,0.0,0.0,0.0
SH00005961,DS001,2026-07-09,9.0,R_DS001_125,20.0,116.8990716333333,174.1717988833333,660.0,0.21647976228395058,2.2222222222222223
SH00005962,DS001,2026-07-09,9.0,R_DS001_126,36.0,210.25652506666665,311.6292523166668,1235.0,0.38936393530864194,4.0
SH00005963,DS001,2026-07-09,9.0,,0.0,0.0,0.0,0.0,0.0,0.0
SH00005964,DS001,2026-07-09,9.0,R_DS001_128,19.0,109.06088148333332,157.98815418333334,635.0,0.20196459533950614,2.111111111111111
SH00005965,DS001,2026-07-09,9.0,R_DS001_129,36.0,202.23619305,305.3884657500001,1230.0,0.3745114686111111,4.0
SH00005966,DS001,2026-07-09,9.0,R_DS001_131,19.0,101.55234791666665,149.04780245000003,635.0,0.18805990354938268,2.111111111111111
SH00005967,DS001,2026-07-09,9.0,R_DS001_132,40.0,206.43114646666666,308.0902373833333,1360.0,0.3822799008641975,4.444444444444445
SH00005968,DS001,2026-07-09,9.0,,0.0,0.0,0.0,0.0,0.0,0.0
SH00005969,DS001,2026-07-09,9.0,R_DS001_134,18.0,107.30971306666666,157.8528949,600.0,0.19872169086419753,2.0
SH00005970,DS001,2026-07-09,9.0,R_DS001_135,38.0,214.38816265,313.14270811666665,1290.0,0.3970151160185185,4.222222222222222
SH00005971,DS001,2026-07-09,9.0,,0.0,0.0,0.0,0.0,0.0,0.0
SH00005972,DS001,2026-07-09,9.0,R_DS001_138,36.0,200.5690168666667,298.73038051666674,1230.0,0.371424105308642,4.0
SH00005973,DS001,2026-07-09,9.0,,0.0,0.0,0.0,0.0,0.0,0.0
SH00005974,DS001,2026-07-09,9.0,R_DS001_140,19.0,93.29178206666666,138.12814566666665,645.0,0.17276255938271604,2.111111111111111
SH00005975,DS001,2026-07-09,9.0,R_DS001_141,38.0,206.61636341666673,301.7299998,1305.0,0.3826228952160495,4.222222222222222
SH00005976,DS001,2026-07-09,0.0,,0.0,0.0,0.0,0.0,0.0,0.0
SH00005977,DS001,2026-07-09,9.0,R_DS001_143,17.0,93.67639043333335,136.4059359,575.0,0.17347479709876548,1.8888888888888888
SH00005978,DS001,2026-07-09,9.0,,0.0,0.0,0.0,0.0,0.0,0.0
SH00005979,DS001,2026-07-09,8.266666666666667,R_DS001_146,17.0,92.17387026666665,141.46932478333332,575.0,0.185834415860215,2.0564516129032255
SH00005980,DS001,2026-07-09,9.0,R_DS001_147,38.0,207.35529531666668,303.7984771,1300.0,0.3839912876234568,4.222222222222222
SH00005981,DS001,2026-07-09,9.0,,0.0,0.0,0.0,0.0,0.0,0.0
SH00005982,DS001,2026-07-09,0.0,,0.0,0.0,0.0,0.0,0.0,0.0
SH00005983,DS001,2026-07-09,9.0,R_DS001_152,16.0,92.93616558333335,137.79298375,540.0,0.1721040103395062,1.7777777777777777
SH00005984,DS001,2026-07-09,0.0,,0.0,0.0,0.0,0.0,0.0,0.0
SH00005985,DS001,2026-07-09,9.0,,0.0,0.0,0.0,0.0,0.0,0.0
SH00005986,DS001,2026-07-09,9.0,R_DS001_155,16.0,88.56401618333334,132.33674351666667,545.0,0.16400743737654322,1.7777777777777777
SH00005987,DS001,2026-07-09,9.0,R_DS001_156,36.0,204.12330128333335,300.48466495,1235.0,0.37800611348765434,4.0
SH00005988,DS001,2026-07-09,9.0,,0.0,0.0,0.0,0.0,0.0,0.0
SH00005989,DS001,2026-07-09,8.216666666666667,R_DS001_159,36.0,200.15716341666666,292.83670885000004,1230.0,0.40599830307640294,4.381338742393509
SH00005990,DS001,2026-07-09,9.0,,0.0,0.0,0.0,0.0,0.0,0.0
SH00005991,DS001,2026-07-09,9.0,R_DS001_161,17.0,88.11062321666667,129.53107774999998,570.0,0.16316782077160494,1.8888888888888888
SH00005992,DS001,2026-07-09,0.0,,0.0,0.0,0.0,0.0,0.0,0.0
SH00005993,DS001,2026-07-09,9.0,,0.0,0.0,0.0,0.0,0.0,0.0
SH00006023,DS002,2026-07-09,9.0,R_DS002_001,32.0,203.10009965,309.8932814666666,960.0,0.37611129564814816,3.5555555555555554
SH00006024,DS002,2026-07-09,9.0,R_DS002_002,44.0,275.12432301666666,419.1447775166666,1370.0,0.5094894870679012,4.888888888888889
SH00006025,DS002,2026-07-09,9.0,R_DS002_003,43.0,283.6467313166666,429.55971835,1410.0,0.5252717246604937,4.777777777777778
SH00006026,DS002,2026-07-09,9.0,R_DS002_005,43.0,267.02146281666666,421.5350991833333,1345.0,0.49448419040123454,4.777777777777778
SH00006027,DS002,2026-07-09,8.333333333333334,R_DS002_007,26.0,177.53450704999997,274.75496158333334,780.0,0.3550690140999999,3.1199999999999997
SH00006028,DS002,2026-07-09,9.0,R_DS002_008,41.0,274.7617525333333,417.39129793333336,1285.0,0.5088180602469136,4.555555555555555
SH00006029,DS002,2026-07-09,9.0,R_DS002_009,43.0,268.64737478333336,415.35419296666674,1410.0,0.49749513848765436,4.777777777777778
SH00006030,DS002,2026-07-09,0.0,,0.0,0.0,0.0,0.0,0.0,0.0
SH00006031,DS002,2026-07-09,9.0,R_DS002_012,44.0,271.0362652500001,414.2404860333334,1445.0,0.5019190097222224,4.888888888888889
SH00006032,DS002,2026-07-09,9.0,R_DS002_013,27.0,159.61018018333337,245.58063471666662,810.0,0.2955744077469136,3.0
SH00006033,DS002,2026-07-09,9.0,R_DS002_014,43.0,263.44299756666663,402.94299756666663,1345.0,0.4878574029012345,4.777777777777778
SH00006034,DS002,2026-07-09,0.0,,0.0,0.0,0.0,0.0,0.0,0.0
SH00006035,DS002,2026-07-09,9.0,R_DS002_016,21.0,138.18287728333337,206.35787725000003,630.0,0.2558942171913581,2.3333333333333335
SH00006036,DS002,2026-07-09,9.0,R_DS002_017,42.0,256.8419473833334,389.2646746166668,1310.0,0.4756332358950618,4.666666666666667
SH00006037,DS002,2026-07-09,9.0,R_DS002_019,18.0,132.72090418333332,201.264086,540.0,0.245779452191358,2.0
SH00006038,DS002,2026-07-09,9.0,R_DS002_021,41.0,264.28663235,404.82884025,1355.0,0.489419689537037,4.555555555555555
SH00006039,DS002,2026-07-09,9.0,R_DS002_022,17.0,113.53996625,173.6558753333333,510.0,0.21025919675925928,1.8888888888888888
SH00006040,DS002,2026-07-09,9.0,R_DS002_023,39.0,256.11839621666667,384.4502144166667,1225.0,0.4742933263271605,4.333333333333333
SH00006041,DS002,2026-07-09,9.0,R_DS002_024,39.0,248.5366747166667,381.0821293166665,1285.0,0.4602531013271606,4.333333333333333
SH00006042,DS002,2026-07-09,0.0,,0.0,0.0,0.0,0.0,0.0,0.0
SH00006043,DS002,2026-07-09,9.0,R_DS002_027,37.0,248.03989178333327,375.51261908333333,1230.0,0.45933313293209865,4.111111111111111
SH00006044,DS002,2026-07-09,9.0,R_DS002_028,14.0,81.61998935,126.61998935,420.0,0.15114812842592593,1.5555555555555556
SH00006045,DS002,2026-07-09,9.0,R_DS002_029,41.0,238.83593478333327,357.69729845000006,1290.0,0.44228876811728385,4.555555555555555
SH00006046,DS002,2026-07-09,8.633333333333333,R_DS002_030,39.0,232.09439793333337,357.41939793333336,1295.0,0.44805868326898335,4.517374517374518
SH00006047,DS002,2026-07-09,8.316666666666666,R_DS002_031,11.0,78.25082523333333,121.61446158333334,330.0,0.1568152810287241,1.3226452905811623
SH00006048,DS002,2026-07-09,9.0,R_DS002_033,37.0,243.42407550000001,366.2127118833333,1225.0,0.450785325,4.111111111111111
SH00006049,DS002,2026-07-09,9.0,R_DS002_034,10.0,66.05774260000001,100.03274261666667,300.0,0.12232915296296298,1.1111111111111112
SH00006050,DS002,2026-07-09,9.0,R_DS002_035,36.0,228.6646597333333,344.53965973333334,1130.0,0.42345307358024686,4.0
SH00006051,DS002,2026-07-09,9.0,R_DS002_036,36.0,230.93363193333332,358.9995410166666,1200.0,0.42765487395061724,4.0
SH00006052,DS002,2026-07-09,9.0,R_DS002_037,10.0,52.7587505,81.8246596,300.0,0.09770138981481481,1.1111111111111112
SH00006053,DS002,2026-07-09,9.0,R_DS002_038,34.0,225.62243175000006,347.38834075,1070.0,0.41781931805555567,3.7777777777777777
SH00006054,DS002,2026-07-09,8.766666666666667,R_DS002_040,9.0,52.869126416666674,78.78503551666665,270.0,0.10051164717997467,1.026615969581749
SH00006055,DS002,2026-07-09,9.0,R_DS002_041,33.0,215.4424195,333.91514673333324,1035.0,0.39896744351851854,3.6666666666666665
SH00006056,DS002,2026-07-09,9.0,R_DS002_042,36.0,221.95050173333337,331.25959259999996,1200.0,0.4110194476543211,4.0
SH00006057,DS002,2026-07-09,9.0,R_DS002_043,9.0,47.8216288,72.653447,270.0,0.08855857185185186,1.0
SH00006058,DS002,2026-07-09,0.0,,0.0,0.0,0.0,0.0,0.0,0.0
SH00006059,DS002,2026-07-09,8.466666666666667,R_DS002_045,34.0,222.69825428333334,337.5914361333334,1135.0,0.4383823903215223,4.015748031496063
SH00006060,DS002,2026-07-09,9.0,R_DS002_047,33.0,216.6955622,328.84783498333337,1035.0,0.40128807814814815,3.6666666666666665
SH00006061,DS002,2026-07-09,9.0,R_DS002_048,33.0,227.6636925166666,349.98187438333343,1110.0,0.42159943058641963,3.6666666666666665
SH00006062,DS002,2026-07-09,9.0,R_DS002_049,7.0,43.0094207,64.11851159999999,210.0,0.07964707537037037,0.7777777777777778
SH00006063,DS002,2026-07-09,9.0,R_DS002_050,35.0,225.24608615000002,337.70517708333335,1110.0,0.4171223817592593,3.888888888888889
SH00006064,DS002,2026-07-09,9.0,R_DS002_051,33.0,214.9871402166667,328.1621403000001,1105.0,0.39812433373456796,3.6666666666666665
SH00006065,DS002,2026-07-09,0.0,,0.0,0.0,0.0,0.0,0.0,0.0
SH00006066,DS002,2026-07-09,9.0,R_DS002_054,35.0,224.12509635,341.5341872666668,1165.0,0.4150464747222222,3.888888888888889
SH00006067,DS002,2026-07-09,9.0,R_DS002_055,4.0,32.41750893333334,48.47432711666667,120.0,0.060032423950617295,0.4444444444444444
SH00006068,DS002,2026-07-09,9.0,R_DS002_056,32.0,195.8637663666667,301.75694816666663,1005.0,0.3627106784567902,3.5555555555555554
SH00006069,DS002,2026-07-09,9.0,R_DS002_057,33.0,224.38744035,339.26016758333327,1105.0,0.41553229694444443,3.6666666666666665
SH00006070,DS002,2026-07-09,9.0,R_DS002_058,4.0,28.007852200000002,43.67603401666667,120.0,0.051866392962962964,0.4444444444444444
SH00006071,DS002,2026-07-09,9.0,R_DS002_059,29.0,188.78495605,291.05768333333333,920.0,0.349601770462963,3.2222222222222223
SH00006072,DS002,2026-07-09,9.0,R_DS002_061,4.0,29.874789300000003,44.499789283333335,120.0,0.0553236838888889,0.4444444444444444
SH00006073,DS002,2026-07-09,0.0,,0.0,0.0,0.0,0.0,0.0,0.0
SH00006074,DS002,2026-07-09,9.0,R_DS002_063,34.0,207.68726170000002,317.0168071666667,1150.0,0.38460604018518524,3.7777777777777777
SH00006075,DS002,2026-07-09,9.0,R_DS002_064,4.0,23.97979325,35.94570235,120.0,0.044407024537037036,0.4444444444444444
SH00006076,DS002,2026-07-09,9.0,R_DS002_065,29.0,182.94623299999998,276.42350575,920.0,0.33878932037037035,3.2222222222222223
SH00006077,DS002,2026-07-09,9.0,R_DS002_066,34.0,204.03700598333333,309.50064234999996,1145.0,0.3778463073765432,3.7777777777777777
SH00006078,DS002,2026-07-09,9.0,R_DS002_068,28.0,183.55050023333337,280.66868208333335,890.0,0.33990833376543217,3.111111111111111
SH00006079,DS002,2026-07-09,9.0,R_DS002_069,33.0,195.92256870000003,300.5680232166666,1115.0,0.36281957166666673,3.6666666666666665
SH00006080,DS002,2026-07-09,9.0,R_DS002_070,3.0,16.08900405,26.316276766666668,90.0,0.029794451944444442,0.3333333333333333
SH00006081,DS002,2026-07-09,9.0,R_DS002_071,28.0,164.70750366666667,254.72795821666662,890.0,0.3050138956790123,3.111111111111111
SH00006082,DS002,2026-07-09,8.6,R_DS002_075,33.0,207.3632545,312.88825451666673,1110.0,0.4018667722868217,3.8372093023255816
SH00006083,DS002,2026-07-09,9.0,R_DS002_076,2.0,8.8157827,12.722600883333332,60.0,0.016325523518518518,0.2222222222222222
SH00006084,DS002,2026-07-09,9.0,R_DS002_077,28.0,167.78288661666664,261.83288665000003,895.0,0.31070904929012344,3.111111111111111
SH00006085,DS002,2026-07-09,9.0,R_DS002_078,33.0,207.8817127,313.4271672166667,1115.0,0.38496613462962964,3.6666666666666665
SH00006086,DS002,2026-07-09,8.616666666666667,R_DS002_079,2.0,16.12359905,23.630417233333333,60.0,0.031186845357833653,0.23210831721470018
SH00006087,DS002,2026-07-09,9.0,R_DS002_080,27.0,170.0283260833333,262.89196246666666,865.0,0.31486727052469127,3.0
SH00006088,DS002,2026-07-09,0.0,,0.0,0.0,0.0,0.0,0.0,0.0
SH00006089,DS002,2026-07-09,9.0,R_DS002_083,26.0,147.4448645,224.90622809999996,840.0,0.27304604537037036,2.888888888888889
SH00006090,DS002,2026-07-09,9.0,R_DS002_084,31.0,192.60256775,298.61847685,1040.0,0.35667142175925926,3.4444444444444446
SH00006091,DS002,2026-07-09,9.0,R_DS002_085,2.0,12.574954266666667,20.961317899999997,60.0,0.023286952345679013,0.2222222222222222
SH00006092,DS002,2026-07-09,9.0,R_DS002_087,29.0,196.7347052333333,294.83470525,985.0,0.36432352820987646,3.2222222222222223
SH00006093,DS002,2026-07-09,9.0,R_DS002_089,22.0,154.02523821666668,240.69114731666667,710.0,0.2852319226234568,2.4444444444444446
SH00006094,DS002,2026-07-09,9.0,R_DS002_090,29.0,188.39391856666668,291.4439186,985.0,0.34887762697530866,3.2222222222222223
SH00006095,DS002,2026-07-09,9.0,R_DS002_091,2.0,15.234957350000002,23.150866433333334,60.0,0.028212883981481484,0.2222222222222222
SH00006096,DS002,2026-07-09,9.0,R_DS002_092,23.0,149.08425116666663,230.2274329,740.0,0.27608194660493823,2.5555555555555554
SH00006097,DS002,2026-07-09,9.0,R_DS002_093,30.0,190.2632024666667,288.62911155,1015.0,0.3523392638271606,3.3333333333333335
SH00006098,DS002,2026-07-09,9.0,,0.0,0.0,0.0,0.0,0.0,0.0
SH00006099,DS002,2026-07-09,9.0,R_DS002_096,28.0,191.094567,293.2445670333333,950.0,0.3538788277777778,3.111111111111111
SH00006100,DS002,2026-07-09,9.0,,0.0,0.0,0.0,0.0,0.0,0.0
SH00006101,DS002,2026-07-09,9.0,R_DS002_098,19.0,124.89174556666667,189.89629098333333,615.0,0.23128101030864198,2.111111111111111
SH00006102,DS002,2026-07-09,9.0,R_DS002_099,26.0,186.25344421666668,289.1193533,885.0,0.3449137855864198,2.888888888888889
SH00006103,DS002,2026-07-09,9.0,,0.0,0.0,0.0,0.0,0.0,0.0
SH00006104,DS002,2026-07-09,9.0,R_DS002_101,22.0,136.75266143333334,204.86629781666667,715.0,0.2532456693209877,2.4444444444444446
SH00006105,DS002,2026-07-09,9.0,R_DS002_104,21.0,120.96493049999998,180.50811231666663,690.0,0.22400913055555552,2.3333333333333335
SH00006106,DS002,2026-07-09,9.0,R_DS002_105,29.0,190.69759538333332,291.39532266666674,985.0,0.353143695154321,3.2222222222222223
SH00006107,DS002,2026-07-09,8.3,,0.0,0.0,0.0,0.0,0.0,0.0
SH00006108,DS002,2026-07-09,8.133333333333333,R_DS002_107,18.0,117.39215143333334,186.73306051666665,585.0,0.24055768736338798,2.2131147540983607
SH00006109,DS002,2026-07-09,9.0,R_DS002_108,27.0,191.9816626,295.6452989500001,920.0,0.3555215974074074,3.0
SH00006110,DS002,2026-07-09,9.0,R_DS002_110,18.0,106.56425109999999,165.96425111666662,585.0,0.19734120574074074,2.0
SH00006111,DS002,2026-07-09,9.0,R_DS002_111,28.0,184.11941898333333,279.94896448333327,955.0,0.34096188700617286,3.111111111111111
SH00006112,DS002,2026-07-09,9.0,,0.0,0.0,0.0,0.0,0.0,0.0
SH00006113,DS002,2026-07-09,9.0,R_DS002_113,16.0,115.11442976666665,174.90306610000002,525.0,0.21317486993827156,1.7777777777777777
SH00006114,DS002,2026-07-09,9.0,R_DS002_114,30.0,178.2067298,268.47263885,1030.0,0.3300124625925926,3.3333333333333335
SH00006115,DS002,2026-07-09,9.0,,0.0,0.0,0.0,0.0,0.0,0.0
SH00006116,DS002,2026-07-09,9.0,R_DS002_117,31.0,178.23275415,265.10320871666664,1060.0,0.3300606558333333,3.4444444444444446
SH00006117,DS002,2026-07-09,9.0,,0.0,0.0,0.0,0.0,0.0,0.0
SH00006118,DS002,2026-07-09,0.0,,0.0,0.0,0.0,0.0,0.0,0.0
SH00006119,DS002,2026-07-09,0.0,,0.0,0.0,0.0,0.0,0.0,0.0
SH00006120,DS002,2026-07-09,0.0,,0.0,0.0,0.0,0.0,0.0,0.0
SH00006121,DS002,2026-07-09,0.0,,0.0,0.0,0.0,0.0,0.0,0.0
SH00006122,DS002,2026-07-09,9.0,R_DS002_125,17.0,99.38954765,152.10091128333332,565.0,0.18405471787037037,1.8888888888888888
SH00006123,DS002,2026-07-09,9.0,R_DS002_126,29.0,178.21573048333332,270.79300313333334,995.0,0.33002913052469135,3.2222222222222223
SH00006124,DS002,2026-07-09,9.0,,0.0,0.0,0.0,0.0,0.0,0.0
SH00006125,DS002,2026-07-09,9.0,R_DS002_129,25.0,173.58275571666664,266.855483,860.0,0.32144954762345673,2.7777777777777777
SH00006126,DS002,2026-07-09,9.0,R_DS002_131,14.0,98.14052681666666,154.47234501666668,465.0,0.1817417163271605,1.5555555555555556
SH00006127,DS002,2026-07-09,9.0,R_DS002_132,28.0,171.79943666666668,257.52443671666674,960.0,0.31814710493827164,3.111111111111111
SH00006128,DS002,2026-07-09,9.0,,0.0,0.0,0.0,0.0,0.0,0.0
SH00006129,DS002,2026-07-09,9.0,R_DS002_134,15.0,89.41411396666666,135.21184123333333,500.0,0.1655816925308642,1.6666666666666667
SH00006130,DS002,2026-07-09,8.533333333333333,R_DS002_135,27.0,171.37946191666668,262.95446185000003,925.0,0.3347255115559896,3.1640625
SH00006131,DS002,2026-07-09,8.366666666666667,,0.0,0.0,0.0,0.0,0.0,0.0
SH00006132,DS002,2026-07-09,9.0,,0.0,0.0,0.0,0.0,0.0,0.0
SH00006133,DS002,2026-07-09,9.0,R_DS002_140,14.0,92.14874878333332,138.76465790000003,470.0,0.1706458310802469,1.5555555555555556
SH00006134,DS002,2026-07-09,9.0,R_DS002_141,29.0,169.14132044999997,255.97086586666668,995.0,0.31322466749999994,3.2222222222222223
SH00006135,DS002,2026-07-09,9.0,,0.0,0.0,0.0,0.0,0.0,0.0
SH00006136,DS002,2026-07-09,0.0,,0.0,0.0,0.0,0.0,0.0,0.0
SH00006137,DS002,2026-07-09,9.0,,0.0,0.0,0.0,0.0,0.0,0.0
SH00006138,DS002,2026-07-09,9.0,R_DS002_146,12.0,68.04117825,104.10254186666667,405.0,0.12600218194444446,1.3333333333333333
SH00006139,DS002,2026-07-09,8.75,R_DS002_147,27.0,166.90062616666665,251.54153531666665,925.0,0.31790595460317456,3.085714285714286
SH00006140,DS002,2026-07-09,9.0,,0.0,0.0,0.0,0.0,0.0,0.0
SH00006141,DS002,2026-07-09,9.0,R_DS002_149,9.0,69.60339503333333,105.68521321666667,310.0,0.12889517598765432,1.0
SH00006142,DS002,2026-07-09,9.0,R_DS002_150,29.0,167.03315413333328,252.26724508333334,995.0,0.30932065580246904,3.2222222222222223
SH00006143,DS002,2026-07-09,8.683333333333334,R_DS002_152,11.0,68.78928333333333,104.31882875,380.0,0.13203317338451695,1.2667946257197695
SH00006144,DS002,2026-07-09,9.0,R_DS002_153,26.0,170.5937697,256.9324061333333,895.0,0.31591438833333335,2.888888888888889
SH00006145,DS002,2026-07-09,0.0,,0.0,0.0,0.0,0.0,0.0,0.0
SH00006146,DS002,2026-07-09,9.0,R_DS002_155,9.0,64.20824903333335,98.14233991666666,310.0,0.11890416487654323,1.0
SH00006174,DS003,2026-07-09,9.0,R_DS003_001,32.0,206.9339868166667,313.00216861666667,970.0,0.38321108669753096,3.5555555555555554
SH00006175,DS003,2026-07-09,0.0,,0.0,0.0,0.0,0.0,0.0,0.0
SH00006176,DS003,2026-07-09,9.0,R_DS003_003,48.0,279.3336719666667,421.28237320000005,1570.0,0.5172845777160495,5.333333333333333
SH00006177,DS003,2026-07-09,9.0,R_DS003_005,44.0,257.63085645,393.5717655999999,1370.0,0.47709417861111114,4.888888888888889
SH00006178,DS003,2026-07-09,9.0,R_DS003_006,47.0,290.0156721166666,438.3666461333333,1530.0,0.5370660594753086,5.222222222222222
SH00006179,DS003,2026-07-09,0.0,,0.0,0.0,0.0,0.0,0.0,0.0
SH00006180,DS003,2026-07-09,9.0,R_DS003_008,46.0,261.8519697166667,385.76560613333345,1435.0,0.48491105503086424,5.111111111111111
SH00006181,DS003,2026-07-09,9.0,R_DS003_010,32.0,189.5906075166667,284.84060753333335,975.0,0.3510937176234568,3.5555555555555554
SH00006182,DS003,2026-07-09,9.0,R_DS003_012,47.0,275.56660603333336,421.6354371666667,1545.0,0.5103085296913581,5.222222222222222
SH00006183,DS003,2026-07-09,8.683333333333334,R_DS003_013,24.0,152.29575213333334,226.92302490000003,730.0,0.29231430351887394,2.763915547024952
SH00006184,DS003,2026-07-09,8.533333333333333,R_DS003_014,40.0,238.12495761666665,363.9408666666666,1245.0,0.46508780784505205,4.6875
SH00006185,DS003,2026-07-09,9.0,R_DS003_015,48.0,266.5717262666667,407.5512717,1575.0,0.4936513449382717,5.333333333333333
SH00006186,DS003,2026-07-09,9.0,R_DS003_016,23.0,146.71338874999998,221.69975241666666,700.0,0.2716914606481481,2.5555555555555554
SH00006187,DS003,2026-07-09,9.0,R_DS003_017,41.0,242.06589605000005,363.8318051333334,1285.0,0.44827017787037043,4.555555555555555
SH00006188,DS003,2026-07-09,9.0,R_DS003_019,20.0,134.20262303333334,203.03898666666663,610.0,0.24852337598765434,2.2222222222222223
SH00006189,DS003,2026-07-09,9.0,R_DS003_020,41.0,236.4143455,362.1893455333333,1280.0,0.4378043435185185,4.555555555555555
SH00006190,DS003,2026-07-09,9.0,R_DS003_021,42.0,269.32747311666674,404.98201855000013,1380.0,0.49875457984567917,4.666666666666667
SH00006191,DS003,2026-07-09,9.0,R_DS003_022,17.0,95.837159,147.17352265000002,520.0,0.17747622037037036,1.8888888888888888
SH00006192,DS003,2026-07-09,8.333333333333334,R_DS003_023,37.0,206.89864513333333,319.807736,1160.0,0.4137972902666666,4.4399999999999995
SH00006193,DS003,2026-07-09,9.0,R_DS003_024,40.0,242.6515002166667,374.53072096666665,1325.0,0.4493546300308643,4.444444444444445
SH00006194,DS003,2026-07-09,9.0,R_DS003_029,38.0,221.27067976666672,334.7934069999999,1190.0,0.40976051808641983,4.222222222222222
SH00006195,DS003,2026-07-09,8.65,R_DS003_030,39.0,231.07523295,361.53334980000005,1295.0,0.44523166271676295,4.508670520231214
SH00006196,DS003,2026-07-09,0.0,,0.0,0.0,0.0,0.0,0.0,0.0
SH00006197,DS003,2026-07-09,0.0,,0.0,0.0,0.0,0.0,0.0,0.0
SH00006198,DS003,2026-07-09,9.0,R_DS003_034,11.0,74.60105373333332,113.07150828333334,335.0,0.1381500995061728,1.2222222222222223
SH00006199,DS003,2026-07-09,0.0,,0.0,0.0,0.0,0.0,0.0,0.0
SH00006200,DS003,2026-07-09,9.0,R_DS003_036,39.0,245.65709218333328,371.6191051666666,1295.0,0.4549205410802468,4.333333333333333
SH00006201,DS003,2026-07-09,9.0,R_DS003_038,34.0,216.03751501666662,326.14433321666655,1070.0,0.4000694722530863,3.7777777777777777
SH00006202,DS003,2026-07-09,9.0,R_DS003_040,11.0,63.58887580000001,93.5797849,340.0,0.11775717740740743,1.2222222222222223
SH00006203,DS003,2026-07-09,9.0,R_DS003_041,34.0,188.73451413333336,282.2117868333333,1080.0,0.34950835950617287,3.7777777777777777
SH00006204,DS003,2026-07-09,9.0,R_DS003_042,34.0,226.87812405000003,343.93461755,1140.0,0.42014467416666673,3.7777777777777777
SH00006205,DS003,2026-07-09,8.1,R_DS003_043,7.0,38.67813398333333,59.141770349999994,220.0,0.07958463782578874,0.8641975308641976
SH00006206,DS003,2026-07-09,9.0,R_DS003_044,33.0,195.2336791666667,296.2791337166667,1035.0,0.361543850308642,3.6666666666666665
SH00006207,DS003,2026-07-09,0.0,,0.0,0.0,0.0,0.0,0.0,0.0
SH00006208,DS003,2026-07-09,8.45,R_DS003_047,30.0,172.53784044999998,261.6582949333334,945.0,0.3403113223865878,3.550295857988166
SH00006209,DS003,2026-07-09,9.0,R_DS003_049,9.0,57.93005798333334,86.2982398,285.0,0.107277885154321,1.0
SH00006210,DS003,2026-07-09,9.0,R_DS003_050,30.0,186.8116778,282.31395051666675,950.0,0.3459475514814815,3.3333333333333335
SH00006211,DS003,2026-07-09,0.0,,0.0,0.0,0.0,0.0,0.0,0.0
SH00006212,DS003,2026-07-09,9.0,R_DS003_052,9.0,52.17995916666666,79.45041368333334,285.0,0.09662955401234567,1.0
SH00006213,DS003,2026-07-09,0.0,,0.0,0.0,0.0,0.0,0.0,0.0
SH00006214,DS003,2026-07-09,9.0,R_DS003_055,6.0,40.71284528333333,63.32875436666667,190.0,0.07539415793209876,0.6666666666666666
SH00006215,DS003,2026-07-09,0.0,,0.0,0.0,0.0,0.0,0.0,0.0
SH00006216,DS003,2026-07-09,9.0,R_DS003_057,37.0,215.99158225,328.51495886666675,1240.0,0.39998441157407405,4.111111111111111
SH00006217,DS003,2026-07-09,9.0,R_DS003_058,5.0,34.1529525,51.964316116666666,160.0,0.06324620833333333,0.5555555555555556
SH00006218,DS003,2026-07-09,9.0,R_DS003_061,4.0,27.544773033333335,43.742500316666664,130.0,0.05100883895061729,0.4444444444444444
SH00006219,DS003,2026-07-09,9.0,R_DS003_062,28.0,165.44189096666665,251.1259818833333,885.0,0.3063738721604938,3.111111111111111
SH00006220,DS003,2026-07-09,9.0,R_DS003_063,36.0,216.60017456666665,327.64790181666666,1215.0,0.401111434382716,4.0
SH00006221,DS003,2026-07-09,0.0,,0.0,0.0,0.0,0.0,0.0,0.0
SH00006222,DS003,2026-07-09,9.0,R_DS003_065,24.0,147.83601869999995,222.35192781666663,755.0,0.27377040499999994,2.6666666666666665
SH00006223,DS003,2026-07-09,9.0,R_DS003_068,24.0,152.05866473333333,233.09957381666666,765.0,0.2815901198765432,2.6666666666666665
SH00006224,DS003,2026-07-09,9.0,R_DS003_069,37.0,214.5259292333333,324.2236565,1245.0,0.3972702393209876,4.111111111111111
SH00006225,DS003,2026-07-09,0.0,,0.0,0.0,0.0,0.0,0.0,0.0
SH00006226,DS003,2026-07-09,9.0,R_DS003_071,23.0,153.86240144999996,231.20103779999997,730.0,0.28493037305555546,2.5555555555555554
SH00006227,DS003,2026-07-09,9.0,R_DS003_072,35.0,210.49068441666665,319.0634117666666,1175.0,0.38979756373456786,3.888888888888889
SH00006228,DS003,2026-07-09,9.0,R_DS003_073,4.0,25.7649111,36.587638383333335,130.0,0.047712798333333334,0.4444444444444444
SH00006229,DS003,2026-07-09,9.0,R_DS003_075,37.0,210.14149026666666,317.13921755,1245.0,0.3891509079012346,4.111111111111111
SH00006230,DS003,2026-07-09,9.0,R_DS003_076,3.0,22.541914266666666,34.3782779,100.0,0.041744285679012345,0.3333333333333333
SH00006231,DS003,2026-07-09,9.0,R_DS003_077,21.0,126.07416774999999,187.84689501666665,675.0,0.2334706810185185,2.3333333333333335
SH00006232,DS003,2026-07-09,9.0,R_DS003_078,32.0,203.0657568666667,315.44302965,1075.0,0.37604769790123466,3.5555555555555554
SH00006233,DS003,2026-07-09,9.0,R_DS003_079,3.0,21.2085627,33.17901725,100.0,0.03927511611111111,0.3333333333333333
SH00006234,DS003,2026-07-09,8.1,R_DS003_080,18.0,109.12763284999998,166.42081466666667,580.0,0.22454245442386828,2.2222222222222223
SH00006235,DS003,2026-07-09,9.0,R_DS003_082,3.0,26.576903116666664,40.22917585,95.0,0.049216487253086416,0.3333333333333333
SH00006236,DS003,2026-07-09,9.0,R_DS003_083,19.0,110.89474166666663,167.98337801666665,615.0,0.20536063271604932,2.111111111111111
SH00006237,DS003,2026-07-09,9.0,R_DS003_084,30.0,202.36643950000007,305.9073486333334,1015.0,0.37475266574074084,3.3333333333333335
SH00006238,DS003,2026-07-09,9.0,R_DS003_085,3.0,17.91235745,25.980539266666668,100.0,0.03317103231481481,0.3333333333333333
SH00006239,DS003,2026-07-09,9.0,R_DS003_087,34.0,200.03409851666666,301.4068258833333,1155.0,0.37043351577160494,3.7777777777777777
SH00006240,DS003,2026-07-09,9.0,R_DS003_089,18.0,109.12737415000002,161.5728286833333,585.0,0.20208772990740745,2.0
SH00006241,DS003,2026-07-09,9.0,R_DS003_090,35.0,200.94523178333333,301.39750444999993,1185.0,0.37212079959876543,3.888888888888889
SH00006242,DS003,2026-07-09,0.0,,0.0,0.0,0.0,0.0,0.0,0.0
SH00006243,DS003,2026-07-09,0.0,,0.0,0.0,0.0,0.0,0.0,0.0
SH00006244,DS003,2026-07-09,9.0,R_DS003_093,31.0,185.85117051666668,284.2784432333334,1055.0,0.3441688342901235,3.4444444444444446
SH00006245,DS003,2026-07-09,9.0,R_DS003_094,3.0,19.540447049999997,30.49953795,100.0,0.03618601305555555,0.3333333333333333
SH00006246,DS003,2026-07-09,9.0,R_DS003_096,32.0,181.63626059999996,276.85216968333333,1095.0,0.3363634455555555,3.5555555555555554
SH00006247,DS003,2026-07-09,9.0,R_DS003_097,2.0,15.104547766666666,25.004547766666665,70.0,0.027971384753086418,0.2222222222222222
SH00006248,DS003,2026-07-09,0.0,,0.0,0.0,0.0,0.0,0.0,0.0
SH00006249,DS003,2026-07-09,9.0,R_DS003_099,32.0,183.39554959999998,275.82964051666664,1095.0,0.33962138814814813,3.5555555555555554
SH00006250,DS003,2026-07-09,9.0,R_DS003_100,2.0,17.193042633333334,25.843042633333337,70.0,0.031838967839506176,0.2222222222222222
SH00006251,DS003,2026-07-09,9.0,R_DS003_101,15.0,91.08826076666666,134.2064426,485.0,0.16868196438271604,1.6666666666666667
SH00006252,DS003,2026-07-09,9.0,R_DS003_103,2.0,12.135074966666668,17.810074966666665,70.0,0.02247236104938272,0.2222222222222222
SH00006253,DS003,2026-07-09,9.0,R_DS003_104,11.0,68.08575076666668,100.54711441666667,365.0,0.12608472364197532,1.2222222222222223
SH00006254,DS003,2026-07-09,9.0,R_DS003_105,30.0,181.53831643333334,276.30422555000007,1025.0,0.3361820674691358,3.3333333333333335
SH00006255,DS003,2026-07-09,0.0,,0.0,0.0,0.0,0.0,0.0,0.0
SH00006256,DS003,2026-07-09,8.7,R_DS003_107,11.0,60.46791348333333,89.61564075000001,365.0,0.11583891471902936,1.264367816091954
SH00006257,DS003,2026-07-09,9.0,R_DS003_110,8.0,45.78943885,68.59625701666667,270.0,0.08479525712962964,0.8888888888888888
SH00006258,DS003,2026-07-09,9.0,R_DS003_112,2.0,14.160899183333333,23.085899183333332,70.0,0.02622388737654321,0.2222222222222222
SH00006259,DS003,2026-07-09,9.0,R_DS003_113,8.0,52.16574299999999,80.16801571666667,270.0,0.09660322777777776,0.8888888888888888
SH00006260,DS003,2026-07-09,9.0,R_DS003_114,29.0,177.13779085000002,273.70369988333334,1000.0,0.32803294601851857,3.2222222222222223
SH00006261,DS003,2026-07-09,9.0,R_DS003_115,2.0,11.4445145,17.6695145,70.0,0.02119354537037037,0.2222222222222222
SH00006262,DS003,2026-07-09,9.0,R_DS003_117,28.0,177.01289835000003,269.8765347,960.0,0.3278016636111112,3.111111111111111
SH00006263,DS003,2026-07-09,0.0,,0.0,0.0,0.0,0.0,0.0,0.0
SH00006264,DS003,2026-07-09,9.0,R_DS003_119,8.0,47.68819226666667,70.37228315,270.0,0.08831146716049383,0.8888888888888888
SH00006265,DS003,2026-07-09,0.0,,0.0,0.0,0.0,0.0,0.0,0.0
SH00006266,DS003,2026-07-09,9.0,R_DS003_121,2.0,15.23367365,23.13367365,70.0,0.02821050675925926,0.2222222222222222
SH00006267,DS003,2026-07-09,9.0,R_DS003_122,7.0,54.712156699999994,82.44852033333333,235.0,0.10131880870370369,0.7777777777777778
SH00006268,DS003,2026-07-09,9.0,R_DS003_124,3.0,17.52146565,26.296465650000002,105.0,0.03244715861111111,0.3333333333333333
SH00006269,DS003,2026-07-09,9.0,R_DS003_125,8.0,41.012051400000004,61.302960500000005,270.0,0.07594824333333335,0.8888888888888888
SH00006270,DS003,2026-07-09,9.0,R_DS003_126,29.0,174.28071956666668,264.50571958333336,990.0,0.322742073271605,3.2222222222222223
SH00006271,DS003,2026-07-09,8.55,,0.0,0.0,0.0,0.0,0.0,0.0
SH00006272,DS003,2026-07-09,9.0,R_DS003_128,5.0,29.7630701,46.228979216666666,170.0,0.05511679648148148,0.5555555555555556
SH00006273,DS003,2026-07-09,0.0,,0.0,0.0,0.0,0.0,0.0,0.0
SH00006274,DS003,2026-07-09,9.0,R_DS003_131,4.0,19.82847208333333,29.95347208333333,140.0,0.036719392746913576,0.4444444444444444
SH00006275,DS003,2026-07-09,9.0,R_DS003_132,29.0,180.62936221666664,270.7111803666666,990.0,0.334498818919753,3.2222222222222223
SH00006276,DS003,2026-07-09,9.0,R_DS003_134,4.0,23.033963016666668,35.12259938333334,140.0,0.04265548706790124,0.4444444444444444
SH00006277,DS003,2026-07-09,9.0,R_DS003_135,26.0,176.53230491666662,273.44594133333334,890.0,0.32691167577160485,2.888888888888889
SH00006278,DS003,2026-07-09,9.0,R_DS003_136,2.0,13.207769516666666,20.582769516666666,70.0,0.024458832438271603,0.2222222222222222
SH00006279,DS003,2026-07-09,9.0,R_DS003_138,28.0,183.72027944999996,279.6520976833333,960.0,0.34022273972222217,3.111111111111111
SH00006280,DS003,2026-07-09,9.0,R_DS003_139,2.0,10.718958433333334,17.64395843333333,70.0,0.01984992302469136,0.2222222222222222
SH00006281,DS003,2026-07-09,9.0,R_DS003_140,4.0,20.972008483333333,31.44473573333333,140.0,0.038837052746913577,0.4444444444444444
SH00006282,DS003,2026-07-09,9.0,R_DS003_141,29.0,175.1516803166666,260.2425893833333,995.0,0.3243549635493826,3.2222222222222223
SH00006283,DS003,2026-07-09,9.0,R_DS003_142,2.0,12.170680433333334,18.245680433333334,70.0,0.022538297098765436,0.2222222222222222
SH00006284,DS003,2026-07-09,9.0,R_DS003_145,2.0,19.522231233333333,29.62223123333333,70.0,0.036152280061728395,0.2222222222222222
SH00006315,DS004,2026-07-09,0.0,,0.0,0.0,0.0,0.0,0.0,0.0
SH00006316,DS004,2026-07-09,9.0,R_DS004_002,40.0,256.34956589999996,396.3200204333333,1245.0,0.47472141833333326,4.444444444444445
SH00006317,DS004,2026-07-09,9.0,R_DS004_003,45.0,258.12586211666667,392.45768029999994,1465.0,0.47801085577160496,5.0
SH00006318,DS004,2026-07-09,9.0,R_DS004_005,41.0,260.1284162666667,397.86932535000005,1275.0,0.48171928938271613,4.555555555555555
SH00006319,DS004,2026-07-09,9.0,R_DS004_006,42.0,264.22372189999993,407.2876829499999,1365.0,0.4893031887037036,4.666666666666667
SH00006320,DS004,2026-07-09,9.0,R_DS004_007,31.0,208.5483212166667,319.75059398333326,940.0,0.38620059484567903,3.4444444444444446
SH00006321,DS004,2026-07-09,9.0,R_DS004_009,39.0,276.75664418333326,431.02482595000015,1270.0,0.5125123040432098,4.333333333333333
SH00006322,DS004,2026-07-09,0.0,,0.0,0.0,0.0,0.0,0.0,0.0
SH00006323,DS004,2026-07-09,9.0,R_DS004_012,42.0,265.2692069166667,404.3279731666666,1365.0,0.4912392720679013,4.666666666666667
SH00006324,DS004,2026-07-09,9.0,R_DS004_013,30.0,205.11876893333334,311.5937689333333,910.0,0.37984957209876546,3.3333333333333335
SH00006325,DS004,2026-07-09,9.0,R_DS004_014,37.0,272.1511123833334,423.20793051666664,1155.0,0.5039835414506174,4.111111111111111
SH00006326,DS004,2026-07-09,9.0,R_DS004_015,40.0,267.17536981666666,404.2364088166666,1300.0,0.4947692033641975,4.444444444444445
SH00006327,DS004,2026-07-09,9.0,R_DS004_017,37.0,264.2031865999999,399.4281866333333,1150.0,0.4892651603703702,4.111111111111111
SH00006328,DS004,2026-07-09,9.0,R_DS004_020,39.0,259.0715145333333,398.55106001666667,1215.0,0.4797620639506172,4.333333333333333
SH00006329,DS004,2026-07-09,9.0,R_DS004_021,40.0,246.5048616833334,381.2876538333332,1310.0,0.4564904845987655,4.444444444444445
SH00006330,DS004,2026-07-09,9.0,R_DS004_022,28.0,177.94161976666666,270.75071059999993,850.0,0.3295215180864197,3.111111111111111
SH00006331,DS004,2026-07-09,9.0,R_DS004_023,39.0,251.36766900000003,387.77903261666665,1215.0,0.4654956833333334,4.333333333333333
SH00006332,DS004,2026-07-09,8.35,R_DS004_024,35.0,235.64958589999998,362.8378975666667,1145.0,0.4703584548902195,4.1916167664670665
SH00006333,DS004,2026-07-09,9.0,R_DS004_027,39.0,231.13478141666667,355.51887228333334,1275.0,0.42802737299382715,4.333333333333333
SH00006334,DS004,2026-07-09,9.0,R_DS004_028,22.0,143.6679966,227.10663295000003,670.0,0.26605184555555556,2.4444444444444446
SH00006335,DS004,2026-07-09,9.0,R_DS004_029,39.0,249.2386273833333,386.8159000999999,1215.0,0.46155301367283946,4.333333333333333
SH00006336,DS004,2026-07-09,9.0,R_DS004_030,36.0,229.24821765000002,349.4391267833332,1185.0,0.4245337363888889,4.0
SH00006337,DS004,2026-07-09,9.0,R_DS004_031,19.0,133.15771675000002,209.28271673333333,575.0,0.24658836435185189,2.111111111111111
SH00006338,DS004,2026-07-09,9.0,R_DS004_033,36.0,218.49734343333336,330.22786291666665,1190.0,0.40462471006172845,4.0
SH00006339,DS004,2026-07-09,8.266666666666667,R_DS004_034,15.0,99.79405021666668,151.4940502,455.0,0.20119768188844087,1.8145161290322578
SH00006340,DS004,2026-07-09,9.0,R_DS004_035,38.0,245.89526159999997,375.4134434,1190.0,0.4553615955555555,4.222222222222222
SH00006341,DS004,2026-07-09,9.0,R_DS004_036,33.0,223.97973363333332,345.54596745000003,1090.0,0.41477728450617285,3.6666666666666665
SH00006342,DS004,2026-07-09,9.0,R_DS004_037,12.0,87.18249393333332,138.54840301666667,370.0,0.16144906283950614,1.3333333333333333
SH00006343,DS004,2026-07-09,9.0,R_DS004_038,37.0,226.34292975000005,348.02702064999994,1160.0,0.4191535736111112,4.111111111111111
SH00006344,DS004,2026-07-09,8.2,R_DS004_040,10.0,58.6094293,90.186702,310.0,0.11912485630081303,1.2195121951219514
SH00006345,DS004,2026-07-09,8.1,R_DS004_041,34.0,216.41622338333337,331.6571324166666,1075.0,0.44530087115912215,4.197530864197531
SH00006346,DS004,2026-07-09,9.0,R_DS004_042,30.0,208.53855146666672,324.57718778333333,990.0,0.3861825027160495,3.3333333333333335
SH00006347,DS004,2026-07-09,0.0,,0.0,0.0,0.0,0.0,0.0,0.0
SH00006348,DS004,2026-07-09,9.0,R_DS004_044,34.0,222.02468054999997,345.8360441666667,1065.0,0.4111568158333333,3.7777777777777777
SH00006349,DS004,2026-07-09,9.0,R_DS004_045,32.0,200.43285491666668,305.9987640333334,1070.0,0.37117195354938276,3.5555555555555554
SH00006350,DS004,2026-07-09,9.0,R_DS004_047,34.0,198.9706763833333,296.3752218166667,1065.0,0.36846421552469133,3.7777777777777777
SH00006351,DS004,2026-07-09,9.0,R_DS004_048,28.0,192.5522266333333,300.89995393333334,935.0,0.35657819746913577,3.111111111111111
SH00006352,DS004,2026-07-09,0.0,,0.0,0.0,0.0,0.0,0.0,0.0
SH00006353,DS004,2026-07-09,9.0,R_DS004_051,30.0,194.2076894666667,296.8690531166667,1000.0,0.3596438693827161,3.3333333333333335
SH00006354,DS004,2026-07-09,9.0,R_DS004_054,30.0,184.9884000166667,285.1338545833334,1005.0,0.34257111114197536,3.3333333333333335
SH00006355,DS004,2026-07-09,9.0,R_DS004_055,9.0,62.21572011666667,98.66799283333333,280.0,0.11521429651234567,1.0
SH00006356,DS004,2026-07-09,9.0,R_DS004_056,30.0,207.14635733333336,318.0713572833333,950.0,0.3836043654320988,3.3333333333333335
SH00006357,DS004,2026-07-09,9.0,R_DS004_057,30.0,176.0968317,268.14228633333335,1000.0,0.3261052438888889,3.3333333333333335
SH00006358,DS004,2026-07-09,8.366666666666667,R_DS004_058,7.0,36.30903546666667,54.4931264,210.0,0.07232875590969456,0.8366533864541832
SH00006359,DS004,2026-07-09,0.0,,0.0,0.0,0.0,0.0,0.0,0.0
SH00006360,DS004,2026-07-09,9.0,R_DS004_062,28.0,195.15256218333332,303.39801669999997,880.0,0.3613936336728395,3.111111111111111
SH00006361,DS004,2026-07-09,9.0,R_DS004_063,28.0,190.71833983333335,294.42288528333336,935.0,0.35318211080246914,3.111111111111111
SH00006362,DS004,2026-07-09,9.0,R_DS004_064,6.0,48.41693863333334,73.8783023,185.0,0.0896609974691358,0.6666666666666666
SH00006363,DS004,2026-07-09,9.0,R_DS004_065,24.0,162.16932906666662,250.69660178333334,760.0,0.3003135723456789,2.6666666666666665
SH00006364,DS004,2026-07-09,9.0,R_DS004_066,27.0,194.52069656666663,294.6252420666666,900.0,0.36022351216049375,3.0
SH00006365,DS004,2026-07-09,9.0,R_DS004_068,21.0,154.6829079833333,238.83290793333336,665.0,0.28644982959876536,2.3333333333333335
SH00006366,DS004,2026-07-09,8.316666666666666,R_DS004_069,27.0,175.39617055000005,269.89617053333336,905.0,0.35149533176352715,3.246492985971944
SH00006367,DS004,2026-07-09,9.0,R_DS004_071,25.0,142.9781251833333,218.0667615333333,795.0,0.2647743058950617,2.7777777777777777
SH00006368,DS004,2026-07-09,9.0,R_DS004_072,29.0,183.85135996666665,276.9399963333333,975.0,0.3404654814197531,3.2222222222222223
SH00006369,DS004,2026-07-09,8.5,R_DS004_073,5.0,30.044907966666663,47.144907933333336,150.0,0.058911584248366004,0.5882352941176471
SH00006370,DS004,2026-07-09,9.0,R_DS004_075,25.0,172.9933550666667,263.3819914333333,840.0,0.3203580649382717,2.7777777777777777
SH00006371,DS004,2026-07-09,9.0,R_DS004_076,5.0,29.231571250000002,44.442934900000004,160.0,0.054132539351851854,0.5555555555555556
SH00006372,DS004,2026-07-09,9.0,R_DS004_077,21.0,134.8911509,208.11842360000003,675.0,0.24979842759259263,2.3333333333333335
SH00006373,DS004,2026-07-09,9.0,R_DS004_079,5.0,27.352338033333336,38.31370166666667,160.0,0.050652477839506174,0.5555555555555556
SH00006374,DS004,2026-07-09,0.0,,0.0,0.0,0.0,0.0,0.0,0.0
SH00006375,DS004,2026-07-09,9.0,R_DS004_082,3.0,21.09849356666667,34.85303901666666,95.0,0.03907128438271605,0.3333333333333333
SH00006376,DS004,2026-07-09,9.0,R_DS004_084,24.0,166.53492776666664,255.2872005166667,815.0,0.308398014382716,2.6666666666666665
SH00006377,DS004,2026-07-09,9.0,R_DS004_085,4.0,22.679324566666665,38.70432456666666,125.0,0.04199874919753086,0.4444444444444444
SH00006378,DS004,2026-07-09,9.0,R_DS004_086,22.0,137.67350108333335,207.5666828833333,705.0,0.2549509279320988,2.4444444444444446
SH00006379,DS004,2026-07-09,9.0,R_DS004_087,23.0,161.25413486666667,240.37231666666665,780.0,0.29861876827160494,2.5555555555555554
SH00006380,DS004,2026-07-09,8.466666666666667,R_DS004_089,19.0,124.88855844999999,191.95901298333334,610.0,0.24584361899606297,2.2440944881889764
SH00006381,DS004,2026-07-09,9.0,R_DS004_090,22.0,159.51772303333334,243.11545033333334,745.0,0.29540319080246913,2.4444444444444446
SH00006382,DS004,2026-07-09,9.0,R_DS004_091,3.0,21.329065083333333,33.338156,100.0,0.0394982686728395,0.3333333333333333
SH00006383,DS004,2026-07-09,9.0,R_DS004_092,19.0,113.37878394999997,175.00832936666671,615.0,0.20996071101851846,2.111111111111111
SH00006384,DS004,2026-07-09,9.0,R_DS004_093,22.0,143.64080308333337,224.10898491666666,750.0,0.2660014871913581,2.4444444444444446
SH00006385,DS004,2026-07-09,9.0,R_DS004_094,3.0,15.857472099999999,23.041562999999996,100.0,0.029365689074074074,0.3333333333333333
SH00006386,DS004,2026-07-09,0.0,,0.0,0.0,0.0,0.0,0.0,0.0
SH00006387,DS004,2026-07-09,9.0,R_DS004_099,22.0,139.42102263333334,221.52556808333335,755.0,0.25818707895061727,2.4444444444444446
SH00006388,DS004,2026-07-09,9.0,R_DS004_100,3.0,24.223889816666667,37.74434435,100.0,0.04485905521604938,0.3333333333333333
SH00006389,DS004,2026-07-09,9.0,R_DS004_101,17.0,107.60238163333332,165.30465438333334,560.0,0.199263669691358,1.8888888888888888
SH00006390,DS004,2026-07-09,9.0,R_DS004_103,3.0,20.477184649999998,30.647639200000004,100.0,0.03792071231481481,0.3333333333333333
SH00006391,DS004,2026-07-09,9.0,R_DS004_104,18.0,97.06067533333335,147.13340265,590.0,0.1797419913580247,2.0
SH00006392,DS004,2026-07-09,9.0,R_DS004_106,1.0,9.688879833333335,17.088879833333333,35.0,0.0179423700617284,0.1111111111111111
SH00006393,DS004,2026-07-09,9.0,R_DS004_107,14.0,106.51933770000002,167.8829740666667,455.0,0.19725803277777781,1.5555555555555556
SH00006394,DS004,2026-07-09,9.0,R_DS004_108,21.0,135.0183052,210.9251234,725.0,0.2500338985185185,2.3333333333333335
SH00006395,DS004,2026-07-09,9.0,R_DS004_111,20.0,128.55752395000002,202.7257057333333,690.0,0.23806948879629633,2.2222222222222223
SH00006396,DS004,2026-07-09,8.516666666666667,,0.0,0.0,0.0,0.0,0.0,0.0
SH00006397,DS004,2026-07-09,9.0,R_DS004_113,13.0,88.80861576666666,137.46997936666668,425.0,0.16446039956790123,1.4444444444444444
SH00006398,DS004,2026-07-09,9.0,R_DS004_114,21.0,135.45041786666667,205.17996334999998,725.0,0.2508341071604938,2.3333333333333335
SH00006399,DS004,2026-07-09,9.0,R_DS004_115,1.0,8.9138091,13.938809099999999,35.0,0.01650705388888889,0.1111111111111111
SH00006400,DS004,2026-07-09,9.0,R_DS004_117,20.0,138.57745471666664,211.94790929999996,690.0,0.25662491614197525,2.2222222222222223
SH00006401,DS004,2026-07-09,9.0,R_DS004_118,1.0,10.759018666666666,15.784018666666666,35.0,0.01992410864197531,0.1111111111111111
SH00006402,DS004,2026-07-09,9.0,R_DS004_119,12.0,77.96148868333334,119.56603415000001,395.0,0.14437312719135803,1.3333333333333333
SH00006403,DS004,2026-07-09,9.0,R_DS004_120,19.0,131.52581725,197.12354451666664,655.0,0.24356632824074073,2.111111111111111
SH00006404,DS004,2026-07-09,9.0,R_DS004_121,2.0,10.844201916666666,16.419201916666665,70.0,0.020081855401234566,0.2222222222222222
SH00006405,DS004,2026-07-09,9.0,R_DS004_122,14.0,91.02570711666668,137.06888893333334,460.0,0.1685661242901235,1.5555555555555556
SH00006406,DS004,2026-07-09,9.0,R_DS004_124,2.0,13.3106629,21.6356629,70.0,0.02464937574074074,0.2222222222222222
SH00006407,DS004,2026-07-09,9.0,R_DS004_125,13.0,74.49189875,113.539626,425.0,0.13794796064814815,1.4444444444444444
SH00006408,DS004,2026-07-09,9.0,R_DS004_126,19.0,122.75075908333336,195.01666816666668,660.0,0.22731622052469141,2.111111111111111
SH00006409,DS004,2026-07-09,9.0,R_DS004_127,1.0,7.497560316666666,12.397560316666667,35.0,0.013884370956790123,0.1111111111111111
SH00006410,DS004,2026-07-09,9.0,R_DS004_128,11.0,62.3445383,95.56272011666667,365.0,0.11545284870370372,1.2222222222222223
SH00006411,DS004,2026-07-09,9.0,R_DS004_129,18.0,125.61902380000001,193.7735692166667,625.0,0.23262782185185188,2.0
SH00006412,DS004,2026-07-09,9.0,R_DS004_131,8.0,55.93055486666667,86.87828215,270.0,0.10357510160493827,0.8888888888888888
SH00006413,DS004,2026-07-09,9.0,R_DS004_132,17.0,112.97249238333332,172.4338560333333,590.0,0.20920831922839503,1.8888888888888888
SH00006414,DS004,2026-07-09,9.0,R_DS004_133,1.0,10.678124666666667,15.578124666666668,35.0,0.019774304938271606,0.1111111111111111
SH00006415,DS004,2026-07-09,9.0,R_DS004_134,7.0,56.903622433333325,87.07407698333333,235.0,0.1053770785802469,0.7777777777777778
SH00006416,DS004,2026-07-09,9.0,R_DS004_135,17.0,102.18827618333333,159.44054896666665,595.0,0.1892375484876543,1.8888888888888888
SH00006417,DS004,2026-07-09,0.0,,0.0,0.0,0.0,0.0,0.0,0.0
SH00006418,DS004,2026-07-09,9.0,R_DS004_139,1.0,8.857668416666666,14.807668416666667,35.0,0.016403089660493825,0.1111111111111111
SH00006419,DS004,2026-07-09,9.0,R_DS004_140,6.0,41.70776481666667,63.28731028333333,205.0,0.07723660151234568,0.6666666666666666
SH00006420,DS004,2026-07-09,9.0,R_DS004_142,2.0,12.894067416666667,21.269067416666665,70.0,0.023877902623456793,0.2222222222222222
SH00006421,DS004,2026-07-09,0.0,,0.0,0.0,0.0,0.0,0.0,0.0
SH00006422,DS004,2026-07-09,9.0,R_DS004_145,1.0,9.110773833333333,14.185773833333334,35.0,0.016871803395061728,0.1111111111111111
SH00006423,DS004,2026-07-09,8.816666666666666,R_DS004_146,6.0,35.77281373333333,52.934177383333335,205.0,0.06762346641461878,0.6805293005671078
SH00006424,DS004,2026-07-09,9.0,R_DS004_147,17.0,116.63613771666667,177.38613773333333,595.0,0.2159928476234568,1.8888888888888888
SH00006425,DS004,2026-07-09,8.516666666666667,,0.0,0.0,0.0,0.0,0.0,0.0
SH00006426,DS004,2026-07-09,0.0,,0.0,0.0,0.0,0.0,0.0,0.0
SH00006427,DS004,2026-07-09,9.0,R_DS004_150,16.0,105.37831593333335,165.88286136666667,560.0,0.19514502950617288,1.7777777777777777
SH00006428,DS004,2026-07-09,9.0,R_DS004_152,5.0,42.435825400000006,66.26537086666667,170.0,0.07858486185185186,0.5555555555555556
SH00006429,DS004,2026-07-09,9.0,R_DS004_153,15.0,109.37352831666665,166.25761920000002,525.0,0.2025435709567901,1.6666666666666667
SH00006430,DS004,2026-07-09,9.0,R_DS004_154,2.0,12.455319150000001,19.630319150000002,70.0,0.023065405833333337,0.2222222222222222
SH00006431,DS004,2026-07-09,9.0,R_DS004_155,5.0,32.92226068333333,49.75635163333333,170.0,0.06096714941358024,0.5555555555555556
SH00006432,DS004,2026-07-09,8.383333333333333,R_DS004_156,15.0,105.97325161666666,160.32097888333334,525.0,0.21068240878064942,1.7892644135188869
SH00006433,DS004,2026-07-09,9.0,R_DS004_157,2.0,14.331193083333334,22.881193083333333,70.0,0.026539246450617286,0.2222222222222222
SH00006434,DS004,2026-07-09,9.0,R_DS004_159,17.0,109.68172126666667,165.5430849166667,595.0,0.2031142986419753,1.8888888888888888
SH00006435,DS004,2026-07-09,9.0,R_DS004_160,2.0,13.594040383333333,21.119040383333335,70.0,0.02517414885802469,0.2222222222222222
SH00006462,DS005,2026-07-09,9.0,R_DS005_001,32.0,166.48681081666666,245.95271985000002,960.0,0.3083089089197531,3.5555555555555554
SH00006463,DS005,2026-07-09,9.0,R_DS005_002,45.0,253.03685881666672,372.9004951999999,1395.0,0.46858677558641987,5.0
SH00006464,DS005,2026-07-09,0.0,,0.0,0.0,0.0,0.0,0.0,0.0
SH00006465,DS005,2026-07-09,9.0,R_DS005_005,45.0,238.86091198333332,361.9768210500001,1405.0,0.442335022191358,5.0
SH00006466,DS005,2026-07-09,0.0,,0.0,0.0,0.0,0.0,0.0,0.0
SH00006467,DS005,2026-07-09,8.766666666666667,R_DS005_007,25.0,145.23692328333334,216.93010508333333,750.0,0.2761158237325729,2.8517110266159693
SH00006468,DS005,2026-07-09,9.0,R_DS005_008,42.0,226.58085778333327,341.94449411666676,1305.0,0.4195941810802468,4.666666666666667
SH00006469,DS005,2026-07-09,8.733333333333333,R_DS005_009,48.0,260.08737645,389.42146736666666,1570.0,0.49634995505725193,5.4961832061068705
SH00006470,DS005,2026-07-09,9.0,R_DS005_010,25.0,134.1818781166667,199.00233261666665,750.0,0.2484849594753087,2.7777777777777777
SH00006471,DS005,2026-07-09,9.0,R_DS005_013,23.0,128.8253899,188.16402625,690.0,0.23856553685185186,2.5555555555555554
SH00006472,DS005,2026-07-09,9.0,R_DS005_014,42.0,230.79693266666672,346.0378416666666,1310.0,0.4274017271604939,4.666666666666667
SH00006473,DS005,2026-07-09,9.0,R_DS005_015,47.0,256.07954770000003,375.4834438166667,1530.0,0.4742213846296297,5.222222222222222
SH00006474,DS005,2026-07-09,8.566666666666666,R_DS005_016,17.0,92.62866024999998,141.61729663333335,510.0,0.1802114012645914,1.9844357976653697
SH00006475,DS005,2026-07-09,9.0,R_DS005_017,41.0,231.831026,342.7764804833333,1280.0,0.4293167148148148,4.555555555555555
SH00006476,DS005,2026-07-09,9.0,R_DS005_019,9.0,47.2498751,69.7907842,270.0,0.0874997687037037,1.0
SH00006477,DS005,2026-07-09,9.0,R_DS005_020,40.0,204.48466283333337,304.89602643333336,1255.0,0.37867530154320994,4.444444444444445
SH00006478,DS005,2026-07-09,0.0,,0.0,0.0,0.0,0.0,0.0,0.0
SH00006479,DS005,2026-07-09,0.0,,0.0,0.0,0.0,0.0,0.0,0.0
SH00006480,DS005,2026-07-09,9.0,R_DS005_024,44.0,233.13439424999996,344.27855006666664,1450.0,0.4317303597222221,4.888888888888889
SH00006481,DS005,2026-07-09,9.0,R_DS005_027,39.0,216.67170684999994,322.4090445,1295.0,0.40124390157407397,4.333333333333333
SH00006482,DS005,2026-07-09,9.0,R_DS005_028,7.0,33.92284455,49.693299083333336,210.0,0.0628200825,0.7777777777777778
SH00006483,DS005,2026-07-09,0.0,,0.0,0.0,0.0,0.0,0.0,0.0
SH00006484,DS005,2026-07-09,8.733333333333333,R_DS005_031,5.0,23.613158283333334,34.65861281666667,150.0,0.04506327916666667,0.5725190839694657
SH00006485,DS005,2026-07-09,0.0,,0.0,0.0,0.0,0.0,0.0,0.0
SH00006486,DS005,2026-07-09,9.0,R_DS005_036,37.0,209.73322285000003,313.08127476666675,1225.0,0.3883948571296297,4.111111111111111
SH00006487,DS005,2026-07-09,9.0,R_DS005_037,5.0,22.2111615,32.23388876666667,150.0,0.04113178055555555,0.5555555555555556
SH00006488,DS005,2026-07-09,9.0,R_DS005_038,33.0,176.39276218333336,263.95867126666667,1035.0,0.3266532633024692,3.6666666666666665
SH00006489,DS005,2026-07-09,9.0,R_DS005_040,4.0,24.340651349999998,34.62928771666667,120.0,0.045075280277777775,0.4444444444444444
SH00006490,DS005,2026-07-09,8.25,R_DS005_041,31.0,164.35088583333336,243.87815858333332,985.0,0.3320219915824916,3.757575757575758
SH00006491,DS005,2026-07-09,9.0,R_DS005_042,36.0,206.78954574999997,313.5622730666667,1200.0,0.38294360324074067,4.0
SH00006492,DS005,2026-07-09,9.0,R_DS005_043,2.0,10.973092966666666,16.7003657,60.0,0.020320542530864197,0.2222222222222222
SH00006493,DS005,2026-07-09,9.0,R_DS005_044,27.0,151.77724406666664,224.5136077166667,860.0,0.2810689704938271,3.0
SH00006494,DS005,2026-07-09,9.0,R_DS005_045,38.0,195.39944045000007,285.1539859333334,1260.0,0.3618508156481483,4.222222222222222
SH00006495,DS005,2026-07-09,9.0,R_DS005_047,25.0,133.76227086666668,201.97817993333334,790.0,0.2477079090123457,2.7777777777777777
SH00006496,DS005,2026-07-09,9.0,R_DS005_048,35.0,195.80267918333328,295.10949740000007,1160.0,0.36259755404320976,3.888888888888889
SH00006497,DS005,2026-07-09,9.0,R_DS005_049,1.0,7.9428054333333336,11.706441783333334,30.0,0.014708898950617284,0.1111111111111111
SH00006498,DS005,2026-07-09,9.0,R_DS005_050,25.0,141.92771861666665,212.2095368166667,790.0,0.2628291085493827,2.7777777777777777
SH00006499,DS005,2026-07-09,9.0,R_DS005_051,36.0,191.51377761666663,285.3387776666667,1195.0,0.35465514373456786,4.0
SH00006500,DS005,2026-07-09,9.0,R_DS005_052,1.0,5.864740533333333,8.9533769,30.0,0.010860630617283951,0.1111111111111111
SH00006501,DS005,2026-07-09,9.0,R_DS005_054,36.0,183.65968951666665,276.1142350833333,1210.0,0.3401105361419753,4.0
SH00006502,DS005,2026-07-09,9.0,R_DS005_055,1.0,6.6050444,9.877771683333332,30.0,0.012231563703703704,0.1111111111111111
SH00006503,DS005,2026-07-09,9.0,R_DS005_056,21.0,114.96183280000001,172.0913782166667,675.0,0.21289228296296298,2.3333333333333335
SH00006504,DS005,2026-07-09,9.0,R_DS005_058,1.0,5.750118933333334,8.756937116666668,30.0,0.01064836839506173,0.1111111111111111
SH00006505,DS005,2026-07-09,8.683333333333334,R_DS005_059,19.0,114.15992988333333,164.68265715,605.0,0.21911694795265516,2.1880998080614202
SH00006506,DS005,2026-07-09,9.0,R_DS005_061,1.0,7.0286343833333325,10.38317985,30.0,0.01301598959876543,0.1111111111111111
SH00006507,DS005,2026-07-09,9.0,R_DS005_063,33.0,185.41975560000006,268.0152101833334,1110.0,0.34336991777777787,3.6666666666666665
SH00006508,DS005,2026-07-09,9.0,R_DS005_064,1.0,6.783311566666667,10.056038833333334,30.0,0.012561688086419753,0.1111111111111111
SH00006509,DS005,2026-07-09,0.0,,0.0,0.0,0.0,0.0,0.0,0.0
SH00006510,DS005,2026-07-09,9.0,R_DS005_066,31.0,167.40492085000002,249.77537533333333,1045.0,0.3100091126851852,3.4444444444444446
SH00006511,DS005,2026-07-09,9.0,R_DS005_068,18.0,93.47782285,135.40964103333334,585.0,0.17310707935185185,2.0
SH00006512,DS005,2026-07-09,9.0,R_DS005_070,1.0,4.6461208166666665,6.28248445,30.0,0.008603927438271606,0.1111111111111111
SH00006513,DS005,2026-07-09,0.0,,0.0,0.0,0.0,0.0,0.0,0.0
SH00006514,DS005,2026-07-09,9.0,R_DS005_072,29.0,166.25293365000002,245.22793370000002,975.0,0.30787580305555556,3.2222222222222223
SH00006515,DS005,2026-07-09,9.0,,0.0,0.0,0.0,0.0,0.0,0.0
SH00006516,DS005,2026-07-09,9.0,R_DS005_075,30.0,151.3299081333333,228.23899906666668,1025.0,0.2802405706172839,3.3333333333333335
SH00006517,DS005,2026-07-09,9.0,R_DS005_077,14.0,78.12264768333333,115.59537493333335,455.0,0.1446715697839506,1.5555555555555556
SH00006518,DS005,2026-07-09,9.0,R_DS005_078,30.0,149.14399324999997,220.77581141666664,1025.0,0.2761925800925925,3.3333333333333335
SH00006519,DS005,2026-07-09,9.0,,0.0,0.0,0.0,0.0,0.0,0.0
SH00006520,DS005,2026-07-09,9.0,R_DS005_080,14.0,73.77698901666666,109.22471628333335,460.0,0.1366240537345679,1.5555555555555556
SH00006521,DS005,2026-07-09,9.0,,0.0,0.0,0.0,0.0,0.0,0.0
SH00006522,DS005,2026-07-09,9.0,R_DS005_083,10.0,63.36539693333333,91.16312423333333,335.0,0.11734332765432098,1.1111111111111112
SH00006523,DS005,2026-07-09,9.0,,0.0,0.0,0.0,0.0,0.0,0.0
SH00006524,DS005,2026-07-09,9.0,R_DS005_086,9.0,50.80411568333333,73.16093386666667,305.0,0.09408169570987654,1.0
SH00006525,DS005,2026-07-09,9.0,R_DS005_087,27.0,150.91110333333333,228.69973973333336,925.0,0.2794650061728395,3.0
SH00006526,DS005,2026-07-09,9.0,R_DS005_089,9.0,47.59196888333334,71.6260598,310.0,0.08813327570987654,1.0
SH00006527,DS005,2026-07-09,0.0,,0.0,0.0,0.0,0.0,0.0,0.0
SH00006528,DS005,2026-07-09,9.0,,0.0,0.0,0.0,0.0,0.0,0.0
SH00006529,DS005,2026-07-09,8.266666666666667,R_DS005_092,7.0,36.67912486666667,55.86548848333333,240.0,0.07394984852150538,0.846774193548387
SH00006530,DS005,2026-07-09,9.0,R_DS005_093,28.0,148.92585790000004,220.49631240000002,960.0,0.2757886257407408,3.111111111111111
SH00006531,DS005,2026-07-09,0.0,,0.0,0.0,0.0,0.0,0.0,0.0
SH00006532,DS005,2026-07-09,9.0,R_DS005_096,27.0,151.69025608333337,222.42207424999992,920.0,0.28090788163580255,3.0
SH00006533,DS005,2026-07-09,9.0,,0.0,0.0,0.0,0.0,0.0,0.0
SH00006534,DS005,2026-07-09,9.0,R_DS005_098,5.0,27.96717425,41.814901516666666,170.0,0.051791063425925925,0.5555555555555556
SH00006535,DS005,2026-07-09,9.0,R_DS005_099,27.0,142.16071213333333,211.68571216666666,930.0,0.2632605780246914,3.0
SH00006536,DS005,2026-07-09,9.0,,0.0,0.0,0.0,0.0,0.0,0.0
SH00006537,DS005,2026-07-09,9.0,R_DS005_101,5.0,31.635173016666666,45.85108211666667,170.0,0.0585836537345679,0.5555555555555556
SH00006538,DS005,2026-07-09,9.0,,0.0,0.0,0.0,0.0,0.0,0.0
SH00006539,DS005,2026-07-09,9.0,R_DS005_104,3.0,19.327371433333333,30.31146235,105.0,0.03579142858024691,0.3333333333333333
SH00006540,DS005,2026-07-09,9.0,R_DS005_105,27.0,147.97285656666668,218.37740198333339,930.0,0.27402380845679014,3.0
SH00006541,DS005,2026-07-09,9.0,,0.0,0.0,0.0,0.0,0.0,0.0
SH00006542,DS005,2026-07-09,9.0,R_DS005_107,3.0,16.225383766666667,24.345838299999997,105.0,0.030047006975308644,0.3333333333333333
SH00006543,DS005,2026-07-09,9.0,R_DS005_108,25.0,148.19424555,216.20560911666666,860.0,0.27443378805555557,2.7777777777777777
SH00006544,DS005,2026-07-09,9.0,R_DS005_110,2.0,14.531584700000002,22.058857433333337,70.0,0.02691034203703704,0.2222222222222222
SH00006545,DS005,2026-07-09,9.0,R_DS005_111,23.0,130.08606886666666,191.7360688833333,800.0,0.2409001275308642,2.5555555555555554
SH00006546,DS005,2026-07-09,9.0,,0.0,0.0,0.0,0.0,0.0,0.0
SH00006547,DS005,2026-07-09,9.0,R_DS005_113,2.0,11.477657616666667,18.92311216666667,70.0,0.02125492151234568,0.2222222222222222
SH00006548,DS005,2026-07-09,9.0,R_DS005_114,22.0,121.84078654999999,184.02260475,765.0,0.22563108620370367,2.4444444444444446
SH00006549,DS005,2026-07-09,8.383333333333333,R_DS005_117,21.0,115.23913316666663,174.80276953333336,730.0,0.22910364446653406,2.5049701789264414
SH00006550,DS005,2026-07-09,9.0,,0.0,0.0,0.0,0.0,0.0,0.0
SH00006551,DS005,2026-07-09,9.0,R_DS005_119,2.0,16.171968216666667,25.27424095,70.0,0.029948089290123457,0.2222222222222222
SH00006552,DS005,2026-07-09,9.0,R_DS005_120,21.0,117.45316668333332,175.5236212166667,730.0,0.21750586422839505,2.3333333333333335
SH00006553,DS005,2026-07-09,8.333333333333334,,0.0,0.0,0.0,0.0,0.0,0.0
SH00006554,DS005,2026-07-09,9.0,R_DS005_122,2.0,10.203396266666667,16.462487166666666,70.0,0.01889517827160494,0.2222222222222222
SH00006555,DS005,2026-07-09,0.0,,0.0,0.0,0.0,0.0,0.0,0.0
SH00006556,DS005,2026-07-09,9.0,R_DS005_125,1.0,5.397991200000001,8.9979912,35.0,0.009996280000000001,0.1111111111111111
SH00006557,DS005,2026-07-09,0.0,,0.0,0.0,0.0,0.0,0.0,0.0
SH00006558,DS005,2026-07-09,9.0,,0.0,0.0,0.0,0.0,0.0,0.0
SH00006559,DS005,2026-07-09,9.0,R_DS005_128,1.0,6.386372116666666,10.681826666666666,35.0,0.011826615030864197,0.1111111111111111
SH00006560,DS005,2026-07-09,9.0,R_DS005_129,19.0,109.20701848333333,164.57747300000003,665.0,0.20223521941358025,2.111111111111111
SH00006561,DS005,2026-07-09,9.0,,0.0,0.0,0.0,0.0,0.0,0.0
SH00006562,DS005,2026-07-09,9.0,,0.0,0.0,0.0,0.0,0.0,0.0
SH00006563,DS005,2026-07-09,9.0,,0.0,0.0,0.0,0.0,0.0,0.0
SH00006564,DS005,2026-07-09,9.0,R_DS005_135,21.0,110.19118576666666,164.51845848333335,735.0,0.20405775141975308,2.3333333333333335
SH00006596,DS001,2026-07-10,9.0,R_DS001_001,35.0,198.7306406833333,297.32349781666665,1050.0,0.3680197049691357,3.888888888888889
SH00006597,DS001,2026-07-10,0.0,,0.0,0.0,0.0,0.0,0.0,0.0
SH00006598,DS001,2026-07-10,9.0,R_DS001_003,47.0,285.3430708166666,427.8430708333333,1530.0,0.5284130941049382,5.222222222222222
SH00006599,DS001,2026-07-10,9.0,R_DS001_004,30.0,178.92565421666666,274.51851136666664,900.0,0.33134380410493824,3.3333333333333335
SH00006600,DS001,2026-07-10,9.0,R_DS001_006,50.0,275.7090102499999,414.8232959666667,1635.0,0.5105722412037035,5.555555555555555
SH00006601,DS001,2026-07-10,9.0,R_DS001_007,29.0,157.06699001666667,232.47413281666667,870.0,0.2908647963271605,3.2222222222222223
SH00006602,DS001,2026-07-10,8.266666666666667,R_DS001_009,44.0,252.33003393333334,379.9157481666667,1450.0,0.5087299071236558,5.32258064516129
SH00006603,DS001,2026-07-10,9.0,R_DS001_010,25.0,141.55774161666668,208.86488448333336,750.0,0.2621439659567901,2.7777777777777777
SH00006604,DS001,2026-07-10,9.0,R_DS001_011,46.0,275.09394256666667,408.8725140166666,1430.0,0.5094332269753087,5.111111111111111
SH00006605,DS001,2026-07-10,0.0,,0.0,0.0,0.0,0.0,0.0,0.0
SH00006606,DS001,2026-07-10,9.0,R_DS001_014,49.0,267.4509919333333,404.9581348833332,1535.0,0.49527961469135795,5.444444444444445
SH00006607,DS001,2026-07-10,9.0,R_DS001_015,47.0,257.44847048333327,393.41275621666665,1540.0,0.4767564268209875,5.222222222222222
SH00006608,DS001,2026-07-10,8.683333333333334,R_DS001_016,22.0,134.0081280166667,198.95812800000002,660.0,0.2572132975367883,2.533589251439539
SH00006609,DS001,2026-07-10,9.0,R_DS001_017,47.0,269.2726045,406.2011759333334,1470.0,0.4986529712962963,5.222222222222222
SH00006610,DS001,2026-07-10,9.0,R_DS001_020,45.0,268.59671615,398.47528756666674,1410.0,0.49740132620370375,5.0
SH00006611,DS001,2026-07-10,9.0,R_DS001_021,44.0,258.0657255333333,374.93715416666663,1445.0,0.477899491728395,4.888888888888889
SH00006612,DS001,2026-07-10,9.0,R_DS001_022,19.0,109.14612886666666,164.51755741666665,570.0,0.20212246086419752,2.111111111111111
SH00006613,DS001,2026-07-10,9.0,R_DS001_023,43.0,253.35121345,376.0726420500002,1350.0,0.46916891379629627,4.777777777777778
SH00006614,DS001,2026-07-10,0.0,,0.0,0.0,0.0,0.0,0.0,0.0
SH00006615,DS001,2026-07-10,9.0,R_DS001_025,14.0,74.89600173333334,112.05314458333334,420.0,0.13869629950617285,1.5555555555555556
SH00006616,DS001,2026-07-10,9.0,R_DS001_027,42.0,250.7684968,383.38992531666656,1380.0,0.4643861051851852,4.666666666666667
SH00006617,DS001,2026-07-10,9.0,R_DS001_028,12.0,76.35493561666668,114.6263642,360.0,0.14139802891975312,1.3333333333333333
SH00006618,DS001,2026-07-10,9.0,R_DS001_030,41.0,237.39526908333335,360.5238404833334,1355.0,0.4396208686728395,4.555555555555555
SH00006619,DS001,2026-07-10,9.0,R_DS001_031,9.0,56.20904184999999,85.80189901666667,270.0,0.10409081824074072,1.0
SH00006620,DS001,2026-07-10,0.0,,0.0,0.0,0.0,0.0,0.0,0.0
SH00006621,DS001,2026-07-10,9.0,R_DS001_034,9.0,55.8056842,81.09139851666666,270.0,0.10334385962962964,1.0
SH00006622,DS001,2026-07-10,8.333333333333334,R_DS001_035,40.0,230.91172591666668,348.8974402166666,1250.0,0.4618234518333333,4.8
SH00006623,DS001,2026-07-10,9.0,R_DS001_036,42.0,232.9030021166666,350.56728790000005,1395.0,0.43130185577160485,4.666666666666667
SH00006624,DS001,2026-07-10,9.0,R_DS001_037,9.0,56.8732836,88.75899788333334,270.0,0.10532089555555556,1.0
SH00006625,DS001,2026-07-10,9.0,R_DS001_038,42.0,245.2716023000001,373.2216023333333,1315.0,0.4542066709259261,4.666666666666667
SH00006626,DS001,2026-07-10,9.0,R_DS001_039,39.0,224.50723696666662,340.92866554999995,1295.0,0.4157541425308641,4.333333333333333
SH00006627,DS001,2026-07-10,9.0,R_DS001_041,39.0,241.30540993333335,364.88398134999994,1215.0,0.4468618702469136,4.333333333333333
SH00006628,DS001,2026-07-10,9.0,R_DS001_042,41.0,222.2811707,335.35974216666665,1360.0,0.41163179759259255,4.555555555555555
SH00006629,DS001,2026-07-10,0.0,,0.0,0.0,0.0,0.0,0.0,0.0
SH00006630,DS001,2026-07-10,9.0,R_DS001_044,39.0,231.2796271,355.37248423333347,1225.0,0.4282956057407407,4.333333333333333
SH00006631,DS001,2026-07-10,9.0,R_DS001_045,38.0,222.68864210000004,333.08864214999994,1265.0,0.41238637425925934,4.222222222222222
SH00006632,DS001,2026-07-10,9.0,R_DS001_046,7.0,42.517794099999996,61.160651249999994,210.0,0.07873665574074074,0.7777777777777778
SH00006633,DS001,2026-07-10,0.0,,0.0,0.0,0.0,0.0,0.0,0.0
SH00006634,DS001,2026-07-10,9.0,R_DS001_049,6.0,34.22272386666667,51.87986675,180.0,0.06337541456790124,0.6666666666666666
SH00006635,DS001,2026-07-10,8.4,R_DS001_050,38.0,214.16567415,321.8656741166667,1200.0,0.42493189315476193,4.523809523809524
SH00006636,DS001,2026-07-10,9.0,R_DS001_051,38.0,223.18771420000002,336.73771425,1265.0,0.4133105818518519,4.222222222222222
SH00006637,DS001,2026-07-10,9.0,R_DS001_052,5.0,34.67607401666666,51.904645466666665,150.0,0.06421495188271605,0.5555555555555556
SH00006638,DS001,2026-07-10,9.0,R_DS001_053,33.0,213.67536385,317.08964955,1045.0,0.3956951182407407,3.6666666666666665
SH00006639,DS001,2026-07-10,9.0,R_DS001_055,4.0,21.422426833333333,33.422426849999994,120.0,0.03967116080246914,0.4444444444444444
SH00006640,DS001,2026-07-10,9.0,R_DS001_056,32.0,210.50101205,319.12244065000004,1005.0,0.38981668898148153,3.5555555555555554
SH00006641,DS001,2026-07-10,9.0,R_DS001_057,35.0,214.15710474999997,320.93567613333346,1170.0,0.39658723101851845,3.888888888888889
SH00006642,DS001,2026-07-10,9.0,R_DS001_058,3.0,21.478751733333333,33.8216089,90.0,0.0397754661728395,0.3333333333333333
SH00006643,DS001,2026-07-10,8.433333333333334,R_DS001_059,36.0,191.34645569999998,286.38217000000003,1140.0,0.3781550507905138,4.2687747035573125
SH00006644,DS001,2026-07-10,9.0,R_DS001_062,35.0,194.90512640000006,291.2479836,1110.0,0.36093541925925937,3.888888888888889
SH00006645,DS001,2026-07-10,9.0,R_DS001_063,36.0,206.34751819999997,314.6260897166667,1210.0,0.38212503370370365,4.0
SH00006646,DS001,2026-07-10,9.0,R_DS001_064,2.0,12.267224200000001,18.97436705,60.0,0.022717081851851853,0.2222222222222222
SH00006647,DS001,2026-07-10,9.0,R_DS001_065,31.0,186.09456538333336,281.00170825,985.0,0.3446195655246914,3.4444444444444446
SH00006648,DS001,2026-07-10,9.0,R_DS001_066,36.0,206.1053224833333,311.2338938333333,1205.0,0.3816765231172839,4.0
SH00006649,DS001,2026-07-10,9.0,R_DS001_069,32.0,196.53880515000003,301.5602337333334,1080.0,0.36396075027777786,3.5555555555555554
SH00006650,DS001,2026-07-10,9.0,R_DS001_070,3.0,15.00490245,21.090616750000002,90.0,0.02778685638888889,0.3333333333333333
SH00006651,DS001,2026-07-10,9.0,R_DS001_071,31.0,194.69193606666664,286.9633645666667,985.0,0.36054062234567896,3.4444444444444446
SH00006652,DS001,2026-07-10,9.0,R_DS001_072,33.0,195.60930795000002,292.72359361666656,1120.0,0.3622394591666667,3.6666666666666665
SH00006653,DS001,2026-07-10,9.0,R_DS001_073,1.0,3.0549798,5.0692655166666665,30.0,0.00565737,0.1111111111111111
SH00006654,DS001,2026-07-10,9.0,R_DS001_074,29.0,176.5830933833333,269.8188077166667,925.0,0.32700572848765425,3.2222222222222223
SH00006655,DS001,2026-07-10,9.0,R_DS001_076,1.0,2.8064257500000003,4.2421400333333334,30.0,0.005197084722222222,0.1111111111111111
SH00006656,DS001,2026-07-10,9.0,R_DS001_077,28.0,161.60357980000003,242.98929406666667,890.0,0.2992658885185186,3.111111111111111
SH00006657,DS001,2026-07-10,9.0,R_DS001_078,31.0,190.00367620000003,287.8679619166667,1045.0,0.3518586596296297,3.4444444444444446
SH00006658,DS001,2026-07-10,9.0,R_DS001_079,1.0,10.085381100000001,14.9496668,30.0,0.01867663166666667,0.1111111111111111
SH00006659,DS001,2026-07-10,9.0,R_DS001_080,28.0,154.2224337,231.04386226666665,900.0,0.28559709944444445,3.111111111111111
SH00006660,DS001,2026-07-10,9.0,R_DS001_081,29.0,186.94091119999996,282.59805406666663,980.0,0.3461868725925925,3.2222222222222223
SH00006661,DS001,2026-07-10,0.0,,0.0,0.0,0.0,0.0,0.0,0.0
SH00006662,DS001,2026-07-10,9.0,R_DS001_084,31.0,190.3228517,288.03713741666667,1050.0,0.3524497253703704,3.4444444444444446
SH00006663,DS001,2026-07-10,9.0,R_DS001_085,1.0,4.910678183333333,7.3749639,30.0,0.009093848487654321,0.1111111111111111
SH00006664,DS001,2026-07-10,9.0,R_DS001_086,25.0,149.2945579,219.88027211666665,810.0,0.2764714035185185,2.7777777777777777
SH00006665,DS001,2026-07-10,8.783333333333333,R_DS001_087,31.0,184.59957518333337,277.47100371666676,1050.0,0.3502838238772929,3.5294117647058822
SH00006666,DS001,2026-07-10,9.0,,0.0,0.0,0.0,0.0,0.0,0.0
SH00006667,DS001,2026-07-10,9.0,R_DS001_090,31.0,183.09349471666667,275.2792089999999,1055.0,0.33906202725308643,3.4444444444444446
SH00006668,DS001,2026-07-10,9.0,,0.0,0.0,0.0,0.0,0.0,0.0
SH00006669,DS001,2026-07-10,9.0,R_DS001_092,24.0,132.63365983333335,197.84080268333332,785.0,0.24561788858024694,2.6666666666666665
SH00006670,DS001,2026-07-10,0.0,,0.0,0.0,0.0,0.0,0.0,0.0
SH00006671,DS001,2026-07-10,9.0,,0.0,0.0,0.0,0.0,0.0,0.0
SH00006672,DS001,2026-07-10,9.0,R_DS001_095,21.0,115.04293271666666,173.77864701666667,685.0,0.21304246799382714,2.3333333333333335
SH00006673,DS001,2026-07-10,9.0,R_DS001_098,21.0,116.90986011666666,178.58128868333336,685.0,0.21649974095679012,2.3333333333333335
SH00006674,DS001,2026-07-10,9.0,R_DS001_099,29.0,173.39003326666668,259.94003331666664,985.0,0.32109265419753086,3.2222222222222223
SH00006675,DS001,2026-07-10,9.0,,0.0,0.0,0.0,0.0,0.0,0.0
SH00006676,DS001,2026-07-10,9.0,R_DS001_101,19.0,114.45569801666663,171.8414122833333,620.0,0.21195499632716042,2.111111111111111
SH00006677,DS001,2026-07-10,9.0,R_DS001_102,32.0,174.05970725,263.30970723333326,1085.0,0.32233279120370373,3.5555555555555554
SH00006678,DS001,2026-07-10,0.0,,0.0,0.0,0.0,0.0,0.0,0.0
SH00006679,DS001,2026-07-10,9.0,R_DS001_105,31.0,176.84684328333333,268.2611290333333,1050.0,0.32749415422839506,3.4444444444444446
SH00006680,DS001,2026-07-10,9.0,,0.0,0.0,0.0,0.0,0.0,0.0
SH00006681,DS001,2026-07-10,9.0,R_DS001_107,20.0,109.06728943333336,159.53157516666667,665.0,0.2019764619135803,2.2222222222222223
SH00006682,DS001,2026-07-10,9.0,,0.0,0.0,0.0,0.0,0.0,0.0
SH00006683,DS001,2026-07-10,9.0,R_DS001_111,30.0,170.22010305,256.2986744666666,1025.0,0.31522241305555554,3.3333333333333335
SH00006684,DS001,2026-07-10,9.0,,0.0,0.0,0.0,0.0,0.0,0.0
SH00006685,DS001,2026-07-10,9.0,R_DS001_113,18.0,102.48538395000001,156.61395538333335,600.0,0.1897877480555556,2.0
SH00006686,DS001,2026-07-10,9.0,R_DS001_114,31.0,164.31488729999998,246.17203006666668,1055.0,0.3042868283333333,3.4444444444444446
SH00006687,DS001,2026-07-10,9.0,,0.0,0.0,0.0,0.0,0.0,0.0
SH00006688,DS001,2026-07-10,9.0,R_DS001_116,16.0,102.15745121666669,152.06459406666667,530.0,0.18918046521604942,1.7777777777777777
SH00006689,DS001,2026-07-10,9.0,,0.0,0.0,0.0,0.0,0.0,0.0
SH00006690,DS001,2026-07-10,0.0,,0.0,0.0,0.0,0.0,0.0,0.0
SH00006691,DS001,2026-07-10,9.0,,0.0,0.0,0.0,0.0,0.0,0.0
SH00006692,DS001,2026-07-10,9.0,R_DS001_122,16.0,93.86617393333333,140.3447453166667,535.0,0.17382624802469135,1.7777777777777777
SH00006693,DS001,2026-07-10,9.0,R_DS001_123,28.0,162.44056708333335,247.4691385,960.0,0.3008158649691358,3.111111111111111
SH00006694,DS001,2026-07-10,0.0,,0.0,0.0,0.0,0.0,0.0,0.0
SH00006695,DS001,2026-07-10,9.0,R_DS001_126,30.0,164.51575453333336,245.38718304999998,1025.0,0.3046588046913581,3.3333333333333335
SH00006696,DS001,2026-07-10,9.0,,0.0,0.0,0.0,0.0,0.0,0.0
SH00006697,DS001,2026-07-10,9.0,R_DS001_128,15.0,92.33751375,140.80894229999998,505.0,0.17099539583333334,1.6666666666666667
SH00006698,DS001,2026-07-10,9.0,R_DS001_129,29.0,159.97863713333334,243.8929228333333,995.0,0.2962567354320988,3.2222222222222223
SH00006699,DS001,2026-07-10,0.0,,0.0,0.0,0.0,0.0,0.0,0.0
SH00006700,DS001,2026-07-10,0.0,,0.0,0.0,0.0,0.0,0.0,0.0
SH00006701,DS001,2026-07-10,9.0,,0.0,0.0,0.0,0.0,0.0,0.0
SH00006702,DS001,2026-07-10,9.0,R_DS001_134,13.0,94.74060203333335,141.51917343333332,435.0,0.17544555932098768,1.4444444444444444
SH00006703,DS001,2026-07-10,9.0,R_DS001_135,27.0,154.52811155,237.37096871666665,925.0,0.286163169537037,3.0
SH00006704,DS001,2026-07-10,0.0,,0.0,0.0,0.0,0.0,0.0,0.0
SH00006705,DS001,2026-07-10,9.0,R_DS001_137,14.0,88.62154021666667,132.78582591666665,470.0,0.16411396336419753,1.5555555555555556
SH00006706,DS001,2026-07-10,9.0,,0.0,0.0,0.0,0.0,0.0,0.0
SH00006707,DS001,2026-07-10,9.0,R_DS001_141,29.0,162.75210835000001,242.4021083,995.0,0.30139279324074075,3.2222222222222223
SH00006708,DS001,2026-07-10,8.15,,0.0,0.0,0.0,0.0,0.0,0.0
SH00006709,DS001,2026-07-10,9.0,R_DS001_143,15.0,81.47620256666666,124.9762025166667,510.0,0.15088185660493825,1.6666666666666667
SH00006710,DS001,2026-07-10,9.0,R_DS001_144,29.0,163.23806315,241.08806318333333,990.0,0.302292709537037,3.2222222222222223
SH00006711,DS001,2026-07-10,9.0,R_DS001_146,14.0,87.83170569999999,129.29599136666667,475.0,0.16265130685185183,1.5555555555555556
SH00006712,DS001,2026-07-10,9.0,R_DS001_147,27.0,159.4652913,234.25100561666667,930.0,0.295306095,3.0
SH00006713,DS001,2026-07-10,9.0,,0.0,0.0,0.0,0.0,0.0,0.0
SH00006714,DS001,2026-07-10,9.0,R_DS001_149,14.0,86.5946581,126.06608665,480.0,0.16036047796296296,1.5555555555555556
SH00006715,DS001,2026-07-10,8.816666666666666,,0.0,0.0,0.0,0.0,0.0,0.0
SH00006716,DS001,2026-07-10,0.0,,0.0,0.0,0.0,0.0,0.0,0.0
SH00006717,DS001,2026-07-10,0.0,,0.0,0.0,0.0,0.0,0.0,0.0
SH00006718,DS001,2026-07-10,9.0,R_DS001_156,27.0,148.95056778333336,226.11485343333334,920.0,0.27583438478395067,3.0
SH00006719,DS001,2026-07-10,0.0,,0.0,0.0,0.0,0.0,0.0,0.0
SH00006720,DS001,2026-07-10,0.0,,0.0,0.0,0.0,0.0,0.0,0.0
SH00006721,DS001,2026-07-10,9.0,,0.0,0.0,0.0,0.0,0.0,0.0
SH00006722,DS001,2026-07-10,9.0,R_DS001_161,15.0,80.30427956666666,123.28999384999999,510.0,0.1487116288271605,1.6666666666666667
SH00006723,DS001,2026-07-10,9.0,R_DS001_162,27.0,155.16569808333333,232.54426955000002,925.0,0.28734388533950617,3.0
SH00006724,DS001,2026-07-10,0.0,,0.0,0.0,0.0,0.0,0.0,0.0
SH00006725,DS001,2026-07-10,9.0,R_DS001_164,16.0,83.42157136666667,120.75014279999999,545.0,0.1544843914197531,1.7777777777777777
SH00006726,DS001,2026-07-10,8.45,R_DS001_165,24.0,146.63516308333337,220.92802021666662,825.0,0.28922122896120983,2.840236686390533
SH00006756,DS002,2026-07-10,8.6,R_DS002_002,44.0,254.05015551666668,386.4572983333334,1370.0,0.492345262629199,5.116279069767442
SH00006757,DS002,2026-07-10,9.0,R_DS002_004,35.0,204.44240861666663,315.0352658000001,1050.0,0.37859705299382707,3.888888888888889
SH00006758,DS002,2026-07-10,9.0,R_DS002_006,45.0,290.09869369999996,444.1486937166666,1480.0,0.5372198031481481,5.0
SH00006759,DS002,2026-07-10,9.0,R_DS002_007,30.0,188.39668070000002,290.8252521333333,900.0,0.34888274203703706,3.3333333333333335
SH00006760,DS002,2026-07-10,0.0,,0.0,0.0,0.0,0.0,0.0,0.0
SH00006761,DS002,2026-07-10,9.0,R_DS002_009,43.0,288.47934378333326,442.5079152166666,1420.0,0.5342210070061727,4.777777777777778
SH00006762,DS002,2026-07-10,8.333333333333334,R_DS002_010,23.0,145.35528545,223.05528546666665,690.0,0.29071057089999996,2.76
SH00006763,DS002,2026-07-10,9.0,R_DS002_011,42.0,271.7983969166666,415.1555398166667,1310.0,0.5033303646604937,4.666666666666667
SH00006764,DS002,2026-07-10,9.0,R_DS002_013,23.0,153.05278011666667,238.8742087,690.0,0.2834310742901235,2.5555555555555554
SH00006765,DS002,2026-07-10,0.0,,0.0,0.0,0.0,0.0,0.0,0.0
SH00006766,DS002,2026-07-10,9.0,R_DS002_015,42.0,280.1340511666667,431.2483368166667,1385.0,0.5187667614197532,4.666666666666667
SH00006767,DS002,2026-07-10,0.0,,0.0,0.0,0.0,0.0,0.0,0.0
SH00006768,DS002,2026-07-10,9.0,R_DS002_017,44.0,260.9433659,397.2933658999999,1380.0,0.4832284553703704,4.888888888888889
SH00006769,DS002,2026-07-10,9.0,R_DS002_018,38.0,281.1661937833333,434.4447651666667,1260.0,0.5206781366358024,4.222222222222222
SH00006770,DS002,2026-07-10,0.0,,0.0,0.0,0.0,0.0,0.0,0.0
SH00006771,DS002,2026-07-10,9.0,R_DS002_021,39.0,275.0982646,423.3625502166666,1295.0,0.5094412307407408,4.333333333333333
SH00006772,DS002,2026-07-10,9.0,R_DS002_022,22.0,131.03513214999998,211.04941783333337,660.0,0.2426576521296296,2.4444444444444446
SH00006773,DS002,2026-07-10,9.0,R_DS002_024,39.0,267.48505875,407.47791596666667,1300.0,0.4953427013888889,4.333333333333333
SH00006774,DS002,2026-07-10,9.0,R_DS002_025,19.0,128.21397353333333,196.3568307,570.0,0.23743328432098765,2.111111111111111
SH00006775,DS002,2026-07-10,9.0,R_DS002_027,38.0,256.1964639,393.5321781999999,1265.0,0.47443789611111115,4.222222222222222
SH00006776,DS002,2026-07-10,8.5,R_DS002_028,12.0,85.36616023333335,128.30901736666664,360.0,0.16738462790849676,1.411764705882353
SH00006777,DS002,2026-07-10,9.0,R_DS002_029,37.0,265.7209066166667,401.25662093333335,1150.0,0.4920757529938272,4.111111111111111
SH00006778,DS002,2026-07-10,9.0,R_DS002_030,38.0,263.12555710000004,402.4969856666667,1265.0,0.48726955018518525,4.222222222222222
SH00006779,DS002,2026-07-10,9.0,R_DS002_032,40.0,255.05021265,395.3644984333333,1245.0,0.4723152086111111,4.444444444444445
SH00006780,DS002,2026-07-10,8.616666666666667,R_DS002_034,10.0,73.32978233333334,111.53692516666668,300.0,0.1418371031592521,1.1605415860735009
SH00006781,DS002,2026-07-10,9.0,R_DS002_035,36.0,246.24673291666664,374.04673291666666,1130.0,0.4560124683641975,4.0
SH00006782,DS002,2026-07-10,9.0,R_DS002_036,40.0,264.73283589999994,403.80426449999993,1335.0,0.4902459924074073,4.444444444444445
SH00006783,DS002,2026-07-10,9.0,R_DS002_038,37.0,242.49285698333335,372.22142845,1165.0,0.44906084626543213,4.111111111111111
SH00006784,DS002,2026-07-10,9.0,R_DS002_039,37.0,253.82063381666669,388.00634806666676,1240.0,0.47003821077160496,4.111111111111111
SH00006785,DS002,2026-07-10,9.0,R_DS002_041,34.0,231.15699388333334,355.9784224333334,1070.0,0.428068507191358,3.7777777777777777
SH00006786,DS002,2026-07-10,9.0,R_DS002_042,36.0,244.0383845,370.3598130666666,1205.0,0.4519229342592593,4.0
SH00006787,DS002,2026-07-10,9.0,R_DS002_043,10.0,55.921658300000004,84.63594401666666,300.0,0.1035586264814815,1.1111111111111112
SH00006788,DS002,2026-07-10,8.35,R_DS002_044,35.0,223.21460126666665,339.33602988333337,1095.0,0.4455381262807718,4.1916167664670665
SH00006789,DS002,2026-07-10,9.0,R_DS002_045,39.0,240.20764901666664,366.1219347166666,1310.0,0.4448289796604938,4.333333333333333
SH00006790,DS002,2026-07-10,9.0,R_DS002_046,9.0,61.975898666666666,95.70447010000001,270.0,0.11477018271604938,1.0
SH00006791,DS002,2026-07-10,9.0,R_DS002_049,8.0,46.61215538333333,73.67644108333334,240.0,0.08631880626543209,0.8888888888888888
SH00006792,DS002,2026-07-10,9.0,R_DS002_050,34.0,225.97286753333333,345.56572465,1070.0,0.4184682732098765,3.7777777777777777
SH00006793,DS002,2026-07-10,9.0,R_DS002_051,35.0,236.0945663333333,365.6945662999999,1175.0,0.4372121598765431,3.888888888888889
SH00006794,DS002,2026-07-10,9.0,R_DS002_052,8.0,54.37024111666666,84.58452683333334,240.0,0.10068563169753085,0.8888888888888888
SH00006795,DS002,2026-07-10,9.0,R_DS002_053,32.0,218.7155177,336.97980344999996,1015.0,0.40502873648148147,3.5555555555555554
SH00006796,DS002,2026-07-10,9.0,R_DS002_055,6.0,45.0011645,68.05830734999999,180.0,0.08333548981481481,0.6666666666666666
SH00006797,DS002,2026-07-10,9.0,R_DS002_056,32.0,215.8629131499999,330.12005601666664,1020.0,0.3997461354629628,3.5555555555555554
SH00006798,DS002,2026-07-10,9.0,R_DS002_057,37.0,234.84692561666668,359.6040684166667,1240.0,0.4349017141049383,4.111111111111111
SH00006799,DS002,2026-07-10,9.0,R_DS002_058,4.0,35.656862583333336,52.00686256666667,120.0,0.06603122700617284,0.4444444444444444
SH00006800,DS002,2026-07-10,9.0,R_DS002_059,29.0,184.12275386666664,279.8870396,925.0,0.34096806271604935,3.2222222222222223
SH00006801,DS002,2026-07-10,9.0,R_DS002_060,40.0,232.77691646666668,357.12691651666677,1350.0,0.4310683638271605,4.444444444444445
SH00006802,DS002,2026-07-10,9.0,R_DS002_062,28.0,180.8275880833333,279.2490166833334,895.0,0.3348659038580246,3.111111111111111
SH00006803,DS002,2026-07-10,9.0,R_DS002_063,37.0,245.4376799666667,376.3662513999999,1245.0,0.4545142221604939,4.111111111111111
SH00006804,DS002,2026-07-10,9.0,R_DS002_064,3.0,21.571082966666665,32.62822583333333,90.0,0.0399464499382716,0.3333333333333333
SH00006805,DS002,2026-07-10,0.0,,0.0,0.0,0.0,0.0,0.0,0.0
SH00006806,DS002,2026-07-10,9.0,R_DS002_067,2.0,9.165503333333334,15.122646183333334,60.0,0.016973154320987654,0.2222222222222222
SH00006807,DS002,2026-07-10,9.0,R_DS002_070,2.0,15.102564600000001,22.7525646,60.0,0.027967712222222225,0.2222222222222222
SH00006808,DS002,2026-07-10,8.4,R_DS002_071,28.0,169.6125007,260.0839292666667,895.0,0.336532739484127,3.333333333333333
SH00006809,DS002,2026-07-10,9.0,R_DS002_073,2.0,14.835945733333332,21.543088583333336,60.0,0.027473973580246912,0.2222222222222222
SH00006810,DS002,2026-07-10,9.0,R_DS002_074,28.0,169.76673390000002,260.68816245,900.0,0.3143828405555556,3.111111111111111
SH00006811,DS002,2026-07-10,9.0,R_DS002_076,2.0,12.5276014,19.4061728,60.0,0.023199261851851852,0.2222222222222222
SH00006812,DS002,2026-07-10,0.0,,0.0,0.0,0.0,0.0,0.0,0.0
SH00006813,DS002,2026-07-10,9.0,R_DS002_078,38.0,235.27702888333332,357.7841716500001,1270.0,0.4356982016358024,4.222222222222222
SH00006814,DS002,2026-07-10,9.0,R_DS002_079,2.0,15.622596766666668,23.829739616666668,60.0,0.028930734753086423,0.2222222222222222
SH00006815,DS002,2026-07-10,9.0,R_DS002_080,26.0,177.8879780833334,268.95940670000005,835.0,0.32942218163580256,2.888888888888889
SH00006816,DS002,2026-07-10,9.0,R_DS002_081,35.0,226.52222319999996,352.9507946500001,1180.0,0.41948559851851847,3.888888888888889
SH00006817,DS002,2026-07-10,9.0,R_DS002_083,25.0,152.17986855,235.10844,805.0,0.2818145713888889,2.7777777777777777
SH00006818,DS002,2026-07-10,0.0,,0.0,0.0,0.0,0.0,0.0,0.0
SH00006819,DS002,2026-07-10,9.0,R_DS002_085,1.0,7.439984533333333,12.582841666666667,30.0,0.013777749135802469,0.1111111111111111
SH00006820,DS002,2026-07-10,9.0,R_DS002_086,24.0,152.49241563333337,233.79241565,775.0,0.2823933622839507,2.6666666666666665
SH00006821,DS002,2026-07-10,9.0,R_DS002_087,36.0,232.14040196666664,351.3689734,1225.0,0.4298896332716049,4.0
SH00006822,DS002,2026-07-10,9.0,R_DS002_088,1.0,7.65230995,12.4094528,30.0,0.014170944351851853,0.1111111111111111
SH00006823,DS002,2026-07-10,9.0,R_DS002_090,32.0,233.84418323333333,354.7227547000001,1090.0,0.4330447837654321,3.5555555555555554
SH00006824,DS002,2026-07-10,9.0,R_DS002_091,1.0,7.3927578,11.828472083333333,30.0,0.013690292222222223,0.1111111111111111
SH00006825,DS002,2026-07-10,9.0,R_DS002_092,21.0,146.7529833666667,227.62441194999997,675.0,0.2717647840123458,2.3333333333333335
SH00006826,DS002,2026-07-10,9.0,R_DS002_093,35.0,221.86423880000004,338.3928102333333,1185.0,0.41085970148148154,3.888888888888889
SH00006827,DS002,2026-07-10,9.0,,0.0,0.0,0.0,0.0,0.0,0.0
SH00006828,DS002,2026-07-10,9.0,R_DS002_095,21.0,149.62687193333332,228.33401481666667,675.0,0.27708679987654317,2.3333333333333335
SH00006829,DS002,2026-07-10,8.35,,0.0,0.0,0.0,0.0,0.0,0.0
SH00006830,DS002,2026-07-10,0.0,,0.0,0.0,0.0,0.0,0.0,0.0
SH00006831,DS002,2026-07-10,9.0,R_DS002_099,32.0,228.52924430000004,351.25067291666676,1085.0,0.42320230425925937,3.5555555555555554
SH00006832,DS002,2026-07-10,9.0,,0.0,0.0,0.0,0.0,0.0,0.0
SH00006833,DS002,2026-07-10,8.316666666666666,R_DS002_101,20.0,121.08204823333332,192.2034768333333,655.0,0.24264939525718102,2.404809619238477
SH00006834,DS002,2026-07-10,0.0,,0.0,0.0,0.0,0.0,0.0,0.0
SH00006835,DS002,2026-07-10,9.0,R_DS002_104,18.0,109.7517513,171.3588942,590.0,0.20324398388888887,2.0
SH00006836,DS002,2026-07-10,9.0,R_DS002_105,32.0,228.0842785333333,350.29142138333333,1090.0,0.42237829358024687,3.5555555555555554
SH00006837,DS002,2026-07-10,9.0,,0.0,0.0,0.0,0.0,0.0,0.0
SH00006838,DS002,2026-07-10,9.0,R_DS002_108,35.0,220.30936758333337,340.5879390333333,1180.0,0.4079803103395062,3.888888888888889
SH00006839,DS002,2026-07-10,9.0,,0.0,0.0,0.0,0.0,0.0,0.0
SH00006840,DS002,2026-07-10,9.0,R_DS002_111,32.0,221.7382495666666,334.94539245000004,1085.0,0.41062638808641966,3.5555555555555554
SH00006841,DS002,2026-07-10,9.0,,0.0,0.0,0.0,0.0,0.0,0.0
SH00006842,DS002,2026-07-10,9.0,R_DS002_113,19.0,103.96357678333332,157.53500533333334,625.0,0.192525142191358,2.111111111111111
SH00006843,DS002,2026-07-10,9.0,R_DS002_114,33.0,217.92030206666664,336.72030208333337,1125.0,0.40355611493827154,3.6666666666666665
SH00006844,DS002,2026-07-10,0.0,,0.0,0.0,0.0,0.0,0.0,0.0
SH00006845,DS002,2026-07-10,9.0,,0.0,0.0,0.0,0.0,0.0,0.0
SH00006846,DS002,2026-07-10,9.0,R_DS002_119,15.0,114.40567090000002,173.8485280333333,495.0,0.21186235351851856,1.6666666666666667
SH00006847,DS002,2026-07-10,9.0,R_DS002_120,34.0,219.20636526666667,335.09207955000005,1155.0,0.40593771345679014,3.7777777777777777
SH00006848,DS002,2026-07-10,9.0,R_DS002_122,13.0,90.38534266666666,138.38534266666667,435.0,0.16738026419753085,1.4444444444444444
SH00006849,DS002,2026-07-10,0.0,,0.0,0.0,0.0,0.0,0.0,0.0
SH00006850,DS002,2026-07-10,9.0,R_DS002_125,14.0,97.83255178333333,146.0682660833333,470.0,0.18117139219135803,1.5555555555555556
SH00006851,DS002,2026-07-10,9.0,R_DS002_126,34.0,215.15246381666668,325.76674955,1160.0,0.39843048854938273,3.7777777777777777
SH00006852,DS002,2026-07-10,9.0,,0.0,0.0,0.0,0.0,0.0,0.0
SH00006853,DS002,2026-07-10,9.0,R_DS002_128,14.0,89.38814871666666,136.85243446666664,470.0,0.1655336087345679,1.5555555555555556
SH00006854,DS002,2026-07-10,8.266666666666667,R_DS002_129,32.0,211.71140598333332,329.1614060166667,1090.0,0.426837512063172,3.8709677419354835
SH00006855,DS002,2026-07-10,9.0,,0.0,0.0,0.0,0.0,0.0,0.0
SH00006856,DS002,2026-07-10,0.0,,0.0,0.0,0.0,0.0,0.0,0.0
SH00006857,DS002,2026-07-10,9.0,,0.0,0.0,0.0,0.0,0.0,0.0
SH00006858,DS002,2026-07-10,9.0,R_DS002_134,14.0,94.54398096666668,142.69398096666666,470.0,0.17508144623456792,1.5555555555555556
SH00006859,DS002,2026-07-10,9.0,R_DS002_135,33.0,213.87266156666666,327.82980441666666,1125.0,0.39606048438271607,3.6666666666666665
SH00006860,DS002,2026-07-10,9.0,,0.0,0.0,0.0,0.0,0.0,0.0
SH00006861,DS002,2026-07-10,9.0,R_DS002_137,13.0,84.12928821666667,129.92214531666667,440.0,0.15579497817901233,1.4444444444444444
SH00006862,DS002,2026-07-10,9.0,,0.0,0.0,0.0,0.0,0.0,0.0
SH00006863,DS002,2026-07-10,9.0,R_DS002_140,12.0,85.21155078333332,132.8472650666667,405.0,0.15779916811728392,1.3333333333333333
SH00006864,DS002,2026-07-10,9.0,R_DS002_141,33.0,213.32648946666671,329.4907751999999,1125.0,0.39504905456790135,3.6666666666666665
SH00006865,DS002,2026-07-10,9.0,,0.0,0.0,0.0,0.0,0.0,0.0
SH00006866,DS002,2026-07-10,9.0,R_DS002_143,12.0,76.03734083333333,116.32305511666667,405.0,0.14080989043209877,1.3333333333333333
SH00006867,DS002,2026-07-10,9.0,R_DS002_144,34.0,212.38110548333336,327.36681975000005,1160.0,0.39329834348765436,3.7777777777777777
SH00006868,DS002,2026-07-10,9.0,R_DS002_146,13.0,80.19456643333335,121.40170926666667,440.0,0.14850845635802473,1.4444444444444444
SH00006869,DS002,2026-07-10,9.0,,0.0,0.0,0.0,0.0,0.0,0.0
SH00006870,DS002,2026-07-10,9.0,R_DS002_149,10.0,64.42637876666666,99.22637875000001,345.0,0.11930810882716048,1.1111111111111112
SH00006871,DS002,2026-07-10,9.0,R_DS002_150,29.0,207.87395815000002,311.11681530000004,995.0,0.3849517743518519,3.2222222222222223
SH00006872,DS002,2026-07-10,9.0,R_DS002_153,32.0,204.60379169999996,312.06807735,1095.0,0.3788959105555555,3.5555555555555554
SH00006873,DS002,2026-07-10,0.0,,0.0,0.0,0.0,0.0,0.0,0.0
SH00006874,DS002,2026-07-10,8.8,R_DS002_155,12.0,63.95126976666667,96.86555548333334,405.0,0.12111982910353536,1.3636363636363635
SH00006903,DS003,2026-07-10,9.0,R_DS003_001,31.0,203.79890279999998,307.32033133333334,930.0,0.37740537555555553,3.4444444444444446
SH00006904,DS003,2026-07-10,9.0,R_DS003_002,44.0,256.4933323166667,389.6076180333334,1370.0,0.4749876524382716,4.888888888888889
SH00006905,DS003,2026-07-10,9.0,R_DS003_003,47.0,281.43157538333327,424.0387182000001,1535.0,0.5211695840432098,5.222222222222222
SH00006906,DS003,2026-07-10,9.0,R_DS003_006,44.0,268.41219975,411.5121997333332,1440.0,0.4970596291666667,4.888888888888889
SH00006907,DS003,2026-07-10,9.0,R_DS003_007,30.0,186.26921040000002,278.8406389833333,900.0,0.34494298222222225,3.3333333333333335
SH00006908,DS003,2026-07-10,0.0,,0.0,0.0,0.0,0.0,0.0,0.0
SH00006909,DS003,2026-07-10,0.0,,0.0,0.0,0.0,0.0,0.0,0.0
SH00006910,DS003,2026-07-10,9.0,R_DS003_010,27.0,179.14652561666668,273.08938270000004,810.0,0.33175282521604943,3.0
SH00006911,DS003,2026-07-10,9.0,R_DS003_011,42.0,250.73634673333333,380.03634669999997,1305.0,0.46432656802469136,4.666666666666667
SH00006912,DS003,2026-07-10,9.0,R_DS003_013,21.0,134.40584766666666,201.9058476666667,630.0,0.24889971790123455,2.3333333333333335
SH00006913,DS003,2026-07-10,9.0,R_DS003_015,43.0,261.7256626833332,393.55423401666667,1405.0,0.4846771531172837,4.777777777777778
SH00006914,DS003,2026-07-10,9.0,R_DS003_016,16.0,101.22943806666669,154.73658093333333,480.0,0.18746192234567904,1.7777777777777777
SH00006915,DS003,2026-07-10,9.0,R_DS003_017,42.0,250.28574681666672,380.3786039666666,1315.0,0.463492123734568,4.666666666666667
SH00006916,DS003,2026-07-10,9.0,R_DS003_018,41.0,250.2311352000001,387.99542093333326,1355.0,0.4633909911111113,4.555555555555555
SH00006917,DS003,2026-07-10,9.0,R_DS003_020,40.0,249.23563375,379.4142051333334,1250.0,0.4615474699074074,4.444444444444445
SH00006918,DS003,2026-07-10,9.0,R_DS003_021,41.0,250.08766876666667,380.1590974166667,1345.0,0.4631253125308642,4.555555555555555
SH00006919,DS003,2026-07-10,8.516666666666667,R_DS003_022,13.0,75.72384401666666,114.68098685,390.0,0.14818756167645136,1.5264187866927592
SH00006920,DS003,2026-07-10,9.0,R_DS003_023,39.0,239.13505401666663,367.29933966666675,1215.0,0.4428426926234567,4.333333333333333
SH00006921,DS003,2026-07-10,9.0,R_DS003_024,37.0,245.29827890000004,372.94827895,1220.0,0.4542560720370371,4.111111111111111
SH00006922,DS003,2026-07-10,9.0,R_DS003_025,11.0,72.60345965,108.64631681666667,330.0,0.1344508512037037,1.2222222222222223
SH00006923,DS003,2026-07-10,8.633333333333333,R_DS003_027,37.0,245.10242088333328,378.43099236666677,1220.0,0.47317069668597156,4.285714285714286
SH00006924,DS003,2026-07-10,9.0,R_DS003_028,11.0,68.63944794999999,106.46087650000001,330.0,0.1271100887962963,1.2222222222222223
SH00006925,DS003,2026-07-10,9.0,R_DS003_029,38.0,228.16410464999996,350.1141046333334,1200.0,0.42252611972222215,4.222222222222222
SH00006926,DS003,2026-07-10,9.0,R_DS003_030,39.0,240.20100066666666,371.4510006999999,1285.0,0.44481666790123453,4.333333333333333
SH00006927,DS003,2026-07-10,9.0,R_DS003_031,9.0,59.83973708333333,91.51116566666666,270.0,0.11081432793209876,1.0
SH00006928,DS003,2026-07-10,9.0,R_DS003_032,37.0,222.48126718333336,339.1812671166667,1160.0,0.41200234663580254,4.111111111111111
SH00006929,DS003,2026-07-10,0.0,,0.0,0.0,0.0,0.0,0.0,0.0
SH00006930,DS003,2026-07-10,9.0,R_DS003_035,34.0,229.6159155833333,346.10162984999994,1070.0,0.4252146584876543,3.7777777777777777
SH00006931,DS003,2026-07-10,8.683333333333334,R_DS003_036,38.0,234.17689668333338,351.96975378333343,1260.0,0.44947580937300075,4.3761996161228405
SH00006932,DS003,2026-07-10,9.0,R_DS003_038,34.0,205.52987235000006,310.1227295833334,1070.0,0.3806108747222223,3.7777777777777777
SH00006933,DS003,2026-07-10,9.0,R_DS003_039,34.0,212.49321963333335,327.2217910166667,1140.0,0.3935059622839506,3.7777777777777777
SH00006934,DS003,2026-07-10,8.533333333333333,R_DS003_041,31.0,186.79883315000006,287.21311885,980.0,0.3648414709960939,3.6328125
SH00006935,DS003,2026-07-10,9.0,R_DS003_042,35.0,224.28377805,332.84092093333334,1165.0,0.41534032972222223,3.888888888888889
SH00006936,DS003,2026-07-10,9.0,R_DS003_043,6.0,45.063277316666664,67.77756300000001,180.0,0.08345051354938271,0.6666666666666666
SH00006937,DS003,2026-07-10,9.0,R_DS003_044,32.0,209.21633306666666,317.6877616833333,1005.0,0.3874376538271605,3.5555555555555554
SH00006938,DS003,2026-07-10,9.0,R_DS003_045,35.0,213.6376208,321.63762086666657,1170.0,0.39562522370370373,3.888888888888889
SH00006939,DS003,2026-07-10,9.0,R_DS003_046,6.0,34.11374456666666,51.470887399999995,180.0,0.0631736010493827,0.6666666666666666
SH00006940,DS003,2026-07-10,8.683333333333334,R_DS003_048,34.0,199.74240509999993,302.5781193333334,1135.0,0.38338273531669853,3.9155470249520152
SH00006941,DS003,2026-07-10,0.0,,0.0,0.0,0.0,0.0,0.0,0.0
SH00006942,DS003,2026-07-10,9.0,R_DS003_050,31.0,194.3252737666667,290.96813091666667,975.0,0.3598616180864198,3.4444444444444446
SH00006943,DS003,2026-07-10,0.0,,0.0,0.0,0.0,0.0,0.0,0.0
SH00006944,DS003,2026-07-10,0.0,,0.0,0.0,0.0,0.0,0.0,0.0
SH00006945,DS003,2026-07-10,0.0,,0.0,0.0,0.0,0.0,0.0,0.0
SH00006946,DS003,2026-07-10,9.0,R_DS003_056,30.0,188.0293149833333,288.85074355,950.0,0.3482024351543209,3.3333333333333335
SH00006947,DS003,2026-07-10,9.0,R_DS003_057,36.0,203.47585994999997,307.5544314166668,1210.0,0.3768071480555555,4.0
SH00006948,DS003,2026-07-10,9.0,R_DS003_058,5.0,34.19527853333334,51.5524214,150.0,0.06332458987654321,0.5555555555555556
SH00006949,DS003,2026-07-10,0.0,,0.0,0.0,0.0,0.0,0.0,0.0
SH00006950,DS003,2026-07-10,9.0,R_DS003_060,34.0,197.47231921666665,300.1794620833333,1140.0,0.36568948003086416,3.7777777777777777
SH00006951,DS003,2026-07-10,9.0,R_DS003_062,28.0,174.24569845,265.7885555833334,885.0,0.32267721935185184,3.111111111111111
SH00006952,DS003,2026-07-10,8.566666666666666,R_DS003_063,32.0,189.73413003333334,293.4912728833334,1080.0,0.3691325487029832,3.735408560311284
SH00006953,DS003,2026-07-10,9.0,R_DS003_064,3.0,21.340692983333334,33.49069298333333,90.0,0.03951980182098765,0.3333333333333333
SH00006954,DS003,2026-07-10,8.05,R_DS003_065,25.0,162.27926543333336,247.1364083,790.0,0.3359819160110421,3.105590062111801
SH00006955,DS003,2026-07-10,7.45,R_DS003_066,29.0,184.86351203333334,276.10636911666666,980.0,0.4135649038777032,3.8926174496644292
SH00006956,DS003,2026-07-10,7.983333333333333,R_DS003_069,31.0,183.2557293333333,278.42001505,1050.0,0.382579810716771,3.883089770354906
SH00006957,DS003,2026-07-10,8.216666666666667,R_DS003_070,2.0,8.3142589,12.17140175,60.0,0.016864622515212983,0.2434077079107505
SH00006958,DS003,2026-07-10,9.0,R_DS003_071,27.0,169.12762643333332,259.83476928333334,860.0,0.3131993082098765,3.0
SH00006959,DS003,2026-07-10,8.266666666666667,R_DS003_072,30.0,187.33721431666672,281.70864285,1020.0,0.37769599660618286,3.6290322580645156
SH00006960,DS003,2026-07-10,0.0,,0.0,0.0,0.0,0.0,0.0,0.0
SH00006961,DS003,2026-07-10,8.116666666666667,R_DS003_074,25.0,156.30806445000002,234.4580645166666,800.0,0.3209611179671458,3.0800821355236137
SH00006962,DS003,2026-07-10,9.0,R_DS003_076,2.0,13.509680983333332,20.345395266666667,60.0,0.02501792774691358,0.2222222222222222
SH00006963,DS003,2026-07-10,0.0,,0.0,0.0,0.0,0.0,0.0,0.0
SH00006964,DS003,2026-07-10,9.0,R_DS003_078,28.0,183.69602696666664,278.08888411666663,955.0,0.3401778277160493,3.111111111111111
SH00006965,DS003,2026-07-10,9.0,R_DS003_079,1.0,7.060394333333333,10.938965766666666,30.0,0.013074804320987654,0.1111111111111111
SH00006966,DS003,2026-07-10,9.0,R_DS003_080,25.0,153.4875171,234.31608854999996,805.0,0.28423614277777776,2.7777777777777777
SH00006967,DS003,2026-07-10,9.0,R_DS003_081,29.0,169.76721914999993,257.13150486666666,995.0,0.31438373916666656,3.2222222222222223
SH00006968,DS003,2026-07-10,0.0,,0.0,0.0,0.0,0.0,0.0,0.0
SH00006969,DS003,2026-07-10,0.0,,0.0,0.0,0.0,0.0,0.0,0.0
SH00006970,DS003,2026-07-10,9.0,R_DS003_085,1.0,7.925377316666667,12.489663016666666,30.0,0.014676624660493829,0.1111111111111111
SH00006971,DS003,2026-07-10,9.0,R_DS003_086,22.0,144.52060105,221.66345811666667,700.0,0.2676307426851852,2.4444444444444446
SH00006972,DS003,2026-07-10,9.0,R_DS003_087,28.0,170.20483459999997,263.6119774333333,955.0,0.3151941381481481,3.111111111111111
SH00006973,DS003,2026-07-10,9.0,R_DS003_088,1.0,9.264244033333334,14.6856726,30.0,0.017156007469135804,0.1111111111111111
SH00006974,DS003,2026-07-10,9.0,R_DS003_091,1.0,5.693899149999999,8.458184866666667,30.0,0.010544257685185184,0.1111111111111111
SH00006975,DS003,2026-07-10,9.0,R_DS003_093,26.0,159.27022301666668,245.7345087,900.0,0.29494485743827165,2.888888888888889
SH00006976,DS003,2026-07-10,9.0,R_DS003_094,1.0,6.615345516666666,10.515345516666667,30.0,0.012250639845679012,0.1111111111111111
SH00006977,DS003,2026-07-10,0.0,,0.0,0.0,0.0,0.0,0.0,0.0
SH00006978,DS003,2026-07-10,9.0,,0.0,0.0,0.0,0.0,0.0,0.0
SH00006979,DS003,2026-07-10,9.0,R_DS003_098,19.0,121.7785508166667,182.84997935,615.0,0.22551583484567905,2.111111111111111
SH00006980,DS003,2026-07-10,8.3,R_DS003_099,26.0,156.74812483333332,236.80526770000003,900.0,0.31475527074966525,3.1325301204819276
SH00006981,DS003,2026-07-10,9.0,,0.0,0.0,0.0,0.0,0.0,0.0
SH00006982,DS003,2026-07-10,0.0,,0.0,0.0,0.0,0.0,0.0,0.0
SH00006983,DS003,2026-07-10,9.0,R_DS003_102,27.0,156.24635736666664,241.42492881666666,930.0,0.2893451062345679,3.0
SH00006984,DS003,2026-07-10,9.0,R_DS003_104,21.0,113.28678260000001,173.6724969333333,680.0,0.20979033814814815,2.3333333333333335
SH00006985,DS003,2026-07-10,9.0,R_DS003_105,24.0,155.61778101666664,236.18920963333338,830.0,0.2881810759567901,2.6666666666666665
SH00006986,DS003,2026-07-10,9.0,,0.0,0.0,0.0,0.0,0.0,0.0
SH00006987,DS003,2026-07-10,0.0,,0.0,0.0,0.0,0.0,0.0,0.0
SH00006988,DS003,2026-07-10,9.0,R_DS003_108,24.0,155.3399763333333,239.9614049,825.0,0.2876666228395061,2.6666666666666665
SH00006989,DS003,2026-07-10,9.0,R_DS003_111,25.0,152.15381141666668,233.04666851666667,865.0,0.28176631743827163,2.7777777777777777
SH00006990,DS003,2026-07-10,9.0,,0.0,0.0,0.0,0.0,0.0,0.0
SH00006991,DS003,2026-07-10,9.0,R_DS003_113,16.0,96.82168873333336,144.17883154999998,535.0,0.17929942358024697,1.7777777777777777
SH00006992,DS003,2026-07-10,9.0,R_DS003_114,25.0,155.7411576,237.29830045000003,865.0,0.2884095511111111,2.7777777777777777
SH00006993,DS003,2026-07-10,9.0,,0.0,0.0,0.0,0.0,0.0,0.0
SH00006994,DS003,2026-07-10,8.783333333333333,R_DS003_116,16.0,95.15000445,141.0928616,535.0,0.1805502930740038,1.821631878557875
SH00006995,DS003,2026-07-10,0.0,,0.0,0.0,0.0,0.0,0.0,0.0
SH00006996,DS003,2026-07-10,9.0,R_DS003_120,23.0,157.86769486666668,238.0319806333333,795.0,0.2923475830864198,2.5555555555555554
SH00006997,DS003,2026-07-10,9.0,,0.0,0.0,0.0,0.0,0.0,0.0
SH00006998,DS003,2026-07-10,9.0,R_DS003_122,13.0,75.5370388,119.0370388,430.0,0.1398834051851852,1.4444444444444444
SH00006999,DS003,2026-07-10,9.0,R_DS003_123,26.0,157.68002043333337,243.24430611666668,900.0,0.29200003783950623,2.888888888888889
SH00007000,DS003,2026-07-10,9.0,R_DS003_125,13.0,73.61868873333334,109.31868875,430.0,0.1363309050617284,1.4444444444444444
SH00007001,DS003,2026-07-10,9.0,R_DS003_126,24.0,157.56894744999997,237.02609026666667,820.0,0.2917943471296296,2.6666666666666665
SH00007002,DS003,2026-07-10,0.0,,0.0,0.0,0.0,0.0,0.0,0.0
SH00007003,DS003,2026-07-10,8.45,R_DS003_128,12.0,79.2258319,121.31154615000001,400.0,0.15626396824457597,1.4201183431952664
SH00007004,DS003,2026-07-10,9.0,R_DS003_129,22.0,149.70469048333334,229.7618332833333,760.0,0.27723090830246916,2.4444444444444446
SH00007005,DS003,2026-07-10,9.0,,0.0,0.0,0.0,0.0,0.0,0.0
SH00007006,DS003,2026-07-10,9.0,R_DS003_132,27.0,147.05495091666663,223.44780801666658,935.0,0.2723239831790123,3.0
SH00007007,DS003,2026-07-10,9.0,,0.0,0.0,0.0,0.0,0.0,0.0
SH00007008,DS003,2026-07-10,9.0,R_DS003_134,13.0,79.68240951666667,123.31098095,435.0,0.1475600176234568,1.4444444444444444
SH00007009,DS003,2026-07-10,9.0,R_DS003_135,24.0,149.31266393333334,227.11980676666664,825.0,0.27650493320987657,2.6666666666666665
SH00007010,DS003,2026-07-10,9.0,,0.0,0.0,0.0,0.0,0.0,0.0
SH00007011,DS003,2026-07-10,8.5,,0.0,0.0,0.0,0.0,0.0,0.0
SH00007012,DS003,2026-07-10,9.0,R_DS003_140,10.0,66.694733,102.07330441666667,335.0,0.12350876481481482,1.1111111111111112
SH00007013,DS003,2026-07-10,9.0,R_DS003_141,22.0,145.7672085,219.93149419999997,755.0,0.26993927500000003,2.4444444444444446
SH00007014,DS003,2026-07-10,9.0,R_DS003_143,10.0,61.48816924999999,92.73102636666665,340.0,0.11386698009259258,1.1111111111111112
SH00007015,DS003,2026-07-10,9.0,R_DS003_144,25.0,142.02969841666663,220.2225554666667,865.0,0.26301796003086414,2.7777777777777777
SH00007046,DS004,2026-07-10,9.0,R_DS004_001,31.0,201.35981359999997,305.60981358333333,930.0,0.37288854370370367,3.4444444444444446
SH00007047,DS004,2026-07-10,9.0,R_DS004_002,41.0,278.55982520000015,430.3383965333333,1280.0,0.5158515281481484,4.555555555555555
SH00007048,DS004,2026-07-10,9.0,R_DS004_003,44.0,291.4738281166666,448.5881138166667,1450.0,0.5397663483641973,4.888888888888889
SH00007049,DS004,2026-07-10,9.0,R_DS004_006,40.0,291.10602503333325,447.8988822000001,1315.0,0.5390852315432098,4.444444444444445
SH00007050,DS004,2026-07-10,9.0,R_DS004_007,29.0,194.89054930000003,299.4405493166667,870.0,0.3609084246296297,3.2222222222222223
SH00007051,DS004,2026-07-10,9.0,R_DS004_008,39.0,275.8020673,417.8520672499999,1215.0,0.5107445690740741,4.333333333333333
SH00007052,DS004,2026-07-10,9.0,R_DS004_009,42.0,285.11872875,441.37587165,1395.0,0.5279976458333333,4.666666666666667
SH00007053,DS004,2026-07-10,9.0,R_DS004_010,26.0,175.57565863333332,267.5470872,780.0,0.3251401085802469,2.888888888888889
SH00007054,DS004,2026-07-10,9.0,R_DS004_011,41.0,261.5420026166666,402.94914556666663,1275.0,0.4843370418827159,4.555555555555555
SH00007055,DS004,2026-07-10,9.0,R_DS004_013,21.0,133.17895461666666,204.08609745,630.0,0.2466276937345679,2.3333333333333335
SH00007056,DS004,2026-07-10,9.0,R_DS004_014,38.0,269.7705285166667,419.3633856333335,1185.0,0.499575052808642,4.222222222222222
SH00007057,DS004,2026-07-10,9.0,R_DS004_015,38.0,282.50501109999993,428.4978682666667,1260.0,0.5231574279629628,4.222222222222222
SH00007058,DS004,2026-07-10,0.0,,0.0,0.0,0.0,0.0,0.0,0.0
SH00007059,DS004,2026-07-10,0.0,,0.0,0.0,0.0,0.0,0.0,0.0
SH00007060,DS004,2026-07-10,9.0,R_DS004_018,35.0,271.5480461166667,422.19090328333345,1160.0,0.5028667520679012,3.888888888888889
SH00007061,DS004,2026-07-10,9.0,R_DS004_020,38.0,266.7946535166667,412.42322484999994,1185.0,0.4940641731790124,4.222222222222222
SH00007062,DS004,2026-07-10,8.4,R_DS004_021,36.0,258.2709754499999,397.9424040166666,1200.0,0.5124424116071427,4.285714285714286
SH00007063,DS004,2026-07-10,8.766666666666667,R_DS004_022,15.0,114.09017203333333,174.02588634999998,450.0,0.21690146774397973,1.7110266159695815
SH00007064,DS004,2026-07-10,0.0,,0.0,0.0,0.0,0.0,0.0,0.0
SH00007065,DS004,2026-07-10,8.333333333333334,R_DS004_024,36.0,258.8551703833334,396.0623132666666,1205.0,0.5177103407666668,4.319999999999999
SH00007066,DS004,2026-07-10,9.0,R_DS004_025,13.0,102.71342790000001,161.04199938333335,390.0,0.19021005166666669,1.4444444444444444
SH00007067,DS004,2026-07-10,9.0,R_DS004_027,38.0,266.7414170833333,412.94855993333323,1265.0,0.49396558719135797,4.222222222222222
SH00007068,DS004,2026-07-10,9.0,R_DS004_028,13.0,79.718097,122.87523990000004,390.0,0.14762610555555555,1.4444444444444444
SH00007069,DS004,2026-07-10,9.0,R_DS004_029,37.0,258.24521448333337,394.31664296666656,1155.0,0.47823187867283956,4.111111111111111
SH00007070,DS004,2026-07-10,9.0,R_DS004_030,40.0,263.17463735,397.74606583333326,1330.0,0.48736043953703706,4.444444444444445
SH00007071,DS004,2026-07-10,9.0,R_DS004_031,10.0,62.58815871666667,97.06673016666667,300.0,0.1159039976234568,1.1111111111111112
SH00007072,DS004,2026-07-10,0.0,,0.0,0.0,0.0,0.0,0.0,0.0
SH00007073,DS004,2026-07-10,8.466666666666667,R_DS004_034,8.0,58.61429711666667,92.8785828,240.0,0.11538247463910761,0.9448818897637795
SH00007074,DS004,2026-07-10,9.0,R_DS004_035,36.0,252.3629229,392.37720853333326,1130.0,0.4673387461111111,4.0
SH00007075,DS004,2026-07-10,9.0,R_DS004_036,39.0,263.8404809,398.39048084999996,1310.0,0.4885934831481481,4.333333333333333
SH00007076,DS004,2026-07-10,9.0,R_DS004_037,8.0,57.71493256666666,88.593504,240.0,0.10687950475308641,0.8888888888888888
SH00007077,DS004,2026-07-10,9.0,R_DS004_038,33.0,242.61209691666664,376.6263826166666,1035.0,0.44928166095679006,3.6666666666666665
SH00007078,DS004,2026-07-10,9.0,R_DS004_039,37.0,253.77377918333332,389.2880649333334,1240.0,0.46995144293209873,4.111111111111111
SH00007079,DS004,2026-07-10,9.0,R_DS004_042,40.0,249.03337183333335,376.9190860833333,1335.0,0.46117291080246914,4.444444444444445
SH00007080,DS004,2026-07-10,9.0,R_DS004_043,6.0,39.12250961666667,60.508223900000004,180.0,0.07244909188271606,0.6666666666666666
SH00007081,DS004,2026-07-10,9.0,R_DS004_044,32.0,215.44591798333332,329.0816323,1000.0,0.398973922191358,3.5555555555555554
SH00007082,DS004,2026-07-10,9.0,R_DS004_045,35.0,241.60759481666662,372.9218805666668,1170.0,0.44742147188271597,3.888888888888889
SH00007083,DS004,2026-07-10,9.0,R_DS004_046,5.0,41.18321013333333,64.60463868333333,150.0,0.07626520395061728,0.5555555555555556
SH00007084,DS004,2026-07-10,0.0,,0.0,0.0,0.0,0.0,0.0,0.0
SH00007085,DS004,2026-07-10,0.0,,0.0,0.0,0.0,0.0,0.0,0.0
SH00007086,DS004,2026-07-10,9.0,R_DS004_050,31.0,220.87459501666666,344.5603093166666,980.0,0.409027027808642,3.4444444444444446
SH00007087,DS004,2026-07-10,9.0,R_DS004_051,35.0,239.5200201666667,371.09144871666666,1180.0,0.44355559290123464,3.888888888888889
SH00007088,DS004,2026-07-10,9.0,R_DS004_052,5.0,38.626190466666664,61.14761901666667,150.0,0.071529982345679,0.5555555555555556
SH00007089,DS004,2026-07-10,9.0,R_DS004_053,33.0,220.98916546666666,339.0820226,1035.0,0.40923919530864195,3.6666666666666665
SH00007090,DS004,2026-07-10,9.0,R_DS004_055,5.0,39.23779111666667,63.30207685,150.0,0.07266257614197531,0.5555555555555556
SH00007091,DS004,2026-07-10,9.0,R_DS004_056,32.0,216.24229879999993,336.69229883333327,1010.0,0.4004487014814814,3.5555555555555554
SH00007092,DS004,2026-07-10,9.0,R_DS004_058,4.0,19.955037566666665,31.97646615,120.0,0.036953773271604935,0.4444444444444444
SH00007093,DS004,2026-07-10,9.0,R_DS004_059,32.0,217.0629090333333,326.5629090333333,1010.0,0.4019683500617284,3.5555555555555554
SH00007094,DS004,2026-07-10,9.0,R_DS004_060,34.0,236.5106110166667,370.4177538166666,1145.0,0.43798261299382724,3.7777777777777777
SH00007095,DS004,2026-07-10,9.0,R_DS004_062,30.0,199.27396843333332,306.05253988333334,940.0,0.3690258674691358,3.3333333333333335
SH00007096,DS004,2026-07-10,9.0,R_DS004_063,33.0,244.4799947833334,376.6299947833333,1105.0,0.45274073108024704,3.6666666666666665
SH00007097,DS004,2026-07-10,9.0,R_DS004_064,3.0,14.886941666666667,23.244084516666668,90.0,0.02756841049382716,0.3333333333333333
SH00007098,DS004,2026-07-10,9.0,R_DS004_065,28.0,202.26907243333332,311.5333581833333,880.0,0.37457235635802466,3.111111111111111
SH00007099,DS004,2026-07-10,9.0,R_DS004_066,36.0,234.3451564833333,363.7951565333333,1210.0,0.4339725120061728,4.0
SH00007100,DS004,2026-07-10,8.333333333333334,R_DS004_067,2.0,14.366775449999999,22.252489750000002,60.0,0.028733550899999995,0.24
SH00007101,DS004,2026-07-10,9.0,R_DS004_069,31.0,236.2480199,366.91944845000006,1050.0,0.4374963331481482,3.4444444444444446
SH00007102,DS004,2026-07-10,9.0,R_DS004_070,2.0,9.277015033333335,14.355586483333333,60.0,0.017179657469135804,0.2222222222222222
SH00007103,DS004,2026-07-10,9.0,R_DS004_071,28.0,180.75603296666668,277.61317578333325,890.0,0.3347333943827161,3.111111111111111
SH00007104,DS004,2026-07-10,9.0,R_DS004_072,35.0,239.54227528333337,369.4422753166666,1175.0,0.443596806080247,3.888888888888889
SH00007105,DS004,2026-07-10,9.0,R_DS004_073,1.0,7.468171183333333,12.22531405,30.0,0.013829946635802469,0.1111111111111111
SH00007106,DS004,2026-07-10,9.0,R_DS004_074,27.0,189.44535668333333,293.39535666666677,855.0,0.35082473459876545,3.0
SH00007107,DS004,2026-07-10,9.0,,0.0,0.0,0.0,0.0,0.0,0.0
SH00007108,DS004,2026-07-10,8.25,R_DS004_077,28.0,181.98272954999996,276.5684438833333,895.0,0.36764187787878777,3.393939393939394
SH00007109,DS004,2026-07-10,8.683333333333334,R_DS004_078,35.0,232.05424486666664,355.4185306166667,1185.0,0.4454016216250799,4.030710172744722
SH00007110,DS004,2026-07-10,9.0,,0.0,0.0,0.0,0.0,0.0,0.0
SH00007111,DS004,2026-07-10,9.0,R_DS004_080,26.0,182.5823841166667,281.1323841166666,830.0,0.3381155261419754,2.888888888888889
SH00007112,DS004,2026-07-10,9.0,R_DS004_081,33.0,224.1253410666667,341.23248390000003,1120.0,0.4150469279012346,3.6666666666666665
SH00007113,DS004,2026-07-10,9.0,R_DS004_083,26.0,179.22897716666668,277.05040575,830.0,0.33190551327160495,2.888888888888889
SH00007114,DS004,2026-07-10,9.0,R_DS004_084,33.0,233.86715961666667,358.66715960000005,1115.0,0.4330873326234568,3.6666666666666665
SH00007115,DS004,2026-07-10,0.0,,0.0,0.0,0.0,0.0,0.0,0.0
SH00007116,DS004,2026-07-10,9.0,R_DS004_086,26.0,183.5628702,283.89144165,830.0,0.3399312411111111,2.888888888888889
SH00007117,DS004,2026-07-10,9.0,R_DS004_087,32.0,226.12123098333333,345.47837383333325,1080.0,0.41874302033950617,3.5555555555555554
SH00007118,DS004,2026-07-10,9.0,,0.0,0.0,0.0,0.0,0.0,0.0
SH00007119,DS004,2026-07-10,9.0,R_DS004_090,32.0,226.79300058333334,352.8358577166666,1085.0,0.41998703811728394,3.5555555555555554
SH00007120,DS004,2026-07-10,9.0,,0.0,0.0,0.0,0.0,0.0,0.0
SH00007121,DS004,2026-07-10,9.0,R_DS004_092,25.0,173.0367739333334,267.8582024666667,800.0,0.3204384702469137,2.7777777777777777
SH00007122,DS004,2026-07-10,9.0,R_DS004_093,35.0,223.37260226666666,349.69403081666667,1185.0,0.4136529671604938,3.888888888888889
SH00007123,DS004,2026-07-10,0.0,,0.0,0.0,0.0,0.0,0.0,0.0
SH00007124,DS004,2026-07-10,9.0,R_DS004_095,21.0,157.77191458333334,243.8076288,675.0,0.292170212191358,2.3333333333333335
SH00007125,DS004,2026-07-10,0.0,,0.0,0.0,0.0,0.0,0.0,0.0
SH00007126,DS004,2026-07-10,9.0,R_DS004_099,33.0,222.6450861,342.28080038333337,1115.0,0.41230571499999996,3.6666666666666665
SH00007127,DS004,2026-07-10,9.0,,0.0,0.0,0.0,0.0,0.0,0.0
SH00007128,DS004,2026-07-10,9.0,R_DS004_101,25.0,171.90142715,263.4871413833333,800.0,0.3183359762037037,2.7777777777777777
SH00007129,DS004,2026-07-10,9.0,R_DS004_102,31.0,222.65737130000002,339.85022845000003,1050.0,0.41232846537037043,3.4444444444444446
SH00007130,DS004,2026-07-10,9.0,R_DS004_105,31.0,226.33381578333334,341.6195300333333,1055.0,0.41913669589506175,3.4444444444444446
SH00007131,DS004,2026-07-10,9.0,,0.0,0.0,0.0,0.0,0.0,0.0
SH00007132,DS004,2026-07-10,9.0,R_DS004_107,22.0,149.10693221666668,234.13550361666668,705.0,0.2761239485493827,2.4444444444444446
SH00007133,DS004,2026-07-10,9.0,R_DS004_108,33.0,213.47654356666666,330.1551150333333,1125.0,0.3953269325308642,3.6666666666666665
SH00007134,DS004,2026-07-10,0.0,,0.0,0.0,0.0,0.0,0.0,0.0
SH00007135,DS004,2026-07-10,9.0,R_DS004_111,30.0,212.5210233666667,327.8495947833333,1025.0,0.3935574506790124,3.3333333333333335
SH00007136,DS004,2026-07-10,9.0,,0.0,0.0,0.0,0.0,0.0,0.0
SH00007137,DS004,2026-07-10,9.0,R_DS004_113,21.0,152.7315471833333,235.9601186666666,680.0,0.2828361984876543,2.3333333333333335
SH00007138,DS004,2026-07-10,8.75,R_DS004_114,30.0,209.39508401666666,323.75936979999994,1025.0,0.3988477790793651,3.4285714285714284
SH00007139,DS004,2026-07-10,9.0,,0.0,0.0,0.0,0.0,0.0,0.0
SH00007140,DS004,2026-07-10,8.7,R_DS004_116,19.0,139.81267938333332,210.48410798333336,615.0,0.26784038196040866,2.1839080459770117
SH00007141,DS004,2026-07-10,9.0,,0.0,0.0,0.0,0.0,0.0,0.0
SH00007142,DS004,2026-07-10,9.0,R_DS004_119,16.0,123.85585255,189.684424,520.0,0.2293626899074074,1.7777777777777777
SH00007143,DS004,2026-07-10,0.0,,0.0,0.0,0.0,0.0,0.0,0.0
SH00007144,DS004,2026-07-10,8.833333333333334,,0.0,0.0,0.0,0.0,0.0,0.0
SH00007145,DS004,2026-07-10,8.3,R_DS004_125,14.0,106.60075429999999,162.2936114833333,455.0,0.2140577395582329,1.686746987951807
SH00007146,DS004,2026-07-10,9.0,R_DS004_126,31.0,214.52170930000003,332.72170934999997,1055.0,0.3972624246296297,3.4444444444444446
SH00007147,DS004,2026-07-10,9.0,,0.0,0.0,0.0,0.0,0.0,0.0
SH00007148,DS004,2026-07-10,9.0,R_DS004_128,14.0,111.47305228333333,169.45876653333332,455.0,0.20643157830246914,1.5555555555555556
SH00007149,DS004,2026-07-10,8.75,R_DS004_129,29.0,215.54573773333337,335.48145209999996,990.0,0.410563309968254,3.3142857142857145
SH00007150,DS004,2026-07-10,9.0,R_DS004_132,32.0,205.46344864999995,313.57059151666664,1095.0,0.38048786787037026,3.5555555555555554
SH00007151,DS004,2026-07-10,9.0,,0.0,0.0,0.0,0.0,0.0,0.0
SH00007152,DS004,2026-07-10,9.0,R_DS004_134,16.0,108.07517993333333,168.4180371666667,525.0,0.20013922209876542,1.7777777777777777
SH00007153,DS004,2026-07-10,8.616666666666667,,0.0,0.0,0.0,0.0,0.0,0.0
SH00007154,DS004,2026-07-10,9.0,R_DS004_137,14.0,101.84932118333334,158.4850354666667,460.0,0.1886098540432099,1.5555555555555556
SH00007155,DS004,2026-07-10,0.0,,0.0,0.0,0.0,0.0,0.0,0.0
SH00007156,DS004,2026-07-10,0.0,,0.0,0.0,0.0,0.0,0.0,0.0
SH00007157,DS004,2026-07-10,9.0,R_DS004_141,29.0,201.8776144666667,316.52047158333323,990.0,0.3738474341975309,3.2222222222222223
SH00007158,DS004,2026-07-10,0.0,,0.0,0.0,0.0,0.0,0.0,0.0
SH00007159,DS004,2026-07-10,9.0,R_DS004_143,13.0,92.17424161666668,142.42424161666668,430.0,0.17069304003086422,1.4444444444444444
SH00007160,DS004,2026-07-10,9.0,R_DS004_144,33.0,199.04425748333333,305.54425740000005,1130.0,0.3686004768209876,3.6666666666666665
SH00007161,DS004,2026-07-10,9.0,R_DS004_146,14.0,89.03069755,139.10926896666666,465.0,0.16487166212962961,1.5555555555555556
SH00007162,DS004,2026-07-10,9.0,R_DS004_147,27.0,201.7342998166667,309.5200140333333,920.0,0.37358203669753093,3.0
SH00007163,DS004,2026-07-10,9.0,,0.0,0.0,0.0,0.0,0.0,0.0
SH00007164,DS004,2026-07-10,9.0,R_DS004_149,12.0,88.66488526666667,132.93631385,400.0,0.16419423197530866,1.3333333333333333
SH00007165,DS004,2026-07-10,9.0,R_DS004_150,29.0,204.9640672833333,314.1212101833333,990.0,0.3795630875617283,3.2222222222222223
SH00007166,DS004,2026-07-10,9.0,,0.0,0.0,0.0,0.0,0.0,0.0
SH00007167,DS004,2026-07-10,9.0,R_DS004_153,29.0,203.18821999999997,311.42393431666665,985.0,0.3762744814814814,3.2222222222222223
SH00007168,DS004,2026-07-10,9.0,,0.0,0.0,0.0,0.0,0.0,0.0
SH00007169,DS004,2026-07-10,9.0,R_DS004_155,12.0,73.54499333333332,111.32356473333334,400.0,0.13619443209876542,1.3333333333333333
SH00007170,DS004,2026-07-10,9.0,R_DS004_156,30.0,207.8795783166667,316.1581497166666,1025.0,0.38496218206790134,3.3333333333333335
SH00007171,DS004,2026-07-10,9.0,,0.0,0.0,0.0,0.0,0.0,0.0
SH00007172,DS004,2026-07-10,9.0,R_DS004_158,12.0,79.11079115,120.03936256666667,405.0,0.1465014650925926,1.3333333333333333
SH00007173,DS004,2026-07-10,0.0,,0.0,0.0,0.0,0.0,0.0,0.0
SH00007200,DS005,2026-07-10,9.0,R_DS005_001,33.0,193.3878264166667,286.9663978166667,990.0,0.3581256044753087,3.6666666666666665
SH00007201,DS005,2026-07-10,9.0,R_DS005_003,49.0,273.19118725000004,407.2483301000001,1615.0,0.5059096060185186,5.444444444444445
SH00007202,DS005,2026-07-10,9.0,R_DS005_004,29.0,170.30527325000003,254.84098748333335,870.0,0.3153801356481482,3.2222222222222223
SH00007203,DS005,2026-07-10,9.0,R_DS005_006,47.0,268.4154488166667,403.26544883333327,1545.0,0.4970656459567902,5.222222222222222
SH00007204,DS005,2026-07-10,9.0,R_DS005_007,27.0,157.79386051666668,233.17957486666668,810.0,0.292210852808642,3.0
SH00007205,DS005,2026-07-10,9.0,R_DS005_008,44.0,239.86978570000002,355.71264288333333,1370.0,0.4442033068518519,4.888888888888889
SH00007206,DS005,2026-07-10,8.683333333333334,R_DS005_009,43.0,246.51803971666675,373.1394682333332,1420.0,0.4731632240243124,4.952015355086372
SH00007207,DS005,2026-07-10,7.433333333333334,R_DS005_010,17.0,96.54702966666667,146.04702966666667,510.0,0.21647316068759345,2.286995515695067
SH00007208,DS005,2026-07-10,9.0,R_DS005_013,17.0,102.11492704999999,153.4577842,510.0,0.18910171675925924,1.8888888888888888
SH00007209,DS005,2026-07-10,9.0,R_DS005_014,42.0,241.63892909999998,365.4103576333334,1310.0,0.4474794983333333,4.666666666666667
SH00007210,DS005,2026-07-10,8.25,R_DS005_015,42.0,237.60760115000002,356.2576011,1405.0,0.4800153558585859,5.090909090909091
SH00007211,DS005,2026-07-10,9.0,R_DS005_016,16.0,83.28272906666668,127.08272908333333,480.0,0.15422727604938274,1.7777777777777777
SH00007212,DS005,2026-07-10,9.0,R_DS005_017,41.0,237.15989499999995,355.05989508333323,1275.0,0.43918499074074063,4.555555555555555
SH00007213,DS005,2026-07-10,8.716666666666667,R_DS005_020,38.0,222.16898898333335,334.11184613333336,1190.0,0.42479730207138305,4.359464627151052
SH00007214,DS005,2026-07-10,9.0,R_DS005_021,43.0,242.0972498833333,362.63296411666676,1435.0,0.4483282405246913,4.777777777777778
SH00007215,DS005,2026-07-10,9.0,R_DS005_022,13.0,68.67783681666668,101.84926541666668,390.0,0.12718117929012349,1.4444444444444444
SH00007216,DS005,2026-07-10,9.0,R_DS005_023,39.0,213.30529160000006,315.58386306666665,1220.0,0.3950097992592594,4.333333333333333
SH00007217,DS005,2026-07-10,8.566666666666666,R_DS005_024,40.0,225.05731958333337,340.38589099999984,1330.0,0.43785470736057075,4.669260700389105
SH00007218,DS005,2026-07-10,9.0,R_DS005_025,11.0,65.71871568333333,99.79014425000001,330.0,0.12170132533950616,1.2222222222222223
SH00007219,DS005,2026-07-10,8.25,R_DS005_027,39.0,233.16105883333333,351.55391593333337,1300.0,0.4710324420875421,4.7272727272727275
SH00007220,DS005,2026-07-10,9.0,R_DS005_028,8.0,47.50045071666667,71.00759356666667,240.0,0.0879637976234568,0.8888888888888888
SH00007221,DS005,2026-07-10,9.0,R_DS005_029,34.0,195.92167728333337,296.7431057999999,1070.0,0.36281792089506176,3.7777777777777777
SH00007222,DS005,2026-07-10,9.0,R_DS005_030,41.0,216.58973513333333,319.6183065999999,1375.0,0.40109210209876545,4.555555555555555
SH00007223,DS005,2026-07-10,9.0,R_DS005_031,7.0,44.43887431666666,64.88173146666666,210.0,0.08229421169753086,0.7777777777777778
SH00007224,DS005,2026-07-10,9.0,R_DS005_032,34.0,181.74913963333333,271.87771104999996,1070.0,0.33657248080246915,3.7777777777777777
SH00007225,DS005,2026-07-10,8.716666666666667,R_DS005_034,4.0,29.456534766666667,42.613677633333324,120.0,0.05632224620777566,0.4588910133843212
SH00007226,DS005,2026-07-10,9.0,R_DS005_035,28.0,166.80703415000002,251.2784627333333,890.0,0.3089019150925926,3.111111111111111
SH00007227,DS005,2026-07-10,9.0,R_DS005_036,39.0,212.87128260000003,320.3355682833334,1315.0,0.3942060788888889,4.333333333333333
SH00007228,DS005,2026-07-10,9.0,R_DS005_037,3.0,19.148734283333333,27.7415914,90.0,0.03546061904320988,0.3333333333333333
SH00007229,DS005,2026-07-10,9.0,R_DS005_038,31.0,170.887649,258.65907749999997,980.0,0.3164586092592593,3.4444444444444446
SH00007230,DS005,2026-07-10,9.0,R_DS005_041,30.0,175.59746833333335,258.01175403333326,945.0,0.3251804969135803,3.3333333333333335
SH00007231,DS005,2026-07-10,8.633333333333333,R_DS005_042,37.0,222.47556783333334,334.4184249833333,1245.0,0.4294895131917632,4.285714285714286
SH00007232,DS005,2026-07-10,9.0,R_DS005_044,25.0,148.0692903333333,224.05500458333333,795.0,0.27420238950617276,2.7777777777777777
SH00007233,DS005,2026-07-10,0.0,,0.0,0.0,0.0,0.0,0.0,0.0
SH00007234,DS005,2026-07-10,9.0,R_DS005_046,2.0,11.998414149999999,18.23412845,60.0,0.02221928546296296,0.2222222222222222
SH00007235,DS005,2026-07-10,9.0,R_DS005_048,40.0,215.95765871666666,315.68623010000005,1345.0,0.39992159021604934,4.444444444444445
SH00007236,DS005,2026-07-10,8.516666666666667,R_DS005_050,22.0,122.31710971666666,184.73853826666667,705.0,0.2393681207762557,2.583170254403131
SH00007237,DS005,2026-07-10,9.0,R_DS005_051,36.0,203.88909466666672,306.5319518333334,1225.0,0.3775723975308643,4.0
SH00007238,DS005,2026-07-10,9.0,R_DS005_053,22.0,118.97156413333332,179.48584986666668,705.0,0.22031771135802466,2.4444444444444446
SH00007239,DS005,2026-07-10,9.0,R_DS005_055,2.0,9.801959783333333,15.180531216666667,60.0,0.018151777376543207,0.2222222222222222
SH00007240,DS005,2026-07-10,9.0,R_DS005_056,21.0,113.04518010000001,168.7594658,675.0,0.20934292611111113,2.3333333333333335
SH00007241,DS005,2026-07-10,0.0,,0.0,0.0,0.0,0.0,0.0,0.0
SH00007242,DS005,2026-07-10,9.0,R_DS005_059,19.0,109.90867336666668,160.09438766666665,615.0,0.203534580308642,2.111111111111111
SH00007243,DS005,2026-07-10,0.0,,0.0,0.0,0.0,0.0,0.0,0.0
SH00007244,DS005,2026-07-10,0.0,,0.0,0.0,0.0,0.0,0.0,0.0
SH00007245,DS005,2026-07-10,0.0,,0.0,0.0,0.0,0.0,0.0,0.0
SH00007246,DS005,2026-07-10,9.0,R_DS005_065,17.0,101.38983215,152.7755464666667,560.0,0.18775894842592594,1.8888888888888888
SH00007247,DS005,2026-07-10,9.0,R_DS005_066,37.0,198.74419861666667,295.60134139999997,1245.0,0.36804481225308644,4.111111111111111
SH00007248,DS005,2026-07-10,9.0,R_DS005_067,2.0,13.351630166666666,20.573058716666665,60.0,0.024725241049382715,0.2222222222222222
SH00007249,DS005,2026-07-10,9.0,R_DS005_069,35.0,200.32872161666668,297.52872165,1185.0,0.3709791141049383,3.888888888888889
SH00007250,DS005,2026-07-10,9.0,R_DS005_070,2.0,12.325733833333333,17.940019533333334,60.0,0.022825433024691356,0.2222222222222222
SH00007251,DS005,2026-07-10,9.0,R_DS005_071,15.0,92.33988831666667,137.96131691666665,490.0,0.17099979317901237,1.6666666666666667
SH00007252,DS005,2026-07-10,0.0,,0.0,0.0,0.0,0.0,0.0,0.0
SH00007253,DS005,2026-07-10,9.0,R_DS005_073,2.0,7.4801880333333335,11.123045166666666,60.0,0.013852200061728395,0.2222222222222222
SH00007254,DS005,2026-07-10,9.0,R_DS005_074,14.0,82.15979708333333,123.66693991666666,465.0,0.1521477723765432,1.5555555555555556
SH00007255,DS005,2026-07-10,9.0,R_DS005_076,2.0,13.174235833333334,19.3456644,60.0,0.02439673302469136,0.2222222222222222
SH00007256,DS005,2026-07-10,9.0,R_DS005_077,12.0,63.278420800000006,94.19984935,400.0,0.11718226074074076,1.3333333333333333
SH00007257,DS005,2026-07-10,8.4,R_DS005_078,33.0,196.77586550000004,295.6472940833333,1120.0,0.39042830456349215,3.9285714285714284
SH00007258,DS005,2026-07-10,9.0,R_DS005_080,10.0,64.02117235,93.89260091666665,335.0,0.11855772657407407,1.1111111111111112
SH00007259,DS005,2026-07-10,9.0,R_DS005_081,34.0,190.59833163333332,281.99118875,1160.0,0.3529598733950617,3.7777777777777777
SH00007260,DS005,2026-07-10,9.0,R_DS005_083,9.0,50.325189966666656,78.99661855,305.0,0.09319479623456788,1.0
SH00007261,DS005,2026-07-10,9.0,R_DS005_084,32.0,188.54607785,280.02464926666676,1085.0,0.3491594034259259,3.5555555555555554
SH00007262,DS005,2026-07-10,9.0,R_DS005_085,1.0,8.0943553,11.672926716666666,30.0,0.014989546851851852,0.1111111111111111
SH00007263,DS005,2026-07-10,8.75,R_DS005_086,7.0,42.837118933333336,62.9585475,230.0,0.08159451225396826,0.8
SH00007264,DS005,2026-07-10,9.0,R_DS005_087,34.0,197.61810735000003,292.5895358833334,1155.0,0.36595945805555563,3.7777777777777777
SH00007265,DS005,2026-07-10,9.0,R_DS005_088,2.0,14.87517135,21.839457066666668,60.0,0.02754661361111111,0.2222222222222222
SH00007266,DS005,2026-07-10,9.0,R_DS005_090,32.0,190.69182131666668,292.92753558333334,1085.0,0.3531330024382716,3.5555555555555554
SH00007267,DS005,2026-07-10,9.0,R_DS005_092,7.0,40.33027271666666,62.27312986666667,235.0,0.07468569021604937,0.7777777777777778
SH00007268,DS005,2026-07-10,9.0,R_DS005_093,32.0,182.0338365,277.28383649999995,1090.0,0.3370996972222222,3.5555555555555554
SH00007269,DS005,2026-07-10,8.116666666666667,R_DS005_094,2.0,7.905991616666666,11.3774202,60.0,0.01623406902806297,0.2464065708418891
SH00007270,DS005,2026-07-10,8.566666666666666,R_DS005_095,6.0,34.82063178333333,51.85634606666667,200.0,0.06774441981193255,0.7003891050583658
SH00007271,DS005,2026-07-10,0.0,,0.0,0.0,0.0,0.0,0.0,0.0
SH00007272,DS005,2026-07-10,9.0,R_DS005_098,5.0,28.216059116666663,41.95177338333333,165.0,0.052251961327160486,0.5555555555555556
SH00007273,DS005,2026-07-10,9.0,R_DS005_099,34.0,186.61466943333338,280.3432409,1160.0,0.34558272117283956,3.7777777777777777
SH00007274,DS005,2026-07-10,0.0,,0.0,0.0,0.0,0.0,0.0,0.0
SH00007275,DS005,2026-07-10,9.0,R_DS005_101,4.0,17.322670916666667,26.12981375,135.0,0.03207902021604938,0.4444444444444444
SH00007276,DS005,2026-07-10,8.666666666666666,R_DS005_104,2.0,11.404534,17.59739115,70.0,0.021931796153846154,0.23076923076923078
SH00007277,DS005,2026-07-10,9.0,R_DS005_105,34.0,181.31482536666664,276.0076825,1155.0,0.33576819512345674,3.7777777777777777
SH00007278,DS005,2026-07-10,9.0,R_DS005_106,1.0,6.538905683333334,9.646048533333333,30.0,0.012109084598765432,0.1111111111111111
SH00007279,DS005,2026-07-10,9.0,R_DS005_107,1.0,4.1398378,6.775552083333333,35.0,0.007666366296296296,0.1111111111111111
SH00007280,DS005,2026-07-10,8.066666666666666,R_DS005_108,31.0,183.33076028333335,274.05933165,1055.0,0.37878256256887055,3.8429752066115705
SH00007281,DS005,2026-07-10,9.0,,0.0,0.0,0.0,0.0,0.0,0.0
SH00007282,DS005,2026-07-10,9.0,R_DS005_111,29.0,170.7050976,255.19795476666667,1000.0,0.3161205511111111,3.2222222222222223
SH00007283,DS005,2026-07-10,9.0,,0.0,0.0,0.0,0.0,0.0,0.0
SH00007284,DS005,2026-07-10,9.0,R_DS005_113,1.0,8.486210616666666,12.321924899999999,35.0,0.01571520484567901,0.1111111111111111
SH00007285,DS005,2026-07-10,9.0,,0.0,0.0,0.0,0.0,0.0,0.0
SH00007286,DS005,2026-07-10,9.0,R_DS005_116,1.0,5.726664466666667,8.319521616666666,35.0,0.010604934197530865,0.1111111111111111
SH00007287,DS005,2026-07-10,9.0,,0.0,0.0,0.0,0.0,0.0,0.0
SH00007288,DS005,2026-07-10,9.0,R_DS005_119,1.0,5.153277933333333,7.3604208,35.0,0.009543107283950617,0.1111111111111111
SH00007289,DS005,2026-07-10,9.0,R_DS005_120,31.0,177.17896340000001,262.59324911666664,1065.0,0.3281091914814815,3.4444444444444446
SH00007290,DS005,2026-07-10,0.0,,0.0,0.0,0.0,0.0,0.0,0.0
SH00007291,DS005,2026-07-10,8.333333333333334,R_DS005_122,1.0,4.683288383333333,6.076145533333333,35.0,0.009366576766666666,0.12
SH00007292,DS005,2026-07-10,0.0,,0.0,0.0,0.0,0.0,0.0,0.0
SH00007293,DS005,2026-07-10,0.0,,0.0,0.0,0.0,0.0,0.0,0.0
SH00007294,DS005,2026-07-10,8.633333333333333,R_DS005_126,32.0,174.72981351666664,263.78695633333336,1100.0,0.33731624231016727,3.7065637065637067
SH00007295,DS005,2026-07-10,9.0,,0.0,0.0,0.0,0.0,0.0,0.0
SH00007296,DS005,2026-07-10,9.0,R_DS005_128,1.0,4.891081066666667,7.2696525,35.0,0.009057557530864197,0.1111111111111111
SH00007297,DS005,2026-07-10,0.0,,0.0,0.0,0.0,0.0,0.0,0.0
SH00007298,DS005,2026-07-10,9.0,,0.0,0.0,0.0,0.0,0.0,0.0
SH00007299,DS005,2026-07-10,9.0,R_DS005_132,28.0,174.0329783666667,264.0758355,960.0,0.322283293271605,3.111111111111111
SH00007300,DS005,2026-07-10,9.0,,0.0,0.0,0.0,0.0,0.0,0.0
SH00007301,DS005,2026-07-10,9.0,R_DS005_135,28.0,169.72470391666667,258.97470388333335,960.0,0.3143050072530864,3.111111111111111
SH00007333,DS001,2026-07-11,9.0,R_DS001_001,32.0,199.9392032333333,300.7177746666667,960.0,0.37025778376543206,3.5555555555555554
SH00007334,DS001,2026-07-11,9.0,R_DS001_002,52.0,266.45066691666665,402.0506669333335,1620.0,0.49342716095679007,5.777777777777778
SH00007335,DS001,2026-07-11,9.0,R_DS001_003,49.0,297.32496755,445.66425325,1625.0,0.5506017917592593,5.444444444444445
SH00007336,DS001,2026-07-11,9.0,R_DS001_004,31.0,174.50284426666673,259.7671299666667,930.0,0.3231534153086421,3.4444444444444446
SH00007337,DS001,2026-07-11,9.0,R_DS001_005,46.0,272.2839566,408.8482423166665,1435.0,0.5042295492592592,5.111111111111111
SH00007338,DS001,2026-07-11,9.0,R_DS001_007,25.0,159.86207006666666,240.99064148333332,750.0,0.29604087049382716,2.7777777777777777
SH00007339,DS001,2026-07-11,9.0,R_DS001_008,44.0,271.67997015000003,407.40854160000004,1370.0,0.5031110558333334,4.888888888888889
SH00007340,DS001,2026-07-11,9.0,R_DS001_009,48.0,287.7875875833334,425.76615905,1600.0,0.5329399770061729,5.333333333333333
SH00007341,DS001,2026-07-11,9.0,R_DS001_010,26.0,144.4120818333333,208.46208186666667,780.0,0.26742978117283944,2.888888888888889
SH00007342,DS001,2026-07-11,8.55,R_DS001_012,48.0,276.1425148833334,418.49251490000006,1590.0,0.5382895026965563,5.614035087719298
SH00007343,DS001,2026-07-11,9.0,R_DS001_014,43.0,263.5147241499999,394.5932955833333,1345.0,0.4879902299074072,4.777777777777778
SH00007344,DS001,2026-07-11,9.0,R_DS001_016,21.0,115.55505923333334,171.1622021,630.0,0.21399085043209878,2.3333333333333335
SH00007345,DS001,2026-07-11,8.45,R_DS001_018,44.0,261.2551961833333,399.87662473333353,1470.0,0.515296244937541,5.207100591715977
SH00007346,DS001,2026-07-11,9.0,R_DS001_019,12.0,60.764486466666675,93.18591498333333,360.0,0.11252682679012348,1.3333333333333333
SH00007347,DS001,2026-07-11,9.0,R_DS001_021,47.0,266.5413044833333,393.20559018333336,1555.0,0.4935950083024691,5.222222222222222
SH00007348,DS001,2026-07-11,0.0,,0.0,0.0,0.0,0.0,0.0,0.0
SH00007349,DS001,2026-07-11,9.0,R_DS001_023,43.0,249.6844814,382.3701956333333,1350.0,0.4623786692592593,4.777777777777778
SH00007350,DS001,2026-07-11,9.0,R_DS001_024,47.0,253.30895316666678,388.2018102666666,1550.0,0.4690906540123459,5.222222222222222
SH00007351,DS001,2026-07-11,0.0,,0.0,0.0,0.0,0.0,0.0,0.0
SH00007352,DS001,2026-07-11,9.0,R_DS001_026,43.0,263.0474174833334,392.62598891666664,1340.0,0.4871248471913581,4.777777777777778
SH00007353,DS001,2026-07-11,9.0,R_DS001_029,43.0,254.78637173333334,380.4220859999999,1345.0,0.47182661432098766,4.777777777777778
SH00007354,DS001,2026-07-11,8.5,R_DS001_030,44.0,257.6714196833333,383.9071340333333,1460.0,0.5052380778104574,5.176470588235294
SH00007355,DS001,2026-07-11,9.0,R_DS001_031,11.0,62.86950743333334,95.46236458333333,330.0,0.11642501376543211,1.2222222222222223
SH00007356,DS001,2026-07-11,0.0,,0.0,0.0,0.0,0.0,0.0,0.0
SH00007357,DS001,2026-07-11,9.0,R_DS001_033,48.0,268.17264490000014,400.3012162499999,1590.0,0.4966160090740743,5.333333333333333
SH00007358,DS001,2026-07-11,9.0,R_DS001_035,44.0,243.77260486666668,362.1011763333334,1370.0,0.45143074975308645,4.888888888888889
SH00007359,DS001,2026-07-11,9.0,R_DS001_037,7.0,41.24960406666666,61.73531835,210.0,0.07638815567901235,0.7777777777777778
SH00007360,DS001,2026-07-11,9.0,R_DS001_039,45.0,266.3459112166667,396.8887683999999,1480.0,0.49323316891975316,5.0
SH00007361,DS001,2026-07-11,0.0,,0.0,0.0,0.0,0.0,0.0,0.0
SH00007362,DS001,2026-07-11,8.616666666666667,R_DS001_042,44.0,253.24866579999997,379.54866585,1455.0,0.4898426804642166,5.106382978723404
SH00007363,DS001,2026-07-11,9.0,R_DS001_043,7.0,40.9417639,62.71319246666666,210.0,0.07581808129629629,0.7777777777777778
SH00007364,DS001,2026-07-11,0.0,,0.0,0.0,0.0,0.0,0.0,0.0
SH00007365,DS001,2026-07-11,9.0,R_DS001_045,43.0,260.01452169999993,387.27880741666667,1425.0,0.4815083735185184,4.777777777777778
SH00007366,DS001,2026-07-11,0.0,,0.0,0.0,0.0,0.0,0.0,0.0
SH00007367,DS001,2026-07-11,9.0,R_DS001_047,43.0,249.1534512666666,375.8177369499999,1345.0,0.46139528012345665,4.777777777777778
SH00007368,DS001,2026-07-11,9.0,R_DS001_049,4.0,23.428383633333333,34.785526483333335,120.0,0.04338589561728395,0.4444444444444444
SH00007369,DS001,2026-07-11,9.0,R_DS001_050,43.0,239.72126771666666,355.67126779999995,1350.0,0.4439282735493827,4.777777777777778
SH00007370,DS001,2026-07-11,9.0,R_DS001_051,46.0,264.48818371666664,393.2738980666667,1525.0,0.48979293280864195,5.111111111111111
SH00007371,DS001,2026-07-11,0.0,,0.0,0.0,0.0,0.0,0.0,0.0
SH00007372,DS001,2026-07-11,9.0,R_DS001_053,39.0,228.76676188333337,345.9381904833333,1220.0,0.42364215163580254,4.333333333333333
SH00007373,DS001,2026-07-11,9.0,R_DS001_054,40.0,239.66252625000004,363.776812,1335.0,0.4438194930555556,4.444444444444445
SH00007374,DS001,2026-07-11,9.0,R_DS001_056,41.0,232.71256375000002,344.0339923499999,1280.0,0.4309491921296297,4.555555555555555
SH00007375,DS001,2026-07-11,9.0,R_DS001_057,42.0,242.64230048333332,367.5280147833333,1395.0,0.4493375934876543,4.666666666666667
SH00007376,DS001,2026-07-11,8.216666666666667,,0.0,0.0,0.0,0.0,0.0,0.0
SH00007377,DS001,2026-07-11,9.0,R_DS001_059,38.0,219.02938533333335,330.47938538333324,1195.0,0.4056099728395062,4.222222222222222
SH00007378,DS001,2026-07-11,9.0,R_DS001_060,39.0,223.43833875000004,332.6383386500001,1305.0,0.41377470138888894,4.333333333333333
SH00007379,DS001,2026-07-11,9.0,,0.0,0.0,0.0,0.0,0.0,0.0
SH00007380,DS001,2026-07-11,0.0,,0.0,0.0,0.0,0.0,0.0,0.0
SH00007381,DS001,2026-07-11,8.55,,0.0,0.0,0.0,0.0,0.0,0.0
SH00007382,DS001,2026-07-11,0.0,,0.0,0.0,0.0,0.0,0.0,0.0
SH00007383,DS001,2026-07-11,9.0,R_DS001_068,36.0,208.89524546666664,316.2738168666666,1130.0,0.3868430471604938,4.0
SH00007384,DS001,2026-07-11,9.0,,0.0,0.0,0.0,0.0,0.0,0.0
SH00007385,DS001,2026-07-11,9.0,R_DS001_071,37.0,211.6633905833333,317.30624765000005,1165.0,0.3919692418209876,4.111111111111111
SH00007386,DS001,2026-07-11,9.0,R_DS001_072,39.0,224.9685542166667,339.58998275,1300.0,0.41660843373456796,4.333333333333333
SH00007387,DS001,2026-07-11,9.0,,0.0,0.0,0.0,0.0,0.0,0.0
SH00007388,DS001,2026-07-11,9.0,R_DS001_074,38.0,205.46162054999996,308.21162061666655,1200.0,0.38048448249999994,4.222222222222222
SH00007389,DS001,2026-07-11,9.0,R_DS001_078,42.0,225.3177678166667,340.43205346666656,1405.0,0.4172551255864198,4.666666666666667
SH00007390,DS001,2026-07-11,0.0,,0.0,0.0,0.0,0.0,0.0,0.0
SH00007391,DS001,2026-07-11,9.0,R_DS001_080,35.0,203.01632048333332,306.83774908333334,1105.0,0.37595614904320984,3.888888888888889
SH00007392,DS001,2026-07-11,9.0,R_DS001_081,42.0,228.6130663666667,344.47735208333336,1405.0,0.42335753030864204,4.666666666666667
SH00007393,DS001,2026-07-11,9.0,,0.0,0.0,0.0,0.0,0.0,0.0
SH00007394,DS001,2026-07-11,0.0,,0.0,0.0,0.0,0.0,0.0,0.0
SH00007395,DS001,2026-07-11,9.0,,0.0,0.0,0.0,0.0,0.0,0.0
SH00007396,DS001,2026-07-11,9.0,R_DS001_086,32.0,201.95307053333332,300.31021339999995,1010.0,0.37398716765432094,3.5555555555555554
SH00007397,DS001,2026-07-11,9.0,R_DS001_087,38.0,219.704592,330.3831634833333,1280.0,0.40686035555555555,4.222222222222222
SH00007398,DS001,2026-07-11,9.0,,0.0,0.0,0.0,0.0,0.0,0.0
SH00007399,DS001,2026-07-11,8.1,R_DS001_089,35.0,199.15680120000007,298.8639440166666,1100.0,0.40978765679012363,4.320987654320988
SH00007400,DS001,2026-07-11,9.0,,0.0,0.0,0.0,0.0,0.0,0.0
SH00007401,DS001,2026-07-11,9.0,R_DS001_092,31.0,185.9883423666667,284.45262805000004,980.0,0.344422856234568,3.4444444444444446
SH00007402,DS001,2026-07-11,9.0,R_DS001_093,39.0,218.24547808333332,329.22404946666677,1305.0,0.40415829274691356,4.333333333333333
SH00007403,DS001,2026-07-11,9.0,,0.0,0.0,0.0,0.0,0.0,0.0
SH00007404,DS001,2026-07-11,9.0,R_DS001_095,31.0,178.91904413333327,269.0261869166667,980.0,0.33133156320987645,3.4444444444444446
SH00007405,DS001,2026-07-11,9.0,R_DS001_096,37.0,212.74725264999998,322.4186812333334,1245.0,0.39397639379629623,4.111111111111111
SH00007406,DS001,2026-07-11,9.0,R_DS001_098,31.0,174.86375905,261.1137590833333,990.0,0.3238217760185185,3.4444444444444446
SH00007407,DS001,2026-07-11,9.0,,0.0,0.0,0.0,0.0,0.0,0.0
SH00007408,DS001,2026-07-11,9.0,R_DS001_101,29.0,167.97769193333335,251.84912051666663,925.0,0.3110697998765432,3.2222222222222223
SH00007409,DS001,2026-07-11,9.0,,0.0,0.0,0.0,0.0,0.0,0.0
SH00007410,DS001,2026-07-11,9.0,R_DS001_105,37.0,225.04330995,336.57902423333326,1245.0,0.4167468702777778,4.111111111111111
SH00007411,DS001,2026-07-11,9.0,,0.0,0.0,0.0,0.0,0.0,0.0
SH00007412,DS001,2026-07-11,9.0,R_DS001_107,29.0,187.51660493333338,280.4737477833333,925.0,0.34725297209876554,3.2222222222222223
SH00007413,DS001,2026-07-11,0.0,,0.0,0.0,0.0,0.0,0.0,0.0
SH00007414,DS001,2026-07-11,9.0,R_DS001_110,27.0,166.59082053333336,249.00510620000003,860.0,0.3085015195061729,3.0
SH00007415,DS001,2026-07-11,9.0,,0.0,0.0,0.0,0.0,0.0,0.0
SH00007416,DS001,2026-07-11,9.0,R_DS001_113,27.0,165.47980700000002,252.11552129999995,865.0,0.30644408703703707,3.0
SH00007417,DS001,2026-07-11,0.0,,0.0,0.0,0.0,0.0,0.0,0.0
SH00007418,DS001,2026-07-11,9.0,R_DS001_117,40.0,222.8755961666667,327.14702471666664,1340.0,0.41273258549382724,4.444444444444445
SH00007419,DS001,2026-07-11,9.0,R_DS001_119,27.0,165.43801391666665,248.02372825000006,860.0,0.3063666924382716,3.0
SH00007420,DS001,2026-07-11,9.0,R_DS001_120,38.0,223.1196415166667,337.4410701000001,1280.0,0.41318452132716055,4.222222222222222
SH00007421,DS001,2026-07-11,0.0,,0.0,0.0,0.0,0.0,0.0,0.0
SH00007422,DS001,2026-07-11,0.0,,0.0,0.0,0.0,0.0,0.0,0.0
SH00007423,DS001,2026-07-11,9.0,,0.0,0.0,0.0,0.0,0.0,0.0
SH00007424,DS001,2026-07-11,0.0,,0.0,0.0,0.0,0.0,0.0,0.0
SH00007425,DS001,2026-07-11,9.0,R_DS001_129,39.0,225.43688488333333,333.13688486666666,1305.0,0.4174757127469136,4.333333333333333
SH00007426,DS001,2026-07-11,9.0,R_DS001_131,29.0,165.03749651666666,240.72321079999998,930.0,0.3056249935493827,3.2222222222222223
SH00007427,DS001,2026-07-11,9.0,,0.0,0.0,0.0,0.0,0.0,0.0
SH00007428,DS001,2026-07-11,9.0,R_DS001_134,24.0,148.8032699,225.6032699333333,765.0,0.27556161092592596,2.6666666666666665
SH00007429,DS001,2026-07-11,9.0,,0.0,0.0,0.0,0.0,0.0,0.0
SH00007430,DS001,2026-07-11,9.0,R_DS001_138,37.0,218.42963566666666,331.3367785,1250.0,0.40449932530864197,4.111111111111111
SH00007431,DS001,2026-07-11,9.0,R_DS001_140,25.0,148.4546509833333,219.49036525,795.0,0.27491602033950613,2.7777777777777777
SH00007432,DS001,2026-07-11,9.0,R_DS001_141,36.0,211.85911586666666,321.7876873333334,1205.0,0.39233169604938267,4.0
SH00007433,DS001,2026-07-11,9.0,,0.0,0.0,0.0,0.0,0.0,0.0
SH00007434,DS001,2026-07-11,9.0,R_DS001_143,25.0,150.43254548333334,224.12540263333335,800.0,0.2785787879320988,2.7777777777777777
SH00007435,DS001,2026-07-11,9.0,,0.0,0.0,0.0,0.0,0.0,0.0
SH00007436,DS001,2026-07-11,9.0,R_DS001_147,34.0,212.66394488333327,318.60680206666666,1145.0,0.3938221201543209,3.7777777777777777
SH00007437,DS001,2026-07-11,9.0,,0.0,0.0,0.0,0.0,0.0,0.0
SH00007438,DS001,2026-07-11,9.0,R_DS001_149,27.0,146.7834771833333,219.04062000000005,870.0,0.27182125404320984,3.0
SH00007439,DS001,2026-07-11,9.0,R_DS001_150,39.0,216.83278995000006,323.76136145,1315.0,0.4015422036111112,4.333333333333333
SH00007440,DS001,2026-07-11,8.366666666666667,,0.0,0.0,0.0,0.0,0.0,0.0
SH00007441,DS001,2026-07-11,9.0,R_DS001_152,22.0,136.46639448333332,202.85210878333336,705.0,0.25271554533950613,2.4444444444444446
SH00007442,DS001,2026-07-11,9.0,,0.0,0.0,0.0,0.0,0.0,0.0
SH00007443,DS001,2026-07-11,0.0,,0.0,0.0,0.0,0.0,0.0,0.0
SH00007444,DS001,2026-07-11,8.683333333333334,R_DS001_156,33.0,209.9089981,314.1589980833333,1110.0,0.4028963495201535,3.800383877159309
SH00007445,DS001,2026-07-11,9.0,,0.0,0.0,0.0,0.0,0.0,0.0
SH00007446,DS001,2026-07-11,9.0,R_DS001_158,20.0,114.95602018333334,175.70602019999998,640.0,0.2128815188580247,2.2222222222222223
SH00007447,DS001,2026-07-11,9.0,R_DS001_159,34.0,205.51108314999993,309.3753688833333,1150.0,0.38057607990740727,3.7777777777777777
SH00007448,DS001,2026-07-11,9.0,R_DS001_161,20.0,117.04542079999999,176.72399224999998,655.0,0.21675077925925923,2.2222222222222223
SH00007449,DS001,2026-07-11,9.0,R_DS001_162,36.0,206.7659743833333,310.63025999999985,1215.0,0.3828999525617283,4.0
SH00007450,DS001,2026-07-11,9.0,,0.0,0.0,0.0,0.0,0.0,0.0
SH00007451,DS001,2026-07-11,8.566666666666666,R_DS001_165,35.0,190.32016768333332,292.0415962166667,1185.0,0.370272699773022,4.085603112840467
SH00007481,DS002,2026-07-11,9.0,R_DS002_001,31.0,206.23798048333333,312.9094090666667,930.0,0.3819221860802469,3.4444444444444446
SH00007482,DS002,2026-07-11,9.0,R_DS002_003,45.0,293.06606055000003,452.8374890166666,1490.0,0.5427149269444445,5.0
SH00007483,DS002,2026-07-11,9.0,R_DS002_005,46.0,306.05785824999987,463.38642966666663,1445.0,0.5667738115740738,5.111111111111111
SH00007484,DS002,2026-07-11,8.266666666666667,R_DS002_007,25.0,171.35026198333333,264.9074048333333,750.0,0.3454642378696236,3.0241935483870965
SH00007485,DS002,2026-07-11,9.0,R_DS002_008,47.0,293.2253141833333,450.46817131666666,1475.0,0.5430098410802469,5.222222222222222
SH00007486,DS002,2026-07-11,9.0,R_DS002_011,46.0,296.81437878333344,457.95723591666666,1450.0,0.549656257006173,5.111111111111111
SH00007487,DS002,2026-07-11,0.0,,0.0,0.0,0.0,0.0,0.0,0.0
SH00007488,DS002,2026-07-11,9.0,R_DS002_015,43.0,295.36488806666677,452.9184594833333,1430.0,0.5469720149382717,4.777777777777778
SH00007489,DS002,2026-07-11,9.0,R_DS002_017,46.0,285.52465176666664,438.58893750000004,1440.0,0.5287493551234568,5.111111111111111
SH00007490,DS002,2026-07-11,9.0,R_DS002_018,46.0,280.20024264999995,433.39309980000013,1525.0,0.5188893382407407,5.111111111111111
SH00007491,DS002,2026-07-11,9.0,R_DS002_019,27.0,182.64563991666665,276.9527827499999,810.0,0.3382326665123457,3.0
SH00007492,DS002,2026-07-11,9.0,R_DS002_021,44.0,282.12183683333336,435.15397974999996,1465.0,0.5224478459876544,4.888888888888889
SH00007493,DS002,2026-07-11,9.0,R_DS002_022,22.0,146.59062001666666,223.79776288333335,660.0,0.2714641111419753,2.4444444444444446
SH00007494,DS002,2026-07-11,9.0,R_DS002_023,44.0,298.27199814999994,451.35771251666665,1380.0,0.5523555521296295,4.888888888888889
SH00007495,DS002,2026-07-11,9.0,R_DS002_024,43.0,287.93483948333335,437.01341095,1425.0,0.5332126657098766,4.777777777777778
SH00007496,DS002,2026-07-11,9.0,R_DS002_025,20.0,131.2480327,201.6194612666667,600.0,0.24305191240740742,2.2222222222222223
SH00007497,DS002,2026-07-11,9.0,R_DS002_026,42.0,288.21078331666666,446.5679261833334,1315.0,0.533723672808642,4.666666666666667
SH00007498,DS002,2026-07-11,9.0,R_DS002_028,15.0,94.17319138333332,142.06604851666668,450.0,0.17439479885802467,1.6666666666666667
SH00007499,DS002,2026-07-11,9.0,R_DS002_029,44.0,282.07992808333336,426.4442137666667,1385.0,0.5223702371913581,4.888888888888889
SH00007500,DS002,2026-07-11,9.0,R_DS002_032,45.0,285.54950534999995,439.49236251666656,1420.0,0.5287953802777777,5.0
SH00007501,DS002,2026-07-11,9.0,R_DS002_033,46.0,279.3098832666667,426.57774040000015,1525.0,0.5172405245679013,5.111111111111111
SH00007502,DS002,2026-07-11,9.0,R_DS002_035,42.0,278.1609418333333,421.4537988666667,1315.0,0.5151128552469135,4.666666666666667
SH00007503,DS002,2026-07-11,9.0,R_DS002_036,42.0,282.76035366666673,431.18535365,1390.0,0.5236302845679014,4.666666666666667
SH00007504,DS002,2026-07-11,9.0,R_DS002_037,10.0,74.88783078333334,112.58068788333334,300.0,0.13868116811728395,1.1111111111111112
SH00007505,DS002,2026-07-11,9.0,R_DS002_038,46.0,278.6249242666667,417.3749242166667,1450.0,0.5159720819753087,5.111111111111111
SH00007506,DS002,2026-07-11,9.0,R_DS002_039,38.0,273.4255998,422.3327427000001,1260.0,0.5063437033333333,4.222222222222222
SH00007507,DS002,2026-07-11,9.0,R_DS002_040,8.0,47.002342,71.36662770000001,240.0,0.08704137407407407,0.8888888888888888
SH00007508,DS002,2026-07-11,9.0,R_DS002_042,38.0,274.39108078333334,414.09465223333353,1255.0,0.508131631080247,4.222222222222222
SH00007509,DS002,2026-07-11,8.333333333333334,R_DS002_043,4.0,23.367609733333335,39.35332398333333,120.0,0.046735219466666665,0.48
SH00007510,DS002,2026-07-11,0.0,,0.0,0.0,0.0,0.0,0.0,0.0
SH00007511,DS002,2026-07-11,9.0,R_DS002_045,44.0,252.91853250000003,384.6185325333333,1445.0,0.4683676527777778,4.888888888888889
SH00007512,DS002,2026-07-11,9.0,R_DS002_046,2.0,9.820685216666668,15.927828066666667,60.0,0.018186454104938275,0.2222222222222222
SH00007513,DS002,2026-07-11,9.0,R_DS002_047,44.0,270.2493807666667,408.4636665,1380.0,0.500461816234568,4.888888888888889
SH00007514,DS002,2026-07-11,9.0,R_DS002_049,1.0,9.356225516666665,15.120511233333334,30.0,0.017326343549382714,0.1111111111111111
SH00007515,DS002,2026-07-11,9.0,R_DS002_050,41.0,258.26755818333334,397.06041535000014,1300.0,0.47827325589506176,4.555555555555555
SH00007516,DS002,2026-07-11,9.0,R_DS002_053,40.0,259.6856994666667,395.9071280166668,1270.0,0.48089944345679014,4.444444444444445
SH00007517,DS002,2026-07-11,9.0,R_DS002_054,40.0,258.3663187166667,394.4163188166668,1315.0,0.47845614577160495,4.444444444444445
SH00007518,DS002,2026-07-11,8.833333333333334,R_DS002_056,40.0,274.55649416666665,420.74220848333323,1270.0,0.5180311210691824,4.528301886792453
SH00007519,DS002,2026-07-11,9.0,R_DS002_057,39.0,245.15528068333333,379.2338521333333,1290.0,0.45399126052469135,4.333333333333333
SH00007520,DS002,2026-07-11,9.0,R_DS002_058,1.0,5.2772742500000005,7.14155995,30.0,0.009772730092592594,0.1111111111111111
SH00007521,DS002,2026-07-11,0.0,,0.0,0.0,0.0,0.0,0.0,0.0
SH00007522,DS002,2026-07-11,9.0,R_DS002_060,39.0,244.10881591666669,370.2159588,1290.0,0.452053362808642,4.333333333333333
SH00007523,DS002,2026-07-11,9.0,R_DS002_061,1.0,6.64436015,10.480074433333334,30.0,0.012304370648148148,0.1111111111111111
SH00007524,DS002,2026-07-11,9.0,R_DS002_063,38.0,236.46061673333338,370.02490249999994,1260.0,0.4378900309876544,4.222222222222222
SH00007525,DS002,2026-07-11,9.0,R_DS002_064,1.0,5.844563233333333,8.758848949999999,30.0,0.01082326524691358,0.1111111111111111
SH00007526,DS002,2026-07-11,9.0,R_DS002_065,39.0,242.0852831833333,375.9924260333334,1235.0,0.44830607996913574,4.333333333333333
SH00007527,DS002,2026-07-11,9.0,R_DS002_066,36.0,253.58553240000003,387.9855324166666,1190.0,0.46960283777777784,4.0
SH00007528,DS002,2026-07-11,9.0,R_DS002_067,1.0,7.930016566666667,12.194302283333334,30.0,0.014685215864197531,0.1111111111111111
SH00007529,DS002,2026-07-11,9.0,R_DS002_070,1.0,8.672776516666666,14.65134795,30.0,0.01606069725308642,0.1111111111111111
SH00007530,DS002,2026-07-11,0.0,,0.0,0.0,0.0,0.0,0.0,0.0
SH00007531,DS002,2026-07-11,9.0,R_DS002_075,38.0,235.56861045,363.0043246666666,1265.0,0.4362381675,4.222222222222222
SH00007532,DS002,2026-07-11,0.0,,0.0,0.0,0.0,0.0,0.0,0.0
SH00007533,DS002,2026-07-11,9.0,R_DS002_078,35.0,225.8609479,344.74666219999995,1165.0,0.41826101462962967,3.888888888888889
SH00007534,DS002,2026-07-11,9.0,R_DS002_080,40.0,244.25594935,371.84166361666666,1265.0,0.4523258321296296,4.444444444444445
SH00007535,DS002,2026-07-11,9.0,R_DS002_081,34.0,232.66304801666664,357.9344766166667,1130.0,0.4308574963271604,3.7777777777777777
SH00007536,DS002,2026-07-11,0.0,,0.0,0.0,0.0,0.0,0.0,0.0
SH00007537,DS002,2026-07-11,9.0,R_DS002_084,37.0,224.47878183333336,337.4287818333333,1235.0,0.41570144783950624,4.111111111111111
SH00007538,DS002,2026-07-11,9.0,R_DS002_085,1.0,6.596296833333333,11.3534397,30.0,0.01221536450617284,0.1111111111111111
SH00007539,DS002,2026-07-11,9.0,R_DS002_086,37.0,242.49871471666665,369.09871465,1170.0,0.44907169391975305,4.111111111111111
SH00007540,DS002,2026-07-11,9.0,R_DS002_087,33.0,237.9452173,362.29521733333337,1100.0,0.4406392912962963,3.6666666666666665
SH00007541,DS002,2026-07-11,9.0,R_DS002_088,1.0,6.31026405,9.695978333333333,30.0,0.011685674166666667,0.1111111111111111
SH00007542,DS002,2026-07-11,8.733333333333333,R_DS002_089,36.0,234.2108408833333,358.47512665000005,1145.0,0.4469672535941475,4.122137404580153
SH00007543,DS002,2026-07-11,9.0,R_DS002_091,1.0,6.91970695,9.598278383333334,30.0,0.01281427212962963,0.1111111111111111
SH00007544,DS002,2026-07-11,9.0,R_DS002_092,38.0,241.42715395,360.54858248333346,1210.0,0.4470873221296296,4.222222222222222
SH00007545,DS002,2026-07-11,9.0,R_DS002_093,34.0,218.4704095,332.10612380000003,1135.0,0.4045748324074074,3.7777777777777777
SH00007546,DS002,2026-07-11,9.0,R_DS002_094,1.0,8.408265716666667,12.6296943,30.0,0.015570862438271606,0.1111111111111111
SH00007547,DS002,2026-07-11,9.0,R_DS002_096,31.0,224.85198690000004,339.32341544999997,1040.0,0.41639256833333343,3.4444444444444446
SH00007548,DS002,2026-07-11,8.733333333333333,R_DS002_098,36.0,232.05748898333334,355.67891749999995,1135.0,0.4428578034033079,4.122137404580153
SH00007549,DS002,2026-07-11,9.0,R_DS002_099,30.0,210.7399281,323.0256423833334,1005.0,0.3902591261111111,3.3333333333333335
SH00007550,DS002,2026-07-11,9.0,R_DS002_100,1.0,3.9063927166666668,5.749249866666667,30.0,0.0072340605864197535,0.1111111111111111
SH00007551,DS002,2026-07-11,9.0,R_DS002_101,33.0,219.7134435,337.1634434833333,1045.0,0.4068767472222222,3.6666666666666665
SH00007552,DS002,2026-07-11,9.0,R_DS002_102,30.0,204.16941575000004,311.3979871666667,1015.0,0.3780915106481482,3.3333333333333335
SH00007553,DS002,2026-07-11,8.8,R_DS002_105,31.0,201.50583123333334,312.16297410000004,1045.0,0.3816398318813131,3.5227272727272725
SH00007554,DS002,2026-07-11,9.0,R_DS002_106,1.0,9.027155833333333,14.277155833333333,30.0,0.016716955246913582,0.1111111111111111
SH00007555,DS002,2026-07-11,9.0,R_DS002_107,34.0,230.15406243333334,350.0897767166667,1080.0,0.42621122672839507,3.7777777777777777
SH00007556,DS002,2026-07-11,8.683333333333334,R_DS002_108,30.0,188.02678616666668,288.6339290166667,1015.0,0.36089594273832376,3.45489443378119
SH00007557,DS002,2026-07-11,8.633333333333333,,0.0,0.0,0.0,0.0,0.0,0.0
SH00007558,DS002,2026-07-11,0.0,,0.0,0.0,0.0,0.0,0.0,0.0
SH00007559,DS002,2026-07-11,9.0,R_DS002_112,1.0,5.1819582833333335,8.717672566666666,30.0,0.009596219043209876,0.1111111111111111
SH00007560,DS002,2026-07-11,9.0,R_DS002_113,35.0,217.0357496166667,334.3786067,1120.0,0.40191805484567905,3.888888888888889
SH00007561,DS002,2026-07-11,9.0,R_DS002_114,30.0,196.30953624999995,291.02382196666673,1020.0,0.36353617824074064,3.3333333333333335
SH00007562,DS002,2026-07-11,8.316666666666666,R_DS002_115,1.0,7.78298015,12.561551566666667,30.0,0.015597154609218438,0.12024048096192386
SH00007563,DS002,2026-07-11,0.0,,0.0,0.0,0.0,0.0,0.0,0.0
SH00007564,DS002,2026-07-11,9.0,R_DS002_117,29.0,184.6073222166667,280.11446508333336,980.0,0.34186541151234573,3.2222222222222223
SH00007565,DS002,2026-07-11,9.0,R_DS002_119,33.0,219.20903133333337,337.70903128333333,1055.0,0.405942650617284,3.6666666666666665
SH00007566,DS002,2026-07-11,9.0,R_DS002_120,31.0,187.17145335,292.7500248,1050.0,0.3466138025,3.4444444444444446
SH00007567,DS002,2026-07-11,9.0,R_DS002_122,35.0,223.53854306666665,343.6028286666666,1115.0,0.4139602649382716,3.888888888888889
SH00007568,DS002,2026-07-11,9.0,R_DS002_123,29.0,186.77230233333327,288.19373096666664,980.0,0.3458746339506172,3.2222222222222223
SH00007569,DS002,2026-07-11,0.0,,0.0,0.0,0.0,0.0,0.0,0.0
SH00007570,DS002,2026-07-11,0.0,,0.0,0.0,0.0,0.0,0.0,0.0
SH00007571,DS002,2026-07-11,9.0,R_DS002_127,1.0,4.964655716666667,7.278941433333333,30.0,0.00919380688271605,0.1111111111111111
SH00007572,DS002,2026-07-11,8.466666666666667,R_DS002_129,28.0,178.20097721666667,274.35097723333337,950.0,0.3507893252296588,3.3070866141732282
SH00007573,DS002,2026-07-11,9.0,,0.0,0.0,0.0,0.0,0.0,0.0
SH00007574,DS002,2026-07-11,9.0,R_DS002_131,35.0,217.4545523,332.2474094000001,1120.0,0.40269361537037035,3.888888888888889
SH00007575,DS002,2026-07-11,9.0,,0.0,0.0,0.0,0.0,0.0,0.0
SH00007576,DS002,2026-07-11,9.0,R_DS002_135,29.0,183.25260968333333,284.2240382833334,980.0,0.33935668459876545,3.2222222222222223
SH00007577,DS002,2026-07-11,9.0,,0.0,0.0,0.0,0.0,0.0,0.0
SH00007578,DS002,2026-07-11,9.0,R_DS002_138,27.0,186.8163491833334,292.18063485000005,915.0,0.34595620219135814,3.0
SH00007579,DS002,2026-07-11,9.0,R_DS002_141,30.0,187.4755891833333,289.3470178,1010.0,0.3471770170061728,3.3333333333333335
SH00007580,DS002,2026-07-11,9.0,,0.0,0.0,0.0,0.0,0.0,0.0
SH00007581,DS002,2026-07-11,9.0,R_DS002_143,30.0,221.81878771666672,334.27593054999994,955.0,0.4107755328086421,3.3333333333333335
SH00007582,DS002,2026-07-11,9.0,R_DS002_144,28.0,185.91715971666665,280.502874,945.0,0.34429103651234566,3.111111111111111
SH00007583,DS002,2026-07-11,9.0,,0.0,0.0,0.0,0.0,0.0,0.0
SH00007584,DS002,2026-07-11,9.0,R_DS002_147,29.0,186.0569381166667,279.5926524000001,980.0,0.3445498854012346,3.2222222222222223
SH00007585,DS002,2026-07-11,9.0,,0.0,0.0,0.0,0.0,0.0,0.0
SH00007586,DS002,2026-07-11,9.0,R_DS002_149,33.0,218.18184804999999,330.7247052666667,1055.0,0.40404045935185184,3.6666666666666665
SH00007587,DS002,2026-07-11,0.0,,0.0,0.0,0.0,0.0,0.0,0.0
SH00007588,DS002,2026-07-11,9.0,,0.0,0.0,0.0,0.0,0.0,0.0
SH00007589,DS002,2026-07-11,0.0,,0.0,0.0,0.0,0.0,0.0,0.0
SH00007590,DS002,2026-07-11,9.0,,0.0,0.0,0.0,0.0,0.0,0.0
SH00007619,DS003,2026-07-11,0.0,,0.0,0.0,0.0,0.0,0.0,0.0
SH00007620,DS003,2026-07-11,9.0,R_DS003_002,42.0,272.8573207333333,414.95017785000005,1310.0,0.505291334691358,4.666666666666667
SH00007621,DS003,2026-07-11,9.0,R_DS003_003,46.0,297.05906605000007,448.6340659833333,1540.0,0.5501093815740742,5.111111111111111
SH00007622,DS003,2026-07-11,0.0,,0.0,0.0,0.0,0.0,0.0,0.0
SH00007623,DS003,2026-07-11,9.0,R_DS003_005,42.0,277.0634769,417.39919125000006,1310.0,0.5130805127777778,4.666666666666667
SH00007624,DS003,2026-07-11,9.0,R_DS003_008,44.0,270.38973271666674,416.78973268333334,1375.0,0.5007217272530866,4.888888888888889
SH00007625,DS003,2026-07-11,9.0,R_DS003_009,47.0,291.06272070000006,441.99486360000003,1570.0,0.5390050383333335,5.222222222222222
SH00007626,DS003,2026-07-11,0.0,,0.0,0.0,0.0,0.0,0.0,0.0
SH00007627,DS003,2026-07-11,9.0,R_DS003_011,43.0,266.6196849499999,400.31254213333347,1340.0,0.49374015731481463,4.777777777777778
SH00007628,DS003,2026-07-11,9.0,R_DS003_012,44.0,292.23978481666666,444.4683562499999,1470.0,0.5411847866975309,4.888888888888889
SH00007629,DS003,2026-07-11,9.0,R_DS003_014,42.0,261.8868724666667,393.2440152666667,1315.0,0.4849756897530865,4.666666666666667
SH00007630,DS003,2026-07-11,9.0,R_DS003_015,44.0,279.02959085,437.07601944999993,1465.0,0.516721464537037,4.888888888888889
SH00007631,DS003,2026-07-11,9.0,R_DS003_016,31.0,207.11780158333332,315.0320873,930.0,0.3835514844135802,3.4444444444444446
SH00007632,DS003,2026-07-11,9.0,R_DS003_017,41.0,254.49662545,393.18233965,1285.0,0.47129004712962963,4.555555555555555
SH00007633,DS003,2026-07-11,9.0,R_DS003_018,41.0,274.48112008333334,421.8239772333333,1365.0,0.5082983705246914,4.555555555555555
SH00007634,DS003,2026-07-11,9.0,R_DS003_019,29.0,175.37439890000002,264.9672560833333,870.0,0.3247674053703704,3.2222222222222223
SH00007635,DS003,2026-07-11,9.0,R_DS003_021,43.0,270.48053376666667,414.8019624000002,1420.0,0.500889877345679,4.777777777777778
SH00007636,DS003,2026-07-11,9.0,R_DS003_022,24.0,161.6165524,239.40226665000006,720.0,0.29928991185185183,2.6666666666666665
SH00007637,DS003,2026-07-11,9.0,R_DS003_024,42.0,270.4421770166667,410.09217701666665,1390.0,0.5008188463271606,4.666666666666667
SH00007638,DS003,2026-07-11,9.0,R_DS003_025,19.0,117.88578818333336,178.27150245,570.0,0.21830701515432105,2.111111111111111
SH00007639,DS003,2026-07-11,9.0,R_DS003_026,44.0,258.3831181500001,394.0474038833333,1375.0,0.4784872558333335,4.888888888888889
SH00007640,DS003,2026-07-11,9.0,R_DS003_028,14.0,84.34072574999999,125.35501144999999,420.0,0.15618652916666664,1.5555555555555556
SH00007641,DS003,2026-07-11,9.0,R_DS003_029,43.0,258.7370215166667,401.25845008333323,1335.0,0.47914263243827165,4.777777777777778
SH00007642,DS003,2026-07-11,8.566666666666666,R_DS003_030,41.0,251.91070673333323,388.32499256666665,1355.0,0.49009865123216584,4.785992217898833
SH00007643,DS003,2026-07-11,0.0,,0.0,0.0,0.0,0.0,0.0,0.0
SH00007644,DS003,2026-07-11,9.0,R_DS003_032,40.0,263.52604325,402.04032901666653,1240.0,0.4880111912037037,4.444444444444445
SH00007645,DS003,2026-07-11,9.0,R_DS003_035,42.0,251.24095669999997,382.2552423833334,1310.0,0.46526103092592586,4.666666666666667
SH00007646,DS003,2026-07-11,0.0,,0.0,0.0,0.0,0.0,0.0,0.0
SH00007647,DS003,2026-07-11,9.0,R_DS003_039,44.0,263.27322806666666,398.35894234999995,1455.0,0.48754301493827157,4.888888888888889
SH00007648,DS003,2026-07-11,0.0,,0.0,0.0,0.0,0.0,0.0,0.0
SH00007649,DS003,2026-07-11,0.0,,0.0,0.0,0.0,0.0,0.0,0.0
SH00007650,DS003,2026-07-11,9.0,R_DS003_044,39.0,232.76219345,353.7264791833333,1220.0,0.4310410989814815,4.333333333333333
SH00007651,DS003,2026-07-11,9.0,R_DS003_045,40.0,271.68874783333337,408.7673192666666,1330.0,0.5031273108024692,4.444444444444445
SH00007652,DS003,2026-07-11,9.0,R_DS003_046,9.0,43.80594211666667,65.9416564,270.0,0.08112211503086421,1.0
SH00007653,DS003,2026-07-11,9.0,R_DS003_047,38.0,229.61059581666663,353.9177387,1190.0,0.42520480706790115,4.222222222222222
SH00007654,DS003,2026-07-11,9.0,R_DS003_049,5.0,31.65009261666667,46.17866403333333,150.0,0.058611282623456794,0.5555555555555556
SH00007655,DS003,2026-07-11,9.0,R_DS003_050,37.0,235.45423290000005,353.1185186000001,1165.0,0.4360263572222223,4.111111111111111
SH00007656,DS003,2026-07-11,0.0,,0.0,0.0,0.0,0.0,0.0,0.0
SH00007657,DS003,2026-07-11,0.0,,0.0,0.0,0.0,0.0,0.0,0.0
SH00007658,DS003,2026-07-11,9.0,R_DS003_054,41.0,260.6998132333333,400.02838469999995,1365.0,0.4827774319135802,4.555555555555555
SH00007659,DS003,2026-07-11,0.0,,0.0,0.0,0.0,0.0,0.0,0.0
SH00007660,DS003,2026-07-11,9.0,R_DS003_057,39.0,245.02462920000002,376.25320056666664,1300.0,0.45374931333333335,4.333333333333333
SH00007661,DS003,2026-07-11,9.0,R_DS003_058,2.0,8.290985866666666,13.283843016666665,60.0,0.015353677530864198,0.2222222222222222
SH00007662,DS003,2026-07-11,9.0,R_DS003_059,37.0,223.45214198333338,338.0307133833333,1155.0,0.4138002629320989,4.111111111111111
SH00007663,DS003,2026-07-11,0.0,,0.0,0.0,0.0,0.0,0.0,0.0
SH00007664,DS003,2026-07-11,0.0,,0.0,0.0,0.0,0.0,0.0,0.0
SH00007665,DS003,2026-07-11,8.7,R_DS003_063,39.0,244.44483796666668,370.76626646666665,1305.0,0.4682851302043423,4.482758620689656
SH00007666,DS003,2026-07-11,9.0,R_DS003_064,1.0,5.170303183333333,8.42744605,30.0,0.009574635524691358,0.1111111111111111
SH00007667,DS003,2026-07-11,9.0,R_DS003_065,32.0,214.10556870000002,320.4127115499999,1010.0,0.39649179388888894,3.5555555555555554
SH00007668,DS003,2026-07-11,0.0,,0.0,0.0,0.0,0.0,0.0,0.0
SH00007669,DS003,2026-07-11,8.583333333333334,,0.0,0.0,0.0,0.0,0.0,0.0
SH00007670,DS003,2026-07-11,9.0,R_DS003_068,38.0,209.51508891666666,314.12937466666676,1200.0,0.38799090540123454,4.222222222222222
SH00007671,DS003,2026-07-11,9.0,,0.0,0.0,0.0,0.0,0.0,0.0
SH00007672,DS003,2026-07-11,9.0,R_DS003_071,33.0,202.56803390000002,318.79660536666665,1040.0,0.3751259887037037,3.6666666666666665
SH00007673,DS003,2026-07-11,8.416666666666666,R_DS003_072,37.0,238.79109686666663,366.89109684999994,1235.0,0.4728536571617162,4.396039603960396
SH00007674,DS003,2026-07-11,9.0,,0.0,0.0,0.0,0.0,0.0,0.0
SH00007675,DS003,2026-07-11,8.183333333333334,R_DS003_074,31.0,203.02487853333335,302.2820214,975.0,0.41349262430414124,3.7881873727087574
SH00007676,DS003,2026-07-11,0.0,,0.0,0.0,0.0,0.0,0.0,0.0
SH00007677,DS003,2026-07-11,9.0,R_DS003_077,30.0,199.96151420000007,304.2329427833334,940.0,0.3702991003703705,3.3333333333333335
SH00007678,DS003,2026-07-11,9.0,R_DS003_078,41.0,246.6154490166667,371.0618776,1385.0,0.4566952759567902,4.555555555555555
SH00007679,DS003,2026-07-11,9.0,,0.0,0.0,0.0,0.0,0.0,0.0
SH00007680,DS003,2026-07-11,9.0,R_DS003_080,30.0,179.06396641666666,268.48539495,955.0,0.33159993780864194,3.3333333333333335
SH00007681,DS003,2026-07-11,9.0,R_DS003_081,36.0,224.6016669833333,341.2159526833333,1210.0,0.4159290129320987,4.0
SH00007682,DS003,2026-07-11,9.0,R_DS003_084,37.0,227.82527355000002,345.7038449666667,1245.0,0.42189865472222227,4.111111111111111
SH00007683,DS003,2026-07-11,0.0,,0.0,0.0,0.0,0.0,0.0,0.0
SH00007684,DS003,2026-07-11,9.0,R_DS003_086,28.0,195.72892585000002,291.4932115666667,890.0,0.3624609737962963,3.111111111111111
SH00007685,DS003,2026-07-11,8.366666666666667,R_DS003_087,36.0,219.49074331666665,339.105029,1210.0,0.4372325564077025,4.302788844621514
SH00007686,DS003,2026-07-11,9.0,,0.0,0.0,0.0,0.0,0.0,0.0
SH00007687,DS003,2026-07-11,9.0,R_DS003_089,26.0,171.04936733333335,262.63508164999996,825.0,0.316758087654321,2.888888888888889
SH00007688,DS003,2026-07-11,9.0,,0.0,0.0,0.0,0.0,0.0,0.0
SH00007689,DS003,2026-07-11,8.833333333333334,R_DS003_092,26.0,181.8621885,274.1121885333333,825.0,0.34313620471698114,2.943396226415094
SH00007690,DS003,2026-07-11,9.0,R_DS003_093,38.0,225.6578224333334,340.3435367,1285.0,0.4178848563580248,4.222222222222222
SH00007691,DS003,2026-07-11,9.0,,0.0,0.0,0.0,0.0,0.0,0.0
SH00007692,DS003,2026-07-11,9.0,R_DS003_096,37.0,226.21778766666665,341.4392162499999,1240.0,0.41892182901234565,4.111111111111111
SH00007693,DS003,2026-07-11,9.0,R_DS003_098,25.0,180.36466435000003,274.69323576666665,800.0,0.33400863768518524,2.7777777777777777
SH00007694,DS003,2026-07-11,0.0,,0.0,0.0,0.0,0.0,0.0,0.0
SH00007695,DS003,2026-07-11,0.0,,0.0,0.0,0.0,0.0,0.0,0.0
SH00007696,DS003,2026-07-11,0.0,,0.0,0.0,0.0,0.0,0.0,0.0
SH00007697,DS003,2026-07-11,9.0,R_DS003_102,36.0,233.41543258333328,357.35828968333334,1210.0,0.4322508010802468,4.0
SH00007698,DS003,2026-07-11,8.033333333333333,,0.0,0.0,0.0,0.0,0.0,0.0
SH00007699,DS003,2026-07-11,0.0,,0.0,0.0,0.0,0.0,0.0,0.0
SH00007700,DS003,2026-07-11,9.0,,0.0,0.0,0.0,0.0,0.0,0.0
SH00007701,DS003,2026-07-11,9.0,,0.0,0.0,0.0,0.0,0.0,0.0
SH00007702,DS003,2026-07-11,9.0,R_DS003_110,25.0,163.6649687166667,250.79354014999998,795.0,0.30308327540123464,2.7777777777777777
SH00007703,DS003,2026-07-11,9.0,,0.0,0.0,0.0,0.0,0.0,0.0
SH00007704,DS003,2026-07-11,0.0,,0.0,0.0,0.0,0.0,0.0,0.0
SH00007705,DS003,2026-07-11,9.0,R_DS003_114,36.0,220.24811476666667,337.48382910000004,1200.0,0.4078668791975309,4.0
SH00007706,DS003,2026-07-11,9.0,,0.0,0.0,0.0,0.0,0.0,0.0
SH00007707,DS003,2026-07-11,9.0,R_DS003_116,24.0,154.84084814999997,235.66941956666668,765.0,0.28674231138888884,2.6666666666666665
SH00007708,DS003,2026-07-11,9.0,R_DS003_117,37.0,234.0076833833333,349.33625483333344,1245.0,0.4333475618209876,4.111111111111111
SH00007709,DS003,2026-07-11,9.0,R_DS003_119,25.0,149.9881948,225.26676618333332,800.0,0.2777559162962963,2.7777777777777777
SH00007710,DS003,2026-07-11,9.0,,0.0,0.0,0.0,0.0,0.0,0.0
SH00007711,DS003,2026-07-11,9.0,R_DS003_122,25.0,159.77444808333328,239.12444808333333,795.0,0.2958786075617283,2.7777777777777777
SH00007712,DS003,2026-07-11,9.0,,0.0,0.0,0.0,0.0,0.0,0.0
SH00007713,DS003,2026-07-11,9.0,R_DS003_126,38.0,221.33506599999996,344.78506603333335,1275.0,0.40987975185185177,4.222222222222222
SH00007714,DS003,2026-07-11,9.0,,0.0,0.0,0.0,0.0,0.0,0.0
SH00007715,DS003,2026-07-11,9.0,R_DS003_128,22.0,149.36788036666672,223.70359464999996,700.0,0.27660718586419764,2.4444444444444446
SH00007716,DS003,2026-07-11,9.0,R_DS003_129,34.0,223.22713529999996,337.84856393333325,1150.0,0.4133835838888888,3.7777777777777777
SH00007717,DS003,2026-07-11,9.0,,0.0,0.0,0.0,0.0,0.0,0.0
SH00007718,DS003,2026-07-11,0.0,,0.0,0.0,0.0,0.0,0.0,0.0
SH00007719,DS003,2026-07-11,0.0,,0.0,0.0,0.0,0.0,0.0,0.0
SH00007720,DS003,2026-07-11,0.0,,0.0,0.0,0.0,0.0,0.0,0.0
SH00007721,DS003,2026-07-11,9.0,R_DS003_135,35.0,212.60428246666663,330.1828538833333,1185.0,0.3937116341975308,3.888888888888889
SH00007722,DS003,2026-07-11,9.0,R_DS003_137,23.0,152.60947495000002,234.1023320666667,740.0,0.2826101387962963,2.5555555555555554
SH00007723,DS003,2026-07-11,9.0,R_DS003_138,33.0,221.36191695000002,338.49048831666664,1110.0,0.4099294758333334,3.6666666666666665
SH00007724,DS003,2026-07-11,9.0,R_DS003_140,23.0,151.58722278333332,231.90150853333333,745.0,0.280717079228395,2.5555555555555554
SH00007725,DS003,2026-07-11,9.0,R_DS003_141,35.0,221.36946708333338,336.61232420000005,1180.0,0.40994345756172845,3.888888888888889
SH00007726,DS003,2026-07-11,9.0,R_DS003_143,21.0,133.7947051666667,207.4447051666667,675.0,0.24776797253086424,2.3333333333333335
SH00007727,DS003,2026-07-11,9.0,R_DS003_144,36.0,225.78094184999998,336.86665615000015,1220.0,0.41811285527777775,4.0
SH00007758,DS004,2026-07-11,9.0,R_DS004_001,31.0,199.3452115166667,310.1952114833333,930.0,0.36915779910493834,3.4444444444444446
SH00007759,DS004,2026-07-11,9.0,R_DS004_002,40.0,275.1996240333334,426.0996240833334,1245.0,0.5096289333950619,4.444444444444445
SH00007760,DS004,2026-07-11,9.0,R_DS004_003,40.0,284.6306277666667,449.46991353333334,1325.0,0.5270937551234568,4.444444444444445
SH00007761,DS004,2026-07-11,9.0,R_DS004_005,39.0,268.7481765666667,420.4196051166667,1215.0,0.49768180845679016,4.333333333333333
SH00007762,DS004,2026-07-11,9.0,R_DS004_008,41.0,281.3303242666667,425.97318138333344,1280.0,0.5209820819753087,4.555555555555555
SH00007763,DS004,2026-07-11,9.0,R_DS004_009,41.0,281.4377285,438.6055856500001,1360.0,0.5211809787037037,4.555555555555555
SH00007764,DS004,2026-07-11,9.0,R_DS004_010,26.0,172.73953696666672,262.22525128333336,780.0,0.3198880314197532,2.888888888888889
SH00007765,DS004,2026-07-11,9.0,R_DS004_011,43.0,277.9632094833334,423.6989237666668,1335.0,0.5147466842283952,4.777777777777778
SH00007766,DS004,2026-07-11,9.0,R_DS004_012,40.0,275.97447668333325,427.0030481166668,1320.0,0.5110638457098764,4.444444444444445
SH00007767,DS004,2026-07-11,9.0,R_DS004_014,40.0,268.80833741666675,414.50119466666666,1250.0,0.49779321743827176,4.444444444444445
SH00007768,DS004,2026-07-11,9.0,R_DS004_015,39.0,266.48026426666667,419.21240708333335,1295.0,0.49348197086419754,4.333333333333333
SH00007769,DS004,2026-07-11,9.0,R_DS004_017,38.0,265.18660231666667,408.0294595166667,1185.0,0.4910863005864198,4.222222222222222
SH00007770,DS004,2026-07-11,9.0,R_DS004_018,38.0,292.94279445,446.24279445,1260.0,0.5424866563888889,4.222222222222222
SH00007771,DS004,2026-07-11,0.0,,0.0,0.0,0.0,0.0,0.0,0.0
SH00007772,DS004,2026-07-11,0.0,,0.0,0.0,0.0,0.0,0.0,0.0
SH00007773,DS004,2026-07-11,0.0,,0.0,0.0,0.0,0.0,0.0,0.0
SH00007774,DS004,2026-07-11,9.0,R_DS004_024,39.0,270.16197593333345,410.0262616499999,1290.0,0.5002999554320989,4.333333333333333
SH00007775,DS004,2026-07-11,0.0,,0.0,0.0,0.0,0.0,0.0,0.0
SH00007776,DS004,2026-07-11,9.0,R_DS004_026,38.0,268.02892796666663,410.76464231666665,1185.0,0.4963498666049382,4.222222222222222
SH00007777,DS004,2026-07-11,9.0,R_DS004_028,24.0,146.66518381666666,227.5794695,720.0,0.2716021922530864,2.6666666666666665
SH00007778,DS004,2026-07-11,9.0,R_DS004_029,37.0,259.9495837166667,395.42101226666676,1155.0,0.48138811799382725,4.111111111111111
SH00007779,DS004,2026-07-11,9.0,R_DS004_030,41.0,271.56537380000003,419.75465951666666,1355.0,0.5028988403703705,4.555555555555555
SH00007780,DS004,2026-07-11,9.0,R_DS004_031,22.0,150.81695608333334,223.93124179999995,660.0,0.2792906594135803,2.4444444444444446
SH00007781,DS004,2026-07-11,9.0,R_DS004_032,39.0,253.08831971666666,385.68831975000006,1220.0,0.4686820735493827,4.333333333333333
SH00007782,DS004,2026-07-11,9.0,R_DS004_033,35.0,263.25807580000003,406.8187900833332,1150.0,0.48751495518518523,3.888888888888889
SH00007783,DS004,2026-07-11,9.0,R_DS004_035,35.0,248.14910346666665,388.0348177666667,1095.0,0.4595353767901234,3.888888888888889
SH00007784,DS004,2026-07-11,9.0,R_DS004_036,37.0,261.7575845333333,402.3718703,1215.0,0.4847362676543209,4.111111111111111
SH00007785,DS004,2026-07-11,9.0,R_DS004_037,13.0,91.43893966666667,143.1032253666667,390.0,0.16933136975308644,1.4444444444444444
SH00007786,DS004,2026-07-11,0.0,,0.0,0.0,0.0,0.0,0.0,0.0
SH00007787,DS004,2026-07-11,0.0,,0.0,0.0,0.0,0.0,0.0,0.0
SH00007788,DS004,2026-07-11,9.0,R_DS004_040,8.0,56.91093871666666,88.13236728333334,240.0,0.1053906272530864,0.8888888888888888
SH00007789,DS004,2026-07-11,0.0,,0.0,0.0,0.0,0.0,0.0,0.0
SH00007790,DS004,2026-07-11,8.333333333333334,R_DS004_043,7.0,45.61124628333334,71.34696054999999,210.0,0.09122249256666666,0.84
SH00007791,DS004,2026-07-11,9.0,R_DS004_044,34.0,233.07291285000002,365.1371985833334,1065.0,0.43161650527777784,3.7777777777777777
SH00007792,DS004,2026-07-11,9.0,R_DS004_045,37.0,240.41411015000003,377.6641101666667,1220.0,0.44521131509259265,4.111111111111111
SH00007793,DS004,2026-07-11,9.0,R_DS004_046,4.0,29.6927624,44.7570481,120.0,0.05498659703703704,0.4444444444444444
SH00007794,DS004,2026-07-11,9.0,R_DS004_047,32.0,230.9860505333333,358.76462198333326,1005.0,0.4277519454320987,3.5555555555555554
SH00007795,DS004,2026-07-11,9.0,R_DS004_049,3.0,13.18047475,22.5233319,90.0,0.024408286574074074,0.3333333333333333
SH00007796,DS004,2026-07-11,9.0,R_DS004_050,36.0,238.7776618,366.6633761166667,1125.0,0.4421808551851852,4.0
SH00007797,DS004,2026-07-11,9.0,R_DS004_051,38.0,247.5428881833333,384.2357452833333,1255.0,0.4584127558950617,4.222222222222222
SH00007798,DS004,2026-07-11,0.0,,0.0,0.0,0.0,0.0,0.0,0.0
SH00007799,DS004,2026-07-11,9.0,R_DS004_053,33.0,223.80549448333335,348.77692305,1030.0,0.41445461941358025,3.6666666666666665
SH00007800,DS004,2026-07-11,9.0,R_DS004_054,35.0,257.2236455166667,395.50221691666667,1160.0,0.4763400842901235,3.888888888888889
SH00007801,DS004,2026-07-11,9.0,R_DS004_056,32.0,230.62357395,349.50928816666675,1010.0,0.4270806925,3.5555555555555554
SH00007802,DS004,2026-07-11,9.0,R_DS004_057,33.0,234.48241146666663,362.3038401166666,1095.0,0.43422668790123453,3.6666666666666665
SH00007803,DS004,2026-07-11,9.0,R_DS004_058,1.0,9.174206666666667,14.35992095,30.0,0.01698927160493827,0.1111111111111111
SH00007804,DS004,2026-07-11,9.0,R_DS004_059,34.0,223.35423690000002,343.6542368333333,1065.0,0.41361895722222225,3.7777777777777777
SH00007805,DS004,2026-07-11,9.0,R_DS004_060,33.0,232.22184034999998,359.89326896666665,1090.0,0.43004044509259254,3.6666666666666665
SH00007806,DS004,2026-07-11,9.0,R_DS004_061,1.0,4.834151250000001,7.084151250000001,30.0,0.008952131944444445,0.1111111111111111
SH00007807,DS004,2026-07-11,9.0,R_DS004_063,30.0,224.57692999999998,350.34121566666676,985.0,0.4158832037037037,3.3333333333333335
SH00007808,DS004,2026-07-11,0.0,,0.0,0.0,0.0,0.0,0.0,0.0
SH00007809,DS004,2026-07-11,9.0,R_DS004_066,33.0,222.4918677833333,343.41329644999996,1090.0,0.41202197737654317,3.6666666666666665
SH00007810,DS004,2026-07-11,9.0,R_DS004_067,1.0,5.696497566666666,9.167926133333333,30.0,0.010549069567901234,0.1111111111111111
SH00007811,DS004,2026-07-11,0.0,,0.0,0.0,0.0,0.0,0.0,0.0
SH00007812,DS004,2026-07-11,0.0,,0.0,0.0,0.0,0.0,0.0,0.0
SH00007813,DS004,2026-07-11,9.0,R_DS004_071,29.0,222.64996315,348.99282023333336,910.0,0.4123147465740741,3.2222222222222223
SH00007814,DS004,2026-07-11,9.0,R_DS004_072,35.0,222.87855443333336,338.8928401499999,1160.0,0.41273806376543215,3.888888888888889
SH00007815,DS004,2026-07-11,9.0,,0.0,0.0,0.0,0.0,0.0,0.0
SH00007816,DS004,2026-07-11,0.0,,0.0,0.0,0.0,0.0,0.0,0.0
SH00007817,DS004,2026-07-11,0.0,,0.0,0.0,0.0,0.0,0.0,0.0
SH00007818,DS004,2026-07-11,9.0,R_DS004_077,34.0,223.6155829,346.1012971833334,1065.0,0.4141029312962963,3.7777777777777777
SH00007819,DS004,2026-07-11,8.516666666666667,R_DS004_078,32.0,202.60875983333332,310.5873312666667,1060.0,0.39649463763861703,3.7573385518590996
SH00007820,DS004,2026-07-11,9.0,R_DS004_080,29.0,212.41883085,332.8045451499999,910.0,0.39336820527777777,3.2222222222222223
SH00007821,DS004,2026-07-11,9.0,R_DS004_081,29.0,204.99804010000003,315.93375434999996,965.0,0.3796260001851852,3.2222222222222223
SH00007822,DS004,2026-07-11,9.0,,0.0,0.0,0.0,0.0,0.0,0.0
SH00007823,DS004,2026-07-11,9.0,R_DS004_084,29.0,204.79776038333333,318.81918893333335,965.0,0.37925511182098764,3.2222222222222223
SH00007824,DS004,2026-07-11,9.0,,0.0,0.0,0.0,0.0,0.0,0.0
SH00007825,DS004,2026-07-11,9.0,R_DS004_086,32.0,213.29928023333332,321.92070871666664,1000.0,0.3949986670987654,3.5555555555555554
SH00007826,DS004,2026-07-11,9.0,R_DS004_087,28.0,192.5979770666667,306.36226274999996,945.0,0.3566629204938272,3.111111111111111
SH00007827,DS004,2026-07-11,0.0,,0.0,0.0,0.0,0.0,0.0,0.0
SH00007828,DS004,2026-07-11,9.0,R_DS004_089,33.0,204.76154338333333,311.49725765000005,1045.0,0.37918804330246914,3.6666666666666665
SH00007829,DS004,2026-07-11,9.0,,0.0,0.0,0.0,0.0,0.0,0.0
SH00007830,DS004,2026-07-11,8.7,R_DS004_092,30.0,200.5835917666667,303.50502033333333,950.0,0.3842597543422734,3.4482758620689657
SH00007831,DS004,2026-07-11,8.283333333333333,R_DS004_093,28.0,183.63792063333332,286.32363493333327,945.0,0.36949279805499663,3.380281690140845
SH00007832,DS004,2026-07-11,9.0,,0.0,0.0,0.0,0.0,0.0,0.0
SH00007833,DS004,2026-07-11,9.0,R_DS004_095,29.0,196.6232336166667,300.7660907166667,915.0,0.36411709929012354,3.2222222222222223
SH00007834,DS004,2026-07-11,9.0,R_DS004_096,28.0,193.24010885,296.0972516833333,940.0,0.35785205342592596,3.111111111111111
SH00007835,DS004,2026-07-11,9.0,R_DS004_099,29.0,180.39501756666664,279.3093032499999,975.0,0.334064847345679,3.2222222222222223
SH00007836,DS004,2026-07-11,9.0,,0.0,0.0,0.0,0.0,0.0,0.0
SH00007837,DS004,2026-07-11,9.0,R_DS004_101,30.0,193.83107935,299.2810793,950.0,0.35894644324074076,3.3333333333333335
SH00007838,DS004,2026-07-11,9.0,R_DS004_102,26.0,182.84987206666668,283.54272921666666,880.0,0.3386108741975309,2.888888888888889
SH00007839,DS004,2026-07-11,0.0,,0.0,0.0,0.0,0.0,0.0,0.0
SH00007840,DS004,2026-07-11,9.0,R_DS004_105,26.0,182.61524768333334,284.50810483333333,875.0,0.3381763845987654,2.888888888888889
SH00007841,DS004,2026-07-11,9.0,,0.0,0.0,0.0,0.0,0.0,0.0
SH00007842,DS004,2026-07-11,9.0,R_DS004_107,30.0,183.2143221333333,276.27860780000003,955.0,0.339285781728395,3.3333333333333335
SH00007843,DS004,2026-07-11,9.0,R_DS004_108,27.0,185.30216551666666,281.6878797833333,905.0,0.34315215836419755,3.0
SH00007844,DS004,2026-07-11,0.0,,0.0,0.0,0.0,0.0,0.0,0.0
SH00007845,DS004,2026-07-11,9.0,R_DS004_110,28.0,183.88295741666667,287.12581458333335,890.0,0.34052399521604937,3.111111111111111
SH00007846,DS004,2026-07-11,8.1,,0.0,0.0,0.0,0.0,0.0,0.0
SH00007847,DS004,2026-07-11,9.0,R_DS004_113,27.0,188.1191265833333,291.49055510000005,850.0,0.3483687529320987,3.0
SH00007848,DS004,2026-07-11,9.0,R_DS004_114,28.0,175.03217028333333,273.1107417333333,945.0,0.3241336486728395,3.111111111111111
SH00007849,DS004,2026-07-11,9.0,,0.0,0.0,0.0,0.0,0.0,0.0
SH00007850,DS004,2026-07-11,9.0,R_DS004_116,29.0,187.39654230000002,288.66797084999996,915.0,0.34703063388888894,3.2222222222222223
SH00007851,DS004,2026-07-11,9.0,R_DS004_119,26.0,188.1443483666667,286.9300626166667,820.0,0.34841545993827167,2.888888888888889
SH00007852,DS004,2026-07-11,8.5,,0.0,0.0,0.0,0.0,0.0,0.0
SH00007853,DS004,2026-07-11,9.0,R_DS004_122,25.0,187.48996150000002,288.71853285,790.0,0.3472036324074074,2.7777777777777777
SH00007854,DS004,2026-07-11,9.0,R_DS004_123,26.0,172.03954701666663,261.1824041666667,885.0,0.31859175373456783,2.888888888888889
SH00007855,DS004,2026-07-11,9.0,,0.0,0.0,0.0,0.0,0.0,0.0
SH00007856,DS004,2026-07-11,9.0,R_DS004_126,26.0,172.55269908333335,270.20269905,885.0,0.3195420353395062,2.888888888888889
SH00007857,DS004,2026-07-11,9.0,R_DS004_128,26.0,173.32034491666664,270.07034493333333,815.0,0.3209636016975308,2.888888888888889
SH00007858,DS004,2026-07-11,9.0,R_DS004_129,25.0,168.8976574333333,260.24765741666664,850.0,0.31277343969135796,2.7777777777777777
SH00007859,DS004,2026-07-11,0.0,,0.0,0.0,0.0,0.0,0.0,0.0
SH00007860,DS004,2026-07-11,9.0,R_DS004_131,25.0,172.45033366666664,264.85033365000004,790.0,0.31935246975308634,2.7777777777777777
SH00007861,DS004,2026-07-11,9.0,,0.0,0.0,0.0,0.0,0.0,0.0
SH00007862,DS004,2026-07-11,9.0,R_DS004_134,22.0,138.59931104999998,223.02788250000003,695.0,0.2566653908333333,2.4444444444444446
SH00007863,DS004,2026-07-11,9.0,R_DS004_135,26.0,172.81672243333335,266.41672241666663,890.0,0.32003096746913584,2.888888888888889
SH00007864,DS004,2026-07-11,9.0,,0.0,0.0,0.0,0.0,0.0,0.0
SH00007865,DS004,2026-07-11,9.0,R_DS004_137,21.0,158.78853150000003,243.49567435,665.0,0.29405283611111116,2.3333333333333335
SH00007866,DS004,2026-07-11,9.0,R_DS004_138,24.0,163.26328503333332,253.88471356666665,815.0,0.30233941672839504,2.6666666666666665
SH00007867,DS004,2026-07-11,9.0,R_DS004_140,26.0,156.10295496666663,238.0886692333333,830.0,0.28907954623456783,2.888888888888889
SH00007868,DS004,2026-07-11,9.0,R_DS004_141,25.0,166.12261455000004,257.5369002833333,855.0,0.30763447138888894,2.7777777777777777
SH00007869,DS004,2026-07-11,9.0,,0.0,0.0,0.0,0.0,0.0,0.0
SH00007870,DS004,2026-07-11,9.0,R_DS004_143,21.0,154.24505520000005,241.28791236666663,665.0,0.2856389911111112,2.3333333333333335
SH00007871,DS004,2026-07-11,9.0,R_DS004_144,25.0,170.35636981666664,259.41351271666673,855.0,0.315474758919753,2.7777777777777777
SH00007872,DS004,2026-07-11,9.0,R_DS004_147,24.0,155.37652918333336,239.63367208333332,830.0,0.2877343133024692,2.6666666666666665
SH00007873,DS004,2026-07-11,9.0,,0.0,0.0,0.0,0.0,0.0,0.0
SH00007874,DS004,2026-07-11,9.0,R_DS004_149,18.0,131.57483034999998,201.96768751666667,580.0,0.24365709324074072,2.0
SH00007875,DS004,2026-07-11,9.0,R_DS004_150,22.0,157.66767401666664,240.91767401666667,760.0,0.29197717410493823,2.4444444444444446
SH00007876,DS004,2026-07-11,9.0,R_DS004_152,20.0,131.63977676666667,204.45406245,630.0,0.24377736438271605,2.2222222222222223
SH00007877,DS004,2026-07-11,8.55,,0.0,0.0,0.0,0.0,0.0,0.0
SH00007878,DS004,2026-07-11,9.0,R_DS004_156,23.0,162.75770345000004,248.06484628333334,790.0,0.3014031545370371,2.5555555555555554
SH00007879,DS004,2026-07-11,9.0,,0.0,0.0,0.0,0.0,0.0,0.0
SH00007880,DS004,2026-07-11,0.0,,0.0,0.0,0.0,0.0,0.0,0.0
SH00007881,DS004,2026-07-11,9.0,R_DS004_159,23.0,151.67165646666666,234.15022789999998,790.0,0.28087343790123454,2.5555555555555554
SH00007908,DS005,2026-07-11,9.0,R_DS005_001,32.0,192.0463290666667,293.9606148666668,960.0,0.3556413501234568,3.5555555555555554
SH00007909,DS005,2026-07-11,9.0,R_DS005_002,46.0,261.32447420000005,390.5601885333333,1425.0,0.4839342114814816,5.111111111111111
SH00007910,DS005,2026-07-11,8.283333333333333,R_DS005_003,45.0,256.29241989999997,386.4281342666668,1490.0,0.515678913279678,5.432595573440644
SH00007911,DS005,2026-07-11,9.0,R_DS005_004,21.0,115.30061373333335,174.91489943333332,630.0,0.21351965506172843,2.3333333333333335
SH00007912,DS005,2026-07-11,9.0,R_DS005_005,47.0,248.23826798333337,366.67398224999994,1465.0,0.4597004962654322,5.222222222222222
SH00007913,DS005,2026-07-11,9.0,R_DS005_007,18.0,102.15089013333332,151.54374731666667,540.0,0.18916831506172838,2.0
SH00007914,DS005,2026-07-11,8.0,R_DS005_008,38.0,221.54840273333338,334.7126884166667,1195.0,0.4615591723611112,4.75
SH00007915,DS005,2026-07-11,9.0,R_DS005_009,49.0,281.26514653333334,421.0115751166667,1630.0,0.5208613824691358,5.444444444444445
SH00007916,DS005,2026-07-11,9.0,R_DS005_010,12.0,61.51337944999999,90.54909373333335,360.0,0.11391366564814813,1.3333333333333333
SH00007917,DS005,2026-07-11,9.0,R_DS005_014,46.0,244.52413818333335,360.3241382333333,1430.0,0.452822478117284,5.111111111111111
SH00007918,DS005,2026-07-11,9.0,R_DS005_015,47.0,280.1392274333333,413.75708455,1555.0,0.5187763470987654,5.222222222222222
SH00007919,DS005,2026-07-11,8.05,R_DS005_016,2.0,16.709520649999998,25.34523495,60.0,0.03459528084886128,0.24844720496894407
SH00007920,DS005,2026-07-11,9.0,R_DS005_017,40.0,240.53410303333328,361.5198173166666,1250.0,0.4454335241358024,4.444444444444445
SH00007921,DS005,2026-07-11,0.0,,0.0,0.0,0.0,0.0,0.0,0.0
SH00007922,DS005,2026-07-11,0.0,,0.0,0.0,0.0,0.0,0.0,0.0
SH00007923,DS005,2026-07-11,0.0,,0.0,0.0,0.0,0.0,0.0,0.0
SH00007924,DS005,2026-07-11,9.0,R_DS005_022,3.0,13.182258533333332,19.225115683333332,90.0,0.024411589876543207,0.3333333333333333
SH00007925,DS005,2026-07-11,0.0,,0.0,0.0,0.0,0.0,0.0,0.0
SH00007926,DS005,2026-07-11,9.0,R_DS005_024,48.0,259.63280915,387.3256662833332,1585.0,0.48080149842592595,5.333333333333333
SH00007927,DS005,2026-07-11,9.0,R_DS005_025,2.0,14.1163071,19.730592816666668,60.0,0.026141309444444445,0.2222222222222222
SH00007928,DS005,2026-07-11,8.566666666666666,R_DS005_026,37.0,221.01737278333337,336.3245156333333,1155.0,0.429994888683528,4.319066147859922
SH00007929,DS005,2026-07-11,9.0,R_DS005_028,1.0,3.8498532,6.464138916666667,30.0,0.007129357777777778,0.1111111111111111
SH00007930,DS005,2026-07-11,9.0,R_DS005_029,41.0,226.77702283333323,341.20559430000003,1285.0,0.41995744969135784,4.555555555555555
SH00007931,DS005,2026-07-11,9.0,R_DS005_030,45.0,272.76213096666663,409.9478452833334,1505.0,0.505115057345679,5.0
SH00007932,DS005,2026-07-11,9.0,R_DS005_031,1.0,4.3259997666666665,5.975999766666666,30.0,0.008011110679012345,0.1111111111111111
SH00007933,DS005,2026-07-11,9.0,R_DS005_032,37.0,229.72414498333333,342.6312878666667,1150.0,0.42541508330246913,4.111111111111111
SH00007934,DS005,2026-07-11,9.0,R_DS005_033,44.0,245.79691976666666,365.03620550000005,1450.0,0.4551794810493827,4.888888888888889
SH00007935,DS005,2026-07-11,9.0,R_DS005_035,38.0,214.76814669999996,311.98957535,1195.0,0.39771879018518513,4.222222222222222
SH00007936,DS005,2026-07-11,9.0,R_DS005_036,45.0,243.13451025000003,361.52736746666665,1490.0,0.4502490930555556,5.0
SH00007937,DS005,2026-07-11,9.0,R_DS005_037,1.0,6.806053033333333,9.548910183333334,30.0,0.012603801913580246,0.1111111111111111
SH00007938,DS005,2026-07-11,9.0,R_DS005_039,45.0,235.08582776666665,352.12868491666666,1485.0,0.4353441254938271,5.0
SH00007939,DS005,2026-07-11,8.466666666666667,,0.0,0.0,0.0,0.0,0.0,0.0
SH00007940,DS005,2026-07-11,9.0,R_DS005_042,41.0,224.87771181666668,338.5134260833334,1350.0,0.41644020706790125,4.555555555555555
SH00007941,DS005,2026-07-11,0.0,,0.0,0.0,0.0,0.0,0.0,0.0
SH00007942,DS005,2026-07-11,9.0,R_DS005_044,34.0,217.825266,324.475266,1075.0,0.40338012222222225,3.7777777777777777
SH00007943,DS005,2026-07-11,9.0,R_DS005_045,41.0,219.71708463333337,332.2385131666666,1360.0,0.40688349006172847,4.555555555555555
SH00007944,DS005,2026-07-11,9.0,,0.0,0.0,0.0,0.0,0.0,0.0
SH00007945,DS005,2026-07-11,9.0,R_DS005_047,32.0,190.89918518333334,288.4420423333333,1000.0,0.3535170095987655,3.5555555555555554
SH00007946,DS005,2026-07-11,9.0,,0.0,0.0,0.0,0.0,0.0,0.0
SH00007947,DS005,2026-07-11,9.0,R_DS005_050,33.0,194.12905111666672,288.50047968333337,1030.0,0.35949824280864207,3.6666666666666665
SH00007948,DS005,2026-07-11,9.0,R_DS005_051,39.0,215.4362104833333,320.67192479999994,1295.0,0.3989559453395061,4.333333333333333
SH00007949,DS005,2026-07-11,0.0,,0.0,0.0,0.0,0.0,0.0,0.0
SH00007950,DS005,2026-07-11,0.0,,0.0,0.0,0.0,0.0,0.0,0.0
SH00007951,DS005,2026-07-11,9.0,R_DS005_056,35.0,178.85607541666667,267.8060754333334,1095.0,0.33121495447530863,3.888888888888889
SH00007952,DS005,2026-07-11,9.0,R_DS005_057,37.0,204.31723323333335,305.4386617833333,1230.0,0.3783652467283951,4.111111111111111
SH00007953,DS005,2026-07-11,0.0,,0.0,0.0,0.0,0.0,0.0,0.0
SH00007954,DS005,2026-07-11,9.0,R_DS005_060,37.0,212.14864541666665,315.1557882666667,1225.0,0.39286786188271605,4.111111111111111
SH00007955,DS005,2026-07-11,9.0,,0.0,0.0,0.0,0.0,0.0,0.0
SH00007956,DS005,2026-07-11,9.0,R_DS005_063,34.0,206.75044918333333,305.15044928333333,1130.0,0.382871202191358,3.7777777777777777
SH00007957,DS005,2026-07-11,8.6,,0.0,0.0,0.0,0.0,0.0,0.0
SH00007958,DS005,2026-07-11,9.0,R_DS005_065,30.0,172.92949278333333,256.0080642166667,955.0,0.32023980145061726,3.3333333333333335
SH00007959,DS005,2026-07-11,0.0,,0.0,0.0,0.0,0.0,0.0,0.0
SH00007960,DS005,2026-07-11,9.0,,0.0,0.0,0.0,0.0,0.0,0.0
SH00007961,DS005,2026-07-11,9.0,R_DS005_068,32.0,181.76464413333332,266.2146441666667,1010.0,0.3366011928395061,3.5555555555555554
SH00007962,DS005,2026-07-11,9.0,,0.0,0.0,0.0,0.0,0.0,0.0
SH00007963,DS005,2026-07-11,9.0,R_DS005_071,27.0,160.5699402833333,239.70565458333334,855.0,0.297351741265432,3.0
SH00007964,DS005,2026-07-11,9.0,R_DS005_072,36.0,207.87818351666664,308.80675500000007,1200.0,0.3849595991049382,4.0
SH00007965,DS005,2026-07-11,9.0,,0.0,0.0,0.0,0.0,0.0,0.0
SH00007966,DS005,2026-07-11,9.0,R_DS005_074,28.0,157.52668148333336,236.81239578333333,890.0,0.2917160768209877,3.111111111111111
SH00007967,DS005,2026-07-11,9.0,R_DS005_075,35.0,196.6670342666667,290.80274855,1170.0,0.3641982116049383,3.888888888888889
SH00007968,DS005,2026-07-11,9.0,R_DS005_077,29.0,149.82299298333334,225.50870731666666,920.0,0.27744998700617285,3.2222222222222223
SH00007969,DS005,2026-07-11,9.0,R_DS005_078,33.0,189.73519253333333,286.3780497,1095.0,0.35136146765432097,3.6666666666666665
SH00007970,DS005,2026-07-11,9.0,,0.0,0.0,0.0,0.0,0.0,0.0
SH00007971,DS005,2026-07-11,9.0,R_DS005_080,28.0,161.13316898333332,236.45459758333337,885.0,0.2983947573765432,3.111111111111111
SH00007972,DS005,2026-07-11,9.0,R_DS005_081,33.0,185.3553123833334,275.1410266666667,1110.0,0.34325057848765445,3.6666666666666665
SH00007973,DS005,2026-07-11,9.0,,0.0,0.0,0.0,0.0,0.0,0.0
SH00007974,DS005,2026-07-11,0.0,,0.0,0.0,0.0,0.0,0.0,0.0
SH00007975,DS005,2026-07-11,9.0,,0.0,0.0,0.0,0.0,0.0,0.0
SH00007976,DS005,2026-07-11,8.616666666666667,R_DS005_086,24.0,150.78792725000002,227.93078436666667,760.0,0.2916594337524178,2.7852998065764023
SH00007977,DS005,2026-07-11,9.0,R_DS005_087,30.0,173.70848389999998,258.82276963333334,1010.0,0.32168237759259255,3.3333333333333335
SH00007978,DS005,2026-07-11,9.0,,0.0,0.0,0.0,0.0,0.0,0.0
SH00007979,DS005,2026-07-11,9.0,R_DS005_089,23.0,120.18742755000001,184.6445704166667,730.0,0.2225693102777778,2.5555555555555554
SH00007980,DS005,2026-07-11,9.0,,0.0,0.0,0.0,0.0,0.0,0.0
SH00007981,DS005,2026-07-11,9.0,R_DS005_092,22.0,115.45768825,171.36483111666666,700.0,0.2138105337962963,2.4444444444444446
SH00007982,DS005,2026-07-11,0.0,,0.0,0.0,0.0,0.0,0.0,0.0
SH00007983,DS005,2026-07-11,9.0,,0.0,0.0,0.0,0.0,0.0,0.0
SH00007984,DS005,2026-07-11,9.0,R_DS005_095,22.0,122.46424716666668,181.67139003333335,705.0,0.2267856429012346,2.4444444444444446
SH00007985,DS005,2026-07-11,9.0,R_DS005_096,30.0,170.8536228166667,254.36076569999997,1010.0,0.316395597808642,3.3333333333333335
SH00007986,DS005,2026-07-11,9.0,R_DS005_098,19.0,104.3794036,159.40797501666665,610.0,0.19329519185185187,2.111111111111111
SH00007987,DS005,2026-07-11,9.0,R_DS005_099,28.0,174.1924198,262.7352769666667,940.0,0.3225785551851852,3.111111111111111
SH00007988,DS005,2026-07-11,9.0,,0.0,0.0,0.0,0.0,0.0,0.0
SH00007989,DS005,2026-07-11,9.0,R_DS005_101,15.0,91.75647628333333,137.91361913333336,485.0,0.16991940052469134,1.6666666666666667
SH00007990,DS005,2026-07-11,9.0,R_DS005_102,29.0,160.9529304333333,241.82435905000003,990.0,0.29806098228395056,3.2222222222222223
SH00007991,DS005,2026-07-11,9.0,,0.0,0.0,0.0,0.0,0.0,0.0
SH00007992,DS005,2026-07-11,9.0,,0.0,0.0,0.0,0.0,0.0,0.0
SH00007993,DS005,2026-07-11,9.0,R_DS005_108,27.0,154.90977098333335,232.90977099999998,920.0,0.2868699462654321,3.0
SH00007994,DS005,2026-07-11,8.566666666666666,,0.0,0.0,0.0,0.0,0.0,0.0
SH00007995,DS005,2026-07-11,9.0,R_DS005_110,15.0,87.83916186666669,130.05344756666668,480.0,0.16266511456790128,1.6666666666666667
SH00007996,DS005,2026-07-11,9.0,,0.0,0.0,0.0,0.0,0.0,0.0
SH00007997,DS005,2026-07-11,9.0,R_DS005_113,12.0,71.72978071666667,105.35120933333334,385.0,0.13283292725308643,1.3333333333333333
SH00007998,DS005,2026-07-11,0.0,,0.0,0.0,0.0,0.0,0.0,0.0
SH00007999,DS005,2026-07-11,9.0,,0.0,0.0,0.0,0.0,0.0,0.0
SH00008000,DS005,2026-07-11,9.0,R_DS005_116,11.0,68.08921484999999,103.44635775,350.0,0.1260911386111111,1.2222222222222223
SH00008001,DS005,2026-07-11,8.533333333333333,R_DS005_117,29.0,152.7994816333333,228.22805308333332,990.0,0.2984364875651041,3.3984375
SH00008002,DS005,2026-07-11,8.15,R_DS005_119,12.0,74.16821913333334,108.92536196666667,380.0,0.15167324976141786,1.4723926380368098
SH00008003,DS005,2026-07-11,9.0,R_DS005_120,28.0,152.8904610333333,229.2190324166667,955.0,0.2831304833950617,3.111111111111111
SH00008004,DS005,2026-07-11,9.0,,0.0,0.0,0.0,0.0,0.0,0.0
SH00008005,DS005,2026-07-11,0.0,,0.0,0.0,0.0,0.0,0.0,0.0
SH00008006,DS005,2026-07-11,9.0,R_DS005_123,26.0,148.76840846666664,227.51840848333336,885.0,0.27549705271604935,2.888888888888889
SH00008007,DS005,2026-07-11,9.0,,0.0,0.0,0.0,0.0,0.0,0.0
SH00008008,DS005,2026-07-11,9.0,R_DS005_126,26.0,135.70875166666664,202.97303738333332,895.0,0.2513125030864197,2.888888888888889
SH00008009,DS005,2026-07-11,9.0,,0.0,0.0,0.0,0.0,0.0,0.0
SH00008010,DS005,2026-07-11,9.0,R_DS005_128,9.0,54.11209776666667,82.11924061666666,285.0,0.10020758845679013,1.0
SH00008011,DS005,2026-07-11,9.0,,0.0,0.0,0.0,0.0,0.0,0.0
SH00008012,DS005,2026-07-11,9.0,R_DS005_131,7.0,42.019100933333334,65.4619581,220.0,0.07781314987654321,0.7777777777777778
SH00008013,DS005,2026-07-11,9.0,,0.0,0.0,0.0,0.0,0.0,0.0
SH00008014,DS005,2026-07-11,9.0,R_DS005_134,5.0,32.30644145,48.12072718333334,155.0,0.05982674342592593,0.5555555555555556
SH00008015,DS005,2026-07-11,9.0,R_DS005_135,24.0,143.02594140000002,217.49022714999995,820.0,0.26486285444444446,2.6666666666666665
SH00008047,DS001,2026-07-12,9.0,R_DS001_001,29.0,218.50007299999996,338.3286443666666,1160.0,0.4046297648148147,3.2222222222222223
SH00008048,DS001,2026-07-12,9.0,R_DS001_002,38.0,304.91986981666673,477.07701268333335,1570.0,0.5646664255864199,4.222222222222222
SH00008049,DS001,2026-07-12,9.0,R_DS001_003,43.0,308.3714994,480.96792798333337,1845.0,0.5710583322222222,4.777777777777778
SH00008050,DS001,2026-07-12,9.0,R_DS001_004,30.0,201.99579141666663,313.0493627999999,1200.0,0.3740662804012345,3.3333333333333335
SH00008051,DS001,2026-07-12,9.0,R_DS001_005,41.0,306.3128357833334,478.4378357666665,1700.0,0.5672459921913582,4.555555555555555
SH00008052,DS001,2026-07-12,0.0,,0.0,0.0,0.0,0.0,0.0,0.0
SH00008053,DS001,2026-07-12,9.0,R_DS001_008,40.0,313.5978387,490.8335529666666,1655.0,0.5807367383333334,4.444444444444445
SH00008054,DS001,2026-07-12,9.0,R_DS001_009,41.0,302.8361147,472.3432575833332,1770.0,0.5608076198148149,4.555555555555555
SH00008055,DS001,2026-07-12,9.0,R_DS001_010,25.0,194.42786476666666,297.4135790833334,1000.0,0.36005160141975306,2.7777777777777777
SH00008056,DS001,2026-07-12,9.0,R_DS001_011,37.0,305.86169993333334,483.35455696666673,1530.0,0.5664105554320987,4.111111111111111
SH00008057,DS001,2026-07-12,8.4,R_DS001_012,36.0,283.13023991666665,446.9266683833334,1560.0,0.5617663490410053,4.285714285714286
SH00008058,DS001,2026-07-12,9.0,R_DS001_015,40.0,316.65379321666666,486.4716503166667,1715.0,0.5863959133641975,4.444444444444445
SH00008059,DS001,2026-07-12,9.0,R_DS001_016,21.0,181.58041796666666,286.78398941666666,840.0,0.3362600332716049,2.3333333333333335
SH00008060,DS001,2026-07-12,9.0,R_DS001_017,42.0,309.1397792333334,474.4504935833334,1740.0,0.5724810726543211,4.666666666666667
SH00008061,DS001,2026-07-12,0.0,,0.0,0.0,0.0,0.0,0.0,0.0
SH00008062,DS001,2026-07-12,9.0,R_DS001_019,21.0,159.43893504999997,247.79964933333335,840.0,0.29525728712962956,2.3333333333333335
SH00008063,DS001,2026-07-12,9.0,R_DS001_020,41.0,307.60157565,475.70871843333333,1695.0,0.5696325474999999,4.555555555555555
SH00008064,DS001,2026-07-12,9.0,R_DS001_023,38.0,303.62927291666665,471.8971300666667,1575.0,0.5622764313271604,4.222222222222222
SH00008065,DS001,2026-07-12,9.0,R_DS001_024,40.0,300.39699835000005,461.3041412666667,1725.0,0.5562907376851852,4.444444444444445
SH00008066,DS001,2026-07-12,9.0,R_DS001_025,17.0,129.11524681666668,205.90453248333338,680.0,0.23910230891975312,1.8888888888888888
SH00008067,DS001,2026-07-12,9.0,R_DS001_026,37.0,298.42017436666663,470.5773172166666,1535.0,0.5526299525308641,4.111111111111111
SH00008068,DS001,2026-07-12,9.0,R_DS001_027,37.0,297.65233880000005,468.2987674166667,1600.0,0.551208034814815,4.111111111111111
SH00008069,DS001,2026-07-12,9.0,R_DS001_029,39.0,297.95948259999994,465.9059111833334,1615.0,0.5517768196296295,4.333333333333333
SH00008070,DS001,2026-07-12,8.35,R_DS001_030,36.0,280.7674267166667,437.2352837833334,1560.0,0.5604140253825682,4.311377245508982
SH00008071,DS001,2026-07-12,9.0,R_DS001_032,36.0,299.84363985000005,478.2686398333332,1495.0,0.5552659997222223,4.0
SH00008072,DS001,2026-07-12,9.0,R_DS001_033,40.0,296.7173816833334,467.6852388333333,1725.0,0.5494766327469136,4.444444444444445
SH00008073,DS001,2026-07-12,9.0,R_DS001_034,13.0,104.24113279999999,165.98756138333331,520.0,0.1930391348148148,1.4444444444444444
SH00008074,DS001,2026-07-12,9.0,R_DS001_037,12.0,86.3687212,132.62229265000002,480.0,0.15994207629629628,1.3333333333333333
SH00008075,DS001,2026-07-12,9.0,R_DS001_038,38.0,307.20085085000005,475.85442224999997,1580.0,0.5688904645370372,4.222222222222222
SH00008076,DS001,2026-07-12,9.0,R_DS001_039,38.0,292.74470593333336,461.9125630666666,1655.0,0.5421198258024692,4.222222222222222
SH00008077,DS001,2026-07-12,0.0,,0.0,0.0,0.0,0.0,0.0,0.0
SH00008078,DS001,2026-07-12,9.0,R_DS001_041,35.0,288.17070273333337,449.04570268333333,1455.0,0.5336494495061729,3.888888888888889
SH00008079,DS001,2026-07-12,9.0,R_DS001_044,35.0,296.92549721666666,465.5469258,1450.0,0.549862031882716,3.888888888888889
SH00008080,DS001,2026-07-12,9.0,R_DS001_045,40.0,297.8245755833333,462.2531469666667,1725.0,0.5515269918209875,4.444444444444445
SH00008081,DS001,2026-07-12,9.0,R_DS001_046,6.0,50.34337781666667,77.08623493333334,240.0,0.0932284774382716,0.6666666666666666
SH00008082,DS001,2026-07-12,9.0,R_DS001_047,33.0,286.55346828333336,448.2320397,1375.0,0.5306545708950617,3.6666666666666665
SH00008083,DS001,2026-07-12,9.0,R_DS001_048,41.0,293.23247351666663,451.92175921666677,1780.0,0.5430230991049382,4.555555555555555
SH00008084,DS001,2026-07-12,9.0,R_DS001_050,38.0,293.7380267,450.20945528333334,1580.0,0.5439593087037037,4.222222222222222
SH00008085,DS001,2026-07-12,0.0,,0.0,0.0,0.0,0.0,0.0,0.0
SH00008086,DS001,2026-07-12,9.0,R_DS001_052,7.0,59.6271574,91.19144313333334,280.0,0.11042066185185186,0.7777777777777778
SH00008087,DS001,2026-07-12,9.0,R_DS001_054,40.0,305.1353737166668,473.3746593833333,1725.0,0.5650655068827163,4.444444444444445
SH00008088,DS001,2026-07-12,8.0,R_DS001_055,3.0,18.147221533333333,31.165078683333334,120.0,0.03780671152777778,0.375
SH00008089,DS001,2026-07-12,8.133333333333333,R_DS001_057,37.0,284.21854621666665,445.31854621666673,1615.0,0.5824150537226775,4.549180327868853
SH00008090,DS001,2026-07-12,8.316666666666666,R_DS001_058,4.0,34.26593668333334,53.45522241666667,160.0,0.06866921179024717,0.4809619238476954
SH00008091,DS001,2026-07-12,0.0,,0.0,0.0,0.0,0.0,0.0,0.0
SH00008092,DS001,2026-07-12,9.0,R_DS001_060,38.0,304.9327788333333,474.6149216833333,1640.0,0.5646903311728395,4.222222222222222
SH00008093,DS001,2026-07-12,9.0,R_DS001_061,3.0,21.975250283333335,35.796678850000006,120.0,0.04069490793209877,0.3333333333333333
SH00008094,DS001,2026-07-12,9.0,R_DS001_064,2.0,14.352508433333334,22.902508416666667,80.0,0.026578719320987654,0.2222222222222222
SH00008095,DS001,2026-07-12,0.0,,0.0,0.0,0.0,0.0,0.0,0.0
SH00008096,DS001,2026-07-12,0.0,,0.0,0.0,0.0,0.0,0.0,0.0
SH00008097,DS001,2026-07-12,0.0,,0.0,0.0,0.0,0.0,0.0,0.0
SH00008098,DS001,2026-07-12,9.0,R_DS001_068,35.0,287.79009668333333,438.4436680833333,1445.0,0.5329446234876544,3.888888888888889
SH00008099,DS001,2026-07-12,9.0,R_DS001_069,37.0,301.4893184833333,473.19646131666656,1605.0,0.5583135527469135,4.111111111111111
SH00008100,DS001,2026-07-12,8.75,R_DS001_071,34.0,273.73385008333327,429.3374215333334,1410.0,0.5213978096825396,3.8857142857142857
SH00008101,DS001,2026-07-12,9.0,R_DS001_072,40.0,295.8220562166666,465.6649133166667,1740.0,0.5478186226234567,4.444444444444445
SH00008102,DS001,2026-07-12,9.0,R_DS001_073,2.0,20.18601748333333,31.46816035,80.0,0.037381513858024684,0.2222222222222222
SH00008103,DS001,2026-07-12,9.0,R_DS001_074,37.0,268.7290059833334,412.5361487833333,1540.0,0.49764630737654336,4.111111111111111
SH00008104,DS001,2026-07-12,9.0,R_DS001_075,39.0,285.5837218000001,446.84443611666677,1695.0,0.5288587440740743,4.333333333333333
SH00008105,DS001,2026-07-12,9.0,R_DS001_076,1.0,7.559451033333334,11.255879599999998,40.0,0.01399898339506173,0.1111111111111111
SH00008106,DS001,2026-07-12,9.0,R_DS001_078,36.0,290.2326869333333,456.37911553333333,1565.0,0.5374679387654321,4.0
SH00008107,DS001,2026-07-12,9.0,R_DS001_079,1.0,9.393720633333334,14.472292066666666,40.0,0.017395778950617287,0.1111111111111111
SH00008108,DS001,2026-07-12,9.0,R_DS001_080,35.0,274.8827052333334,431.2577052333333,1465.0,0.5090420467283953,3.888888888888889
SH00008109,DS001,2026-07-12,9.0,R_DS001_081,39.0,285.6265608333333,442.7622751166666,1690.0,0.5289380756172839,4.333333333333333
SH00008110,DS001,2026-07-12,0.0,,0.0,0.0,0.0,0.0,0.0,0.0
SH00008111,DS001,2026-07-12,0.0,,0.0,0.0,0.0,0.0,0.0,0.0
SH00008112,DS001,2026-07-12,9.0,R_DS001_086,35.0,263.37494839999994,411.13566271666673,1465.0,0.4877313859259258,3.888888888888889
SH00008113,DS001,2026-07-12,0.0,,0.0,0.0,0.0,0.0,0.0,0.0
SH00008114,DS001,2026-07-12,9.0,,0.0,0.0,0.0,0.0,0.0,0.0
SH00008115,DS001,2026-07-12,9.0,R_DS001_089,34.0,264.5741447166667,409.53843036666666,1420.0,0.48995211984567905,3.7777777777777777
SH00008116,DS001,2026-07-12,9.0,R_DS001_090,39.0,286.2695682,445.6338538999999,1700.0,0.53012883,4.333333333333333
SH00008117,DS001,2026-07-12,8.75,R_DS001_092,34.0,257.3933587833333,402.8397874333334,1415.0,0.4902730643492063,3.8857142857142857
SH00008118,DS001,2026-07-12,9.0,R_DS001_093,36.0,285.10588835000004,451.50945975,1560.0,0.5279738673148149,4.0
SH00008119,DS001,2026-07-12,9.0,,0.0,0.0,0.0,0.0,0.0,0.0
SH00008120,DS001,2026-07-12,9.0,R_DS001_095,38.0,250.56085758333333,394.59300038333333,1590.0,0.4640015881172839,4.222222222222222
SH00008121,DS001,2026-07-12,8.683333333333334,R_DS001_096,36.0,274.73990994999997,429.9577670666667,1570.0,0.5273318809021112,4.145873320537428
SH00008122,DS001,2026-07-12,9.0,,0.0,0.0,0.0,0.0,0.0,0.0
SH00008123,DS001,2026-07-12,9.0,R_DS001_099,37.0,287.47462793333324,441.56748503333336,1615.0,0.5323604220987652,4.111111111111111
SH00008124,DS001,2026-07-12,8.583333333333334,,0.0,0.0,0.0,0.0,0.0,0.0
SH00008125,DS001,2026-07-12,0.0,,0.0,0.0,0.0,0.0,0.0,0.0
SH00008126,DS001,2026-07-12,9.0,R_DS001_102,36.0,291.72547585,456.5540472833334,1565.0,0.5402323626851852,4.0
SH00008127,DS001,2026-07-12,9.0,,0.0,0.0,0.0,0.0,0.0,0.0
SH00008128,DS001,2026-07-12,9.0,R_DS001_104,33.0,255.69514291666667,400.7880000333335,1380.0,0.4735095239197531,3.6666666666666665
SH00008129,DS001,2026-07-12,9.0,,0.0,0.0,0.0,0.0,0.0,0.0
SH00008130,DS001,2026-07-12,9.0,R_DS001_107,33.0,254.0658122333333,395.3658122500001,1370.0,0.4704922448765432,3.6666666666666665
SH00008131,DS001,2026-07-12,0.0,,0.0,0.0,0.0,0.0,0.0,0.0
SH00008132,DS001,2026-07-12,9.0,,0.0,0.0,0.0,0.0,0.0,0.0
SH00008133,DS001,2026-07-12,9.0,R_DS001_110,30.0,252.2136042666666,401.5493185333334,1255.0,0.46706223012345666,3.3333333333333335
SH00008134,DS001,2026-07-12,9.0,R_DS001_111,35.0,276.6469803833333,435.49698033333334,1530.0,0.5123092229320987,3.888888888888889
SH00008135,DS001,2026-07-12,9.0,R_DS001_113,33.0,251.31237306666668,392.0016588166666,1375.0,0.46539328345679015,3.6666666666666665
SH00008136,DS001,2026-07-12,9.0,R_DS001_114,34.0,272.90539938333336,434.0053993000001,1480.0,0.5053803692283951,3.7777777777777777
SH00008137,DS001,2026-07-12,9.0,,0.0,0.0,0.0,0.0,0.0,0.0
SH00008138,DS001,2026-07-12,9.0,R_DS001_116,34.0,254.33555665000003,393.5141281333333,1420.0,0.4709917715740741,3.7777777777777777
SH00008139,DS001,2026-07-12,9.0,R_DS001_117,35.0,283.15337393333334,441.42480251666666,1525.0,0.5243580998765432,3.888888888888889
SH00008140,DS001,2026-07-12,9.0,,0.0,0.0,0.0,0.0,0.0,0.0
SH00008141,DS001,2026-07-12,9.0,R_DS001_120,35.0,287.7405681333333,441.64056806666673,1520.0,0.5328529039506172,3.888888888888889
SH00008142,DS001,2026-07-12,9.0,,0.0,0.0,0.0,0.0,0.0,0.0
SH00008143,DS001,2026-07-12,8.3,R_DS001_122,32.0,245.59391313333336,387.34391311666667,1340.0,0.49316046813922354,3.8554216867469875
SH00008144,DS001,2026-07-12,8.433333333333334,R_DS001_123,31.0,249.82726215,392.3165479,1365.0,0.49372976709486166,3.675889328063241
SH00008145,DS001,2026-07-12,9.0,,0.0,0.0,0.0,0.0,0.0,0.0
SH00008146,DS001,2026-07-12,9.0,R_DS001_125,33.0,250.4388701333333,388.9424415666667,1375.0,0.4637756854320987,3.6666666666666665
SH00008147,DS001,2026-07-12,9.0,,0.0,0.0,0.0,0.0,0.0,0.0
SH00008148,DS001,2026-07-12,8.616666666666667,R_DS001_128,31.0,242.8560980833334,378.85252670000006,1290.0,0.4697410020954224,3.597678916827853
SH00008149,DS001,2026-07-12,9.0,R_DS001_129,36.0,281.3071891833334,435.6607606166666,1560.0,0.5209392392283951,4.0
SH00008150,DS001,2026-07-12,9.0,R_DS001_134,30.0,243.96606871666668,373.56606875,1260.0,0.45178901614197536,3.3333333333333335
SH00008151,DS001,2026-07-12,9.0,R_DS001_135,40.0,276.5348069833334,426.0312354999999,1740.0,0.5121014944135803,4.444444444444445
SH00008152,DS001,2026-07-12,9.0,,0.0,0.0,0.0,0.0,0.0,0.0
SH00008153,DS001,2026-07-12,9.0,R_DS001_137,34.0,236.15961726666666,370.8703315499999,1420.0,0.43733262456790123,3.7777777777777777
SH00008154,DS001,2026-07-12,9.0,R_DS001_138,35.0,273.5756802833334,427.34710880000006,1525.0,0.506621630154321,3.888888888888889
SH00008155,DS001,2026-07-12,8.466666666666667,R_DS001_141,33.0,280.87480705,427.7033784666667,1450.0,0.552903163484252,3.8976377952755903
SH00008156,DS001,2026-07-12,9.0,,0.0,0.0,0.0,0.0,0.0,0.0
SH00008157,DS001,2026-07-12,0.0,,0.0,0.0,0.0,0.0,0.0,0.0
SH00008158,DS001,2026-07-12,9.0,,0.0,0.0,0.0,0.0,0.0,0.0
SH00008159,DS001,2026-07-12,9.0,R_DS001_146,31.0,234.22708951666667,359.1020894666667,1290.0,0.43375386947530864,3.4444444444444446
SH00008160,DS001,2026-07-12,9.0,,0.0,0.0,0.0,0.0,0.0,0.0
SH00008161,DS001,2026-07-12,0.0,,0.0,0.0,0.0,0.0,0.0,0.0
SH00008162,DS001,2026-07-12,9.0,R_DS001_150,32.0,267.7111588666666,427.30044465000003,1400.0,0.4957614053086419,3.5555555555555554
SH00008163,DS001,2026-07-12,9.0,,0.0,0.0,0.0,0.0,0.0,0.0
SH00008164,DS001,2026-07-12,9.0,R_DS001_152,27.0,235.00067348333332,368.42567345000003,1135.0,0.4351864323765432,3.0
SH00008165,DS001,2026-07-12,9.0,R_DS001_153,32.0,265.95552296666665,426.70195151666667,1400.0,0.49251022771604935,3.5555555555555554
SH00008166,DS001,2026-07-12,9.0,R_DS001_155,29.0,238.83642286666668,377.14713715,1210.0,0.44228967197530866,3.2222222222222223
SH00008167,DS001,2026-07-12,9.0,R_DS001_156,33.0,277.9446992166667,437.6054135333333,1440.0,0.5147124059567902,3.6666666666666665
SH00008168,DS001,2026-07-12,9.0,,0.0,0.0,0.0,0.0,0.0,0.0
SH00008169,DS001,2026-07-12,9.0,R_DS001_158,29.0,237.5487937166667,363.9987937666667,1215.0,0.43990517354938274,3.2222222222222223
SH00008170,DS001,2026-07-12,9.0,R_DS001_159,35.0,265.0577963,412.67208201666676,1530.0,0.49084777092592596,3.888888888888889
SH00008171,DS001,2026-07-12,8.566666666666666,,0.0,0.0,0.0,0.0,0.0,0.0
SH00008172,DS001,2026-07-12,0.0,,0.0,0.0,0.0,0.0,0.0,0.0
SH00008173,DS001,2026-07-12,9.0,R_DS001_164,30.0,229.7767335166666,366.73744773333334,1255.0,0.4255124694753085,3.3333333333333335
SH00008174,DS001,2026-07-12,9.0,R_DS001_165,32.0,263.3633814666667,412.2169529333334,1405.0,0.48770996567901237,3.5555555555555554
SH00008205,DS002,2026-07-12,9.0,R_DS002_001,24.0,215.6227423833333,336.06202809999996,960.0,0.39930137478395056,2.6666666666666665
SH00008206,DS002,2026-07-12,9.0,R_DS002_002,35.0,305.7163642666667,493.3020785,1445.0,0.566141415308642,3.888888888888889
SH00008207,DS002,2026-07-12,9.0,R_DS002_003,36.0,317.78880891666677,517.5566660499999,1565.0,0.5884977942901236,4.0
SH00008208,DS002,2026-07-12,9.0,R_DS002_004,22.0,193.38198095,308.48555235000003,880.0,0.3581147795370371,2.4444444444444446
SH00008209,DS002,2026-07-12,9.0,R_DS002_005,40.0,315.81940906666665,493.0229805166668,1660.0,0.5848507575308641,4.444444444444445
SH00008210,DS002,2026-07-12,9.0,R_DS002_006,36.0,325.9802020333333,521.0873449000001,1560.0,0.603667040802469,4.0
SH00008211,DS002,2026-07-12,9.0,R_DS002_008,34.0,309.1724462666668,492.5795891666667,1405.0,0.5725415671604941,3.7777777777777777
SH00008212,DS002,2026-07-12,9.0,R_DS002_010,20.0,187.34536349999996,291.16679200000004,800.0,0.34693585833333324,2.2222222222222223
SH00008213,DS002,2026-07-12,9.0,R_DS002_011,32.0,305.9671999666666,486.67434285000013,1330.0,0.5666059258641974,3.5555555555555554
SH00008214,DS002,2026-07-12,9.0,R_DS002_012,33.0,326.02118468333333,514.3783275,1430.0,0.6037429345987654,3.6666666666666665
SH00008215,DS002,2026-07-12,9.0,R_DS002_013,18.0,171.5722002666667,272.7257716666667,720.0,0.31772629679012354,2.0
SH00008216,DS002,2026-07-12,9.0,R_DS002_015,38.0,323.8250943833333,513.6929514666667,1645.0,0.5996761007098764,4.222222222222222
SH00008217,DS002,2026-07-12,9.0,R_DS002_016,19.0,175.47933564999997,278.3043356333333,760.0,0.32496173268518513,2.111111111111111
SH00008218,DS002,2026-07-12,8.3,R_DS002_017,34.0,293.42150503333335,471.10721931666666,1410.0,0.5891998093038822,4.096385542168674
SH00008219,DS002,2026-07-12,9.0,R_DS002_018,36.0,322.7849487666666,507.0278059166667,1570.0,0.5977499051234567,4.0
SH00008220,DS002,2026-07-12,0.0,,0.0,0.0,0.0,0.0,0.0,0.0
SH00008221,DS002,2026-07-12,9.0,R_DS002_020,33.0,309.33554581666664,486.73197435,1375.0,0.5728436033641975,3.6666666666666665
SH00008222,DS002,2026-07-12,9.0,R_DS002_022,15.0,145.23983145000003,219.71483144999996,600.0,0.26896265083333337,1.6666666666666667
SH00008223,DS002,2026-07-12,9.0,R_DS002_023,33.0,311.3367081666667,489.50456535000006,1365.0,0.5765494595679013,3.6666666666666665
SH00008224,DS002,2026-07-12,9.0,R_DS002_024,37.0,316.52787348333345,508.9028734833333,1615.0,0.5861627286728397,4.111111111111111
SH00008225,DS002,2026-07-12,0.0,,0.0,0.0,0.0,0.0,0.0,0.0
SH00008226,DS002,2026-07-12,9.0,R_DS002_029,35.0,308.06796703333333,482.21796706666674,1450.0,0.5704962352469136,3.888888888888889
SH00008227,DS002,2026-07-12,0.0,,0.0,0.0,0.0,0.0,0.0,0.0
SH00008228,DS002,2026-07-12,9.0,R_DS002_032,34.0,296.4335888833333,469.49073173333335,1420.0,0.5489510905246913,3.7777777777777777
SH00008229,DS002,2026-07-12,8.733333333333333,R_DS002_033,37.0,324.23645766666664,513.9114576333333,1600.0,0.6187718657760813,4.236641221374046
SH00008230,DS002,2026-07-12,9.0,R_DS002_034,13.0,100.66544280000001,153.37972854999998,520.0,0.1864174866666667,1.4444444444444444
SH00008231,DS002,2026-07-12,9.0,R_DS002_036,37.0,333.31030375000006,521.1853037333333,1610.0,0.6172413032407409,4.111111111111111
SH00008232,DS002,2026-07-12,9.0,R_DS002_037,10.0,80.05931008333334,123.87002438333334,400.0,0.14825798163580248,1.1111111111111112
SH00008233,DS002,2026-07-12,9.0,R_DS002_039,35.0,334.4503852333334,526.5360994666667,1515.0,0.6193525652469137,3.888888888888889
SH00008234,DS002,2026-07-12,9.0,R_DS002_040,6.0,55.56502603333334,85.94002601666666,240.0,0.1028981963580247,0.6666666666666666
SH00008235,DS002,2026-07-12,9.0,R_DS002_041,35.0,287.7946506666667,457.8946507333334,1450.0,0.5329530567901235,3.888888888888889
SH00008236,DS002,2026-07-12,9.0,R_DS002_043,5.0,53.721679200000004,85.51096493333334,200.0,0.09948459111111112,0.5555555555555556
SH00008237,DS002,2026-07-12,0.0,,0.0,0.0,0.0,0.0,0.0,0.0
SH00008238,DS002,2026-07-12,9.0,R_DS002_045,38.0,328.7260471666666,519.4939042666668,1640.0,0.6087519391975308,4.222222222222222
SH00008239,DS002,2026-07-12,9.0,R_DS002_046,5.0,50.012080149999996,77.39779441666667,200.0,0.09261496324074073,0.5555555555555556
SH00008240,DS002,2026-07-12,9.0,R_DS002_047,32.0,291.9888705166667,459.8067275833333,1325.0,0.5407201305864198,3.5555555555555554
SH00008241,DS002,2026-07-12,0.0,,0.0,0.0,0.0,0.0,0.0,0.0
SH00008242,DS002,2026-07-12,9.0,R_DS002_050,35.0,283.03684684999996,448.8618468166666,1460.0,0.5241423089814814,3.888888888888889
SH00008243,DS002,2026-07-12,9.0,R_DS002_051,36.0,325.3501374499999,515.5715660666667,1565.0,0.6025002545370369,4.0
SH00008244,DS002,2026-07-12,9.0,R_DS002_052,3.0,30.958015766666666,47.0615872,120.0,0.05732965882716049,0.3333333333333333
SH00008245,DS002,2026-07-12,9.0,R_DS002_053,31.0,285.6172212,457.09936401666664,1285.0,0.52892078,3.4444444444444446
SH00008246,DS002,2026-07-12,9.0,R_DS002_054,37.0,325.4414569833334,511.90217128333336,1615.0,0.6026693647839507,4.111111111111111
SH00008247,DS002,2026-07-12,8.55,R_DS002_055,2.0,11.601451233333334,19.1228798,80.0,0.0226149146848603,0.23391812865497075
SH00008248,DS002,2026-07-12,9.0,R_DS002_057,37.0,315.33581374999994,510.5393851166668,1610.0,0.583955210648148,4.111111111111111
SH00008249,DS002,2026-07-12,9.0,R_DS002_058,2.0,20.772459866666665,33.98317415,80.0,0.03846751827160493,0.2222222222222222
SH00008250,DS002,2026-07-12,9.0,R_DS002_059,33.0,277.96664515000003,449.0630737166666,1375.0,0.5147530465740742,3.6666666666666665
SH00008251,DS002,2026-07-12,0.0,,0.0,0.0,0.0,0.0,0.0,0.0
SH00008252,DS002,2026-07-12,0.0,,0.0,0.0,0.0,0.0,0.0,0.0
SH00008253,DS002,2026-07-12,9.0,,0.0,0.0,0.0,0.0,0.0,0.0
SH00008254,DS002,2026-07-12,9.0,R_DS002_065,31.0,284.9781738499999,447.5888881166666,1295.0,0.5277373589814813,3.4444444444444446
SH00008255,DS002,2026-07-12,9.0,R_DS002_066,37.0,317.27905140000007,505.9897657333333,1610.0,0.587553798888889,4.111111111111111
SH00008256,DS002,2026-07-12,9.0,,0.0,0.0,0.0,0.0,0.0,0.0
SH00008257,DS002,2026-07-12,8.283333333333333,R_DS002_068,28.0,253.0047617,407.7726188333334,1170.0,0.5090639068410463,3.380281690140845
SH00008258,DS002,2026-07-12,9.0,R_DS002_071,31.0,280.04192858333334,440.40264283333323,1295.0,0.5185961640432099,3.4444444444444446
SH00008259,DS002,2026-07-12,0.0,,0.0,0.0,0.0,0.0,0.0,0.0
SH00008260,DS002,2026-07-12,9.0,,0.0,0.0,0.0,0.0,0.0,0.0
SH00008261,DS002,2026-07-12,9.0,R_DS002_075,39.0,319.3867714666667,507.45462861666675,1700.0,0.5914569841975309,4.333333333333333
SH00008262,DS002,2026-07-12,9.0,R_DS002_078,37.0,317.1856586666667,508.4678014666666,1610.0,0.5873808493827162,4.111111111111111
SH00008263,DS002,2026-07-12,8.616666666666667,R_DS002_080,29.0,255.2881478833333,410.05600503333335,1215.0,0.4937875200838168,3.3655705996131524
SH00008264,DS002,2026-07-12,9.0,R_DS002_081,34.0,321.9312946666667,515.91343755,1475.0,0.5961690641975309,3.7777777777777777
SH00008265,DS002,2026-07-12,9.0,,0.0,0.0,0.0,0.0,0.0,0.0
SH00008266,DS002,2026-07-12,9.0,R_DS002_083,32.0,293.8344981,449.8880695166665,1335.0,0.5441379594444444,3.5555555555555554
SH00008267,DS002,2026-07-12,8.166666666666666,,0.0,0.0,0.0,0.0,0.0,0.0
SH00008268,DS002,2026-07-12,8.75,R_DS002_086,30.0,285.31180523333336,445.70466238333324,1260.0,0.5434510575873016,3.4285714285714284
SH00008269,DS002,2026-07-12,0.0,,0.0,0.0,0.0,0.0,0.0,0.0
SH00008270,DS002,2026-07-12,9.0,,0.0,0.0,0.0,0.0,0.0,0.0
SH00008271,DS002,2026-07-12,8.5,R_DS002_089,26.0,265.4948465333333,417.85198936666654,1085.0,0.5205781304575163,3.0588235294117645
SH00008272,DS002,2026-07-12,9.0,R_DS002_090,36.0,324.35616105,517.1811610499999,1565.0,0.6006595575,4.0
SH00008273,DS002,2026-07-12,8.716666666666667,R_DS002_092,33.0,281.16541955,441.23684805,1385.0,0.5376011846080306,3.78585086042065
SH00008274,DS002,2026-07-12,8.65,R_DS002_093,34.0,320.9590165833334,493.5018737833333,1480.0,0.6184181437058447,3.930635838150289
SH00008275,DS002,2026-07-12,9.0,,0.0,0.0,0.0,0.0,0.0,0.0
SH00008276,DS002,2026-07-12,9.0,R_DS002_095,30.0,285.1535666166667,446.70356661666665,1255.0,0.5280621604012347,3.3333333333333335
SH00008277,DS002,2026-07-12,9.0,,0.0,0.0,0.0,0.0,0.0,0.0
SH00008278,DS002,2026-07-12,9.0,R_DS002_099,35.0,328.7298344333333,519.4334058666667,1525.0,0.6087589526543209,3.888888888888889
SH00008279,DS002,2026-07-12,9.0,,0.0,0.0,0.0,0.0,0.0,0.0
SH00008280,DS002,2026-07-12,0.0,,0.0,0.0,0.0,0.0,0.0,0.0
SH00008281,DS002,2026-07-12,9.0,R_DS002_102,35.0,329.4724524166666,510.72602378333335,1525.0,0.6101341711419752,3.888888888888889
SH00008282,DS002,2026-07-12,9.0,,0.0,0.0,0.0,0.0,0.0,0.0
SH00008283,DS002,2026-07-12,9.0,R_DS002_104,33.0,270.8377789833333,431.2306361500001,1375.0,0.5015514425617283,3.6666666666666665
SH00008284,DS002,2026-07-12,9.0,,0.0,0.0,0.0,0.0,0.0,0.0
SH00008285,DS002,2026-07-12,8.533333333333333,R_DS002_107,32.0,277.40891336666664,438.86248485000004,1345.0,0.5418142839192708,3.75
SH00008286,DS002,2026-07-12,9.0,R_DS002_108,36.0,317.0137684833333,513.3744828166666,1560.0,0.587062534228395,4.0
SH00008287,DS002,2026-07-12,9.0,,0.0,0.0,0.0,0.0,0.0,0.0
SH00008288,DS002,2026-07-12,9.0,R_DS002_110,32.0,272.92683165,437.0804031333334,1335.0,0.5054200586111111,3.5555555555555554
SH00008289,DS002,2026-07-12,9.0,R_DS002_111,34.0,313.75274053333334,508.9884548166668,1470.0,0.5810235935802469,3.7777777777777777
SH00008290,DS002,2026-07-12,0.0,,0.0,0.0,0.0,0.0,0.0,0.0
SH00008291,DS002,2026-07-12,8.466666666666667,R_DS002_114,34.0,310.0740632666667,490.4597775833333,1490.0,0.610382014304462,4.015748031496063
SH00008292,DS002,2026-07-12,0.0,,0.0,0.0,0.0,0.0,0.0,0.0
SH00008293,DS002,2026-07-12,9.0,R_DS002_116,31.0,283.98655226666665,449.77940936666664,1290.0,0.5259010227160493,3.4444444444444446
SH00008294,DS002,2026-07-12,9.0,R_DS002_117,36.0,320.0898056666667,509.57194855,1570.0,0.5927588993827161,4.0
SH00008295,DS002,2026-07-12,9.0,,0.0,0.0,0.0,0.0,0.0,0.0
SH00008296,DS002,2026-07-12,9.0,R_DS002_120,38.0,321.5118556333333,509.7082842,1655.0,0.5953923252469135,4.222222222222222
SH00008297,DS002,2026-07-12,9.0,,0.0,0.0,0.0,0.0,0.0,0.0
SH00008298,DS002,2026-07-12,9.0,R_DS002_122,28.0,277.6251405166666,432.13585475,1165.0,0.5141206305864197,3.111111111111111
SH00008299,DS002,2026-07-12,9.0,R_DS002_123,35.0,329.18099744999995,516.6381403166667,1530.0,0.6095944397222222,3.888888888888889
SH00008300,DS002,2026-07-12,9.0,,0.0,0.0,0.0,0.0,0.0,0.0
SH00008301,DS002,2026-07-12,8.333333333333334,R_DS002_125,28.0,274.34235045,436.34235043333337,1180.0,0.5486847009,3.36
SH00008302,DS002,2026-07-12,9.0,R_DS002_128,31.0,274.3314910499999,429.67791963333326,1295.0,0.508021279722222,3.4444444444444446
SH00008303,DS002,2026-07-12,9.0,R_DS002_129,39.0,322.8585037000001,516.8406465500002,1695.0,0.5978861179629631,4.333333333333333
SH00008304,DS002,2026-07-12,9.0,,0.0,0.0,0.0,0.0,0.0,0.0
SH00008305,DS002,2026-07-12,9.0,R_DS002_131,29.0,255.06802880000004,411.70017173333326,1210.0,0.47234820148148154,3.2222222222222223
SH00008306,DS002,2026-07-12,9.0,R_DS002_132,37.0,325.28650495,508.4365048833333,1600.0,0.6023824165740741,4.111111111111111
SH00008307,DS002,2026-07-12,9.0,R_DS002_134,28.0,273.18936111666665,426.31793256666674,1170.0,0.5059062242901234,3.111111111111111
SH00008308,DS002,2026-07-12,9.0,R_DS002_135,36.0,320.22815913333335,511.8638734666667,1570.0,0.5930151095061729,4.0
SH00008309,DS002,2026-07-12,9.0,,0.0,0.0,0.0,0.0,0.0,0.0
SH00008310,DS002,2026-07-12,9.0,R_DS002_137,31.0,267.9332065666667,418.58677795000006,1305.0,0.49617260475308644,3.4444444444444446
SH00008311,DS002,2026-07-12,9.0,R_DS002_138,42.0,328.01347723333333,512.2563344166666,1830.0,0.6074323652469136,4.666666666666667
SH00008312,DS002,2026-07-12,9.0,,0.0,0.0,0.0,0.0,0.0,0.0
SH00008313,DS002,2026-07-12,0.0,,0.0,0.0,0.0,0.0,0.0,0.0
SH00008314,DS002,2026-07-12,9.0,,0.0,0.0,0.0,0.0,0.0,0.0
SH00008315,DS002,2026-07-12,9.0,R_DS002_144,35.0,331.8603193333333,521.6638908833334,1520.0,0.6145561469135802,3.888888888888889
SH00008316,DS002,2026-07-12,9.0,,0.0,0.0,0.0,0.0,0.0,0.0
SH00008317,DS002,2026-07-12,9.0,R_DS002_146,29.0,268.0727521333333,417.0870377666667,1205.0,0.4964310224691358,3.2222222222222223
SH00008318,DS002,2026-07-12,9.0,,0.0,0.0,0.0,0.0,0.0,0.0
SH00008319,DS002,2026-07-12,9.0,R_DS002_149,31.0,273.30999188333334,423.32070625,1295.0,0.5061296145987655,3.4444444444444446
SH00008320,DS002,2026-07-12,9.0,R_DS002_150,38.0,315.4426850333333,507.7533993166667,1655.0,0.5841531204320987,4.222222222222222
SH00008321,DS002,2026-07-12,9.0,,0.0,0.0,0.0,0.0,0.0,0.0
SH00008322,DS002,2026-07-12,8.1,R_DS002_152,26.0,229.7506860333333,366.1006860166667,1085.0,0.47273803710562406,3.2098765432098766
SH00008323,DS002,2026-07-12,8.166666666666666,R_DS002_153,33.0,289.9913119666666,465.97345485000005,1440.0,0.5918190040136054,4.040816326530613
SH00008324,DS002,2026-07-12,9.0,R_DS002_155,30.0,266.04561515,416.7313294500001,1255.0,0.4926770650925926,3.3333333333333335
SH00008353,DS003,2026-07-12,9.0,R_DS003_001,24.0,211.8552690333333,325.35169756666664,960.0,0.3923245722839505,2.6666666666666665
SH00008354,DS003,2026-07-12,9.0,R_DS003_002,37.0,306.61164495,481.7902163666665,1535.0,0.5677993425000001,4.111111111111111
SH00008355,DS003,2026-07-12,9.0,R_DS003_003,38.0,305.7414412166666,488.18072686666665,1640.0,0.5661878541049381,4.222222222222222
SH00008356,DS003,2026-07-12,9.0,R_DS003_004,21.0,182.54364130000005,287.5222127666667,840.0,0.33804378018518527,2.3333333333333335
SH00008357,DS003,2026-07-12,9.0,R_DS003_005,39.0,309.9146205,483.74319198333325,1620.0,0.5739159638888889,4.333333333333333
SH00008358,DS003,2026-07-12,9.0,R_DS003_006,38.0,309.2493491666666,490.8636349166667,1630.0,0.5726839799382715,4.222222222222222
SH00008359,DS003,2026-07-12,9.0,R_DS003_008,39.0,315.09818615,489.0231862166666,1620.0,0.583515159537037,4.333333333333333
SH00008360,DS003,2026-07-12,9.0,R_DS003_010,20.0,171.90982645,266.24911216666663,800.0,0.31835153046296294,2.2222222222222223
SH00008361,DS003,2026-07-12,9.0,R_DS003_011,36.0,302.1920941666666,478.78495128333327,1500.0,0.5596149891975307,4.0
SH00008362,DS003,2026-07-12,9.0,R_DS003_012,37.0,320.8015659833334,506.20156605,1575.0,0.5940769740432099,4.111111111111111
SH00008363,DS003,2026-07-12,0.0,,0.0,0.0,0.0,0.0,0.0,0.0
SH00008364,DS003,2026-07-12,8.633333333333333,R_DS003_015,37.0,301.5732002166667,471.48391451666674,1590.0,0.5821876452059203,4.285714285714286
SH00008365,DS003,2026-07-12,9.0,R_DS003_016,16.0,144.32891358333333,229.18605644999997,640.0,0.26727576589506175,1.7777777777777777
SH00008366,DS003,2026-07-12,0.0,,0.0,0.0,0.0,0.0,0.0,0.0
SH00008367,DS003,2026-07-12,8.533333333333333,R_DS003_018,33.0,288.56454970000004,456.1466925333333,1420.0,0.5636026361328126,3.8671875
SH00008368,DS003,2026-07-12,9.0,R_DS003_019,13.0,120.54278595,192.8963573833333,520.0,0.22322738138888887,1.4444444444444444
SH00008369,DS003,2026-07-12,9.0,R_DS003_022,11.0,75.63007076666668,116.06578506666666,440.0,0.14005568660493828,1.2222222222222223
SH00008370,DS003,2026-07-12,8.733333333333333,R_DS003_023,35.0,298.28213453333336,475.0999917000001,1450.0,0.5692407147582698,4.00763358778626
SH00008371,DS003,2026-07-12,9.0,R_DS003_024,35.0,302.1620824000001,474.7549395666666,1505.0,0.559559411851852,3.888888888888889
SH00008372,DS003,2026-07-12,9.0,R_DS003_026,34.0,303.45497235000005,476.8335437333334,1420.0,0.5619536525000001,3.7777777777777777
SH00008373,DS003,2026-07-12,9.0,R_DS003_027,35.0,302.6749151833333,483.34991511666675,1505.0,0.560509102191358,3.888888888888889
SH00008374,DS003,2026-07-12,9.0,R_DS003_030,40.0,307.66549896666675,476.82264185,1715.0,0.5697509240123458,4.444444444444445
SH00008375,DS003,2026-07-12,9.0,R_DS003_032,35.0,289.9068963666667,457.11403920000004,1455.0,0.5368646229012346,3.888888888888889
SH00008376,DS003,2026-07-12,9.0,R_DS003_033,36.0,304.03227603333323,484.4179903000001,1555.0,0.5630227333950616,4.0
SH00008377,DS003,2026-07-12,9.0,R_DS003_034,5.0,47.44559701666667,74.57416845,200.0,0.08786221669753086,0.5555555555555556
SH00008378,DS003,2026-07-12,9.0,R_DS003_036,36.0,299.8909840333334,467.4838412000001,1560.0,0.5553536741358026,4.0
SH00008379,DS003,2026-07-12,0.0,,0.0,0.0,0.0,0.0,0.0,0.0
SH00008380,DS003,2026-07-12,9.0,R_DS003_038,35.0,285.9299407166667,445.5192264666666,1460.0,0.5294998902160495,3.888888888888889
SH00008381,DS003,2026-07-12,9.0,R_DS003_039,34.0,298.72201835,475.1863040833333,1460.0,0.5531889228703704,3.7777777777777777
SH00008382,DS003,2026-07-12,9.0,R_DS003_040,2.0,21.805497516666666,34.46978323333333,80.0,0.04038055095679012,0.2222222222222222
SH00008383,DS003,2026-07-12,9.0,R_DS003_041,35.0,291.8755174666666,453.6183745999999,1455.0,0.5405102175308641,3.888888888888889
SH00008384,DS003,2026-07-12,9.0,R_DS003_043,3.0,22.463424850000003,35.67413915,120.0,0.04159893490740741,0.3333333333333333
SH00008385,DS003,2026-07-12,9.0,R_DS003_044,36.0,284.22910575,444.17196288333326,1505.0,0.5263501958333333,4.0
SH00008386,DS003,2026-07-12,8.3,R_DS003_045,32.0,274.5822606166666,435.2001178166667,1390.0,0.5513700012382863,3.8554216867469875
SH00008387,DS003,2026-07-12,9.0,R_DS003_046,1.0,10.090794766666667,15.8443662,40.0,0.018686656975308642,0.1111111111111111
SH00008388,DS003,2026-07-12,9.0,R_DS003_047,33.0,276.0924194333333,430.95670523333325,1375.0,0.5112822582098765,3.6666666666666665
SH00008389,DS003,2026-07-12,9.0,R_DS003_048,37.0,290.9698869,460.55560116666663,1595.0,0.5388331238888889,4.111111111111111
SH00008390,DS003,2026-07-12,9.0,R_DS003_050,32.0,276.1038832,438.74674035000004,1330.0,0.5113034874074074,3.5555555555555554
SH00008391,DS003,2026-07-12,9.0,R_DS003_051,39.0,303.19939759999994,468.63868331666674,1680.0,0.5614803659259258,4.333333333333333
SH00008392,DS003,2026-07-12,9.0,R_DS003_052,1.0,12.747161683333333,18.982875966666665,40.0,0.023605854969135802,0.1111111111111111
SH00008393,DS003,2026-07-12,9.0,R_DS003_053,30.0,269.7512749666667,424.19770356666675,1245.0,0.49953939808641984,3.3333333333333335
SH00008394,DS003,2026-07-12,9.0,R_DS003_054,35.0,309.83021135,484.04449706666674,1515.0,0.5737596506481482,3.888888888888889
SH00008395,DS003,2026-07-12,0.0,,0.0,0.0,0.0,0.0,0.0,0.0
SH00008396,DS003,2026-07-12,0.0,,0.0,0.0,0.0,0.0,0.0,0.0
SH00008397,DS003,2026-07-12,8.466666666666667,R_DS003_058,1.0,7.015706716666667,10.969278133333335,40.0,0.01381044629265092,0.11811023622047244
SH00008398,DS003,2026-07-12,9.0,R_DS003_059,31.0,263.6492100666666,424.42778153333336,1295.0,0.4882392779012345,3.4444444444444446
SH00008399,DS003,2026-07-12,0.0,,0.0,0.0,0.0,0.0,0.0,0.0
SH00008400,DS003,2026-07-12,9.0,R_DS003_061,1.0,6.83483425,11.1419771,40.0,0.012657100462962962,0.1111111111111111
SH00008401,DS003,2026-07-12,9.0,R_DS003_062,33.0,273.02362245,428.98076528333337,1370.0,0.5055993008333334,3.6666666666666665
SH00008402,DS003,2026-07-12,9.0,R_DS003_064,1.0,9.40974705,14.745461333333333,40.0,0.0174254575,0.1111111111111111
SH00008403,DS003,2026-07-12,0.0,,0.0,0.0,0.0,0.0,0.0,0.0
SH00008404,DS003,2026-07-12,9.0,R_DS003_066,34.0,295.97554875000003,462.41126308333344,1475.0,0.5481028680555556,3.7777777777777777
SH00008405,DS003,2026-07-12,0.0,,0.0,0.0,0.0,0.0,0.0,0.0
SH00008406,DS003,2026-07-12,9.0,R_DS003_068,29.0,270.3906929,425.51212145000005,1210.0,0.5007235053703704,3.2222222222222223
SH00008407,DS003,2026-07-12,0.0,,0.0,0.0,0.0,0.0,0.0,0.0
SH00008408,DS003,2026-07-12,8.283333333333333,R_DS003_071,32.0,271.8960746166668,427.46750319999995,1330.0,0.5470745968142189,3.86317907444668
SH00008409,DS003,2026-07-12,9.0,R_DS003_072,34.0,305.6000138333334,468.27501381666667,1475.0,0.5659259515432099,3.7777777777777777
SH00008410,DS003,2026-07-12,0.0,,0.0,0.0,0.0,0.0,0.0,0.0
SH00008411,DS003,2026-07-12,9.0,R_DS003_074,33.0,274.45268030000005,422.9848231,1375.0,0.5082457042592594,3.6666666666666665
SH00008412,DS003,2026-07-12,0.0,,0.0,0.0,0.0,0.0,0.0,0.0
SH00008413,DS003,2026-07-12,9.0,R_DS003_078,38.0,299.24102554999996,468.05531121666667,1645.0,0.5541500473148148,4.222222222222222
SH00008414,DS003,2026-07-12,9.0,,0.0,0.0,0.0,0.0,0.0,0.0
SH00008415,DS003,2026-07-12,9.0,R_DS003_081,35.0,296.9464764666666,468.97504793333337,1515.0,0.5499008823456789,3.888888888888889
SH00008416,DS003,2026-07-12,9.0,,0.0,0.0,0.0,0.0,0.0,0.0
SH00008417,DS003,2026-07-12,0.0,,0.0,0.0,0.0,0.0,0.0,0.0
SH00008418,DS003,2026-07-12,9.0,,0.0,0.0,0.0,0.0,0.0,0.0
SH00008419,DS003,2026-07-12,9.0,R_DS003_086,30.0,264.04258945,427.07116084999996,1255.0,0.4889677582407407,3.3333333333333335
SH00008420,DS003,2026-07-12,9.0,R_DS003_087,34.0,288.11679960000004,461.59179956666657,1470.0,0.5335496288888889,3.7777777777777777
SH00008421,DS003,2026-07-12,9.0,,0.0,0.0,0.0,0.0,0.0,0.0
SH00008422,DS003,2026-07-12,9.0,R_DS003_089,32.0,271.7788019166666,426.80380186666673,1335.0,0.5032940776234567,3.5555555555555554
SH00008423,DS003,2026-07-12,9.0,R_DS003_092,33.0,269.8704524666667,423.4168811166666,1375.0,0.49976009716049385,3.6666666666666665
SH00008424,DS003,2026-07-12,9.0,R_DS003_093,37.0,297.66953415,468.9588198499999,1595.0,0.5512398780555555,4.111111111111111
SH00008425,DS003,2026-07-12,9.0,,0.0,0.0,0.0,0.0,0.0,0.0
SH00008426,DS003,2026-07-12,8.55,R_DS003_095,30.0,264.13249363333335,423.4003508000001,1255.0,0.5148781552306693,3.508771929824561
SH00008427,DS003,2026-07-12,8.3,R_DS003_096,29.0,265.32934115,419.35791256666664,1265.0,0.5327898416666667,3.4939759036144573
SH00008428,DS003,2026-07-12,9.0,,0.0,0.0,0.0,0.0,0.0,0.0
SH00008429,DS003,2026-07-12,9.0,R_DS003_099,37.0,294.87325011666667,465.77682153333336,1600.0,0.5460615742901235,4.111111111111111
SH00008430,DS003,2026-07-12,9.0,,0.0,0.0,0.0,0.0,0.0,0.0
SH00008431,DS003,2026-07-12,9.0,R_DS003_101,33.0,265.1257590666667,412.7900448,1385.0,0.49097362790123467,3.6666666666666665
SH00008432,DS003,2026-07-12,9.0,R_DS003_102,34.0,288.96931586666665,452.86574443333336,1465.0,0.5351283627160494,3.7777777777777777
SH00008433,DS003,2026-07-12,9.0,R_DS003_104,33.0,272.14315395,421.9288682,1375.0,0.5039688036111111,3.6666666666666665
SH00008434,DS003,2026-07-12,9.0,,0.0,0.0,0.0,0.0,0.0,0.0
SH00008435,DS003,2026-07-12,9.0,R_DS003_108,35.0,296.25527766666676,463.71956335000004,1525.0,0.5486208845679014,3.888888888888889
SH00008436,DS003,2026-07-12,9.0,,0.0,0.0,0.0,0.0,0.0,0.0
SH00008437,DS003,2026-07-12,9.0,R_DS003_110,29.0,262.2074656666666,410.7396085166667,1210.0,0.48556938086419743,3.2222222222222223
SH00008438,DS003,2026-07-12,9.0,R_DS003_111,34.0,291.26884356666665,452.5938435666668,1465.0,0.5393867473456789,3.7777777777777777
SH00008439,DS003,2026-07-12,9.0,R_DS003_113,31.0,260.83375731666666,409.26947160000003,1285.0,0.4830254765123457,3.4444444444444446
SH00008440,DS003,2026-07-12,9.0,R_DS003_114,36.0,301.1045319666667,469.0509605166667,1555.0,0.5576009851234568,4.0
SH00008441,DS003,2026-07-12,9.0,,0.0,0.0,0.0,0.0,0.0,0.0
SH00008442,DS003,2026-07-12,0.0,,0.0,0.0,0.0,0.0,0.0,0.0
SH00008443,DS003,2026-07-12,9.0,R_DS003_120,36.0,287.6093842166667,457.18438424999994,1550.0,0.532609970771605,4.0
SH00008444,DS003,2026-07-12,9.0,,0.0,0.0,0.0,0.0,0.0,0.0
SH00008445,DS003,2026-07-12,9.0,R_DS003_123,33.0,291.52154125,464.5465412166667,1430.0,0.5398547060185185,3.6666666666666665
SH00008446,DS003,2026-07-12,8.333333333333334,,0.0,0.0,0.0,0.0,0.0,0.0
SH00008447,DS003,2026-07-12,0.0,,0.0,0.0,0.0,0.0,0.0,0.0
SH00008448,DS003,2026-07-12,9.0,,0.0,0.0,0.0,0.0,0.0,0.0
SH00008449,DS003,2026-07-12,9.0,R_DS003_128,35.0,258.49706026666667,406.41848883333336,1465.0,0.47869825975308644,3.888888888888889
SH00008450,DS003,2026-07-12,0.0,,0.0,0.0,0.0,0.0,0.0,0.0
SH00008451,DS003,2026-07-12,9.0,R_DS003_131,30.0,262.62998883333336,417.6228459,1245.0,0.48635183117283953,3.3333333333333335
SH00008452,DS003,2026-07-12,9.0,R_DS003_132,34.0,284.15000201666663,450.20000204999997,1475.0,0.5262037074382715,3.7777777777777777
SH00008453,DS003,2026-07-12,0.0,,0.0,0.0,0.0,0.0,0.0,0.0
SH00008454,DS003,2026-07-12,9.0,R_DS003_135,35.0,281.31014029999994,437.3315688833334,1520.0,0.5209447042592592,3.888888888888889
SH00008455,DS003,2026-07-12,9.0,,0.0,0.0,0.0,0.0,0.0,0.0
SH00008456,DS003,2026-07-12,8.55,R_DS003_137,31.0,270.23604,422.27175421666664,1295.0,0.5267759064327485,3.6257309941520464
SH00008457,DS003,2026-07-12,9.0,R_DS003_138,35.0,282.2257890666667,447.95436044999997,1515.0,0.5226403501234569,3.888888888888889
SH00008458,DS003,2026-07-12,9.0,,0.0,0.0,0.0,0.0,0.0,0.0
SH00008459,DS003,2026-07-12,9.0,R_DS003_141,34.0,282.17604724999995,439.22604729999995,1475.0,0.522548235648148,3.7777777777777777
SH00008460,DS003,2026-07-12,9.0,,0.0,0.0,0.0,0.0,0.0,0.0
SH00008461,DS003,2026-07-12,9.0,R_DS003_143,29.0,256.7235949,407.0557377833333,1215.0,0.47541406462962965,3.2222222222222223
SH00008462,DS003,2026-07-12,9.0,,0.0,0.0,0.0,0.0,0.0,0.0
SH00008493,DS004,2026-07-12,8.483333333333333,R_DS004_001,27.0,224.8138796833333,355.69959398333344,1080.0,0.4416775632285527,3.182711198428291
SH00008494,DS004,2026-07-12,9.0,R_DS004_002,33.0,317.3097201666667,508.5275772833334,1385.0,0.5876105929012346,3.6666666666666665
SH00008495,DS004,2026-07-12,0.0,,0.0,0.0,0.0,0.0,0.0,0.0
SH00008496,DS004,2026-07-12,9.0,R_DS004_005,33.0,317.86471424999996,506.4147143166667,1385.0,0.5886383597222221,3.6666666666666665
SH00008497,DS004,2026-07-12,8.533333333333333,R_DS004_006,35.0,305.17296823333334,489.9943967833334,1495.0,0.5960409535807292,4.1015625
SH00008498,DS004,2026-07-12,9.0,R_DS004_008,33.0,310.4327423666666,496.1220280833333,1370.0,0.5748754488271604,3.6666666666666665
SH00008499,DS004,2026-07-12,9.0,R_DS004_009,38.0,321.71703979999995,510.5563255666667,1620.0,0.5957722959259258,4.222222222222222
SH00008500,DS004,2026-07-12,9.0,R_DS004_010,23.0,216.1102168666667,344.6495025666668,920.0,0.40020410530864203,2.5555555555555554
SH00008501,DS004,2026-07-12,9.0,R_DS004_011,33.0,312.14976808333336,502.01762518333334,1380.0,0.578055126080247,3.6666666666666665
SH00008502,DS004,2026-07-12,9.0,R_DS004_012,36.0,331.14508054999993,526.8307948333334,1540.0,0.613231630648148,4.0
SH00008503,DS004,2026-07-12,9.0,R_DS004_015,33.0,323.47314985,514.7231498,1410.0,0.5990243515740741,3.6666666666666665
SH00008504,DS004,2026-07-12,9.0,R_DS004_016,22.0,198.1139116,314.66391159999995,880.0,0.36687761407407404,2.4444444444444446
SH00008505,DS004,2026-07-12,9.0,R_DS004_017,31.0,309.9723697166667,496.2080839666667,1300.0,0.5740229068827162,3.4444444444444446
SH00008506,DS004,2026-07-12,9.0,R_DS004_019,20.0,169.7305331833333,270.88410461666666,800.0,0.31431580219135796,2.2222222222222223
SH00008507,DS004,2026-07-12,9.0,R_DS004_020,34.0,323.4481534666667,502.8374391833334,1425.0,0.5989780619753088,3.7777777777777777
SH00008508,DS004,2026-07-12,9.0,R_DS004_022,17.0,156.78154511666668,244.788688,680.0,0.2903361946604939,1.8888888888888888
SH00008509,DS004,2026-07-12,9.0,R_DS004_023,32.0,306.67783828333336,489.92426681666655,1335.0,0.5679219227469137,3.5555555555555554
SH00008510,DS004,2026-07-12,9.0,R_DS004_024,33.0,328.76269483333334,521.5555519666666,1415.0,0.6088198052469136,3.6666666666666665
SH00008511,DS004,2026-07-12,9.0,R_DS004_025,15.0,146.76494681666668,231.71851826666665,600.0,0.27178693854938274,1.6666666666666667
SH00008512,DS004,2026-07-12,9.0,R_DS004_026,31.0,298.5988497833334,483.7738497833334,1290.0,0.5529608329320989,3.4444444444444446
SH00008513,DS004,2026-07-12,9.0,R_DS004_027,36.0,319.8551574666667,509.8194431833334,1545.0,0.5923243656790124,4.0
SH00008514,DS004,2026-07-12,9.0,R_DS004_029,33.0,302.2103159999999,480.8281732,1390.0,0.5596487333333332,3.6666666666666665
SH00008515,DS004,2026-07-12,9.0,R_DS004_030,38.0,324.92199296666655,521.4434214666667,1630.0,0.6017073943827158,4.222222222222222
SH00008516,DS004,2026-07-12,9.0,R_DS004_031,11.0,101.94350123333334,163.3685011666667,440.0,0.18878426154320987,1.2222222222222223
SH00008517,DS004,2026-07-12,9.0,R_DS004_032,32.0,294.7024138833334,464.70598533333333,1340.0,0.5457452108950619,3.5555555555555554
SH00008518,DS004,2026-07-12,9.0,R_DS004_033,37.0,324.2583464833332,522.9976321666668,1575.0,0.6004784194135799,4.111111111111111
SH00008519,DS004,2026-07-12,9.0,R_DS004_034,10.0,86.54975595,135.31047023333335,400.0,0.16027732583333335,1.1111111111111112
SH00008520,DS004,2026-07-12,9.0,R_DS004_036,37.0,320.33291941666675,511.6150622833333,1585.0,0.5932091100308644,4.111111111111111
SH00008521,DS004,2026-07-12,9.0,R_DS004_037,8.0,86.78622568333334,136.47908283333334,320.0,0.1607152327469136,0.8888888888888888
SH00008522,DS004,2026-07-12,9.0,R_DS004_038,30.0,288.86053768333335,456.22839483333337,1265.0,0.5349269216358025,3.3333333333333335
SH00008523,DS004,2026-07-12,9.0,R_DS004_039,36.0,325.63072188333336,513.6342933166666,1535.0,0.6030198553395062,4.0
SH00008524,DS004,2026-07-12,8.283333333333333,R_DS004_040,7.0,67.68126001666667,109.98126003333333,280.0,0.13617959761904763,0.8450704225352113
SH00008525,DS004,2026-07-12,8.466666666666667,R_DS004_041,29.0,289.12592343333336,458.7437805833333,1220.0,0.5691455185695539,3.425196850393701
SH00008526,DS004,2026-07-12,9.0,R_DS004_043,5.0,46.61097288333333,79.04311571666666,200.0,0.08631661645061728,0.5555555555555556
SH00008527,DS004,2026-07-12,9.0,R_DS004_045,32.0,327.1252239,520.8823667500001,1380.0,0.6057874516666666,3.5555555555555554
SH00008528,DS004,2026-07-12,0.0,,0.0,0.0,0.0,0.0,0.0,0.0
SH00008529,DS004,2026-07-12,9.0,R_DS004_047,30.0,290.15107305000004,460.2510730333334,1255.0,0.5373168019444445,3.3333333333333335
SH00008530,DS004,2026-07-12,9.0,R_DS004_048,33.0,318.5941109666667,516.4976823333334,1410.0,0.5899890943827161,3.6666666666666665
SH00008531,DS004,2026-07-12,9.0,R_DS004_050,29.0,285.28690220000004,457.79761650000006,1215.0,0.5283090781481482,3.2222222222222223
SH00008532,DS004,2026-07-12,8.416666666666666,R_DS004_051,30.0,307.1192766000001,483.74427651666656,1290.0,0.6081569833663368,3.5643564356435644
SH00008533,DS004,2026-07-12,0.0,,0.0,0.0,0.0,0.0,0.0,0.0
SH00008534,DS004,2026-07-12,9.0,R_DS004_053,30.0,280.0514981833333,449.9586410666668,1270.0,0.5186138855246913,3.3333333333333335
SH00008535,DS004,2026-07-12,8.316666666666666,R_DS004_054,32.0,294.28192563333334,472.57835420000004,1380.0,0.5897433379425517,3.8476953907815634
SH00008536,DS004,2026-07-12,0.0,,0.0,0.0,0.0,0.0,0.0,0.0
SH00008537,DS004,2026-07-12,0.0,,0.0,0.0,0.0,0.0,0.0,0.0
SH00008538,DS004,2026-07-12,9.0,R_DS004_058,3.0,30.77844806666667,48.45701948333333,120.0,0.05699712604938272,0.3333333333333333
SH00008539,DS004,2026-07-12,9.0,R_DS004_059,33.0,283.24018896666666,448.93661751666673,1390.0,0.5245188684567901,3.6666666666666665
SH00008540,DS004,2026-07-12,0.0,,0.0,0.0,0.0,0.0,0.0,0.0
SH00008541,DS004,2026-07-12,9.0,R_DS004_061,2.0,16.58032903333333,28.28032903333333,80.0,0.030704313024691354,0.2222222222222222
SH00008542,DS004,2026-07-12,9.0,R_DS004_062,30.0,279.64328976666667,456.3968611833333,1260.0,0.5178579440123456,3.3333333333333335
SH00008543,DS004,2026-07-12,9.0,R_DS004_064,2.0,17.0416632,27.970234633333334,80.0,0.031558635555555554,0.2222222222222222
SH00008544,DS004,2026-07-12,9.0,R_DS004_065,31.0,277.85586986666664,449.5308697666667,1305.0,0.5145479071604938,3.4444444444444446
SH00008545,DS004,2026-07-12,0.0,,0.0,0.0,0.0,0.0,0.0,0.0
SH00008546,DS004,2026-07-12,9.0,R_DS004_067,1.0,9.745916616666667,14.43877375,40.0,0.0180479937345679,0.1111111111111111
SH00008547,DS004,2026-07-12,0.0,,0.0,0.0,0.0,0.0,0.0,0.0
SH00008548,DS004,2026-07-12,0.0,,0.0,0.0,0.0,0.0,0.0,0.0
SH00008549,DS004,2026-07-12,0.0,,0.0,0.0,0.0,0.0,0.0,0.0
SH00008550,DS004,2026-07-12,9.0,R_DS004_072,32.0,331.14248451666674,520.68891305,1365.0,0.6132268231790124,3.5555555555555554
SH00008551,DS004,2026-07-12,9.0,R_DS004_073,1.0,12.782264999999999,21.235836433333336,40.0,0.023670861111111108,0.1111111111111111
SH00008552,DS004,2026-07-12,9.0,R_DS004_075,35.0,320.55184125000005,510.5804127166667,1490.0,0.5936145208333334,3.888888888888889
SH00008553,DS004,2026-07-12,9.0,,0.0,0.0,0.0,0.0,0.0,0.0
SH00008554,DS004,2026-07-12,9.0,R_DS004_078,32.0,322.08520131666666,519.1852013499999,1365.0,0.5964540765123456,3.5555555555555554
SH00008555,DS004,2026-07-12,9.0,,0.0,0.0,0.0,0.0,0.0,0.0
SH00008556,DS004,2026-07-12,0.0,,0.0,0.0,0.0,0.0,0.0,0.0
SH00008557,DS004,2026-07-12,0.0,,0.0,0.0,0.0,0.0,0.0,0.0
SH00008558,DS004,2026-07-12,9.0,,0.0,0.0,0.0,0.0,0.0,0.0
SH00008559,DS004,2026-07-12,0.0,,0.0,0.0,0.0,0.0,0.0,0.0
SH00008560,DS004,2026-07-12,8.683333333333334,,0.0,0.0,0.0,0.0,0.0,0.0
SH00008561,DS004,2026-07-12,9.0,R_DS004_086,30.0,280.34560945,445.65632375,1270.0,0.5191585360185185,3.3333333333333335
SH00008562,DS004,2026-07-12,9.0,R_DS004_087,37.0,322.21885168333336,516.9402803166666,1580.0,0.5967015771913581,4.111111111111111
SH00008563,DS004,2026-07-12,0.0,,0.0,0.0,0.0,0.0,0.0,0.0
SH00008564,DS004,2026-07-12,9.0,R_DS004_089,34.0,277.6296594666667,433.5225165333334,1430.0,0.5141289990123457,3.7777777777777777
SH00008565,DS004,2026-07-12,9.0,R_DS004_090,34.0,326.43298930000003,514.88656075,1460.0,0.6045055357407408,3.7777777777777777
SH00008566,DS004,2026-07-12,9.0,R_DS004_092,28.0,280.18705341666663,439.8406248833333,1180.0,0.5188649137345678,3.111111111111111
SH00008567,DS004,2026-07-12,8.716666666666667,R_DS004_093,36.0,315.13547751666664,502.97833468333323,1540.0,0.6025534942957297,4.130019120458891
SH00008568,DS004,2026-07-12,9.0,,0.0,0.0,0.0,0.0,0.0,0.0
SH00008569,DS004,2026-07-12,8.633333333333333,R_DS004_095,28.0,282.8314966333333,445.31363955,1180.0,0.5460067502574002,3.2432432432432434
SH00008570,DS004,2026-07-12,9.0,R_DS004_096,38.0,322.89118206666654,515.9411820500001,1630.0,0.5979466334567899,4.222222222222222
SH00008571,DS004,2026-07-12,0.0,,0.0,0.0,0.0,0.0,0.0,0.0
SH00008572,DS004,2026-07-12,0.0,,0.0,0.0,0.0,0.0,0.0,0.0
SH00008573,DS004,2026-07-12,9.0,,0.0,0.0,0.0,0.0,0.0,0.0
SH00008574,DS004,2026-07-12,0.0,,0.0,0.0,0.0,0.0,0.0,0.0
SH00008575,DS004,2026-07-12,0.0,,0.0,0.0,0.0,0.0,0.0,0.0
SH00008576,DS004,2026-07-12,9.0,,0.0,0.0,0.0,0.0,0.0,0.0
SH00008577,DS004,2026-07-12,0.0,,0.0,0.0,0.0,0.0,0.0,0.0
SH00008578,DS004,2026-07-12,8.316666666666666,,0.0,0.0,0.0,0.0,0.0,0.0
SH00008579,DS004,2026-07-12,9.0,R_DS004_107,30.0,263.51554266666665,434.6762569166667,1260.0,0.4879917456790123,3.3333333333333335
SH00008580,DS004,2026-07-12,9.0,R_DS004_108,36.0,325.7183371833334,514.84690865,1540.0,0.6031821058950618,4.0
SH00008581,DS004,2026-07-12,9.0,,0.0,0.0,0.0,0.0,0.0,0.0
SH00008582,DS004,2026-07-12,9.0,R_DS004_110,26.0,267.88434835,438.75577691666666,1100.0,0.496082126574074,2.888888888888889
SH00008583,DS004,2026-07-12,9.0,R_DS004_111,39.0,319.10302635000005,509.2923120500001,1675.0,0.5909315302777779,4.333333333333333
SH00008584,DS004,2026-07-12,9.0,R_DS004_113,30.0,270.3889975333333,435.37828325,1260.0,0.500720365802469,3.3333333333333335
SH00008585,DS004,2026-07-12,9.0,R_DS004_114,33.0,319.8686201,519.1864772,1405.0,0.5923492964814815,3.6666666666666665
SH00008586,DS004,2026-07-12,9.0,,0.0,0.0,0.0,0.0,0.0,0.0
SH00008587,DS004,2026-07-12,0.0,,0.0,0.0,0.0,0.0,0.0,0.0
SH00008588,DS004,2026-07-12,8.3,,0.0,0.0,0.0,0.0,0.0,0.0
SH00008589,DS004,2026-07-12,9.0,R_DS004_120,34.0,320.6344668666666,507.3523240333334,1465.0,0.5937675312345678,3.7777777777777777
SH00008590,DS004,2026-07-12,8.45,,0.0,0.0,0.0,0.0,0.0,0.0
SH00008591,DS004,2026-07-12,9.0,R_DS004_122,31.0,283.49807195000005,443.95521484999983,1300.0,0.5249964295370372,3.4444444444444446
SH00008592,DS004,2026-07-12,9.0,R_DS004_123,34.0,321.70547401666664,509.58047403333325,1460.0,0.5957508778086419,3.7777777777777777
SH00008593,DS004,2026-07-12,9.0,,0.0,0.0,0.0,0.0,0.0,0.0
SH00008594,DS004,2026-07-12,9.0,R_DS004_125,30.0,276.7887473166667,441.4244616500001,1260.0,0.5125717542901235,3.3333333333333335
SH00008595,DS004,2026-07-12,8.316666666666666,,0.0,0.0,0.0,0.0,0.0,0.0
SH00008596,DS004,2026-07-12,9.0,R_DS004_128,27.0,280.30233526666666,445.51662100000004,1135.0,0.5190783986419752,3.0
SH00008597,DS004,2026-07-12,9.0,R_DS004_129,34.0,328.71701236666667,520.5455838833333,1460.0,0.6087352080864198,3.7777777777777777
SH00008598,DS004,2026-07-12,9.0,,0.0,0.0,0.0,0.0,0.0,0.0
SH00008599,DS004,2026-07-12,9.0,R_DS004_131,29.0,280.60610111666665,450.6418154000001,1215.0,0.5196409279938271,3.2222222222222223
SH00008600,DS004,2026-07-12,9.0,R_DS004_132,36.0,323.3528581666668,514.2492867499999,1530.0,0.5988015891975311,4.0
SH00008601,DS004,2026-07-12,9.0,R_DS004_134,31.0,271.877495,433.49178073333337,1295.0,0.5034768425925926,3.4444444444444446
SH00008602,DS004,2026-07-12,9.0,R_DS004_135,33.0,317.1062918666666,511.2812918666667,1410.0,0.5872338738271604,3.6666666666666665
SH00008603,DS004,2026-07-12,9.0,,0.0,0.0,0.0,0.0,0.0,0.0
SH00008604,DS004,2026-07-12,8.45,R_DS004_137,28.0,254.1162362,406.8269504666667,1185.0,0.5012154560157791,3.313609467455622
SH00008605,DS004,2026-07-12,9.0,R_DS004_138,36.0,322.13737080000004,519.8802279333333,1540.0,0.5965506866666668,4.0
SH00008606,DS004,2026-07-12,0.0,,0.0,0.0,0.0,0.0,0.0,0.0
SH00008607,DS004,2026-07-12,9.0,R_DS004_141,34.0,324.54418394999993,521.0656124666667,1450.0,0.6010077480555555,3.7777777777777777
SH00008608,DS004,2026-07-12,9.0,,0.0,0.0,0.0,0.0,0.0,0.0
SH00008609,DS004,2026-07-12,9.0,R_DS004_143,29.0,273.60361524999996,440.45718675000006,1210.0,0.506673361574074,3.2222222222222223
SH00008610,DS004,2026-07-12,9.0,,0.0,0.0,0.0,0.0,0.0,0.0
SH00008611,DS004,2026-07-12,8.6,,0.0,0.0,0.0,0.0,0.0,0.0
SH00008612,DS004,2026-07-12,9.0,R_DS004_149,30.0,269.3273984166667,433.4488269833334,1255.0,0.49875444151234577,3.3333333333333335
SH00008613,DS004,2026-07-12,9.0,R_DS004_150,33.0,312.9099065333334,510.45990656666675,1420.0,0.5794627898765433,3.6666666666666665
SH00008614,DS004,2026-07-12,9.0,R_DS004_153,37.0,332.8821248333333,520.8214105333335,1575.0,0.6164483793209876,4.111111111111111
SH00008615,DS004,2026-07-12,9.0,R_DS004_155,28.0,270.1428234,423.5928233833334,1185.0,0.5002644877777778,3.111111111111111
SH00008616,DS004,2026-07-12,0.0,,0.0,0.0,0.0,0.0,0.0,0.0
SH00008617,DS004,2026-07-12,8.75,,0.0,0.0,0.0,0.0,0.0,0.0
SH00008618,DS004,2026-07-12,0.0,,0.0,0.0,0.0,0.0,0.0,0.0
SH00008619,DS004,2026-07-12,9.0,R_DS004_159,39.0,325.19680935,518.31109505,1660.0,0.6022163136111112,4.333333333333333
SH00008646,DS005,2026-07-12,9.0,R_DS005_001,27.0,191.73379364999997,295.2337935833333,1080.0,0.35506258083333325,3.0
SH00008647,DS005,2026-07-12,9.0,R_DS005_002,37.0,305.32853395,472.18210544999994,1530.0,0.5654232110185186,4.111111111111111
SH00008648,DS005,2026-07-12,9.0,R_DS005_003,40.0,311.01560446666656,487.9584616666666,1730.0,0.5759548230864195,4.444444444444445
SH00008649,DS005,2026-07-12,9.0,R_DS005_004,25.0,192.77229301666665,301.64015011666663,1000.0,0.35698572780864196,2.7777777777777777
SH00008650,DS005,2026-07-12,9.0,R_DS005_008,39.0,292.88041541666666,450.60541541666663,1615.0,0.5423711396604938,4.333333333333333
SH00008651,DS005,2026-07-12,9.0,R_DS005_009,42.0,309.69748075000007,481.8831950500001,1815.0,0.5735138532407409,4.666666666666667
SH00008652,DS005,2026-07-12,9.0,R_DS005_010,23.0,160.24093288333336,248.37664715000003,920.0,0.2967424683024692,2.5555555555555554
SH00008653,DS005,2026-07-12,0.0,,0.0,0.0,0.0,0.0,0.0,0.0
SH00008654,DS005,2026-07-12,9.0,R_DS005_012,40.0,306.92175288333334,477.47175289999996,1720.0,0.5683736164506173,4.444444444444445
SH00008655,DS005,2026-07-12,0.0,,0.0,0.0,0.0,0.0,0.0,0.0
SH00008656,DS005,2026-07-12,9.0,R_DS005_015,44.0,297.7450294333333,462.47717231666667,1915.0,0.5513796841358024,4.888888888888889
SH00008657,DS005,2026-07-12,9.0,R_DS005_016,21.0,158.47930653333336,243.85073509999998,840.0,0.29348019728395064,2.3333333333333335
SH00008658,DS005,2026-07-12,0.0,,0.0,0.0,0.0,0.0,0.0,0.0
SH00008659,DS005,2026-07-12,9.0,R_DS005_018,40.0,299.35800406666664,459.6865754833334,1745.0,0.5543666741975308,4.444444444444445
SH00008660,DS005,2026-07-12,9.0,R_DS005_020,39.0,276.6475771666667,437.49043433333327,1610.0,0.5123103280864197,4.333333333333333
SH00008661,DS005,2026-07-12,9.0,R_DS005_022,16.0,121.20328154999999,192.2068529833333,640.0,0.22445052138888885,1.7777777777777777
SH00008662,DS005,2026-07-12,9.0,R_DS005_023,37.0,278.8712846166667,440.83914179999994,1530.0,0.516428304845679,4.111111111111111
SH00008663,DS005,2026-07-12,9.0,R_DS005_024,38.0,296.8438768,459.96887675,1660.0,0.5497108829629629,4.222222222222222
SH00008664,DS005,2026-07-12,9.0,R_DS005_025,9.0,67.71728293333334,101.9494258,360.0,0.12540237580246913,1.0
SH00008665,DS005,2026-07-12,0.0,,0.0,0.0,0.0,0.0,0.0,0.0
SH00008666,DS005,2026-07-12,9.0,R_DS005_027,39.0,291.55236489999993,459.4666506666666,1695.0,0.5399117868518517,4.333333333333333
SH00008667,DS005,2026-07-12,9.0,R_DS005_029,37.0,285.3271865,441.47718648333336,1530.0,0.5283836787037036,4.111111111111111
SH00008668,DS005,2026-07-12,9.0,R_DS005_030,40.0,297.8546973833333,467.2475544833333,1745.0,0.5515827729320987,4.444444444444445
SH00008669,DS005,2026-07-12,9.0,R_DS005_031,6.0,46.307789916666664,71.57207563333334,240.0,0.08575516651234567,0.6666666666666666
SH00008670,DS005,2026-07-12,9.0,R_DS005_032,36.0,268.3148194166667,416.07553375000015,1490.0,0.49687929521604945,4.0
SH00008671,DS005,2026-07-12,9.0,R_DS005_033,38.0,301.6198378166667,465.5984093166667,1645.0,0.5585552552160494,4.222222222222222
SH00008672,DS005,2026-07-12,9.0,R_DS005_034,4.0,32.368833349999996,51.52597623333334,160.0,0.05994228398148147,0.4444444444444444
SH00008673,DS005,2026-07-12,9.0,R_DS005_036,40.0,289.63279445,451.8577945166668,1740.0,0.5363570267592592,4.444444444444445
SH00008674,DS005,2026-07-12,0.0,,0.0,0.0,0.0,0.0,0.0,0.0
SH00008675,DS005,2026-07-12,9.0,R_DS005_038,35.0,263.62150026666666,409.1000716500001,1445.0,0.4881879634567901,3.888888888888889
SH00008676,DS005,2026-07-12,9.0,R_DS005_039,37.0,297.4311478666667,461.8418621333332,1615.0,0.5507984219753087,4.111111111111111
SH00008677,DS005,2026-07-12,0.0,,0.0,0.0,0.0,0.0,0.0,0.0
SH00008678,DS005,2026-07-12,9.0,R_DS005_041,35.0,267.00972725,416.95615581666664,1445.0,0.4944624578703704,3.888888888888889
SH00008679,DS005,2026-07-12,9.0,R_DS005_043,2.0,17.187020983333333,27.922735266666667,80.0,0.03182781663580247,0.2222222222222222
SH00008680,DS005,2026-07-12,9.0,R_DS005_044,37.0,258.4384315,415.2955743,1530.0,0.4785896879629629,4.111111111111111
SH00008681,DS005,2026-07-12,9.0,R_DS005_045,35.0,287.77983943333334,449.42626800000005,1530.0,0.532925628580247,3.888888888888889
SH00008682,DS005,2026-07-12,9.0,R_DS005_047,34.0,262.5956039166667,404.1848896666666,1410.0,0.4862881554012346,3.7777777777777777
SH00008683,DS005,2026-07-12,8.65,R_DS005_048,37.0,277.18105443333343,436.4167687166666,1625.0,0.534067542260758,4.277456647398844
SH00008684,DS005,2026-07-12,9.0,R_DS005_050,33.0,249.67340521666668,387.2126909166667,1375.0,0.462358157808642,3.6666666666666665
SH00008685,DS005,2026-07-12,0.0,,0.0,0.0,0.0,0.0,0.0,0.0
SH00008686,DS005,2026-07-12,9.0,R_DS005_052,1.0,6.341578083333333,9.716578083333333,40.0,0.011743663117283951,0.1111111111111111
SH00008687,DS005,2026-07-12,9.0,R_DS005_053,32.0,241.13610005,377.2932429,1330.0,0.4465483334259259,3.5555555555555554
SH00008688,DS005,2026-07-12,0.0,,0.0,0.0,0.0,0.0,0.0,0.0
SH00008689,DS005,2026-07-12,0.0,,0.0,0.0,0.0,0.0,0.0,0.0
SH00008690,DS005,2026-07-12,9.0,R_DS005_058,1.0,8.497054316666667,13.222054316666666,40.0,0.015735285771604938,0.1111111111111111
SH00008691,DS005,2026-07-12,9.0,R_DS005_059,31.0,251.46959163333335,386.4374487833333,1285.0,0.4656844289506173,3.4444444444444446
SH00008692,DS005,2026-07-12,9.0,R_DS005_061,1.0,6.073933566666667,9.288219283333332,40.0,0.01124802512345679,0.1111111111111111
SH00008693,DS005,2026-07-12,9.0,R_DS005_062,31.0,244.35664359999998,383.40664358333333,1290.0,0.4525123029629629,3.4444444444444446
SH00008694,DS005,2026-07-12,0.0,,0.0,0.0,0.0,0.0,0.0,0.0
SH00008695,DS005,2026-07-12,9.0,R_DS005_065,32.0,240.06646523333336,374.97003670000004,1330.0,0.4445675282098766,3.5555555555555554
SH00008696,DS005,2026-07-12,9.0,R_DS005_066,35.0,291.6895755166667,448.57886124999993,1535.0,0.5401658805864198,3.888888888888889
SH00008697,DS005,2026-07-12,0.0,,0.0,0.0,0.0,0.0,0.0,0.0
SH00008698,DS005,2026-07-12,9.0,R_DS005_068,30.0,236.81976429999997,371.81976426666665,1250.0,0.438555119074074,3.3333333333333335
SH00008699,DS005,2026-07-12,0.0,,0.0,0.0,0.0,0.0,0.0,0.0
SH00008700,DS005,2026-07-12,9.0,R_DS005_071,30.0,232.60269355000003,363.39197921666664,1240.0,0.43074572879629636,3.3333333333333335
SH00008701,DS005,2026-07-12,8.616666666666667,R_DS005_072,34.0,275.9763135166666,434.6013134666667,1495.0,0.5338033143455834,3.945841392649903
SH00008702,DS005,2026-07-12,9.0,R_DS005_074,28.0,228.6928216,359.73925018333335,1170.0,0.4235052251851852,3.111111111111111
SH00008703,DS005,2026-07-12,8.3,R_DS005_075,38.0,271.47197850000003,423.86126421666665,1680.0,0.5451244548192771,4.578313253012047
SH00008704,DS005,2026-07-12,8.55,R_DS005_076,1.0,10.155294083333333,15.683865516666666,40.0,0.01979589489928525,0.11695906432748537
SH00008705,DS005,2026-07-12,0.0,,0.0,0.0,0.0,0.0,0.0,0.0
SH00008706,DS005,2026-07-12,9.0,R_DS005_079,1.0,10.238341366666667,15.670484216666667,40.0,0.018959891419753086,0.1111111111111111
SH00008707,DS005,2026-07-12,9.0,R_DS005_080,28.0,220.43306199999995,349.26163343333343,1165.0,0.408209374074074,3.111111111111111
SH00008708,DS005,2026-07-12,9.0,R_DS005_081,36.0,263.6703218833334,411.4310362333333,1585.0,0.48827837385802475,4.0
SH00008709,DS005,2026-07-12,9.0,R_DS005_083,31.0,220.7506902,341.8006902166668,1290.0,0.4087975744444445,3.4444444444444446
SH00008710,DS005,2026-07-12,9.0,,0.0,0.0,0.0,0.0,0.0,0.0
SH00008711,DS005,2026-07-12,9.0,R_DS005_086,29.0,215.0892601,333.9214029,1215.0,0.3983134446296296,3.2222222222222223
SH00008712,DS005,2026-07-12,9.0,R_DS005_087,35.0,259.3356706,406.3892420333333,1545.0,0.48025124185185186,3.888888888888889
SH00008713,DS005,2026-07-12,9.0,,0.0,0.0,0.0,0.0,0.0,0.0
SH00008714,DS005,2026-07-12,9.0,R_DS005_089,28.0,214.3120252,338.9620252166667,1165.0,0.39687412074074074,3.111111111111111
SH00008715,DS005,2026-07-12,9.0,R_DS005_090,34.0,263.1488923166666,410.94174949999996,1495.0,0.4873127635493826,3.7777777777777777
SH00008716,DS005,2026-07-12,9.0,R_DS005_092,28.0,200.0399008666667,320.22204371666675,1165.0,0.37044426086419757,3.111111111111111
SH00008717,DS005,2026-07-12,8.45,R_DS005_093,32.0,264.07205781666664,410.5792006666666,1410.0,0.520852185042735,3.7869822485207103
SH00008718,DS005,2026-07-12,0.0,,0.0,0.0,0.0,0.0,0.0,0.0
SH00008719,DS005,2026-07-12,0.0,,0.0,0.0,0.0,0.0,0.0,0.0
SH00008720,DS005,2026-07-12,9.0,R_DS005_096,33.0,262.7489335000001,411.15250488333334,1455.0,0.4865720990740742,3.6666666666666665
SH00008721,DS005,2026-07-12,9.0,,0.0,0.0,0.0,0.0,0.0,0.0
SH00008722,DS005,2026-07-12,9.0,R_DS005_099,34.0,262.73922815,403.65351393333333,1500.0,0.48655412620370364,3.7777777777777777
SH00008723,DS005,2026-07-12,9.0,,0.0,0.0,0.0,0.0,0.0,0.0
SH00008724,DS005,2026-07-12,9.0,R_DS005_101,30.0,213.91884551666666,334.1009884166666,1250.0,0.3961460102160494,3.3333333333333335
SH00008725,DS005,2026-07-12,9.0,R_DS005_102,35.0,256.3857789333333,399.06792175,1550.0,0.4747884795061728,3.888888888888889
SH00008726,DS005,2026-07-12,9.0,,0.0,0.0,0.0,0.0,0.0,0.0
SH00008727,DS005,2026-07-12,9.0,R_DS005_104,28.0,216.03276154999998,335.2184758333333,1160.0,0.400060669537037,3.111111111111111
SH00008728,DS005,2026-07-12,9.0,R_DS005_107,29.0,204.2372168833333,314.68007405,1215.0,0.3782170683024691,3.2222222222222223
SH00008729,DS005,2026-07-12,0.0,,0.0,0.0,0.0,0.0,0.0,0.0
SH00008730,DS005,2026-07-12,9.0,,0.0,0.0,0.0,0.0,0.0,0.0
SH00008731,DS005,2026-07-12,9.0,R_DS005_110,27.0,202.8636792,319.7672506500001,1125.0,0.37567348,3.0
SH00008732,DS005,2026-07-12,8.483333333333333,R_DS005_111,35.0,260.6695147166667,401.0802290333333,1540.0,0.512120854060249,4.12573673870334
SH00008733,DS005,2026-07-12,0.0,,0.0,0.0,0.0,0.0,0.0,0.0
SH00008734,DS005,2026-07-12,8.366666666666667,R_DS005_114,36.0,257.50239675,398.48096819999995,1585.0,0.5129529815737052,4.302788844621514
SH00008735,DS005,2026-07-12,9.0,,0.0,0.0,0.0,0.0,0.0,0.0
SH00008736,DS005,2026-07-12,9.0,R_DS005_116,25.0,188.68078068333332,293.1129235499999,1050.0,0.3494088531172839,2.7777777777777777
SH00008737,DS005,2026-07-12,9.0,R_DS005_117,34.0,259.44562828333335,401.01348540000004,1495.0,0.48045486719135805,3.7777777777777777
SH00008738,DS005,2026-07-12,9.0,,0.0,0.0,0.0,0.0,0.0,0.0
SH00008739,DS005,2026-07-12,9.0,R_DS005_120,36.0,254.90727735000004,395.7572773499999,1585.0,0.47205051361111117,4.0
SH00008740,DS005,2026-07-12,9.0,,0.0,0.0,0.0,0.0,0.0,0.0
SH00008741,DS005,2026-07-12,9.0,R_DS005_122,22.0,179.99285195000002,278.79999488333334,920.0,0.33332009620370373,2.4444444444444446
SH00008742,DS005,2026-07-12,9.0,R_DS005_123,36.0,249.69402189999997,394.51545043333334,1585.0,0.4623963368518518,4.0
SH00008743,DS005,2026-07-12,9.0,,0.0,0.0,0.0,0.0,0.0,0.0
SH00008744,DS005,2026-07-12,9.0,R_DS005_125,26.0,185.9349613666666,283.9385327333333,1090.0,0.3443240025308641,2.888888888888889
SH00008745,DS005,2026-07-12,9.0,,0.0,0.0,0.0,0.0,0.0,0.0
SH00008746,DS005,2026-07-12,9.0,R_DS005_128,21.0,181.6672615,282.1136901,875.0,0.3364208546296296,2.3333333333333335
SH00008747,DS005,2026-07-12,9.0,R_DS005_129,32.0,240.733943,375.54108583333334,1420.0,0.4458035981481482,3.5555555555555554
SH00008748,DS005,2026-07-12,0.0,,0.0,0.0,0.0,0.0,0.0,0.0
SH00008749,DS005,2026-07-12,9.0,R_DS005_131,24.0,171.16052996666662,263.2819585666667,1010.0,0.31696394438271597,2.6666666666666665
SH00008750,DS005,2026-07-12,0.0,,0.0,0.0,0.0,0.0,0.0,0.0
SH00008751,DS005,2026-07-12,9.0,R_DS005_134,21.0,163.58664123333335,249.53664128333332,885.0,0.30293822450617286,2.3333333333333335
SH00008752,DS005,2026-07-12,0.0,,0.0,0.0,0.0,0.0,0.0,0.0
SH00008783,DS001,2026-07-13,9.0,R_DS001_002,43.0,260.83032646666663,396.4053264666667,1550.0,0.4830191230864197,4.777777777777778
SH00008784,DS001,2026-07-13,0.0,,0.0,0.0,0.0,0.0,0.0,0.0
SH00008785,DS001,2026-07-13,9.0,R_DS001_004,35.0,232.34975341666663,360.1104676833334,1240.0,0.43027732114197526,3.888888888888889
SH00008786,DS001,2026-07-13,9.0,R_DS001_006,41.0,276.67188703333335,416.4218870333333,1550.0,0.5123553463580247,4.555555555555555
SH00008787,DS001,2026-07-13,9.0,R_DS001_009,41.0,262.9686930666667,409.61869306666676,1545.0,0.4869790612345679,4.555555555555555
SH00008788,DS001,2026-07-13,0.0,,0.0,0.0,0.0,0.0,0.0,0.0
SH00008789,DS001,2026-07-13,8.75,R_DS001_011,42.0,249.47946048333333,381.72946048333336,1515.0,0.47519897234920633,4.8
SH00008790,DS001,2026-07-13,9.0,R_DS001_012,42.0,267.2699463,401.44494629999986,1590.0,0.494944345,4.666666666666667
SH00008791,DS001,2026-07-13,9.0,R_DS001_013,32.0,206.11507946666669,314.83293661666676,1135.0,0.3816945916049383,3.5555555555555554
SH00008792,DS001,2026-07-13,9.0,R_DS001_014,41.0,256.66136028333335,394.3863602833334,1475.0,0.4752988153395062,4.555555555555555
SH00008793,DS001,2026-07-13,9.0,R_DS001_016,28.0,179.01318786666658,274.1453307166666,995.0,0.33150590345679,3.111111111111111
SH00008794,DS001,2026-07-13,9.0,R_DS001_017,38.0,262.54105925,399.79105924999993,1375.0,0.4861871467592592,4.222222222222222
SH00008795,DS001,2026-07-13,9.0,R_DS001_018,39.0,261.61474583333336,396.7897458333333,1475.0,0.4844717515432099,4.333333333333333
SH00008796,DS001,2026-07-13,9.0,R_DS001_019,24.0,157.54615598333334,248.67829885,855.0,0.29175214070987654,2.6666666666666665
SH00008797,DS001,2026-07-13,9.0,R_DS001_020,40.0,252.4158958166667,385.4658958166666,1450.0,0.46743684410493835,4.444444444444445
SH00008798,DS001,2026-07-13,9.0,R_DS001_021,39.0,259.3793380166667,397.0043380166667,1470.0,0.48033210743827165,4.333333333333333
SH00008799,DS001,2026-07-13,9.0,R_DS001_023,38.0,247.54473198333332,378.4447319833333,1380.0,0.45841617033950616,4.222222222222222
SH00008800,DS001,2026-07-13,0.0,,0.0,0.0,0.0,0.0,0.0,0.0
SH00008801,DS001,2026-07-13,9.0,R_DS001_026,37.0,232.49990224999993,354.62490224999993,1340.0,0.4305553745370369,4.111111111111111
SH00008802,DS001,2026-07-13,9.0,R_DS001_027,39.0,246.3471121999999,370.2721122000001,1485.0,0.4561983559259258,4.333333333333333
SH00008803,DS001,2026-07-13,0.0,,0.0,0.0,0.0,0.0,0.0,0.0
SH00008804,DS001,2026-07-13,9.0,R_DS001_033,36.0,238.86949578333332,357.2444957833334,1375.0,0.44235091811728394,4.0
SH00008805,DS001,2026-07-13,9.0,R_DS001_034,17.0,124.19911509999999,191.10982938333336,610.0,0.22999836129629628,1.8888888888888888
SH00008806,DS001,2026-07-13,9.0,R_DS001_035,41.0,238.92452880000002,357.2745288,1485.0,0.44245283111111117,4.555555555555555
SH00008807,DS001,2026-07-13,9.0,R_DS001_037,19.0,124.02112433333332,187.0282672166667,680.0,0.22966874876543208,2.111111111111111
SH00008808,DS001,2026-07-13,9.0,R_DS001_039,35.0,241.95977703333332,366.60977703333333,1340.0,0.4480736611728395,3.888888888888889
SH00008809,DS001,2026-07-13,9.0,R_DS001_040,18.0,107.00603078333334,164.69888793333334,650.0,0.19815931626543212,2.0
SH00008810,DS001,2026-07-13,9.0,R_DS001_041,36.0,224.20921148333338,336.9592114833332,1310.0,0.4152022434876544,4.0
SH00008811,DS001,2026-07-13,9.0,R_DS001_042,34.0,238.42977473333332,354.2797747333333,1305.0,0.4415366198765432,3.7777777777777777
SH00008812,DS001,2026-07-13,9.0,R_DS001_044,30.0,205.55334738333337,310.1283473833333,1095.0,0.3806543470061729,3.3333333333333335
SH00008813,DS001,2026-07-13,9.0,R_DS001_045,34.0,216.02513211666673,330.97513211666677,1305.0,0.4000465409567902,3.7777777777777777
SH00008814,DS001,2026-07-13,9.0,R_DS001_046,13.0,96.80556988333335,147.31628415,470.0,0.17926957385802472,1.4444444444444444
SH00008815,DS001,2026-07-13,9.0,R_DS001_047,33.0,196.86967925,298.9696792499999,1210.0,0.36457348009259255,3.6666666666666665
SH00008816,DS001,2026-07-13,9.0,R_DS001_048,34.0,210.99609751666662,316.42109751666663,1310.0,0.39073351391975303,3.7777777777777777
SH00008817,DS001,2026-07-13,9.0,R_DS001_049,13.0,88.36993636666668,135.66279351666668,475.0,0.163648030308642,1.4444444444444444
SH00008818,DS001,2026-07-13,9.0,R_DS001_051,35.0,217.5998434666666,331.19984346666666,1345.0,0.40296267308641964,3.888888888888889
SH00008819,DS001,2026-07-13,9.0,R_DS001_052,11.0,67.27489488333333,103.04632345,400.0,0.1245831386728395,1.2222222222222223
SH00008820,DS001,2026-07-13,9.0,R_DS001_053,31.0,203.92386975000005,312.1988697500001,1125.0,0.3776367958333334,3.4444444444444446
SH00008821,DS001,2026-07-13,9.0,R_DS001_055,10.0,70.82467303333333,108.45324446666666,365.0,0.13115680191358023,1.1111111111111112
SH00008822,DS001,2026-07-13,9.0,R_DS001_056,28.0,197.80678276666663,298.0067827666667,1025.0,0.36630885697530857,3.111111111111111
SH00008823,DS001,2026-07-13,9.0,R_DS001_058,9.0,65.27302105,98.96230678333333,330.0,0.1208759649074074,1.0
SH00008824,DS001,2026-07-13,9.0,R_DS001_059,29.0,182.22709625000002,275.02709625,1065.0,0.3374575856481482,3.2222222222222223
SH00008825,DS001,2026-07-13,9.0,R_DS001_060,35.0,210.89105398333336,320.6410539833334,1350.0,0.39053898885802474,3.888888888888889
SH00008826,DS001,2026-07-13,0.0,,0.0,0.0,0.0,0.0,0.0,0.0
SH00008827,DS001,2026-07-13,9.0,R_DS001_062,29.0,155.6267785166667,238.90177851666667,1070.0,0.2881977379938272,3.2222222222222223
SH00008828,DS001,2026-07-13,9.0,R_DS001_063,31.0,219.07306960000003,339.62306959999995,1185.0,0.4056908696296297,3.4444444444444446
SH00008829,DS001,2026-07-13,0.0,,0.0,0.0,0.0,0.0,0.0,0.0
SH00008830,DS001,2026-07-13,9.0,R_DS001_066,34.0,211.59522106666662,318.5702210666666,1310.0,0.3918430019753086,3.7777777777777777
SH00008831,DS001,2026-07-13,9.0,R_DS001_068,26.0,166.12205948333332,257.3720594833333,955.0,0.3076334434876543,2.888888888888889
SH00008832,DS001,2026-07-13,9.0,R_DS001_069,32.0,208.58349641666666,323.70849641666666,1235.0,0.38626573410493825,3.5555555555555554
SH00008833,DS001,2026-07-13,9.0,R_DS001_070,10.0,47.96819968333333,75.92177111666668,370.0,0.08882999941358025,1.1111111111111112
SH00008834,DS001,2026-07-13,9.0,R_DS001_072,33.0,201.6293147,307.60431470000003,1275.0,0.37338761981481483,3.6666666666666665
SH00008835,DS001,2026-07-13,9.0,R_DS001_073,6.0,47.235092116666664,73.54937783333334,220.0,0.08747239280864197,0.6666666666666666
SH00008836,DS001,2026-07-13,9.0,R_DS001_074,26.0,143.96907986666668,219.86907986666662,960.0,0.26660940716049386,2.888888888888889
SH00008837,DS001,2026-07-13,8.516666666666667,R_DS001_075,29.0,196.3844730666667,308.0594730666666,1120.0,0.3843140373124592,3.405088062622309
SH00008838,DS001,2026-07-13,9.0,R_DS001_076,6.0,48.21197505,76.04411791666666,225.0,0.08928143527777778,0.6666666666666666
SH00008839,DS001,2026-07-13,9.0,R_DS001_077,21.0,136.66666863333336,204.16666863333333,785.0,0.25308642339506177,2.3333333333333335
SH00008840,DS001,2026-07-13,0.0,,0.0,0.0,0.0,0.0,0.0,0.0
SH00008841,DS001,2026-07-13,9.0,R_DS001_080,20.0,112.16912839999999,170.6191284,750.0,0.20772060814814813,2.2222222222222223
SH00008842,DS001,2026-07-13,9.0,R_DS001_081,31.0,207.9022676,316.3772675999999,1195.0,0.3850041992592592,3.4444444444444446
SH00008843,DS001,2026-07-13,8.3,R_DS001_082,2.0,11.653245783333332,18.603245783333335,70.0,0.02340009193440428,0.24096385542168672
SH00008844,DS001,2026-07-13,9.0,R_DS001_083,20.0,119.43221748333332,183.18221748333335,745.0,0.22117077311728392,2.2222222222222223
SH00008845,DS001,2026-07-13,9.0,R_DS001_084,31.0,199.233277,303.10827700000004,1195.0,0.36895051296296294,3.4444444444444446
SH00008846,DS001,2026-07-13,9.0,R_DS001_086,18.0,129.8621843,196.68718429999998,675.0,0.24048552648148147,2.0
SH00008847,DS001,2026-07-13,9.0,R_DS001_087,27.0,178.44888776666667,272.14888776666663,1055.0,0.33046090327160493,3.0
SH00008848,DS001,2026-07-13,9.0,R_DS001_088,5.0,31.53608698333333,49.27894413333333,190.0,0.058400161080246905,0.5555555555555556
SH00008849,DS001,2026-07-13,9.0,R_DS001_089,18.0,111.214482,168.439482,675.0,0.20595274444444445,2.0
SH00008850,DS001,2026-07-13,8.6,R_DS001_090,28.0,175.94931844999996,269.49931845,1090.0,0.34098705125968987,3.255813953488372
SH00008851,DS001,2026-07-13,9.0,R_DS001_091,6.0,36.66553543333333,56.669106850000006,230.0,0.06789913969135802,0.6666666666666666
SH00008852,DS001,2026-07-13,0.0,,0.0,0.0,0.0,0.0,0.0,0.0
SH00008853,DS001,2026-07-13,9.0,R_DS001_094,5.0,34.21278235,52.73421093333334,190.0,0.06335700435185185,0.5555555555555556
SH00008854,DS001,2026-07-13,8.583333333333334,R_DS001_095,18.0,110.5149807,167.4149807,675.0,0.21459219553398057,2.0970873786407767
SH00008855,DS001,2026-07-13,9.0,R_DS001_096,27.0,174.40396319999996,266.6539632,1060.0,0.32297030222222217,3.0
SH00008856,DS001,2026-07-13,9.0,R_DS001_097,5.0,35.21322028333333,53.088220283333335,190.0,0.06520966719135801,0.5555555555555556
SH00008857,DS001,2026-07-13,9.0,R_DS001_098,14.0,87.15288765000001,134.20288764999998,530.0,0.16139423638888892,1.5555555555555556
SH00008858,DS001,2026-07-13,0.0,,0.0,0.0,0.0,0.0,0.0,0.0
SH00008859,DS001,2026-07-13,9.0,R_DS001_101,15.0,88.68544121666667,135.3604412166667,570.0,0.16423229854938273,1.6666666666666667
SH00008860,DS001,2026-07-13,9.0,R_DS001_102,26.0,170.4348373833333,266.78483738333335,1025.0,0.31562006922839503,2.888888888888889
SH00008861,DS001,2026-07-13,9.0,R_DS001_103,4.0,28.715635416666665,43.36920685,155.0,0.05317710262345678,0.4444444444444444
SH00008862,DS001,2026-07-13,9.0,R_DS001_104,13.0,84.63474403333333,130.78474403333334,490.0,0.1567310074691358,1.4444444444444444
SH00008863,DS001,2026-07-13,9.0,R_DS001_105,28.0,168.47823833333334,257.57823833333333,1100.0,0.311996737654321,3.111111111111111
SH00008864,DS001,2026-07-13,9.0,R_DS001_107,14.0,95.30369131666666,141.97869131666664,530.0,0.1764883172530864,1.5555555555555556
SH00008865,DS001,2026-07-13,8.5,R_DS001_108,23.0,164.3868689,253.06186889999998,910.0,0.3223271939215686,2.7058823529411766
SH00008866,DS001,2026-07-13,9.0,R_DS001_109,3.0,22.531456383333335,34.84217066666667,120.0,0.041724919228395066,0.3333333333333333
SH00008867,DS001,2026-07-13,9.0,R_DS001_110,13.0,87.0596295833333,135.83462958333334,495.0,0.16122153626543204,1.4444444444444444
SH00008868,DS001,2026-07-13,0.0,,0.0,0.0,0.0,0.0,0.0,0.0
SH00008869,DS001,2026-07-13,9.0,R_DS001_112,3.0,21.5730397,34.81589683333333,120.0,0.039950073518518515,0.3333333333333333
SH00008870,DS001,2026-07-13,9.0,R_DS001_114,25.0,163.03141801666666,250.20641801666667,990.0,0.3019100333641975,2.7777777777777777
SH00008871,DS001,2026-07-13,9.0,R_DS001_116,12.0,66.96876923333333,98.16876923333334,465.0,0.12401623932098765,1.3333333333333333
SH00008872,DS001,2026-07-13,0.0,,0.0,0.0,0.0,0.0,0.0,0.0
SH00008873,DS001,2026-07-13,8.716666666666667,R_DS001_118,2.0,13.846611483333334,21.625182916666667,80.0,0.026475356564690886,0.2294455066921606
SH00008874,DS001,2026-07-13,9.0,R_DS001_119,9.0,59.11565973333333,91.46565973333333,350.0,0.10947344395061728,1.0
SH00008875,DS001,2026-07-13,9.0,R_DS001_121,3.0,25.462393883333334,38.769536716666664,120.0,0.0471525812654321,0.3333333333333333
SH00008876,DS001,2026-07-13,9.0,R_DS001_122,10.0,62.14482773333333,94.96982773333332,390.0,0.11508301432098765,1.1111111111111112
SH00008877,DS001,2026-07-13,9.0,R_DS001_123,26.0,165.75099315,250.15099315,1025.0,0.3069462836111111,2.888888888888889
SH00008878,DS001,2026-07-13,0.0,,0.0,0.0,0.0,0.0,0.0,0.0
SH00008879,DS001,2026-07-13,8.633333333333333,R_DS001_125,8.0,51.32209213333333,78.57209213333334,310.0,0.09907739794079794,0.9266409266409267
SH00008880,DS001,2026-07-13,0.0,,0.0,0.0,0.0,0.0,0.0,0.0
SH00008881,DS001,2026-07-13,0.0,,0.0,0.0,0.0,0.0,0.0,0.0
SH00008882,DS001,2026-07-13,0.0,,0.0,0.0,0.0,0.0,0.0,0.0
SH00008883,DS001,2026-07-13,9.0,R_DS001_130,3.0,25.903778533333334,39.6609214,120.0,0.04796996024691358,0.3333333333333333
SH00008884,DS001,2026-07-13,9.0,R_DS001_131,7.0,54.35785871666667,84.00785871666666,275.0,0.1006627013271605,0.7777777777777778
SH00008885,DS001,2026-07-13,9.0,R_DS001_132,24.0,156.0019390666667,241.7519390666667,950.0,0.28889247975308646,2.6666666666666665
SH00008886,DS001,2026-07-13,9.0,R_DS001_133,3.0,22.97709355,33.841379266666664,120.0,0.04255017324074074,0.3333333333333333
SH00008887,DS001,2026-07-13,9.0,R_DS001_135,23.0,156.54470373333334,237.84470373333335,905.0,0.28989759950617283,2.5555555555555554
SH00008888,DS001,2026-07-13,0.0,,0.0,0.0,0.0,0.0,0.0,0.0
SH00008889,DS001,2026-07-13,9.0,R_DS001_137,7.0,45.35456491666667,68.60456491666666,275.0,0.0839899350308642,0.7777777777777778
SH00008890,DS001,2026-07-13,9.0,R_DS001_138,23.0,151.05076896666668,230.9007689666667,910.0,0.2797236462345679,2.5555555555555554
SH00008891,DS001,2026-07-13,9.0,R_DS001_139,3.0,29.699128333333334,43.199128333333334,120.0,0.05499838580246914,0.3333333333333333
SH00008892,DS001,2026-07-13,9.0,R_DS001_140,7.0,51.7120211,77.8870211,275.0,0.09576300203703704,0.7777777777777778
SH00008893,DS001,2026-07-13,9.0,R_DS001_142,3.0,21.9094195,33.89870523333333,120.0,0.04057299907407407,0.3333333333333333
SH00008894,DS001,2026-07-13,9.0,R_DS001_143,6.0,41.06572276666667,62.840722766666666,240.0,0.07604763475308642,0.6666666666666666
SH00008895,DS001,2026-07-13,0.0,,0.0,0.0,0.0,0.0,0.0,0.0
SH00008896,DS001,2026-07-13,9.0,R_DS001_145,3.0,23.52610073333333,37.73324358333333,120.0,0.043566853209876535,0.3333333333333333
SH00008897,DS001,2026-07-13,9.0,R_DS001_146,4.0,22.968594766666666,36.66859476666667,160.0,0.042534434753086416,0.4444444444444444
SH00008898,DS001,2026-07-13,9.0,R_DS001_147,25.0,148.84797411666668,225.54797411666664,985.0,0.2756443965123457,2.7777777777777777
SH00008899,DS001,2026-07-13,9.0,R_DS001_149,4.0,35.44057168333333,52.765571683333334,160.0,0.06563068830246913,0.4444444444444444
SH00008900,DS001,2026-07-13,9.0,R_DS001_150,22.0,146.0625,226.03749999999997,870.0,0.2704861111111111,2.4444444444444446
SH00008901,DS001,2026-07-13,0.0,,0.0,0.0,0.0,0.0,0.0,0.0
SH00008902,DS001,2026-07-13,9.0,R_DS001_153,20.0,144.59464419999998,219.9446442,795.0,0.26776785962962957,2.2222222222222223
SH00008903,DS001,2026-07-13,9.0,R_DS001_154,3.0,19.88146443333333,32.9636073,120.0,0.036817526728395056,0.3333333333333333
SH00008904,DS001,2026-07-13,9.0,R_DS001_156,23.0,143.33639716666667,218.36139716666665,905.0,0.2654377725308642,2.5555555555555554
SH00008905,DS001,2026-07-13,8.4,R_DS001_158,4.0,31.472528016666665,48.79752801666667,160.0,0.06244549209656084,0.47619047619047616
SH00008906,DS001,2026-07-13,9.0,R_DS001_160,4.0,26.585334383333336,39.7746201,155.0,0.04923210070987655,0.4444444444444444
SH00008907,DS001,2026-07-13,9.0,R_DS001_161,3.0,25.773415533333335,41.59841553333334,120.0,0.04772854728395062,0.3333333333333333
SH00008908,DS001,2026-07-13,8.516666666666667,R_DS001_163,1.0,7.949665866666667,12.931808716666666,40.0,0.015557076060013044,0.11741682974559686
SH00008909,DS001,2026-07-13,9.0,R_DS001_164,4.0,27.675458966666667,43.12545896666666,155.0,0.05125084993827161,0.4444444444444444
SH00008910,DS001,2026-07-13,9.0,R_DS001_165,23.0,143.1126153,215.23761530000004,910.0,0.2650233616666666,2.5555555555555554
SH00008940,DS002,2026-07-13,9.0,R_DS002_002,37.0,274.8447820166667,430.9447820166667,1335.0,0.5089718185493828,4.111111111111111
SH00008941,DS002,2026-07-13,9.0,R_DS002_003,39.0,295.16197941666667,456.9119794166667,1495.0,0.5465962581790124,4.333333333333333
SH00008942,DS002,2026-07-13,9.0,R_DS002_004,29.0,233.5053701,367.20179866666666,1050.0,0.432417352037037,3.2222222222222223
SH00008943,DS002,2026-07-13,9.0,R_DS002_005,34.0,265.14122896666663,411.14122896666674,1230.0,0.4910022758641975,3.7777777777777777
SH00008944,DS002,2026-07-13,9.0,R_DS002_006,41.0,293.8168523833334,449.9918523833333,1560.0,0.5441052821913581,4.555555555555555
SH00008945,DS002,2026-07-13,9.0,R_DS002_007,29.0,233.98956801666668,359.1502823000001,1065.0,0.43331401484567905,3.2222222222222223
SH00008946,DS002,2026-07-13,9.0,R_DS002_009,39.0,280.7017985166666,438.8267985166666,1490.0,0.5198181454012344,4.333333333333333
SH00008947,DS002,2026-07-13,8.416666666666666,R_DS002_010,23.0,180.58637418333333,285.8649456,830.0,0.35759678056105615,2.732673267326733
SH00008948,DS002,2026-07-13,9.0,R_DS002_011,40.0,259.1783627333333,403.80336273333336,1450.0,0.47995993098765427,4.444444444444445
SH00008949,DS002,2026-07-13,9.0,R_DS002_012,37.0,287.78402653333336,445.5840265333335,1415.0,0.5329333824691359,4.111111111111111
SH00008950,DS002,2026-07-13,9.0,R_DS002_014,36.0,246.72162594999998,388.6716259500001,1305.0,0.45689189990740736,4.0
SH00008951,DS002,2026-07-13,0.0,,0.0,0.0,0.0,0.0,0.0,0.0
SH00008952,DS002,2026-07-13,9.0,R_DS002_017,36.0,266.31256826666663,418.3875682666667,1305.0,0.4931714227160493,4.0
SH00008953,DS002,2026-07-13,9.0,R_DS002_018,39.0,290.5663538499999,447.54135384999984,1495.0,0.5380858404629628,4.333333333333333
SH00008954,DS002,2026-07-13,9.0,R_DS002_019,22.0,174.89662681666664,275.29662683333333,815.0,0.3238826422530864,2.4444444444444446
SH00008955,DS002,2026-07-13,9.0,R_DS002_020,35.0,255.7667851166667,401.54178511666663,1265.0,0.4736421946604939,3.888888888888889
SH00008956,DS002,2026-07-13,9.0,R_DS002_021,36.0,271.2591452,418.5341452,1385.0,0.5023317503703704,4.0
SH00008957,DS002,2026-07-13,0.0,,0.0,0.0,0.0,0.0,0.0,0.0
SH00008958,DS002,2026-07-13,9.0,R_DS002_024,36.0,263.84371898333336,413.59371898333325,1375.0,0.4885994795987655,4.0
SH00008959,DS002,2026-07-13,9.0,R_DS002_025,20.0,171.48454265,266.9488283666666,740.0,0.3175639678703704,2.2222222222222223
SH00008960,DS002,2026-07-13,9.0,R_DS002_026,35.0,245.22197823333337,376.57197823333325,1275.0,0.45411477450617294,3.888888888888889
SH00008961,DS002,2026-07-13,9.0,R_DS002_027,37.0,273.40398115,423.40398115,1425.0,0.5063036687962963,4.111111111111111
SH00008962,DS002,2026-07-13,9.0,R_DS002_028,21.0,157.69772365000003,241.50843794999997,790.0,0.2920328215740741,2.3333333333333335
SH00008963,DS002,2026-07-13,0.0,,0.0,0.0,0.0,0.0,0.0,0.0
SH00008964,DS002,2026-07-13,9.0,R_DS002_031,19.0,146.88329591666667,232.46543878333333,710.0,0.2720061035493827,2.111111111111111
SH00008965,DS002,2026-07-13,9.0,R_DS002_032,35.0,229.14083111666665,357.3658311166667,1275.0,0.42433487243827156,3.888888888888889
SH00008966,DS002,2026-07-13,9.0,R_DS002_033,35.0,252.88590278333334,392.66090278333337,1355.0,0.46830722737654323,3.888888888888889
SH00008967,DS002,2026-07-13,8.666666666666666,R_DS002_034,18.0,131.92431655000001,209.59931655000003,675.0,0.25370060875,2.076923076923077
SH00008968,DS002,2026-07-13,9.0,R_DS002_035,29.0,211.98318291666666,331.6081829166667,1055.0,0.39256144984567903,3.2222222222222223
SH00008969,DS002,2026-07-13,9.0,R_DS002_037,16.0,121.46616286666666,193.1590200166667,610.0,0.2249373386419753,1.7777777777777777
SH00008970,DS002,2026-07-13,9.0,R_DS002_038,30.0,219.92216398333338,336.59716398333336,1095.0,0.40726326663580253,3.3333333333333335
SH00008971,DS002,2026-07-13,9.0,R_DS002_039,32.0,238.19598183333332,382.14598183333334,1235.0,0.44110367006172835,3.5555555555555554
SH00008972,DS002,2026-07-13,9.0,R_DS002_040,16.0,128.57659331666667,200.68730758333336,600.0,0.23810480243827162,1.7777777777777777
SH00008973,DS002,2026-07-13,9.0,R_DS002_041,29.0,214.4274447666667,335.50244476666666,1055.0,0.3970878606790124,3.2222222222222223
SH00008974,DS002,2026-07-13,9.0,R_DS002_044,25.0,219.17979576666667,338.15479576666667,910.0,0.4058885106790124,2.7777777777777777
SH00008975,DS002,2026-07-13,9.0,R_DS002_045,34.0,246.86540153333337,381.6404015333334,1315.0,0.4571581509876544,3.7777777777777777
SH00008976,DS002,2026-07-13,9.0,R_DS002_046,14.0,109.36020738333335,170.09949305000004,540.0,0.20251890256172841,1.5555555555555556
SH00008977,DS002,2026-07-13,9.0,R_DS002_047,27.0,188.16748184999994,295.16748185000006,990.0,0.34845829972222214,3.0
SH00008978,DS002,2026-07-13,9.0,R_DS002_048,33.0,247.56931213333337,380.34431213333335,1270.0,0.45846168913580254,3.6666666666666665
SH00008979,DS002,2026-07-13,9.0,R_DS002_049,12.0,101.62463121666667,157.84963121666667,470.0,0.18819376151234568,1.3333333333333333
SH00008980,DS002,2026-07-13,9.0,R_DS002_051,32.0,248.6375987333334,391.31259873333335,1245.0,0.4604399976543211,3.5555555555555554
SH00008981,DS002,2026-07-13,9.0,R_DS002_052,11.0,83.17104178333332,129.91032748333333,430.0,0.15402044774691356,1.2222222222222223
SH00008982,DS002,2026-07-13,0.0,,0.0,0.0,0.0,0.0,0.0,0.0
SH00008983,DS002,2026-07-13,0.0,,0.0,0.0,0.0,0.0,0.0,0.0
SH00008984,DS002,2026-07-13,9.0,R_DS002_055,12.0,85.52279035000001,138.97636176666668,475.0,0.1583755376851852,1.3333333333333333
SH00008985,DS002,2026-07-13,9.0,R_DS002_056,25.0,188.29045960000002,289.79045959999996,915.0,0.34868603629629635,2.7777777777777777
SH00008986,DS002,2026-07-13,9.0,R_DS002_058,8.0,79.05374635000001,126.50731776666665,315.0,0.1463958265740741,0.8888888888888888
SH00008987,DS002,2026-07-13,9.0,R_DS002_059,26.0,186.19297159999994,286.54297160000004,960.0,0.34480179925925913,2.888888888888889
SH00008988,DS002,2026-07-13,9.0,R_DS002_061,9.0,77.59420638333334,120.36563496666668,360.0,0.14369297478395063,1.0
SH00008989,DS002,2026-07-13,9.0,R_DS002_062,23.0,189.61822815000002,300.94322815,845.0,0.35114486694444447,2.5555555555555554
SH00008990,DS002,2026-07-13,9.0,R_DS002_063,32.0,247.89447785000002,389.7194778499999,1230.0,0.4590638478703704,3.5555555555555554
SH00008991,DS002,2026-07-13,9.0,R_DS002_065,23.0,172.9558202,268.78082020000005,850.0,0.3202885559259259,2.5555555555555554
SH00008992,DS002,2026-07-13,9.0,R_DS002_066,32.0,242.53869593333332,375.56369593333324,1240.0,0.4491457332098765,3.5555555555555554
SH00008993,DS002,2026-07-13,0.0,,0.0,0.0,0.0,0.0,0.0,0.0
SH00008994,DS002,2026-07-13,0.0,,0.0,0.0,0.0,0.0,0.0,0.0
SH00008995,DS002,2026-07-13,9.0,R_DS002_069,34.0,240.50325833333332,381.2782583333332,1310.0,0.44537640432098763,3.7777777777777777
SH00008996,DS002,2026-07-13,0.0,,0.0,0.0,0.0,0.0,0.0,0.0
SH00008997,DS002,2026-07-13,9.0,R_DS002_072,33.0,250.41366933333327,388.51366933333344,1275.0,0.4637290172839505,3.6666666666666665
SH00008998,DS002,2026-07-13,8.833333333333334,R_DS002_073,8.0,74.97756983333332,114.32756981666667,320.0,0.14146711289308173,0.9056603773584905
SH00008999,DS002,2026-07-13,9.0,R_DS002_074,23.0,167.10318371666665,260.1281837166666,850.0,0.30945034021604934,2.5555555555555554
SH00009000,DS002,2026-07-13,9.0,R_DS002_075,34.0,240.02498639999996,370.2749864,1325.0,0.44449071555555547,3.7777777777777777
SH00009001,DS002,2026-07-13,0.0,,0.0,0.0,0.0,0.0,0.0,0.0
SH00009002,DS002,2026-07-13,9.0,R_DS002_079,9.0,78.47373491666667,126.88444919999999,360.0,0.1453217313271605,1.0
SH00009003,DS002,2026-07-13,9.0,R_DS002_080,20.0,157.48549450000002,246.56049449999998,735.0,0.2916398046296297,2.2222222222222223
SH00009004,DS002,2026-07-13,0.0,,0.0,0.0,0.0,0.0,0.0,0.0
SH00009005,DS002,2026-07-13,8.3,R_DS002_083,19.0,134.13857815,209.61357815,715.0,0.26935457459839357,2.2891566265060237
SH00009006,DS002,2026-07-13,0.0,,0.0,0.0,0.0,0.0,0.0,0.0
SH00009007,DS002,2026-07-13,9.0,R_DS002_087,30.0,233.42932048333333,364.5043204833333,1165.0,0.43227651941358025,3.3333333333333335
SH00009008,DS002,2026-07-13,9.0,R_DS002_088,8.0,76.84108298333334,120.49822581666666,325.0,0.14229830182098765,0.8888888888888888
SH00009009,DS002,2026-07-13,9.0,R_DS002_089,17.0,131.30426540000002,209.4542654,635.0,0.24315604703703708,1.8888888888888888
SH00009010,DS002,2026-07-13,9.0,R_DS002_093,32.0,222.59162605,349.3166260500001,1245.0,0.4122067149074074,3.5555555555555554
SH00009011,DS002,2026-07-13,9.0,R_DS002_094,7.0,64.300956,101.29738458333333,290.0,0.11907584444444444,0.7777777777777778
SH00009012,DS002,2026-07-13,9.0,R_DS002_095,20.0,133.95046349999998,204.50046349999997,740.0,0.24805641388888885,2.2222222222222223
SH00009013,DS002,2026-07-13,9.0,R_DS002_096,31.0,229.25073593333335,359.6257359333333,1205.0,0.42453839987654324,3.4444444444444446
SH00009014,DS002,2026-07-13,9.0,R_DS002_097,7.0,63.2823927,99.443107,290.0,0.11718961611111112,0.7777777777777778
SH00009015,DS002,2026-07-13,9.0,R_DS002_098,17.0,136.15613256666666,210.53113256666666,635.0,0.2521409862345679,1.8888888888888888
SH00009016,DS002,2026-07-13,9.0,R_DS002_100,8.0,65.82852278333333,101.81423706666668,325.0,0.12190467182098765,0.8888888888888888
SH00009017,DS002,2026-07-13,8.283333333333333,R_DS002_101,15.0,123.17064331666664,190.34564331666667,555.0,0.24782825617035542,1.8108651911468814
SH00009018,DS002,2026-07-13,9.0,R_DS002_102,30.0,233.39514086666668,357.3201408666667,1170.0,0.43221322382716054,3.3333333333333335
SH00009019,DS002,2026-07-13,9.0,R_DS002_104,14.0,105.68960505000001,164.36460504999997,520.0,0.19572149083333334,1.5555555555555556
SH00009020,DS002,2026-07-13,9.0,R_DS002_105,30.0,221.00385425000002,345.50385425,1170.0,0.4092663967592593,3.3333333333333335
SH00009021,DS002,2026-07-13,8.733333333333333,R_DS002_108,30.0,218.50633264999993,341.45633265,1165.0,0.416996818034351,3.435114503816794
SH00009022,DS002,2026-07-13,9.0,R_DS002_109,8.0,65.90531418333335,107.12674275,330.0,0.12204687811728397,0.8888888888888888
SH00009023,DS002,2026-07-13,9.0,R_DS002_110,14.0,107.38435948333331,163.65935948333336,525.0,0.19885992496913577,1.5555555555555556
SH00009024,DS002,2026-07-13,9.0,R_DS002_112,9.0,66.97142245,107.87856528333333,375.0,0.1240211526851852,1.0
SH00009025,DS002,2026-07-13,9.0,R_DS002_114,27.0,223.76917506666666,354.0691750666667,1055.0,0.4143873612345679,3.0
SH00009026,DS002,2026-07-13,9.0,R_DS002_115,7.0,64.04951585,98.31380155000001,295.0,0.11861021453703705,0.7777777777777778
SH00009027,DS002,2026-07-13,9.0,R_DS002_116,15.0,104.87966159999999,169.0546616,565.0,0.19422159555555554,1.6666666666666667
SH00009028,DS002,2026-07-13,9.0,R_DS002_117,29.0,216.34003065000002,337.74003065,1130.0,0.4006296863888889,3.2222222222222223
SH00009029,DS002,2026-07-13,9.0,R_DS002_118,8.0,61.37936336666667,96.2222205,330.0,0.11366548771604938,0.8888888888888888
SH00009030,DS002,2026-07-13,9.0,R_DS002_119,14.0,103.36730841666667,155.6423084166667,530.0,0.1914209415123457,1.5555555555555556
SH00009031,DS002,2026-07-13,0.0,,0.0,0.0,0.0,0.0,0.0,0.0
SH00009032,DS002,2026-07-13,9.0,R_DS002_122,13.0,86.32417945,134.79917945,495.0,0.1598595915740741,1.4444444444444444
SH00009033,DS002,2026-07-13,9.0,R_DS002_123,31.0,220.56251233333336,338.71251233333334,1210.0,0.4084490969135803,3.4444444444444446
SH00009034,DS002,2026-07-13,9.0,R_DS002_124,8.0,62.76726688333334,101.37440973333334,325.0,0.11623567941358026,0.8888888888888888
SH00009035,DS002,2026-07-13,9.0,R_DS002_125,11.0,91.60359788333334,137.95359788333334,420.0,0.1696362923765432,1.2222222222222223
SH00009036,DS002,2026-07-13,8.283333333333333,R_DS002_126,31.0,215.78998494999993,333.4149849499999,1205.0,0.43418508038229364,3.7424547283702214
SH00009037,DS002,2026-07-13,9.0,R_DS002_130,8.0,61.694503616666665,97.30878935000001,340.0,0.11424908077160494,0.8888888888888888
SH00009038,DS002,2026-07-13,9.0,R_DS002_131,11.0,79.21760615,123.36760615,415.0,0.14669927064814814,1.2222222222222223
SH00009039,DS002,2026-07-13,9.0,R_DS002_132,28.0,219.01558118333332,344.7905811833334,1095.0,0.4055844095987654,3.111111111111111
SH00009040,DS002,2026-07-13,9.0,R_DS002_133,7.0,64.31142483333333,102.30428198333331,290.0,0.1190952311728395,0.7777777777777778
SH00009041,DS002,2026-07-13,9.0,R_DS002_135,30.0,209.84016063333334,327.84016063333326,1170.0,0.3885928900617284,3.3333333333333335
SH00009042,DS002,2026-07-13,0.0,,0.0,0.0,0.0,0.0,0.0,0.0
SH00009043,DS002,2026-07-13,9.0,R_DS002_137,11.0,81.82292271666667,128.99792271666666,420.0,0.15152393095679012,1.2222222222222223
SH00009044,DS002,2026-07-13,0.0,,0.0,0.0,0.0,0.0,0.0,0.0
SH00009045,DS002,2026-07-13,9.0,R_DS002_140,11.0,87.10176896666667,131.6017689666667,415.0,0.16129957216049384,1.2222222222222223
SH00009046,DS002,2026-07-13,9.0,R_DS002_142,8.0,60.82148608333333,99.73220038333332,330.0,0.11263238163580247,0.8888888888888888
SH00009047,DS002,2026-07-13,9.0,R_DS002_143,11.0,75.25129483333333,117.82629483333332,415.0,0.139354249691358,1.2222222222222223
SH00009048,DS002,2026-07-13,9.0,R_DS002_144,30.0,221.34313386666668,343.11813386666665,1170.0,0.40989469234567905,3.3333333333333335
SH00009049,DS002,2026-07-13,9.0,R_DS002_145,6.0,60.530160083333335,97.10873151666668,250.0,0.11209288904320988,0.6666666666666666
SH00009050,DS002,2026-07-13,9.0,R_DS002_146,10.0,72.27426345,109.82426344999999,380.0,0.1338412286111111,1.1111111111111112
SH00009051,DS002,2026-07-13,9.0,R_DS002_147,26.0,212.58508675,325.8600867500001,1020.0,0.39367608657407405,2.888888888888889
SH00009052,DS002,2026-07-13,9.0,R_DS002_149,9.0,65.54711569999999,101.1721157,345.0,0.12138354759259258,1.0
SH00009053,DS002,2026-07-13,9.0,R_DS002_150,29.0,206.05340306666668,321.52840306666667,1135.0,0.3815803760493827,3.2222222222222223
SH00009054,DS002,2026-07-13,9.0,R_DS002_151,7.0,64.76615446666666,102.21972589999999,290.0,0.11993732308641974,0.7777777777777778
SH00009055,DS002,2026-07-13,0.0,,0.0,0.0,0.0,0.0,0.0,0.0
SH00009056,DS002,2026-07-13,0.0,,0.0,0.0,0.0,0.0,0.0,0.0
SH00009057,DS002,2026-07-13,9.0,R_DS002_154,7.0,63.94038766666666,100.22967340000001,290.0,0.11840812530864196,0.7777777777777778
SH00009085,DS003,2026-07-13,9.0,R_DS003_002,39.0,266.54492425000007,407.96992424999996,1410.0,0.4936017115740742,4.333333333333333
SH00009086,DS003,2026-07-13,8.366666666666667,R_DS003_003,39.0,268.65673416666664,414.7567341666667,1485.0,0.5351727772244356,4.661354581673306
SH00009087,DS003,2026-07-13,9.0,R_DS003_004,30.0,217.97523914999996,339.24309630000005,1060.0,0.40365785027777773,3.3333333333333335
SH00009088,DS003,2026-07-13,0.0,,0.0,0.0,0.0,0.0,0.0,0.0
SH00009089,DS003,2026-07-13,9.0,R_DS003_006,46.0,290.33524853333336,435.01024853333325,1745.0,0.537657867654321,5.111111111111111
SH00009090,DS003,2026-07-13,9.0,R_DS003_007,26.0,198.6412618,300.4948332333333,920.0,0.36785418851851853,2.888888888888889
SH00009091,DS003,2026-07-13,0.0,,0.0,0.0,0.0,0.0,0.0,0.0
SH00009092,DS003,2026-07-13,9.0,R_DS003_010,23.0,174.10613761666664,270.1132804666667,815.0,0.3224187733641975,2.5555555555555554
SH00009093,DS003,2026-07-13,0.0,,0.0,0.0,0.0,0.0,0.0,0.0
SH00009094,DS003,2026-07-13,0.0,,0.0,0.0,0.0,0.0,0.0,0.0
SH00009095,DS003,2026-07-13,9.0,R_DS003_014,37.0,265.58165341666665,405.98165341666663,1340.0,0.49181787669753085,4.111111111111111
SH00009096,DS003,2026-07-13,0.0,,0.0,0.0,0.0,0.0,0.0,0.0
SH00009097,DS003,2026-07-13,9.0,R_DS003_017,39.0,262.09550028333325,407.22050028333337,1410.0,0.48536203756172824,4.333333333333333
SH00009098,DS003,2026-07-13,9.0,R_DS003_018,37.0,293.58997088333325,450.0399708833334,1410.0,0.5436851312654319,4.111111111111111
SH00009099,DS003,2026-07-13,8.5,R_DS003_019,19.0,145.18597165000003,225.43597164999994,665.0,0.28467837578431376,2.235294117647059
SH00009100,DS003,2026-07-13,9.0,R_DS003_020,38.0,256.71784510000003,389.2428451,1375.0,0.4754034168518519,4.222222222222222
SH00009101,DS003,2026-07-13,8.633333333333333,R_DS003_021,35.0,264.2584204333333,416.9834204333333,1335.0,0.5101513907979407,4.054054054054054
SH00009102,DS003,2026-07-13,0.0,,0.0,0.0,0.0,0.0,0.0,0.0
SH00009103,DS003,2026-07-13,9.0,R_DS003_024,38.0,260.85772314999997,402.43272315,1455.0,0.4830698576851851,4.222222222222222
SH00009104,DS003,2026-07-13,0.0,,0.0,0.0,0.0,0.0,0.0,0.0
SH00009105,DS003,2026-07-13,9.0,R_DS003_026,36.0,232.40366656666663,353.3286665666667,1305.0,0.4303771603086419,4.0
SH00009106,DS003,2026-07-13,9.0,R_DS003_027,37.0,265.8045528833333,409.87955288333336,1415.0,0.49223065348765427,4.111111111111111
SH00009107,DS003,2026-07-13,0.0,,0.0,0.0,0.0,0.0,0.0,0.0
SH00009108,DS003,2026-07-13,9.0,R_DS003_030,36.0,252.30765193333326,385.9326519333332,1380.0,0.4672363924691357,4.0
SH00009109,DS003,2026-07-13,9.0,R_DS003_031,16.0,115.4459138,180.2459138,570.0,0.21378872925925926,1.7777777777777777
SH00009110,DS003,2026-07-13,9.0,R_DS003_032,32.0,238.2044772,365.65447720000003,1160.0,0.44111940222222223,3.5555555555555554
SH00009111,DS003,2026-07-13,8.5,R_DS003_034,13.0,84.15975101666668,129.4347510166667,455.0,0.1650191196405229,1.5294117647058822
SH00009112,DS003,2026-07-13,9.0,R_DS003_035,31.0,224.6924717166667,347.3424717166667,1130.0,0.41609716984567907,3.4444444444444446
SH00009113,DS003,2026-07-13,9.0,R_DS003_037,14.0,97.01862080000001,153.01147795000003,505.0,0.1796641125925926,1.5555555555555556
SH00009114,DS003,2026-07-13,9.0,R_DS003_039,35.0,242.76862064999995,369.46862065000005,1345.0,0.44957151972222215,3.888888888888889
SH00009115,DS003,2026-07-13,9.0,R_DS003_040,13.0,91.38854818333333,140.10997675,470.0,0.169238052191358,1.4444444444444444
SH00009116,DS003,2026-07-13,8.533333333333333,R_DS003_041,30.0,206.32358490000001,315.1485849,1095.0,0.40297575175781253,3.515625
SH00009117,DS003,2026-07-13,9.0,R_DS003_044,32.0,203.1663680166667,314.69136801666673,1160.0,0.3762340148456791,3.5555555555555554
SH00009118,DS003,2026-07-13,9.0,R_DS003_045,31.0,242.73293925000002,371.80793924999995,1190.0,0.44950544305555556,3.4444444444444446
SH00009119,DS003,2026-07-13,9.0,R_DS003_046,8.0,70.59727808333332,110.02942093333333,290.0,0.13073570015432096,0.8888888888888888
SH00009120,DS003,2026-07-13,9.0,R_DS003_047,29.0,207.03182868333332,313.8568286833333,1060.0,0.38339227533950615,3.2222222222222223
SH00009121,DS003,2026-07-13,9.0,R_DS003_048,34.0,233.81491356666672,358.0149135666666,1315.0,0.4329905806790124,3.7777777777777777
SH00009122,DS003,2026-07-13,0.0,,0.0,0.0,0.0,0.0,0.0,0.0
SH00009123,DS003,2026-07-13,9.0,R_DS003_051,36.0,234.0565113,359.6315113000001,1390.0,0.43343798388888893,4.0
SH00009124,DS003,2026-07-13,9.0,R_DS003_052,9.0,60.97536635,94.50393778333333,325.0,0.11291734509259259,1.0
SH00009125,DS003,2026-07-13,8.166666666666666,R_DS003_053,28.0,183.35177764999997,286.27677765,1020.0,0.3741873013265306,3.428571428571429
SH00009126,DS003,2026-07-13,9.0,R_DS003_054,37.0,232.67165718333334,346.79665718333325,1430.0,0.43087343922839505,4.111111111111111
SH00009127,DS003,2026-07-13,9.0,R_DS003_055,11.0,68.73030048333332,110.65530046666667,400.0,0.12727833422839505,1.2222222222222223
SH00009128,DS003,2026-07-13,9.0,R_DS003_056,26.0,183.6995608,287.29956080000005,950.0,0.34018437185185185,2.888888888888889
SH00009129,DS003,2026-07-13,9.0,R_DS003_058,9.0,61.45561723333333,93.73776008333333,325.0,0.1138066985802469,1.0
SH00009130,DS003,2026-07-13,9.0,R_DS003_059,26.0,184.58765885,282.11265885000006,960.0,0.34182899787037035,2.888888888888889
SH00009131,DS003,2026-07-13,9.0,R_DS003_060,30.0,220.25457786666664,344.1545778666667,1150.0,0.4078788479012345,3.3333333333333335
SH00009132,DS003,2026-07-13,0.0,,0.0,0.0,0.0,0.0,0.0,0.0
SH00009133,DS003,2026-07-13,0.0,,0.0,0.0,0.0,0.0,0.0,0.0
SH00009134,DS003,2026-07-13,9.0,R_DS003_063,33.0,222.9278177333334,344.0778177333333,1280.0,0.41282929209876557,3.6666666666666665
SH00009135,DS003,2026-07-13,9.0,R_DS003_065,26.0,164.04731040000001,252.39731040000004,955.0,0.3037913155555556,2.888888888888889
SH00009136,DS003,2026-07-13,9.0,R_DS003_067,8.0,60.48829451666667,94.90615165,290.0,0.1120153602160494,0.8888888888888888
SH00009137,DS003,2026-07-13,9.0,R_DS003_068,22.0,164.0282927,251.30329270000001,815.0,0.3037560975925926,2.4444444444444446
SH00009138,DS003,2026-07-13,9.0,R_DS003_069,30.0,211.72786471666672,329.0778647166667,1170.0,0.3920886383641976,3.3333333333333335
SH00009139,DS003,2026-07-13,9.0,R_DS003_073,6.0,49.75662553333333,75.86733983333335,225.0,0.09214189913580245,0.6666666666666666
SH00009140,DS003,2026-07-13,9.0,R_DS003_074,20.0,144.31087799999997,223.23587799999996,740.0,0.2672423666666666,2.2222222222222223
SH00009141,DS003,2026-07-13,8.3,R_DS003_075,31.0,203.26911436666666,310.2191143666667,1210.0,0.40817091238286474,3.7349397590361444
SH00009142,DS003,2026-07-13,9.0,R_DS003_076,6.0,47.69215865,75.97787293333333,220.0,0.08831881231481482,0.6666666666666666
SH00009143,DS003,2026-07-13,0.0,,0.0,0.0,0.0,0.0,0.0,0.0
SH00009144,DS003,2026-07-13,0.0,,0.0,0.0,0.0,0.0,0.0,0.0
SH00009145,DS003,2026-07-13,9.0,R_DS003_080,19.0,139.76002825,212.61002825,710.0,0.25881486712962964,2.111111111111111
SH00009146,DS003,2026-07-13,8.466666666666667,R_DS003_081,30.0,212.42619943333332,325.75119943333334,1170.0,0.41816180990813645,3.543307086614173
SH00009147,DS003,2026-07-13,9.0,R_DS003_082,6.0,51.83048908333333,81.78048906666666,225.0,0.09598238719135803,0.6666666666666666
SH00009148,DS003,2026-07-13,9.0,R_DS003_083,18.0,127.22415000000001,193.77415000000002,675.0,0.23560027777777778,2.0
SH00009149,DS003,2026-07-13,9.0,R_DS003_084,31.0,199.1977557333333,311.8727557333333,1205.0,0.3688847328395061,3.4444444444444446
SH00009150,DS003,2026-07-13,9.0,R_DS003_086,15.0,118.71801069999998,186.5930107,570.0,0.21984816796296291,1.6666666666666667
SH00009151,DS003,2026-07-13,9.0,R_DS003_088,6.0,43.58934261666666,68.23577119999999,225.0,0.08072100484567901,0.6666666666666666
SH00009152,DS003,2026-07-13,9.0,R_DS003_089,17.0,107.91585271666668,169.01585271666667,640.0,0.19984417169753088,1.8888888888888888
SH00009153,DS003,2026-07-13,9.0,R_DS003_090,31.0,209.34748513333335,323.2474851333333,1205.0,0.3876805280246914,3.4444444444444446
SH00009154,DS003,2026-07-13,9.0,R_DS003_091,4.0,33.79372141666667,54.07229285,150.0,0.06258096558641976,0.4444444444444444
SH00009155,DS003,2026-07-13,0.0,,0.0,0.0,0.0,0.0,0.0,0.0
SH00009156,DS003,2026-07-13,9.0,R_DS003_094,5.0,42.8217513,67.48603701666667,185.0,0.07929953944444446,0.5555555555555556
SH00009157,DS003,2026-07-13,9.0,R_DS003_095,15.0,105.08754940000003,165.2625494,565.0,0.19460657296296302,1.6666666666666667
SH00009158,DS003,2026-07-13,9.0,R_DS003_096,27.0,204.6189314166667,316.34393141666663,1045.0,0.3789239470679013,3.0
SH00009159,DS003,2026-07-13,9.0,R_DS003_097,4.0,37.99618516666666,61.28904231666667,155.0,0.07036330586419752,0.4444444444444444
SH00009160,DS003,2026-07-13,8.15,R_DS003_098,12.0,100.31213291666666,153.63713291666667,455.0,0.20513728612815266,1.4723926380368098
SH00009161,DS003,2026-07-13,9.0,R_DS003_100,3.0,18.574109666666665,29.53482395,120.0,0.03439649938271604,0.3333333333333333
SH00009162,DS003,2026-07-13,9.0,R_DS003_101,13.0,87.57391121666667,132.14891121666668,495.0,0.16217390966049383,1.4444444444444444
SH00009163,DS003,2026-07-13,9.0,R_DS003_102,28.0,200.60783115000004,304.5578311499999,1090.0,0.3714959836111112,3.111111111111111
SH00009164,DS003,2026-07-13,9.0,R_DS003_104,10.0,73.4709637,112.24596369999999,380.0,0.13605734018518517,1.1111111111111112
SH00009165,DS003,2026-07-13,9.0,R_DS003_105,31.0,202.3113724,313.8863724,1215.0,0.37465068962962966,3.4444444444444446
SH00009166,DS003,2026-07-13,9.0,R_DS003_107,10.0,71.56473923333333,107.46473923333333,385.0,0.1325272948765432,1.1111111111111112
SH00009167,DS003,2026-07-13,9.0,R_DS003_108,28.0,191.1812936833333,296.93129368333337,1100.0,0.3540394327469135,3.111111111111111
SH00009168,DS003,2026-07-13,8.05,R_DS003_109,2.0,20.512330666666664,32.212330666666666,80.0,0.04246859351276742,0.24844720496894407
SH00009169,DS003,2026-07-13,9.0,R_DS003_110,9.0,61.71279536666667,97.06279536666666,345.0,0.11428295438271606,1.0
SH00009170,DS003,2026-07-13,9.0,R_DS003_111,29.0,197.36203764999996,309.41203765,1135.0,0.36548525490740735,3.2222222222222223
SH00009171,DS003,2026-07-13,0.0,,0.0,0.0,0.0,0.0,0.0,0.0
SH00009172,DS003,2026-07-13,9.0,R_DS003_114,30.0,198.96936166666663,306.91936166666676,1175.0,0.36846178086419745,3.3333333333333335
SH00009173,DS003,2026-07-13,9.0,R_DS003_115,3.0,22.2460503,35.03890745,120.0,0.041196389444444446,0.3333333333333333
SH00009174,DS003,2026-07-13,9.0,R_DS003_116,8.0,61.46242851666668,96.08742851666668,310.0,0.11381931206790126,0.8888888888888888
SH00009175,DS003,2026-07-13,9.0,R_DS003_117,28.0,194.54889263333337,299.79889263333325,1100.0,0.3602757270987655,3.111111111111111
SH00009176,DS003,2026-07-13,0.0,,0.0,0.0,0.0,0.0,0.0,0.0
SH00009177,DS003,2026-07-13,0.0,,0.0,0.0,0.0,0.0,0.0,0.0
SH00009178,DS003,2026-07-13,0.0,,0.0,0.0,0.0,0.0,0.0,0.0
SH00009179,DS003,2026-07-13,8.4,R_DS003_122,8.0,62.402414933333326,94.17741493333332,310.0,0.12381431534391533,0.9523809523809523
SH00009180,DS003,2026-07-13,9.0,R_DS003_123,28.0,188.98429363333335,286.9842936333333,1100.0,0.3499709141358025,3.111111111111111
SH00009181,DS003,2026-07-13,9.0,R_DS003_124,3.0,23.79233275,37.50304703333333,115.0,0.044059875462962965,0.3333333333333333
SH00009182,DS003,2026-07-13,9.0,R_DS003_125,7.0,59.74898256666667,91.44898256666667,270.0,0.11064626401234569,0.7777777777777778
SH00009183,DS003,2026-07-13,8.266666666666667,R_DS003_126,26.0,188.0829829333333,291.0579829333333,1015.0,0.3791995623655913,3.1451612903225805
SH00009184,DS003,2026-07-13,9.0,R_DS003_128,9.0,60.853193999999995,94.55319399999999,350.0,0.11269109999999999,1.0
SH00009185,DS003,2026-07-13,9.0,R_DS003_129,29.0,187.49184116666666,287.8168411666667,1140.0,0.3472071132716049,3.2222222222222223
SH00009186,DS003,2026-07-13,9.0,R_DS003_130,2.0,19.078348866666666,30.392634566666665,80.0,0.03533027567901234,0.2222222222222222
SH00009187,DS003,2026-07-13,9.0,R_DS003_132,26.0,175.1046503166667,274.20465031666663,1020.0,0.32426787095679016,2.888888888888889
SH00009188,DS003,2026-07-13,9.0,R_DS003_133,3.0,23.927789349999998,35.659932216666675,120.0,0.04431072101851852,0.3333333333333333
SH00009189,DS003,2026-07-13,9.0,R_DS003_135,27.0,178.91359304999997,270.03859305000003,1060.0,0.33132146861111106,3.0
SH00009190,DS003,2026-07-13,9.0,R_DS003_136,3.0,26.4069869,39.84270118333333,120.0,0.048901827592592595,0.3333333333333333
SH00009191,DS003,2026-07-13,9.0,R_DS003_138,24.0,171.80813695,270.90813695,940.0,0.3181632165740741,2.6666666666666665
SH00009192,DS003,2026-07-13,0.0,,0.0,0.0,0.0,0.0,0.0,0.0
SH00009193,DS003,2026-07-13,0.0,,0.0,0.0,0.0,0.0,0.0,0.0
SH00009194,DS003,2026-07-13,9.0,R_DS003_143,8.0,37.7817709,60.6567709,320.0,0.0699662424074074,0.8888888888888888
SH00009195,DS003,2026-07-13,0.0,,0.0,0.0,0.0,0.0,0.0,0.0
SH00009196,DS003,2026-07-13,9.0,R_DS003_145,2.0,23.769553116666668,36.626695983333335,80.0,0.044017690956790125,0.2222222222222222
SH00009227,DS004,2026-07-13,9.0,R_DS004_002,35.0,279.08379820000005,431.3837981999999,1270.0,0.5168218485185186,3.888888888888889
SH00009228,DS004,2026-07-13,0.0,,0.0,0.0,0.0,0.0,0.0,0.0
SH00009229,DS004,2026-07-13,9.0,R_DS004_004,32.0,273.6751711333333,424.3537425666667,1220.0,0.5068058724691358,3.5555555555555554
SH00009230,DS004,2026-07-13,9.0,R_DS004_005,35.0,272.12181596666665,420.6968159666667,1265.0,0.5039292888271605,3.888888888888889
SH00009231,DS004,2026-07-13,9.0,R_DS004_006,36.0,279.2666983333334,440.19169833333336,1340.0,0.517160552469136,4.0
SH00009232,DS004,2026-07-13,8.35,R_DS004_007,32.0,251.48823105000002,400.14537388333326,1230.0,0.5019725170658683,3.8323353293413174
SH00009233,DS004,2026-07-13,8.05,R_DS004_010,26.0,223.45942600000004,354.69514026666667,1005.0,0.46264891511387163,3.229813664596273
SH00009234,DS004,2026-07-13,0.0,,0.0,0.0,0.0,0.0,0.0,0.0
SH00009235,DS004,2026-07-13,8.466666666666667,R_DS004_012,36.0,260.07567663333333,409.50067663333317,1350.0,0.5119599933727034,4.251968503937007
SH00009236,DS004,2026-07-13,9.0,R_DS004_013,31.0,241.00987666666668,380.12773378333327,1210.0,0.44631458641975313,3.4444444444444446
SH00009237,DS004,2026-07-13,9.0,R_DS004_016,31.0,240.1467248,377.70743908333344,1205.0,0.444716157037037,3.4444444444444446
SH00009238,DS004,2026-07-13,9.0,R_DS004_017,35.0,272.8377409166667,427.21274091666663,1270.0,0.505255075771605,3.888888888888889
SH00009239,DS004,2026-07-13,0.0,,0.0,0.0,0.0,0.0,0.0,0.0
SH00009240,DS004,2026-07-13,9.0,R_DS004_019,25.0,226.1322251166667,364.9357965166666,970.0,0.4187633798456791,2.7777777777777777
SH00009241,DS004,2026-07-13,9.0,R_DS004_020,32.0,271.58669410000005,421.38669409999994,1160.0,0.5029383224074075,3.5555555555555554
SH00009242,DS004,2026-07-13,8.6,R_DS004_021,35.0,282.90289083333334,438.22789083333345,1315.0,0.5482614163436693,4.069767441860465
SH00009243,DS004,2026-07-13,9.0,R_DS004_023,34.0,262.79458345,414.31958345000004,1235.0,0.48665663601851855,3.7777777777777777
SH00009244,DS004,2026-07-13,9.0,R_DS004_024,35.0,254.20499216666673,399.8299921666667,1325.0,0.4707499854938273,3.888888888888889
SH00009245,DS004,2026-07-13,9.0,R_DS004_025,28.0,215.19073491666663,333.82287775,1100.0,0.39850136095679006,3.111111111111111
SH00009246,DS004,2026-07-13,9.0,R_DS004_026,33.0,261.3279445,411.9529445,1190.0,0.48394063796296294,3.6666666666666665
SH00009247,DS004,2026-07-13,9.0,R_DS004_027,34.0,253.46944916666666,390.76944916666673,1280.0,0.4693878688271605,3.7777777777777777
SH00009248,DS004,2026-07-13,9.0,R_DS004_028,23.0,200.21410268333327,312.84981698333337,900.0,0.37076685682098753,2.5555555555555554
SH00009249,DS004,2026-07-13,9.0,R_DS004_030,35.0,252.06276396666667,392.0377639666666,1320.0,0.4667828962345679,3.888888888888889
SH00009250,DS004,2026-07-13,9.0,R_DS004_031,22.0,194.73829075,312.5954336166667,875.0,0.36062646435185186,2.4444444444444446
SH00009251,DS004,2026-07-13,9.0,R_DS004_032,32.0,256.65665013333336,403.28165013333324,1160.0,0.47529009283950624,3.5555555555555554
SH00009252,DS004,2026-07-13,9.0,R_DS004_033,33.0,242.4826070833333,379.58260708333324,1245.0,0.44904186496913573,3.6666666666666665
SH00009253,DS004,2026-07-13,8.266666666666667,R_DS004_034,22.0,179.26725401666667,278.35653973333336,850.0,0.36142591535618274,2.661290322580645
SH00009254,DS004,2026-07-13,9.0,R_DS004_035,29.0,249.6216635333333,388.57166353333344,1045.0,0.46226233987654314,3.2222222222222223
SH00009255,DS004,2026-07-13,9.0,R_DS004_037,25.0,202.33866135,316.36008991666665,985.0,0.3747012247222222,2.7777777777777777
SH00009256,DS004,2026-07-13,9.0,R_DS004_038,29.0,223.72482598333335,356.14982598333324,1055.0,0.41430523330246916,3.2222222222222223
SH00009257,DS004,2026-07-13,9.0,R_DS004_039,29.0,229.90096186666662,363.10096186666675,1100.0,0.42574252197530854,3.2222222222222223
SH00009258,DS004,2026-07-13,9.0,R_DS004_040,22.0,182.51877004999997,286.0759128833333,880.0,0.3379977223148148,2.4444444444444446
SH00009259,DS004,2026-07-13,9.0,R_DS004_041,29.0,211.9708037333333,333.0208037333333,1050.0,0.3925385254320987,3.2222222222222223
SH00009260,DS004,2026-07-13,9.0,R_DS004_042,31.0,226.16410380000002,346.8641038,1170.0,0.41882241444444446,3.4444444444444446
SH00009261,DS004,2026-07-13,9.0,R_DS004_044,26.0,223.19067223333334,353.71567223333335,945.0,0.41331605969135804,2.888888888888889
SH00009262,DS004,2026-07-13,9.0,R_DS004_045,30.0,224.71347566666668,347.73847566666666,1135.0,0.41613606604938275,3.3333333333333335
SH00009263,DS004,2026-07-13,9.0,R_DS004_046,20.0,175.79938485,280.4922420166667,810.0,0.3255544163888889,2.2222222222222223
SH00009264,DS004,2026-07-13,9.0,R_DS004_048,29.0,222.2708194833333,345.97081948333334,1110.0,0.41161262867283943,3.2222222222222223
SH00009265,DS004,2026-07-13,9.0,R_DS004_049,18.0,168.09166798333334,267.27738228333334,725.0,0.31128086663580246,2.0
SH00009266,DS004,2026-07-13,9.0,R_DS004_051,28.0,221.5530015,343.6780015,1075.0,0.4102833361111111,3.111111111111111
SH00009267,DS004,2026-07-13,9.0,R_DS004_052,18.0,152.30883013333334,245.74454441666666,745.0,0.28205338913580247,2.0
SH00009268,DS004,2026-07-13,9.0,R_DS004_053,26.0,201.59747493333333,313.6974749333333,955.0,0.3733286572839506,2.888888888888889
SH00009269,DS004,2026-07-13,0.0,,0.0,0.0,0.0,0.0,0.0,0.0
SH00009270,DS004,2026-07-13,9.0,R_DS004_055,16.0,148.82915175000002,239.09700891666662,665.0,0.27560954027777784,1.7777777777777777
SH00009271,DS004,2026-07-13,9.0,R_DS004_056,27.0,197.21171876666665,307.08671876666665,985.0,0.3652068866049382,3.0
SH00009272,DS004,2026-07-13,9.0,R_DS004_058,20.0,160.10271861666664,250.49200435,815.0,0.29648651595679004,2.2222222222222223
SH00009273,DS004,2026-07-13,9.0,R_DS004_059,25.0,194.77485326666667,302.37485326666666,920.0,0.36069417271604937,2.7777777777777777
SH00009274,DS004,2026-07-13,9.0,R_DS004_060,28.0,199.06073849999999,310.9357385,1075.0,0.3686309972222222,3.111111111111111
SH00009275,DS004,2026-07-13,9.0,R_DS004_061,15.0,152.46422726666668,241.54279870000002,625.0,0.28234116160493833,1.6666666666666667
SH00009276,DS004,2026-07-13,9.0,R_DS004_062,27.0,182.34097853333333,287.8409785333333,990.0,0.3376684787654321,3.0
SH00009277,DS004,2026-07-13,8.8,R_DS004_063,27.0,205.2772298333333,320.1522298333333,1035.0,0.38878263226010096,3.068181818181818
SH00009278,DS004,2026-07-13,9.0,R_DS004_065,25.0,187.4812353166667,299.28123531666665,915.0,0.34718747280864204,2.7777777777777777
SH00009279,DS004,2026-07-13,9.0,R_DS004_066,23.0,194.69249811666668,308.8174981166667,890.0,0.3605416631790124,2.5555555555555554
SH00009280,DS004,2026-07-13,9.0,R_DS004_067,17.0,140.67197931666664,222.3184079166667,710.0,0.2605036654012345,1.8888888888888888
SH00009281,DS004,2026-07-13,9.0,R_DS004_069,26.0,184.77264710000003,290.9476471,1005.0,0.34217156870370374,2.888888888888889
SH00009282,DS004,2026-07-13,9.0,R_DS004_070,17.0,140.47260393333335,222.96546104999996,710.0,0.2601344517283951,1.8888888888888888
SH00009283,DS004,2026-07-13,9.0,R_DS004_072,25.0,196.27732173333334,308.87732173333336,965.0,0.36347652172839506,2.7777777777777777
SH00009284,DS004,2026-07-13,9.0,R_DS004_074,26.0,184.70704855,280.90704854999996,955.0,0.3420500899074074,2.888888888888889
SH00009285,DS004,2026-07-13,9.0,R_DS004_075,26.0,180.9722962,285.4972962,1005.0,0.33513388185185183,2.888888888888889
SH00009286,DS004,2026-07-13,9.0,R_DS004_076,16.0,137.81042761666666,219.43542761666666,670.0,0.2552044955864197,1.7777777777777777
SH00009287,DS004,2026-07-13,9.0,R_DS004_079,14.0,139.09374516666668,222.07945943333334,590.0,0.25758100956790125,1.5555555555555556
SH00009288,DS004,2026-07-13,0.0,,0.0,0.0,0.0,0.0,0.0,0.0
SH00009289,DS004,2026-07-13,9.0,R_DS004_081,25.0,185.58803923333332,291.61303923333327,970.0,0.3436815541358024,2.7777777777777777
SH00009290,DS004,2026-07-13,9.0,R_DS004_082,16.0,136.24067453333333,216.24424600000003,680.0,0.25229754543209876,1.7777777777777777
SH00009291,DS004,2026-07-13,0.0,,0.0,0.0,0.0,0.0,0.0,0.0
SH00009292,DS004,2026-07-13,9.0,R_DS004_084,24.0,175.74668301666665,274.09668301666665,935.0,0.3254568204012345,2.6666666666666665
SH00009293,DS004,2026-07-13,0.0,,0.0,0.0,0.0,0.0,0.0,0.0
SH00009294,DS004,2026-07-13,9.0,R_DS004_087,22.0,176.50111093333334,274.1261109333333,855.0,0.3268539091358025,2.4444444444444446
SH00009295,DS004,2026-07-13,9.0,R_DS004_088,14.0,135.61669508333335,215.62383793333333,590.0,0.2511420279320988,1.5555555555555556
SH00009296,DS004,2026-07-13,9.0,R_DS004_089,25.0,180.3497187833333,285.57471878333325,915.0,0.3339809607098765,2.7777777777777777
SH00009297,DS004,2026-07-13,8.016666666666667,R_DS004_090,20.0,171.53587993333335,276.81087993333335,780.0,0.356623451004851,2.4948024948024945
SH00009298,DS004,2026-07-13,9.0,R_DS004_091,15.0,135.21843981666666,220.61129695000002,630.0,0.2504045181790123,1.6666666666666667
SH00009299,DS004,2026-07-13,9.0,R_DS004_093,23.0,162.89306666666664,255.5180666666667,900.0,0.30165382716049377,2.5555555555555554
SH00009300,DS004,2026-07-13,9.0,R_DS004_094,14.0,142.68414095000003,220.83414093333334,590.0,0.2642298906481482,1.5555555555555556
SH00009301,DS004,2026-07-13,9.0,R_DS004_095,24.0,178.88563303333328,279.8856330333334,885.0,0.33126969080246904,2.6666666666666665
SH00009302,DS004,2026-07-13,9.0,R_DS004_097,16.0,138.60990618333332,217.12776335000004,675.0,0.2566850114506173,1.7777777777777777
SH00009303,DS004,2026-07-13,9.0,R_DS004_098,22.0,175.67857621666664,272.50357621666666,810.0,0.32533069669753084,2.4444444444444446
SH00009304,DS004,2026-07-13,9.0,R_DS004_100,15.0,128.2160858166667,208.25180008333336,635.0,0.23743719595679016,1.6666666666666667
SH00009305,DS004,2026-07-13,9.0,R_DS004_101,21.0,167.2615052333333,258.9865052333333,775.0,0.3097435282098765,2.3333333333333335
SH00009306,DS004,2026-07-13,9.0,R_DS004_102,22.0,165.6396229,260.8146229,860.0,0.30674004240740743,2.4444444444444446
SH00009307,DS004,2026-07-13,0.0,,0.0,0.0,0.0,0.0,0.0,0.0
SH00009308,DS004,2026-07-13,9.0,R_DS004_105,21.0,161.45577223333333,250.2307722333333,825.0,0.29899217080246915,2.3333333333333335
SH00009309,DS004,2026-07-13,9.0,R_DS004_107,20.0,160.13435323333334,247.10935323333334,740.0,0.2965450985802469,2.2222222222222223
SH00009310,DS004,2026-07-13,9.0,R_DS004_108,23.0,157.57303271666672,248.5980327166666,905.0,0.2918019124382717,2.5555555555555554
SH00009311,DS004,2026-07-13,9.0,R_DS004_109,14.0,137.61245568333334,214.16959856666668,590.0,0.2548378808950617,1.5555555555555556
SH00009312,DS004,2026-07-13,9.0,R_DS004_110,19.0,136.49656333333334,211.82156333333333,710.0,0.2527714135802469,2.111111111111111
SH00009313,DS004,2026-07-13,9.0,R_DS004_111,21.0,157.7669192666667,248.34191926666665,825.0,0.2921609616049383,2.3333333333333335
SH00009314,DS004,2026-07-13,9.0,R_DS004_112,15.0,141.8194570333333,221.05159986666666,625.0,0.2626286241358024,1.6666666666666667
SH00009315,DS004,2026-07-13,8.633333333333333,R_DS004_114,20.0,151.9195177833333,232.79451778333336,790.0,0.2932809223616473,2.316602316602317
SH00009316,DS004,2026-07-13,8.133333333333333,R_DS004_115,14.0,142.16139284999997,223.88282141666667,590.0,0.2913143296106557,1.7213114754098362
SH00009317,DS004,2026-07-13,0.0,,0.0,0.0,0.0,0.0,0.0,0.0
SH00009318,DS004,2026-07-13,8.5,R_DS004_117,20.0,154.51866394999996,240.26866395,790.0,0.30297777245098034,2.3529411764705883
SH00009319,DS004,2026-07-13,9.0,R_DS004_118,15.0,135.46630785,218.74487928333335,630.0,0.25086353305555553,1.6666666666666667
SH00009320,DS004,2026-07-13,9.0,R_DS004_119,18.0,126.84959296666668,199.4995929666667,670.0,0.23490665364197533,2.0
SH00009321,DS004,2026-07-13,9.0,R_DS004_121,15.0,133.7079672,212.84368149999997,640.0,0.2476073466666667,1.6666666666666667
SH00009322,DS004,2026-07-13,9.0,R_DS004_122,16.0,117.49135906666666,185.09135906666666,595.0,0.21757659086419753,1.7777777777777777
SH00009323,DS004,2026-07-13,9.0,R_DS004_123,19.0,150.04624379999998,232.0462438,750.0,0.2778634144444444,2.111111111111111
SH00009324,DS004,2026-07-13,9.0,R_DS004_124,17.0,132.99660503333334,215.95017648333334,725.0,0.24629000932098766,1.8888888888888888
SH00009325,DS004,2026-07-13,9.0,R_DS004_125,17.0,141.65885366666666,219.83385366666664,635.0,0.2623312104938271,1.8888888888888888
SH00009326,DS004,2026-07-13,9.0,R_DS004_126,20.0,152.41937220000003,238.7193722,790.0,0.28225809666666674,2.2222222222222223
SH00009327,DS004,2026-07-13,8.433333333333334,R_DS004_128,16.0,124.45320131666668,194.75320131666666,600.0,0.2459549433135705,1.8972332015810276
SH00009328,DS004,2026-07-13,8.05,R_DS004_129,21.0,155.81611646666664,241.51611646666666,830.0,0.3226006552104899,2.6086956521739126
SH00009329,DS004,2026-07-13,9.0,R_DS004_130,14.0,137.71319963333332,217.15962820000004,590.0,0.2550244437654321,1.5555555555555556
SH00009330,DS004,2026-07-13,9.0,R_DS004_131,13.0,102.83552578333335,158.96052578333334,485.0,0.19043615885802473,1.4444444444444444
SH00009331,DS004,2026-07-13,9.0,R_DS004_132,17.0,149.81008070000001,236.28508069999995,675.0,0.2774260753703704,1.8888888888888888
SH00009332,DS004,2026-07-13,9.0,R_DS004_133,13.0,125.94078006666665,210.7014943833333,555.0,0.23322366679012344,1.4444444444444444
SH00009333,DS004,2026-07-13,9.0,R_DS004_135,17.0,145.4536310166667,225.52863101666668,680.0,0.2693585759567902,1.8888888888888888
SH00009334,DS004,2026-07-13,8.733333333333333,R_DS004_137,15.0,97.89382291666668,156.54382291666667,560.0,0.1868202727417303,1.717557251908397
SH00009335,DS004,2026-07-13,9.0,R_DS004_138,18.0,143.62746650000003,225.2524665,715.0,0.2659767898148149,2.0
SH00009336,DS004,2026-07-13,0.0,,0.0,0.0,0.0,0.0,0.0,0.0
SH00009337,DS004,2026-07-13,0.0,,0.0,0.0,0.0,0.0,0.0,0.0
SH00009338,DS004,2026-07-13,9.0,R_DS004_145,12.0,130.28443706666667,212.50586564999998,515.0,0.24126747604938273,1.3333333333333333
SH00009339,DS004,2026-07-13,9.0,R_DS004_146,12.0,94.36363776666666,148.01363776666665,455.0,0.174747477345679,1.3333333333333333
SH00009340,DS004,2026-07-13,9.0,R_DS004_147,17.0,139.82348445,220.29848445,675.0,0.2589323786111111,1.8888888888888888
SH00009341,DS004,2026-07-13,9.0,R_DS004_149,11.0,95.69771153333335,149.59771153333332,410.0,0.17721798432098768,1.2222222222222223
SH00009342,DS004,2026-07-13,9.0,R_DS004_150,18.0,139.05751793333334,212.50751793333336,720.0,0.25751392209876545,2.0
SH00009343,DS004,2026-07-13,9.0,R_DS004_151,16.0,135.06156693333332,210.71513833333336,675.0,0.2501140128395062,1.7777777777777777
SH00009344,DS004,2026-07-13,0.0,,0.0,0.0,0.0,0.0,0.0,0.0
SH00009345,DS004,2026-07-13,9.0,R_DS004_153,18.0,148.42653306666665,230.9765330666667,715.0,0.27486395012345677,2.0
SH00009346,DS004,2026-07-13,9.0,R_DS004_154,17.0,136.07048783333335,215.09905931666663,715.0,0.25198238487654323,1.8888888888888888
SH00009347,DS004,2026-07-13,9.0,R_DS004_156,19.0,131.95085391666666,203.15085391666668,755.0,0.24435343317901234,2.111111111111111
SH00009348,DS004,2026-07-13,7.85,R_DS004_157,14.0,124.00050930000002,192.94336643333332,590.0,0.26327072038216565,1.78343949044586
SH00009349,DS004,2026-07-13,9.0,R_DS004_158,13.0,81.79758693333333,125.79758693333332,490.0,0.15147701283950618,1.4444444444444444
SH00009350,DS004,2026-07-13,8.6,R_DS004_159,18.0,136.388655,212.963655,710.0,0.2643190988372093,2.0930232558139537
SH00009351,DS004,2026-07-13,9.0,R_DS004_160,14.0,133.26387954999998,209.76387951666666,595.0,0.2467849621296296,1.5555555555555556
SH00009377,DS005,2026-07-13,9.0,R_DS005_002,41.0,260.5872584666667,393.8372584666667,1485.0,0.4825689971604939,4.555555555555555
SH00009378,DS005,2026-07-13,9.0,R_DS005_003,44.0,270.92281905,412.8228190499999,1645.0,0.5017089241666667,4.888888888888889
SH00009379,DS005,2026-07-13,9.0,R_DS005_004,36.0,229.52020624999997,351.2380633666666,1290.0,0.42503741898148145,4.0
SH00009380,DS005,2026-07-13,9.0,R_DS005_005,40.0,254.81221304999994,384.01221304999996,1445.0,0.471874468611111,4.444444444444445
SH00009381,DS005,2026-07-13,9.0,R_DS005_006,43.0,280.3926608333333,430.7426608333334,1610.0,0.5192456682098765,4.777777777777778
SH00009382,DS005,2026-07-13,8.45,R_DS005_007,26.0,180.26548798333337,275.6012022666667,930.0,0.35555323073635775,3.076923076923077
SH00009383,DS005,2026-07-13,9.0,R_DS005_009,41.0,257.3168049,386.31680489999997,1540.0,0.4765126016666667,4.555555555555555
SH00009384,DS005,2026-07-13,0.0,,0.0,0.0,0.0,0.0,0.0,0.0
SH00009385,DS005,2026-07-13,9.0,R_DS005_011,39.0,251.42385861666668,382.19885861666666,1415.0,0.46559973817901235,4.333333333333333
SH00009386,DS005,2026-07-13,9.0,R_DS005_012,40.0,257.01992816666666,391.54492816666664,1505.0,0.4759628299382716,4.444444444444445
SH00009387,DS005,2026-07-13,9.0,R_DS005_013,29.0,176.87405836666665,267.94905836666663,1040.0,0.3275445525308642,3.2222222222222223
SH00009388,DS005,2026-07-13,9.0,R_DS005_014,40.0,253.8062109333334,390.18121093333326,1445.0,0.4700115017283952,4.444444444444445
SH00009389,DS005,2026-07-13,9.0,R_DS005_016,21.0,124.57047918333333,189.2990506,760.0,0.2306860725617284,2.3333333333333335
SH00009390,DS005,2026-07-13,9.0,R_DS005_017,37.0,228.50031038333339,344.4253103833333,1345.0,0.4231487229320989,4.111111111111111
SH00009391,DS005,2026-07-13,9.0,R_DS005_018,39.0,236.16416086666663,352.31416086666667,1475.0,0.43734103864197527,4.333333333333333
SH00009392,DS005,2026-07-13,9.0,R_DS005_019,16.0,111.3369923,168.5548494666667,585.0,0.20617961537037038,1.7777777777777777
SH00009393,DS005,2026-07-13,9.0,R_DS005_020,35.0,218.7811441166667,331.75614411666675,1265.0,0.4051502668827161,3.888888888888889
SH00009394,DS005,2026-07-13,9.0,R_DS005_021,34.0,226.98822145,342.03822145,1295.0,0.42034855824074074,3.7777777777777777
SH00009395,DS005,2026-07-13,8.233333333333333,R_DS005_023,33.0,206.08019268333334,314.0051926833333,1200.0,0.41716638195006756,4.008097165991903
SH00009396,DS005,2026-07-13,9.0,R_DS005_024,32.0,210.17477208333338,322.7497720833334,1225.0,0.3892125408950618,3.5555555555555554
SH00009397,DS005,2026-07-13,9.0,R_DS005_025,15.0,95.44907033333334,148.91692748333332,545.0,0.176757537654321,1.6666666666666667
SH00009398,DS005,2026-07-13,9.0,R_DS005_026,33.0,212.03145363333337,324.4064536333334,1205.0,0.39265084006172846,3.6666666666666665
SH00009399,DS005,2026-07-13,9.0,R_DS005_027,33.0,195.56574016666667,298.14074016666666,1265.0,0.3621587780864198,3.6666666666666665
SH00009400,DS005,2026-07-13,8.5,R_DS005_028,9.0,63.6909542,94.51595420000001,320.0,0.12488422392156863,1.0588235294117647
SH00009401,DS005,2026-07-13,9.0,R_DS005_031,11.0,73.91922241666667,114.70136526666666,400.0,0.1368874489197531,1.2222222222222223
SH00009402,DS005,2026-07-13,9.0,R_DS005_032,29.0,182.90770663333333,273.6827066333332,1055.0,0.3387179752469136,3.2222222222222223
SH00009403,DS005,2026-07-13,9.0,R_DS005_033,30.0,203.84995613333334,307.9999561333334,1150.0,0.3774999187654321,3.3333333333333335
SH00009404,DS005,2026-07-13,9.0,R_DS005_034,10.0,85.32852111666666,130.61423539999998,365.0,0.158015779845679,1.1111111111111112
SH00009405,DS005,2026-07-13,9.0,R_DS005_035,30.0,190.5475241,286.1725240999999,1090.0,0.3528657853703704,3.3333333333333335
SH00009406,DS005,2026-07-13,9.0,R_DS005_037,10.0,71.72494886666667,107.57494885,365.0,0.13282397938271603,1.1111111111111112
SH00009407,DS005,2026-07-13,9.0,R_DS005_038,27.0,173.23288118333335,265.10788118333335,990.0,0.3208016318209877,3.0
SH00009408,DS005,2026-07-13,9.0,R_DS005_039,32.0,200.1643993833333,299.96439938333344,1235.0,0.37067481367283944,3.5555555555555554
SH00009409,DS005,2026-07-13,9.0,R_DS005_040,9.0,57.593095616666666,89.58952416666665,335.0,0.10665388077160494,1.0
SH00009410,DS005,2026-07-13,9.0,R_DS005_041,27.0,172.76514805000005,263.51514804999994,990.0,0.31993545935185197,3.0
SH00009411,DS005,2026-07-13,9.0,R_DS005_042,30.0,193.8014109,305.1764109,1155.0,0.35889150166666667,3.3333333333333335
SH00009412,DS005,2026-07-13,9.0,R_DS005_044,25.0,171.33603433333334,268.53603433333336,915.0,0.3172889524691358,2.7777777777777777
SH00009413,DS005,2026-07-13,9.0,R_DS005_045,31.0,194.2624204833333,300.8874204833333,1195.0,0.3597452231172839,3.4444444444444446
SH00009414,DS005,2026-07-13,8.0,R_DS005_046,6.0,49.920387983333335,76.52038796666668,225.0,0.10400080829861111,0.75
SH00009415,DS005,2026-07-13,9.0,R_DS005_047,22.0,152.17851664999998,229.12851665,805.0,0.28181206787037033,2.4444444444444446
SH00009416,DS005,2026-07-13,0.0,,0.0,0.0,0.0,0.0,0.0,0.0
SH00009417,DS005,2026-07-13,9.0,R_DS005_049,7.0,51.99865186666667,79.08436615,265.0,0.09629379975308643,0.7777777777777778
SH00009418,DS005,2026-07-13,9.0,R_DS005_052,5.0,35.44983311666667,55.37483313333333,190.0,0.06564783910493828,0.5555555555555556
SH00009419,DS005,2026-07-13,8.816666666666666,R_DS005_053,22.0,129.0509474,199.77594740000004,815.0,0.24395264158790173,2.4952741020793954
SH00009420,DS005,2026-07-13,9.0,R_DS005_054,30.0,186.0706537333333,285.04565373333327,1160.0,0.34457528469135795,3.3333333333333335
SH00009421,DS005,2026-07-13,9.0,R_DS005_055,4.0,30.06068828333333,47.57854545000001,160.0,0.05566794126543209,0.4444444444444444
SH00009422,DS005,2026-07-13,9.0,R_DS005_056,19.0,120.65063810000001,185.8006381,710.0,0.2234271075925926,2.111111111111111
SH00009423,DS005,2026-07-13,9.0,R_DS005_058,4.0,33.580950466666664,53.348807583333326,160.0,0.062186945308641974,0.4444444444444444
SH00009424,DS005,2026-07-13,9.0,R_DS005_059,17.0,103.3932866,159.01828659999998,635.0,0.19146904925925926,1.8888888888888888
SH00009425,DS005,2026-07-13,8.45,R_DS005_060,28.0,196.3264533,298.97645330000006,1080.0,0.38723166331360953,3.313609467455622
SH00009426,DS005,2026-07-13,0.0,,0.0,0.0,0.0,0.0,0.0,0.0
SH00009427,DS005,2026-07-13,9.0,R_DS005_062,15.0,96.96927503333335,151.39427503333332,560.0,0.1795727315432099,1.6666666666666667
SH00009428,DS005,2026-07-13,9.0,R_DS005_063,31.0,172.34922996666668,264.14922996666655,1200.0,0.31916524067901236,3.4444444444444446
SH00009429,DS005,2026-07-13,9.0,R_DS005_065,14.0,94.44013921666667,151.86513921666665,530.0,0.17488914669753086,1.5555555555555556
SH00009430,DS005,2026-07-13,9.0,R_DS005_066,27.0,167.31921041666666,256.56921041666664,1050.0,0.30985038966049383,3.0
SH00009431,DS005,2026-07-13,9.0,R_DS005_067,4.0,28.439961116666666,45.44353255,160.0,0.05266659466049382,0.4444444444444444
SH00009432,DS005,2026-07-13,9.0,R_DS005_068,14.0,79.74940815000001,118.12440815,535.0,0.14768408916666667,1.5555555555555556
SH00009433,DS005,2026-07-13,9.0,R_DS005_069,30.0,165.25631008333335,249.8813100833333,1165.0,0.3060302038580247,3.3333333333333335
SH00009434,DS005,2026-07-13,9.0,R_DS005_070,4.0,30.518268200000005,47.42541106666667,160.0,0.05651531148148149,0.4444444444444444
SH00009435,DS005,2026-07-13,0.0,,0.0,0.0,0.0,0.0,0.0,0.0
SH00009436,DS005,2026-07-13,9.0,R_DS005_074,9.0,57.76577338333334,89.04077338333333,350.0,0.10697365441358025,1.0
SH00009437,DS005,2026-07-13,9.0,R_DS005_075,28.0,171.28284844999996,260.58284845,1090.0,0.3171904600925925,3.111111111111111
SH00009438,DS005,2026-07-13,9.0,R_DS005_076,4.0,32.879794966666665,51.201223533333334,160.0,0.06088850919753086,0.4444444444444444
SH00009439,DS005,2026-07-13,9.0,R_DS005_077,9.0,54.03498238333333,82.48498238333335,350.0,0.10006478219135802,1.0
SH00009440,DS005,2026-07-13,9.0,R_DS005_079,4.0,29.96665941666667,48.12737369999999,160.0,0.0554938137345679,0.4444444444444444
SH00009441,DS005,2026-07-13,9.0,R_DS005_080,7.0,38.47819246666666,56.303192466666665,280.0,0.07125591197530863,0.7777777777777778
SH00009442,DS005,2026-07-13,8.366666666666667,R_DS005_081,27.0,154.15165503333336,228.45165503333337,1060.0,0.30707501002656046,3.2270916334661353
SH00009443,DS005,2026-07-13,9.0,R_DS005_082,3.0,32.24157148333333,49.34157148333334,120.0,0.059706613858024685,0.3333333333333333
SH00009444,DS005,2026-07-13,9.0,R_DS005_083,6.0,33.57674895,50.726748949999994,240.0,0.06217916472222223,0.6666666666666666
SH00009445,DS005,2026-07-13,0.0,,0.0,0.0,0.0,0.0,0.0,0.0
SH00009446,DS005,2026-07-13,9.0,R_DS005_087,25.0,156.05111861666666,233.50111861666667,985.0,0.28898355299382716,2.7777777777777777
SH00009447,DS005,2026-07-13,9.0,R_DS005_088,3.0,25.848933616666663,42.4346479,120.0,0.04786839558641975,0.3333333333333333
SH00009448,DS005,2026-07-13,9.0,R_DS005_089,5.0,37.422868066666666,57.24786806666667,200.0,0.0693016075308642,0.5555555555555556
SH00009449,DS005,2026-07-13,9.0,R_DS005_090,23.0,150.60355788333334,230.80355788333338,905.0,0.2788954775617284,2.5555555555555554
SH00009450,DS005,2026-07-13,8.35,R_DS005_091,1.0,5.924362716666667,8.688648433333332,40.0,0.011825075282767798,0.11976047904191617
SH00009451,DS005,2026-07-13,9.0,R_DS005_093,25.0,148.85488556666664,230.55488556666666,985.0,0.2756571954938271,2.7777777777777777
SH00009452,DS005,2026-07-13,9.0,R_DS005_094,4.0,27.160776533333333,42.81434795,160.0,0.05029773432098766,0.4444444444444444
SH00009453,DS005,2026-07-13,0.0,,0.0,0.0,0.0,0.0,0.0,0.0
SH00009454,DS005,2026-07-13,9.0,R_DS005_096,24.0,147.2584202,221.1084202,945.0,0.27270077814814814,2.6666666666666665
SH00009455,DS005,2026-07-13,9.0,R_DS005_097,4.0,30.858138416666666,48.42242413333334,155.0,0.05714470077160494,0.4444444444444444
SH00009456,DS005,2026-07-13,9.0,R_DS005_098,6.0,33.194106616666666,51.194106616666666,240.0,0.06147056780864198,0.6666666666666666
SH00009457,DS005,2026-07-13,9.0,R_DS005_100,4.0,32.21338613333333,48.252671866666674,160.0,0.05965441876543209,0.4444444444444444
SH00009458,DS005,2026-07-13,9.0,R_DS005_101,6.0,36.13526758333334,53.96026758333333,240.0,0.06691716219135803,0.6666666666666666
SH00009459,DS005,2026-07-13,9.0,R_DS005_103,3.0,27.55876981666667,41.18734123333333,120.0,0.05103475891975309,0.3333333333333333
SH00009460,DS005,2026-07-13,0.0,,0.0,0.0,0.0,0.0,0.0,0.0
SH00009461,DS005,2026-07-13,9.0,R_DS005_105,24.0,149.28262771666667,225.7326277166667,945.0,0.27644931058641975,2.6666666666666665
SH00009462,DS005,2026-07-13,9.0,R_DS005_107,5.0,28.271452649999997,43.77145265000001,195.0,0.05235454194444444,0.5555555555555556
SH00009463,DS005,2026-07-13,9.0,R_DS005_108,22.0,142.8406209166667,223.5156209166667,870.0,0.2645196683641976,2.4444444444444446
SH00009464,DS005,2026-07-13,9.0,R_DS005_109,4.0,31.720421899999998,48.53113616666667,160.0,0.05874152203703703,0.4444444444444444
SH00009465,DS005,2026-07-13,9.0,R_DS005_110,4.0,22.84596308333333,35.59596308333333,160.0,0.04230733904320987,0.4444444444444444
SH00009466,DS005,2026-07-13,9.0,R_DS005_111,22.0,146.3695024833333,221.3195024833333,870.0,0.271054634228395,2.4444444444444446
SH00009467,DS005,2026-07-13,9.0,R_DS005_112,3.0,26.6216053,41.79303386666666,120.0,0.04929926907407407,0.3333333333333333
SH00009468,DS005,2026-07-13,0.0,,0.0,0.0,0.0,0.0,0.0,0.0
SH00009469,DS005,2026-07-13,9.0,R_DS005_116,4.0,27.459903116666666,41.78490311666667,160.0,0.05085167243827161,0.4444444444444444
SH00009470,DS005,2026-07-13,9.0,R_DS005_117,21.0,136.72032071666666,200.89532071666667,840.0,0.2531857791049383,2.3333333333333335
SH00009471,DS005,2026-07-13,0.0,,0.0,0.0,0.0,0.0,0.0,0.0
SH00009472,DS005,2026-07-13,9.0,R_DS005_119,3.0,21.967383866666665,34.592383866666665,120.0,0.040680340493827155,0.3333333333333333
SH00009473,DS005,2026-07-13,9.0,R_DS005_121,4.0,31.705098566666663,48.61581283333334,155.0,0.058713145493827154,0.4444444444444444
SH00009474,DS005,2026-07-13,9.0,R_DS005_122,3.0,14.228150016666667,20.778150016666668,120.0,0.026348425956790125,0.3333333333333333
SH00009475,DS005,2026-07-13,9.0,R_DS005_123,21.0,130.86487835,201.68987833333333,835.0,0.24234236731481482,2.3333333333333335
SH00009476,DS005,2026-07-13,9.0,R_DS005_124,4.0,29.362634116666666,46.8483484,160.0,0.05437524836419753,0.4444444444444444
SH00009477,DS005,2026-07-13,9.0,R_DS005_126,18.0,121.27141723333332,189.64641723333332,720.0,0.2245766985802469,2.0
SH00009478,DS005,2026-07-13,8.45,R_DS005_128,3.0,19.0519691,27.726969099999998,120.0,0.037577848323471406,0.3550295857988166
SH00009479,DS005,2026-07-13,9.0,R_DS005_129,20.0,128.47278740000002,196.4977874,800.0,0.2379125692592593,2.2222222222222223
SH00009480,DS005,2026-07-13,9.0,R_DS005_131,1.0,6.155426899999999,9.205426899999999,40.0,0.011398938703703702,0.1111111111111111
SH00009481,DS005,2026-07-13,9.0,R_DS005_132,21.0,119.96477626666665,180.8397762666667,840.0,0.22215699308641973,2.3333333333333335
SH00009482,DS005,2026-07-13,9.0,R_DS005_133,3.0,28.429610283333332,46.33318173333333,120.0,0.052647426450617284,0.3333333333333333
SH00009483,DS005,2026-07-13,9.0,R_DS005_135,18.0,118.77434439999999,175.9243444,720.0,0.2199524896296296,2.0
SH00009515,DS001,2026-07-14,9.0,R_DS001_001,31.0,194.5853273333333,295.5353273333333,1085.0,0.3603431987654321,3.4444444444444446
SH00009516,DS001,2026-07-14,9.0,R_DS001_004,31.0,182.12279721666673,270.7727972166666,1085.0,0.33726443929012356,3.4444444444444446
SH00009517,DS001,2026-07-14,8.75,R_DS001_006,41.0,263.5662796666666,399.7662796666666,1570.0,0.5020310088888887,4.685714285714286
SH00009518,DS001,2026-07-14,9.0,R_DS001_007,28.0,162.83871126666665,253.46371126666665,980.0,0.30155316901234563,3.111111111111111
SH00009519,DS001,2026-07-14,9.0,R_DS001_010,24.0,167.06484464999997,255.53984465,840.0,0.3093793419444444,2.6666666666666665
SH00009520,DS001,2026-07-14,9.0,R_DS001_011,44.0,283.2213285,428.57132849999994,1595.0,0.5244839416666667,4.888888888888889
SH00009521,DS001,2026-07-14,9.0,R_DS001_012,42.0,271.82952444999995,411.7795244499999,1600.0,0.5033880082407407,4.666666666666667
SH00009522,DS001,2026-07-14,9.0,R_DS001_013,22.0,133.0304631,202.6054631,770.0,0.24635270944444443,2.4444444444444446
SH00009523,DS001,2026-07-14,0.0,,0.0,0.0,0.0,0.0,0.0,0.0
SH00009524,DS001,2026-07-14,0.0,,0.0,0.0,0.0,0.0,0.0,0.0
SH00009525,DS001,2026-07-14,9.0,R_DS001_018,41.0,263.515421,402.04042100000004,1550.0,0.48799152037037036,4.555555555555555
SH00009526,DS001,2026-07-14,9.0,R_DS001_019,18.0,114.18416868333334,169.68416868333335,630.0,0.21145216422839508,2.0
SH00009527,DS001,2026-07-14,9.0,R_DS001_020,46.0,278.0876440833333,423.86264408333346,1680.0,0.5149771186728395,5.111111111111111
SH00009528,DS001,2026-07-14,9.0,R_DS001_021,42.0,268.18893078333343,409.4889307833333,1605.0,0.4966461681172841,4.666666666666667
SH00009529,DS001,2026-07-14,9.0,R_DS001_022,12.0,80.75425953333333,121.37925953333334,420.0,0.14954492506172837,1.3333333333333333
SH00009530,DS001,2026-07-14,9.0,R_DS001_024,39.0,258.56469065000005,394.23969065,1485.0,0.47882350120370376,4.333333333333333
SH00009531,DS001,2026-07-14,9.0,R_DS001_025,12.0,80.12959163333333,121.50459163333333,420.0,0.148388132654321,1.3333333333333333
SH00009532,DS001,2026-07-14,8.383333333333333,R_DS001_026,42.0,258.8155107833333,391.4155107833333,1525.0,0.5145437590125911,5.009940357852883
SH00009533,DS001,2026-07-14,9.0,R_DS001_028,7.0,43.0006296,65.0256296,245.0,0.07963079555555556,0.7777777777777778
SH00009534,DS001,2026-07-14,8.266666666666667,R_DS001_031,6.0,44.4325081,66.3825081,210.0,0.0895816695564516,0.7258064516129031
SH00009535,DS001,2026-07-14,9.0,R_DS001_032,40.0,280.12964943333327,431.65464943333336,1455.0,0.5187586100617283,4.444444444444445
SH00009536,DS001,2026-07-14,9.0,R_DS001_033,38.0,259.9023838,399.37738379999985,1445.0,0.4813007107407407,4.222222222222222
SH00009537,DS001,2026-07-14,9.0,R_DS001_035,37.0,274.6377391833334,414.68773918333335,1340.0,0.5085884058950618,4.111111111111111
SH00009538,DS001,2026-07-14,9.0,R_DS001_036,41.0,253.4428202,387.7928202,1550.0,0.46933855592592594,4.555555555555555
SH00009539,DS001,2026-07-14,9.0,R_DS001_038,44.0,271.86078559999993,413.26078559999996,1600.0,0.5034458992592591,4.888888888888889
SH00009540,DS001,2026-07-14,9.0,R_DS001_039,38.0,258.71245235,392.26245235000005,1440.0,0.47909713398148146,4.222222222222222
SH00009541,DS001,2026-07-14,9.0,R_DS001_040,6.0,37.890145249999996,56.640145249999996,210.0,0.07016693564814815,0.6666666666666666
SH00009542,DS001,2026-07-14,9.0,R_DS001_041,41.0,256.9160461833333,393.41604618333326,1490.0,0.47577045589506173,4.555555555555555
SH00009543,DS001,2026-07-14,9.0,R_DS001_042,36.0,232.36886861666665,364.91886861666654,1380.0,0.4303127196604938,4.0
SH00009544,DS001,2026-07-14,8.0,R_DS001_043,3.0,13.899204933333335,20.974204933333336,105.0,0.028956676944444447,0.375
SH00009545,DS001,2026-07-14,9.0,R_DS001_045,36.0,240.52262180000002,362.4226218000001,1380.0,0.44541226259259264,4.0
SH00009546,DS001,2026-07-14,9.0,R_DS001_046,5.0,33.939117849999995,51.86411785,175.0,0.06285021824074073,0.5555555555555556
SH00009547,DS001,2026-07-14,0.0,,0.0,0.0,0.0,0.0,0.0,0.0
SH00009548,DS001,2026-07-14,9.0,R_DS001_048,36.0,226.67466229999997,347.7996623,1395.0,0.4197678931481481,4.0
SH00009549,DS001,2026-07-14,9.0,R_DS001_049,3.0,15.160729033333334,23.98572903333333,105.0,0.02807542413580247,0.3333333333333333
SH00009550,DS001,2026-07-14,9.0,R_DS001_050,37.0,205.5620445499999,311.4120445499999,1350.0,0.3806704528703702,4.111111111111111
SH00009551,DS001,2026-07-14,0.0,,0.0,0.0,0.0,0.0,0.0,0.0
SH00009552,DS001,2026-07-14,8.5,R_DS001_053,35.0,222.49140316666666,341.0164031666667,1285.0,0.43625765326797383,4.117647058823529
SH00009553,DS001,2026-07-14,0.0,,0.0,0.0,0.0,0.0,0.0,0.0
SH00009554,DS001,2026-07-14,0.0,,0.0,0.0,0.0,0.0,0.0,0.0
SH00009555,DS001,2026-07-14,9.0,R_DS001_057,37.0,228.51639541666663,346.1413954166667,1435.0,0.4231785100308641,4.111111111111111
SH00009556,DS001,2026-07-14,9.0,R_DS001_059,33.0,220.84881868333332,339.12381868333324,1205.0,0.4089792938580247,3.6666666666666665
SH00009557,DS001,2026-07-14,9.0,R_DS001_060,35.0,219.88980364999995,334.36480365,1350.0,0.4072033400925925,3.888888888888889
SH00009558,DS001,2026-07-14,9.0,R_DS001_061,2.0,11.863220616666666,17.713220616666668,70.0,0.021968927067901232,0.2222222222222222
SH00009559,DS001,2026-07-14,9.0,R_DS001_062,34.0,224.10630335000008,338.68130334999995,1245.0,0.4150116728703705,3.7777777777777777
SH00009560,DS001,2026-07-14,0.0,,0.0,0.0,0.0,0.0,0.0,0.0
SH00009561,DS001,2026-07-14,9.0,R_DS001_064,2.0,13.646515683333334,21.671515683333332,70.0,0.025271325339506174,0.2222222222222222
SH00009562,DS001,2026-07-14,9.0,R_DS001_066,34.0,215.04851318333326,331.0985131833333,1315.0,0.3982379873765431,3.7777777777777777
SH00009563,DS001,2026-07-14,9.0,R_DS001_067,2.0,12.409512,18.784512,70.0,0.022980577777777778,0.2222222222222222
SH00009564,DS001,2026-07-14,0.0,,0.0,0.0,0.0,0.0,0.0,0.0
SH00009565,DS001,2026-07-14,9.0,R_DS001_070,2.0,14.97413455,22.574134550000004,70.0,0.027729878796296296,0.2222222222222222
SH00009566,DS001,2026-07-14,9.0,R_DS001_071,31.0,217.64543060000003,327.7204306,1130.0,0.40304709370370373,3.4444444444444446
SH00009567,DS001,2026-07-14,9.0,R_DS001_073,1.0,6.20254815,9.127548149999999,35.0,0.011486200277777778,0.1111111111111111
SH00009568,DS001,2026-07-14,9.0,R_DS001_074,30.0,195.57034613333335,296.9703461333333,1100.0,0.36216730765432104,3.3333333333333335
SH00009569,DS001,2026-07-14,9.0,R_DS001_075,34.0,212.53157085,332.95657085,1315.0,0.39357698305555555,3.7777777777777777
SH00009570,DS001,2026-07-14,9.0,R_DS001_076,1.0,4.773126250000001,8.773126249999999,35.0,0.008839122685185186,0.1111111111111111
SH00009571,DS001,2026-07-14,9.0,R_DS001_078,34.0,210.80454328333335,323.8545432833334,1320.0,0.3903787838580247,3.7777777777777777
SH00009572,DS001,2026-07-14,9.0,R_DS001_080,29.0,212.2554904666666,324.4554904666667,1060.0,0.3930657230864196,3.2222222222222223
SH00009573,DS001,2026-07-14,9.0,R_DS001_081,34.0,210.97800366666667,319.30300366666665,1320.0,0.39070000679012346,3.7777777777777777
SH00009574,DS001,2026-07-14,8.566666666666666,R_DS001_082,1.0,5.620892366666666,9.195892366666667,35.0,0.010935588261997406,0.11673151750972763
SH00009575,DS001,2026-07-14,9.0,R_DS001_083,30.0,198.26594778333333,301.99094778333335,1105.0,0.36715916256172837,3.3333333333333335
SH00009576,DS001,2026-07-14,9.0,R_DS001_084,31.0,205.96287063333332,316.6128706333334,1200.0,0.3814127233950617,3.4444444444444446
SH00009577,DS001,2026-07-14,0.0,,0.0,0.0,0.0,0.0,0.0,0.0
SH00009578,DS001,2026-07-14,9.0,R_DS001_088,1.0,7.4618744999999995,11.7368745,35.0,0.01381828611111111,0.1111111111111111
SH00009579,DS001,2026-07-14,9.0,R_DS001_089,26.0,180.08799169999998,275.46299170000003,965.0,0.33349628092592587,2.888888888888889
SH00009580,DS001,2026-07-14,8.2,R_DS001_090,32.0,203.60266895000007,309.60266894999995,1235.0,0.41382656290650427,3.9024390243902443
SH00009581,DS001,2026-07-14,9.0,R_DS001_091,1.0,3.4559261,4.6059261000000005,35.0,0.006399863148148149,0.1111111111111111
SH00009582,DS001,2026-07-14,8.7,R_DS001_092,26.0,184.86231848333335,277.93731848333334,960.0,0.35414237257343556,2.988505747126437
SH00009583,DS001,2026-07-14,9.0,R_DS001_094,1.0,5.124868916666667,6.824868916666667,35.0,0.009490497993827162,0.1111111111111111
SH00009584,DS001,2026-07-14,9.0,R_DS001_095,25.0,160.8187019,246.39370190000005,930.0,0.2978124109259259,2.7777777777777777
SH00009585,DS001,2026-07-14,9.0,,0.0,0.0,0.0,0.0,0.0,0.0
SH00009586,DS001,2026-07-14,8.616666666666667,R_DS001_098,26.0,157.0872033666667,240.71220336666667,965.0,0.3038437202450033,3.0174081237911023
SH00009587,DS001,2026-07-14,9.0,R_DS001_099,33.0,209.07765795,322.17765794999997,1280.0,0.3871808480555556,3.6666666666666665
SH00009588,DS001,2026-07-14,9.0,R_DS001_101,24.0,142.86329736666664,219.3882973666667,895.0,0.2645616617901234,2.6666666666666665
SH00009589,DS001,2026-07-14,9.0,R_DS001_102,33.0,196.92183706666665,303.34683706666664,1280.0,0.36467006864197526,3.6666666666666665
SH00009590,DS001,2026-07-14,9.0,R_DS001_105,32.0,199.9818532,305.3818532,1250.0,0.37033676518518516,3.5555555555555554
SH00009591,DS001,2026-07-14,9.0,,0.0,0.0,0.0,0.0,0.0,0.0
SH00009592,DS001,2026-07-14,9.0,R_DS001_108,30.0,199.66554036666665,307.9155403666667,1165.0,0.3697510006790123,3.3333333333333335
SH00009593,DS001,2026-07-14,9.0,,0.0,0.0,0.0,0.0,0.0,0.0
SH00009594,DS001,2026-07-14,9.0,R_DS001_110,22.0,144.65888593333332,221.5838859333334,825.0,0.26788682580246914,2.4444444444444446
SH00009595,DS001,2026-07-14,9.0,R_DS001_113,20.0,144.40412736666664,225.02912736666664,745.0,0.2674150506790123,2.2222222222222223
SH00009596,DS001,2026-07-14,9.0,,0.0,0.0,0.0,0.0,0.0,0.0
SH00009597,DS001,2026-07-14,9.0,R_DS001_117,32.0,195.10855071666663,295.13355071666666,1255.0,0.36131213095679005,3.5555555555555554
SH00009598,DS001,2026-07-14,0.0,,0.0,0.0,0.0,0.0,0.0,0.0
SH00009599,DS001,2026-07-14,9.0,R_DS001_119,20.0,130.69795241666668,202.47295241666666,750.0,0.2420332452160494,2.2222222222222223
SH00009600,DS001,2026-07-14,9.0,R_DS001_120,29.0,192.16454771666668,292.86454771666666,1140.0,0.3558602735493827,3.2222222222222223
SH00009601,DS001,2026-07-14,9.0,R_DS001_122,22.0,128.45249163333335,196.92749163333335,835.0,0.23787498450617287,2.4444444444444446
SH00009602,DS001,2026-07-14,9.0,R_DS001_123,32.0,193.24255926666663,290.5925592666667,1255.0,0.3578565912345678,3.5555555555555554
SH00009603,DS001,2026-07-14,0.0,,0.0,0.0,0.0,0.0,0.0,0.0
SH00009604,DS001,2026-07-14,9.0,R_DS001_125,20.0,131.09989263333333,202.12489263333333,755.0,0.24277757895061727,2.2222222222222223
SH00009605,DS001,2026-07-14,9.0,R_DS001_126,29.0,183.27793426666665,274.9279342666667,1135.0,0.3394035819753086,3.2222222222222223
SH00009606,DS001,2026-07-14,9.0,,0.0,0.0,0.0,0.0,0.0,0.0
SH00009607,DS001,2026-07-14,8.133333333333333,R_DS001_129,26.0,181.0096428666666,277.50964286666664,1025.0,0.3709213993169398,3.19672131147541
SH00009608,DS001,2026-07-14,0.0,,0.0,0.0,0.0,0.0,0.0,0.0
SH00009609,DS001,2026-07-14,9.0,R_DS001_131,18.0,110.40643691666666,166.78143691666665,690.0,0.20445636466049383,2.0
SH00009610,DS001,2026-07-14,0.0,,0.0,0.0,0.0,0.0,0.0,0.0
SH00009611,DS001,2026-07-14,9.0,,0.0,0.0,0.0,0.0,0.0,0.0
SH00009612,DS001,2026-07-14,9.0,R_DS001_134,14.0,102.11263415000002,160.43763415,540.0,0.1890974706481482,1.5555555555555556
SH00009613,DS001,2026-07-14,9.0,R_DS001_138,27.0,184.37470418333336,281.2247041833334,1060.0,0.3414346373765433,3.0
SH00009614,DS001,2026-07-14,9.0,,0.0,0.0,0.0,0.0,0.0,0.0
SH00009615,DS001,2026-07-14,9.0,R_DS001_140,16.0,104.35288404999999,158.45288405,615.0,0.19324608157407405,1.7777777777777777
SH00009616,DS001,2026-07-14,9.0,R_DS001_141,30.0,184.5686782333333,284.4686782333334,1175.0,0.3417938485802468,3.3333333333333335
SH00009617,DS001,2026-07-14,9.0,R_DS001_143,16.0,106.87698056666666,160.87698056666665,615.0,0.19792033438271603,1.7777777777777777
SH00009618,DS001,2026-07-14,0.0,,0.0,0.0,0.0,0.0,0.0,0.0
SH00009619,DS001,2026-07-14,9.0,,0.0,0.0,0.0,0.0,0.0,0.0
SH00009620,DS001,2026-07-14,9.0,R_DS001_146,15.0,96.95171950000001,149.10171949999997,585.0,0.17954022129629632,1.6666666666666667
SH00009621,DS001,2026-07-14,9.0,R_DS001_147,26.0,177.22844999999998,276.85345,1025.0,0.3282008333333333,2.888888888888889
SH00009622,DS001,2026-07-14,9.0,,0.0,0.0,0.0,0.0,0.0,0.0
SH00009623,DS001,2026-07-14,8.4,R_DS001_150,29.0,178.87475479999998,272.2997548,1135.0,0.35491022777777775,3.452380952380952
SH00009624,DS001,2026-07-14,9.0,,0.0,0.0,0.0,0.0,0.0,0.0
SH00009625,DS001,2026-07-14,9.0,R_DS001_152,14.0,97.03539501666666,151.81039501666666,545.0,0.1796951759567901,1.5555555555555556
SH00009626,DS001,2026-07-14,8.566666666666666,,0.0,0.0,0.0,0.0,0.0,0.0
SH00009627,DS001,2026-07-14,8.133333333333333,R_DS001_155,15.0,96.91122066666668,149.0862206666667,585.0,0.19858856693989074,1.8442622950819674
SH00009628,DS001,2026-07-14,9.0,,0.0,0.0,0.0,0.0,0.0,0.0
SH00009629,DS001,2026-07-14,9.0,R_DS001_159,28.0,174.64991026666672,269.5249102666667,1100.0,0.3234257597530865,3.111111111111111
SH00009630,DS001,2026-07-14,9.0,,0.0,0.0,0.0,0.0,0.0,0.0
SH00009631,DS001,2026-07-14,9.0,R_DS001_161,15.0,91.78378335,140.93378335,575.0,0.16996996916666665,1.6666666666666667
SH00009632,DS001,2026-07-14,0.0,,0.0,0.0,0.0,0.0,0.0,0.0
SH00009633,DS001,2026-07-14,9.0,R_DS001_164,14.0,95.50618921666666,148.43118921666667,540.0,0.1768633133641975,1.5555555555555556
SH00009634,DS001,2026-07-14,9.0,R_DS001_165,30.0,179.31418534999997,272.33918535000004,1175.0,0.33206330620370367,3.3333333333333335
SH00009664,DS002,2026-07-14,9.0,R_DS002_001,27.0,231.12228146666666,359.39728146666664,945.0,0.4280042249382716,3.0
SH00009665,DS002,2026-07-14,0.0,,0.0,0.0,0.0,0.0,0.0,0.0
SH00009666,DS002,2026-07-14,9.0,R_DS002_004,27.0,215.89236199999996,338.1673619999999,945.0,0.3998006703703703,3.0
SH00009667,DS002,2026-07-14,9.0,R_DS002_005,36.0,270.7862282833334,415.0862282833334,1300.0,0.5014559783024692,4.0
SH00009668,DS002,2026-07-14,9.0,R_DS002_006,37.0,267.6881093,414.9881092999999,1410.0,0.49571872092592595,4.111111111111111
SH00009669,DS002,2026-07-14,8.283333333333333,R_DS002_007,27.0,187.64955913333333,291.6245591333333,945.0,0.3775645052984574,3.2595573440643864
SH00009670,DS002,2026-07-14,9.0,R_DS002_010,27.0,178.67315338333333,275.3231533833333,945.0,0.3308762099691358,3.0
SH00009671,DS002,2026-07-14,9.0,R_DS002_011,38.0,263.3762453666667,411.25124536666664,1380.0,0.4877337877160494,4.222222222222222
SH00009672,DS002,2026-07-14,9.0,R_DS002_012,36.0,271.8246796,425.02467960000007,1375.0,0.5033790362962963,4.0
SH00009673,DS002,2026-07-14,9.0,R_DS002_014,41.0,266.1994922166667,400.94949221666667,1490.0,0.4929620226234569,4.555555555555555
SH00009674,DS002,2026-07-14,9.0,R_DS002_015,35.0,268.29096135,419.46596134999993,1340.0,0.49683511361111105,3.888888888888889
SH00009675,DS002,2026-07-14,9.0,R_DS002_017,34.0,266.53188285,417.03188285000004,1235.0,0.4935775608333333,3.7777777777777777
SH00009676,DS002,2026-07-14,9.0,R_DS002_018,36.0,269.0077589,409.20775890000004,1380.0,0.49816251648148147,4.0
SH00009677,DS002,2026-07-14,8.25,R_DS002_019,22.0,165.76329429999998,257.4882943,770.0,0.33487534202020197,2.6666666666666665
SH00009678,DS002,2026-07-14,9.0,R_DS002_020,35.0,264.2478103666666,405.19781036666666,1270.0,0.48934779697530856,3.888888888888889
SH00009679,DS002,2026-07-14,9.0,R_DS002_021,35.0,266.7507972333333,411.7757972333333,1350.0,0.4939829578395061,3.888888888888889
SH00009680,DS002,2026-07-14,9.0,R_DS002_022,20.0,143.99060656666668,221.96560656666665,700.0,0.26664927141975314,2.2222222222222223
SH00009681,DS002,2026-07-14,9.0,R_DS002_024,34.0,268.4222547,412.7472547000001,1305.0,0.49707824944444445,3.7777777777777777
SH00009682,DS002,2026-07-14,9.0,R_DS002_025,20.0,133.21697985,208.84197984999997,700.0,0.24669811083333335,2.2222222222222223
SH00009683,DS002,2026-07-14,8.416666666666666,R_DS002_026,35.0,248.25665215,384.70665214999997,1265.0,0.49159733099009906,4.158415841584159
SH00009684,DS002,2026-07-14,9.0,R_DS002_027,35.0,260.8439285166667,405.24392851666676,1340.0,0.4830443120679013,3.888888888888889
SH00009685,DS002,2026-07-14,9.0,R_DS002_028,15.0,107.42599163333333,171.05099163333333,525.0,0.19893702154320986,1.6666666666666667
SH00009686,DS002,2026-07-14,9.0,R_DS002_029,33.0,256.80853110000004,399.40853109999995,1200.0,0.47557135388888894,3.6666666666666665
SH00009687,DS002,2026-07-14,9.0,R_DS002_032,35.0,253.1546378333333,394.8546378333333,1270.0,0.46880488487654315,3.888888888888889
SH00009688,DS002,2026-07-14,9.0,R_DS002_033,36.0,253.11299206666675,397.6629920666667,1385.0,0.4687277630864199,4.0
SH00009689,DS002,2026-07-14,9.0,R_DS002_034,15.0,105.62469891666667,165.07469891666668,525.0,0.19560129429012346,1.6666666666666667
SH00009690,DS002,2026-07-14,0.0,,0.0,0.0,0.0,0.0,0.0,0.0
SH00009691,DS002,2026-07-14,9.0,R_DS002_036,36.0,259.22950355,407.80450355000005,1380.0,0.4800546362037037,4.0
SH00009692,DS002,2026-07-14,9.0,R_DS002_038,33.0,254.23186416666658,396.23186416666664,1200.0,0.47079974845678996,3.6666666666666665
SH00009693,DS002,2026-07-14,9.0,R_DS002_039,32.0,245.99295785000007,385.39295784999996,1235.0,0.45554251453703715,3.5555555555555554
SH00009694,DS002,2026-07-14,9.0,R_DS002_040,10.0,69.29715254999999,111.17215254999999,350.0,0.12832806027777777,1.1111111111111112
SH00009695,DS002,2026-07-14,9.0,R_DS002_041,31.0,227.83632013333334,356.9113201333333,1130.0,0.42191911135802473,3.4444444444444446
SH00009696,DS002,2026-07-14,9.0,R_DS002_042,33.0,248.0224860833333,388.59748608333337,1275.0,0.4593009001543209,3.6666666666666665
SH00009697,DS002,2026-07-14,0.0,,0.0,0.0,0.0,0.0,0.0,0.0
SH00009698,DS002,2026-07-14,9.0,R_DS002_045,34.0,248.4349756,380.38497559999996,1315.0,0.4600647696296296,3.7777777777777777
SH00009699,DS002,2026-07-14,9.0,R_DS002_046,8.0,66.99713453333334,105.27213453333334,280.0,0.124068767654321,0.8888888888888888
SH00009700,DS002,2026-07-14,9.0,R_DS002_047,32.0,216.25157030000003,334.5765703,1175.0,0.40046587092592595,3.5555555555555554
SH00009701,DS002,2026-07-14,9.0,R_DS002_048,31.0,250.18609674999996,388.01109675,1195.0,0.463307586574074,3.4444444444444446
SH00009702,DS002,2026-07-14,9.0,R_DS002_050,29.0,214.39611836666668,329.4711183666667,1055.0,0.3970298488271605,3.2222222222222223
SH00009703,DS002,2026-07-14,9.0,R_DS002_052,7.0,44.94315663333334,69.46815663333334,245.0,0.08322806783950618,0.7777777777777778
SH00009704,DS002,2026-07-14,8.516666666666667,R_DS002_055,5.0,36.92879166666667,59.70379166666666,175.0,0.07226769406392694,0.5870841487279843
SH00009705,DS002,2026-07-14,9.0,R_DS002_056,28.0,228.76138631666663,352.5863863166667,1015.0,0.423632196882716,3.111111111111111
SH00009706,DS002,2026-07-14,9.0,R_DS002_057,34.0,242.84026276666665,376.8152627666667,1315.0,0.44970419030864195,3.7777777777777777
SH00009707,DS002,2026-07-14,9.0,R_DS002_059,28.0,209.46687973333337,324.84187973333337,1020.0,0.38790162913580256,3.111111111111111
SH00009708,DS002,2026-07-14,9.0,R_DS002_060,33.0,239.7172679,373.4922679,1275.0,0.4439208664814815,3.6666666666666665
SH00009709,DS002,2026-07-14,8.35,R_DS002_062,27.0,203.16914399999996,315.24414400000006,995.0,0.4055272335329341,3.2335329341317367
SH00009710,DS002,2026-07-14,9.0,R_DS002_064,4.0,32.1153068,49.140306800000005,140.0,0.05947279037037037,0.4444444444444444
SH00009711,DS002,2026-07-14,9.0,R_DS002_066,30.0,233.81707251666668,366.6670725166666,1165.0,0.4329945787345679,3.3333333333333335
SH00009712,DS002,2026-07-14,9.0,R_DS002_067,4.0,27.551118683333332,42.47611868333334,140.0,0.051020590154320984,0.4444444444444444
SH00009713,DS002,2026-07-14,9.0,R_DS002_068,29.0,193.61324023333336,295.33824023333335,1065.0,0.35854303746913585,3.2222222222222223
SH00009714,DS002,2026-07-14,9.0,R_DS002_069,31.0,237.15872966666666,370.58372966666667,1205.0,0.43918283271604935,3.4444444444444446
SH00009715,DS002,2026-07-14,9.0,R_DS002_070,4.0,27.97052635,43.54552635,140.0,0.05179727101851852,0.4444444444444444
SH00009716,DS002,2026-07-14,8.35,R_DS002_071,26.0,185.2549443,279.45494429999997,950.0,0.3697703479041916,3.1137724550898205
SH00009717,DS002,2026-07-14,8.616666666666667,R_DS002_073,4.0,23.833497233333333,37.38349723333334,140.0,0.04609960780141844,0.46421663442940037
SH00009718,DS002,2026-07-14,0.0,,0.0,0.0,0.0,0.0,0.0,0.0
SH00009719,DS002,2026-07-14,9.0,R_DS002_075,30.0,236.19380276666666,371.44380276666664,1160.0,0.43739593104938274,3.3333333333333335
SH00009720,DS002,2026-07-14,9.0,R_DS002_076,4.0,26.607432216666666,42.15743221666667,140.0,0.049273022623456786,0.4444444444444444
SH00009721,DS002,2026-07-14,9.0,R_DS002_077,24.0,194.55414989999994,305.5041499,885.0,0.3602854627777777,2.6666666666666665
SH00009722,DS002,2026-07-14,9.0,R_DS002_080,23.0,183.08985256666665,284.2898525666666,845.0,0.33905528253086414,2.5555555555555554
SH00009723,DS002,2026-07-14,9.0,R_DS002_081,30.0,236.9977437833333,370.2227437833334,1165.0,0.4388847107098765,3.3333333333333335
SH00009724,DS002,2026-07-14,9.0,R_DS002_083,24.0,176.18215779999997,277.4071578,890.0,0.3262632551851851,2.6666666666666665
SH00009725,DS002,2026-07-14,9.0,R_DS002_084,30.0,227.59288594999995,353.31788595,1160.0,0.4214683073148147,3.3333333333333335
SH00009726,DS002,2026-07-14,8.283333333333333,R_DS002_085,1.0,10.33071635,15.75571635,35.0,0.020786149597585513,0.12072434607645875
SH00009727,DS002,2026-07-14,0.0,,0.0,0.0,0.0,0.0,0.0,0.0
SH00009728,DS002,2026-07-14,9.0,R_DS002_088,3.0,19.150149683333332,29.125149683333333,105.0,0.03546324015432099,0.3333333333333333
SH00009729,DS002,2026-07-14,9.0,R_DS002_089,20.0,159.05478000000002,250.40478000000002,740.0,0.29454588888888894,2.2222222222222223
SH00009730,DS002,2026-07-14,9.0,R_DS002_090,28.0,228.44225881666668,357.49225881666666,1085.0,0.4230412200308642,3.111111111111111
SH00009731,DS002,2026-07-14,9.0,R_DS002_091,3.0,16.352732783333334,27.677732783333333,105.0,0.030282838487654323,0.3333333333333333
SH00009732,DS002,2026-07-14,9.0,R_DS002_095,21.0,134.18517391666668,204.96017391666666,790.0,0.248491062808642,2.3333333333333335
SH00009733,DS002,2026-07-14,0.0,,0.0,0.0,0.0,0.0,0.0,0.0
SH00009734,DS002,2026-07-14,9.0,R_DS002_097,2.0,18.489367083333335,26.489367083333335,70.0,0.03423956867283951,0.2222222222222222
SH00009735,DS002,2026-07-14,0.0,,0.0,0.0,0.0,0.0,0.0,0.0
SH00009736,DS002,2026-07-14,9.0,R_DS002_099,32.0,227.28556284999996,349.63556284999987,1245.0,0.42089919046296287,3.5555555555555554
SH00009737,DS002,2026-07-14,0.0,,0.0,0.0,0.0,0.0,0.0,0.0
SH00009738,DS002,2026-07-14,9.0,R_DS002_103,2.0,12.231189216666667,18.706189216666665,70.0,0.02265035040123457,0.2222222222222222
SH00009739,DS002,2026-07-14,9.0,R_DS002_104,18.0,130.6788576666667,205.7038576666667,670.0,0.24199788456790128,2.0
SH00009740,DS002,2026-07-14,9.0,R_DS002_105,29.0,229.33062118333334,361.6306211833333,1130.0,0.42468633552469137,3.2222222222222223
SH00009741,DS002,2026-07-14,9.0,R_DS002_106,2.0,22.74698375,33.12198375,70.0,0.04212404398148148,0.2222222222222222
SH00009742,DS002,2026-07-14,9.0,R_DS002_108,31.0,233.47452711666665,356.37452711666674,1205.0,0.4323602354012345,3.4444444444444446
SH00009743,DS002,2026-07-14,9.0,R_DS002_109,3.0,16.2498194,24.4748194,105.0,0.030092258148148147,0.3333333333333333
SH00009744,DS002,2026-07-14,9.0,R_DS002_110,20.0,143.55007156666667,228.92507154999998,745.0,0.26583346586419754,2.2222222222222223
SH00009745,DS002,2026-07-14,9.0,R_DS002_111,28.0,218.19017866666667,346.5401786666666,1090.0,0.4040558864197531,3.111111111111111
SH00009746,DS002,2026-07-14,9.0,R_DS002_112,2.0,13.366861466666666,20.816861466666666,70.0,0.024753447160493828,0.2222222222222222
SH00009747,DS002,2026-07-14,9.0,R_DS002_113,17.0,120.71186531666666,188.88686531666667,640.0,0.22354049132716047,1.8888888888888888
SH00009748,DS002,2026-07-14,9.0,R_DS002_115,1.0,8.582857066666666,14.532857066666667,35.0,0.015894179753086417,0.1111111111111111
SH00009749,DS002,2026-07-14,9.0,R_DS002_116,16.0,120.65306881666666,186.07806881666662,605.0,0.22343160891975308,1.7777777777777777
SH00009750,DS002,2026-07-14,9.0,R_DS002_117,31.0,223.34926123333335,346.2492612333334,1205.0,0.4136097430246914,3.4444444444444446
SH00009751,DS002,2026-07-14,8.383333333333333,R_DS002_118,2.0,8.080118216666667,12.030118216666667,70.0,0.016063853313452617,0.2385685884691849
SH00009752,DS002,2026-07-14,9.0,R_DS002_119,15.0,114.35853548333334,171.2835354833333,565.0,0.21177506570987656,1.6666666666666667
SH00009753,DS002,2026-07-14,9.0,R_DS002_120,30.0,216.6621576833333,341.9621576833333,1165.0,0.4012262179320987,3.3333333333333335
SH00009754,DS002,2026-07-14,9.0,R_DS002_122,17.0,118.39670428333335,180.34670428333334,645.0,0.21925315608024695,1.8888888888888888
SH00009755,DS002,2026-07-14,9.0,R_DS002_123,30.0,219.23990253333335,343.0899025333334,1175.0,0.40599981950617287,3.3333333333333335
SH00009756,DS002,2026-07-14,9.0,R_DS002_124,1.0,6.816905449999999,10.94190545,35.0,0.012623898981481481,0.1111111111111111
SH00009757,DS002,2026-07-14,9.0,R_DS002_125,13.0,121.91061601666667,181.38561601666666,490.0,0.2257604000308642,1.4444444444444444
SH00009758,DS002,2026-07-14,9.0,R_DS002_126,31.0,220.47456229999997,344.74956230000004,1205.0,0.40828622648148144,3.4444444444444446
SH00009759,DS002,2026-07-14,9.0,R_DS002_127,1.0,8.143596166666667,13.193596166666667,35.0,0.015080733641975309,0.1111111111111111
SH00009760,DS002,2026-07-14,9.0,R_DS002_129,31.0,217.64647995,340.3464799333332,1205.0,0.4030490369444445,3.4444444444444446
SH00009761,DS002,2026-07-14,8.666666666666666,,0.0,0.0,0.0,0.0,0.0,0.0
SH00009762,DS002,2026-07-14,9.0,R_DS002_131,12.0,105.557348,162.182348,460.0,0.1954765703703704,1.3333333333333333
SH00009763,DS002,2026-07-14,9.0,R_DS002_132,27.0,221.63653296666666,344.53653296666664,1055.0,0.4104380240123457,3.0
SH00009764,DS002,2026-07-14,9.0,R_DS002_133,2.0,9.557867083333335,15.132867083333334,70.0,0.017699753858024695,0.2222222222222222
SH00009765,DS002,2026-07-14,9.0,R_DS002_134,14.0,98.44399035,147.76899035,535.0,0.18230368583333334,1.5555555555555556
SH00009766,DS002,2026-07-14,9.0,R_DS002_136,1.0,6.711409466666667,9.986409466666666,35.0,0.012428536049382717,0.1111111111111111
SH00009767,DS002,2026-07-14,9.0,R_DS002_137,14.0,93.99043226666667,147.36543226666666,535.0,0.17405635604938272,1.5555555555555556
SH00009768,DS002,2026-07-14,9.0,R_DS002_139,1.0,8.616762866666667,13.441762866666666,35.0,0.01595696827160494,0.1111111111111111
SH00009769,DS002,2026-07-14,9.0,R_DS002_140,11.0,86.1199042,137.84490420000003,425.0,0.15948130407407407,1.2222222222222223
SH00009770,DS002,2026-07-14,9.0,R_DS002_141,29.0,208.98234488333335,326.7073448833333,1135.0,0.38700434237654324,3.2222222222222223
SH00009771,DS002,2026-07-14,8.666666666666666,R_DS002_143,13.0,89.78062006666667,135.2306200666667,500.0,0.1726550385897436,1.5
SH00009772,DS002,2026-07-14,9.0,R_DS002_144,29.0,221.43959254999996,338.26459255,1125.0,0.41007331953703696,3.2222222222222223
SH00009773,DS002,2026-07-14,9.0,R_DS002_145,1.0,8.0127251,12.2127251,35.0,0.014838379814814817,0.1111111111111111
SH00009774,DS002,2026-07-14,9.0,R_DS002_146,11.0,74.82718965000001,115.27718965000001,430.0,0.13856886972222224,1.2222222222222223
SH00009775,DS002,2026-07-14,8.7,R_DS002_147,27.0,216.6801604,336.3551604,1050.0,0.4150960927203065,3.1034482758620694
SH00009776,DS002,2026-07-14,8.616666666666667,,0.0,0.0,0.0,0.0,0.0,0.0
SH00009777,DS002,2026-07-14,9.0,R_DS002_150,29.0,195.18358878333333,308.03358878333324,1135.0,0.3614510903395062,3.2222222222222223
SH00009778,DS002,2026-07-14,9.0,R_DS002_151,1.0,8.299840016666668,12.424840016666668,35.0,0.015370074104938274,0.1111111111111111
SH00009779,DS002,2026-07-14,9.0,R_DS002_153,29.0,196.1297811333333,314.22978113333335,1135.0,0.36320329839506166,3.2222222222222223
SH00009780,DS002,2026-07-14,8.816666666666666,,0.0,0.0,0.0,0.0,0.0,0.0
SH00009781,DS002,2026-07-14,9.0,R_DS002_155,10.0,72.77645548333334,109.82645548333335,390.0,0.1347712138580247,1.1111111111111112
SH00009809,DS003,2026-07-14,9.0,R_DS003_001,32.0,216.70222801666668,337.1772280166666,1120.0,0.40130042225308643,3.5555555555555554
SH00009810,DS003,2026-07-14,8.466666666666667,R_DS003_003,40.0,270.1185003333334,419.2935003333333,1530.0,0.5317293313648295,4.724409448818897
SH00009811,DS003,2026-07-14,9.0,R_DS003_004,29.0,204.3070424166667,315.5570424166667,1015.0,0.37834637484567907,3.2222222222222223
SH00009812,DS003,2026-07-14,9.0,R_DS003_005,34.0,258.38757971666666,411.3875797166667,1225.0,0.47849551799382717,3.7777777777777777
SH00009813,DS003,2026-07-14,9.0,R_DS003_006,42.0,278.43487093333346,424.5098709333332,1600.0,0.5156201313580249,4.666666666666667
SH00009814,DS003,2026-07-14,9.0,R_DS003_007,28.0,201.58759209999997,312.46259209999994,980.0,0.3733103557407407,3.111111111111111
SH00009815,DS003,2026-07-14,9.0,R_DS003_008,39.0,266.4795229833333,405.40452298333327,1410.0,0.4934805981172839,4.333333333333333
SH00009816,DS003,2026-07-14,8.8,R_DS003_010,26.0,184.4740855833333,282.1990855833334,910.0,0.3493827378472222,2.954545454545454
SH00009817,DS003,2026-07-14,9.0,R_DS003_011,39.0,266.6559609,411.5809609,1405.0,0.49380733500000007,4.333333333333333
SH00009818,DS003,2026-07-14,9.0,R_DS003_012,38.0,264.3716492166667,406.84664921666666,1455.0,0.4895771281790124,4.222222222222222
SH00009819,DS003,2026-07-14,9.0,R_DS003_013,21.0,143.3350011,221.93500110000002,735.0,0.2654351872222222,2.3333333333333335
SH00009820,DS003,2026-07-14,9.0,R_DS003_014,37.0,256.1047237333333,398.4047237333333,1335.0,0.4742680069135802,4.111111111111111
SH00009821,DS003,2026-07-14,0.0,,0.0,0.0,0.0,0.0,0.0,0.0
SH00009822,DS003,2026-07-14,9.0,R_DS003_018,35.0,257.59145970000003,406.8914597000001,1340.0,0.4770212216666667,3.888888888888889
SH00009823,DS003,2026-07-14,9.0,R_DS003_019,20.0,128.80634203333335,199.65634203333335,700.0,0.23853026302469138,2.2222222222222223
SH00009824,DS003,2026-07-14,9.0,R_DS003_020,38.0,259.3325417,399.45754170000004,1370.0,0.4802454475925926,4.222222222222222
SH00009825,DS003,2026-07-14,9.0,R_DS003_021,38.0,257.4396884166667,398.8146884166668,1455.0,0.47674016373456796,4.222222222222222
SH00009826,DS003,2026-07-14,9.0,R_DS003_022,14.0,107.41846073333332,167.79346073333332,490.0,0.19892307543209875,1.5555555555555556
SH00009827,DS003,2026-07-14,9.0,R_DS003_024,39.0,257.3275390333334,398.8275390333333,1490.0,0.4765324796913581,4.333333333333333
SH00009828,DS003,2026-07-14,9.0,R_DS003_025,12.0,90.30993136666667,145.95993136666667,420.0,0.16724061364197532,1.3333333333333333
SH00009829,DS003,2026-07-14,9.0,R_DS003_026,36.0,238.94851584999998,371.72351585,1305.0,0.44249725157407405,4.0
SH00009830,DS003,2026-07-14,9.0,R_DS003_027,35.0,258.88609233333335,402.5110923333333,1345.0,0.4794186895061729,3.888888888888889
SH00009831,DS003,2026-07-14,8.333333333333334,R_DS003_028,11.0,77.37856413333333,116.42856413333332,385.0,0.15475712826666663,1.3199999999999998
SH00009832,DS003,2026-07-14,8.35,R_DS003_029,34.0,230.58841335,354.03841335000004,1235.0,0.4602563140718563,4.07185628742515
SH00009833,DS003,2026-07-14,9.0,R_DS003_031,9.0,62.68860345,100.43860344999999,315.0,0.11609000638888889,1.0
SH00009834,DS003,2026-07-14,9.0,R_DS003_032,32.0,218.65886781666666,340.98386781666676,1165.0,0.40492382929012344,3.5555555555555554
SH00009835,DS003,2026-07-14,9.0,R_DS003_033,32.0,256.63629655,393.08629655000004,1230.0,0.4752524010185185,3.5555555555555554
SH00009836,DS003,2026-07-14,9.0,R_DS003_034,8.0,52.09827391666666,77.19827391666666,280.0,0.0964782850308642,0.8888888888888888
SH00009837,DS003,2026-07-14,9.0,R_DS003_035,32.0,221.1146117333333,341.61461173333333,1160.0,0.40947150320987646,3.5555555555555554
SH00009838,DS003,2026-07-14,9.0,R_DS003_036,36.0,240.56544773333331,367.21544773333335,1390.0,0.4454915698765432,4.0
SH00009839,DS003,2026-07-14,9.0,R_DS003_038,32.0,208.3897713333333,317.16477133333336,1170.0,0.38590698395061723,3.5555555555555554
SH00009840,DS003,2026-07-14,9.0,R_DS003_040,6.0,42.49540253333333,67.34540253333334,210.0,0.07869518987654321,0.6666666666666666
SH00009841,DS003,2026-07-14,9.0,R_DS003_041,28.0,209.65020360000003,322.2502036,1020.0,0.3882411177777778,3.111111111111111
SH00009842,DS003,2026-07-14,9.0,R_DS003_042,31.0,237.5811430166667,370.8811430166666,1195.0,0.43996507966049386,3.4444444444444446
SH00009843,DS003,2026-07-14,9.0,R_DS003_043,6.0,48.39336986666667,72.96836986666666,210.0,0.08961735160493828,0.6666666666666666
SH00009844,DS003,2026-07-14,9.0,R_DS003_045,32.0,240.65155516666672,376.47655516666674,1240.0,0.4456510280864199,3.5555555555555554
SH00009845,DS003,2026-07-14,9.0,R_DS003_047,26.0,201.99993296666665,309.0999329666667,955.0,0.3740739499382716,2.888888888888889
SH00009846,DS003,2026-07-14,9.0,R_DS003_048,31.0,234.80495288333333,366.7299528833333,1200.0,0.43482398682098766,3.4444444444444446
SH00009847,DS003,2026-07-14,9.0,R_DS003_049,5.0,40.81533395,62.165333950000004,175.0,0.07558395175925926,0.5555555555555556
SH00009848,DS003,2026-07-14,0.0,,0.0,0.0,0.0,0.0,0.0,0.0
SH00009849,DS003,2026-07-14,9.0,R_DS003_052,4.0,29.656693116666666,43.95669311666667,140.0,0.05491980206790124,0.4444444444444444
SH00009850,DS003,2026-07-14,9.0,R_DS003_053,28.0,192.7350503166667,299.3850503166667,1025.0,0.35691675984567905,3.111111111111111
SH00009851,DS003,2026-07-14,9.0,R_DS003_054,31.0,242.3014433666667,375.8514433666666,1195.0,0.44870637660493834,3.4444444444444446
SH00009852,DS003,2026-07-14,9.0,R_DS003_055,4.0,30.802761933333333,46.852761933333326,140.0,0.05704215172839506,0.4444444444444444
SH00009853,DS003,2026-07-14,9.0,R_DS003_056,28.0,188.3921974666666,291.6421974666667,1020.0,0.3488744397530863,3.111111111111111
SH00009854,DS003,2026-07-14,9.0,R_DS003_057,33.0,233.84333556666672,361.2683355666667,1275.0,0.4330432140123458,3.6666666666666665
SH00009855,DS003,2026-07-14,0.0,,0.0,0.0,0.0,0.0,0.0,0.0
SH00009856,DS003,2026-07-14,9.0,R_DS003_060,31.0,233.44074781666666,364.9157478166666,1195.0,0.4322976811419753,3.4444444444444446
SH00009857,DS003,2026-07-14,9.0,R_DS003_061,4.0,27.968913533333332,44.743913533333334,140.0,0.05179428432098765,0.4444444444444444
SH00009858,DS003,2026-07-14,9.0,R_DS003_062,26.0,185.85924606666669,282.15924606666664,945.0,0.3441837890123457,2.888888888888889
SH00009859,DS003,2026-07-14,8.416666666666666,R_DS003_063,36.0,229.39529423333337,356.19529423333336,1400.0,0.4542481073927394,4.2772277227722775
SH00009860,DS003,2026-07-14,9.0,R_DS003_064,3.0,19.7521728,28.6771728,105.0,0.03657809777777778,0.3333333333333333
SH00009861,DS003,2026-07-14,9.0,R_DS003_066,30.0,226.83712789999993,350.63712789999994,1160.0,0.42006875537037025,3.3333333333333335
SH00009862,DS003,2026-07-14,9.0,R_DS003_067,2.0,14.12300505,20.44800505,70.0,0.026153713055555555,0.2222222222222222
SH00009863,DS003,2026-07-14,0.0,,0.0,0.0,0.0,0.0,0.0,0.0
SH00009864,DS003,2026-07-14,8.6,R_DS003_069,31.0,225.01472666666672,348.88972666666666,1205.0,0.43607505167958666,3.604651162790698
SH00009865,DS003,2026-07-14,9.0,R_DS003_070,1.0,10.529074699999999,16.3290747,35.0,0.01949828648148148,0.1111111111111111
SH00009866,DS003,2026-07-14,9.0,R_DS003_073,1.0,7.45078105,10.175781050000001,35.0,0.013797742685185185,0.1111111111111111
SH00009867,DS003,2026-07-14,9.0,R_DS003_074,23.0,157.93875451666665,250.43875451666665,845.0,0.2924791750308642,2.5555555555555554
SH00009868,DS003,2026-07-14,0.0,,0.0,0.0,0.0,0.0,0.0,0.0
SH00009869,DS003,2026-07-14,8.516666666666667,R_DS003_076,1.0,4.74382915,6.34382915,35.0,0.009283422994129157,0.11741682974559686
SH00009870,DS003,2026-07-14,9.0,R_DS003_077,24.0,153.59430521666667,235.81930521666666,880.0,0.2844338985493827,2.6666666666666665
SH00009871,DS003,2026-07-14,9.0,R_DS003_078,30.0,220.98382340000003,340.1338234,1170.0,0.40922930259259266,3.3333333333333335
SH00009872,DS003,2026-07-14,9.0,R_DS003_081,34.0,220.9292393833333,340.9542393833333,1320.0,0.4091282210802469,3.7777777777777777
SH00009873,DS003,2026-07-14,9.0,R_DS003_082,1.0,8.454503433333333,13.229503433333333,35.0,0.015656487839506173,0.1111111111111111
SH00009874,DS003,2026-07-14,9.0,R_DS003_083,18.0,123.98251153333331,200.68251153333335,665.0,0.22959724358024686,2.0
SH00009875,DS003,2026-07-14,0.0,,0.0,0.0,0.0,0.0,0.0,0.0
SH00009876,DS003,2026-07-14,8.6,R_DS003_085,1.0,5.8300052,10.0050052,35.0,0.011298459689922482,0.11627906976744186
SH00009877,DS003,2026-07-14,0.0,,0.0,0.0,0.0,0.0,0.0,0.0
SH00009878,DS003,2026-07-14,9.0,R_DS003_088,1.0,5.69832255,7.723322550000001,35.0,0.010552449166666667,0.1111111111111111
SH00009879,DS003,2026-07-14,9.0,R_DS003_089,18.0,133.59098681666666,204.46598681666666,665.0,0.24739071632716048,2.0
SH00009880,DS003,2026-07-14,9.0,R_DS003_090,33.0,229.82833496666666,346.47833496666664,1280.0,0.4256080277160494,3.6666666666666665
SH00009881,DS003,2026-07-14,9.0,R_DS003_092,17.0,121.58303773333333,193.45803773333333,630.0,0.2251537735802469,1.8888888888888888
SH00009882,DS003,2026-07-14,9.0,R_DS003_094,1.0,7.884639216666667,12.034639216666667,35.0,0.014601183734567902,0.1111111111111111
SH00009883,DS003,2026-07-14,9.0,R_DS003_095,19.0,129.4148811166667,204.38988111666666,700.0,0.23965718725308646,2.111111111111111
SH00009884,DS003,2026-07-14,8.483333333333333,R_DS003_096,33.0,218.41849366666665,337.7684936666667,1280.0,0.4291129541584807,3.889980353634578
SH00009885,DS003,2026-07-14,8.65,R_DS003_097,1.0,9.459307983333334,14.334307983333334,35.0,0.018226026942838792,0.11560693641618497
SH00009886,DS003,2026-07-14,8.383333333333333,R_DS003_098,16.0,115.63079553333336,181.38079553333333,590.0,0.22988229728296888,1.9085487077534793
SH00009887,DS003,2026-07-14,8.466666666666667,R_DS003_099,27.0,215.41550296666665,334.34050296666675,1055.0,0.42404626568241466,3.188976377952756
SH00009888,DS003,2026-07-14,9.0,R_DS003_101,16.0,106.57009509999999,165.1450951,595.0,0.19735202796296294,1.7777777777777777
SH00009889,DS003,2026-07-14,9.0,R_DS003_102,34.0,213.72831914999998,333.02831915,1335.0,0.39579318361111104,3.7777777777777777
SH00009890,DS003,2026-07-14,9.0,R_DS003_103,1.0,4.70585095,6.555850950000001,35.0,0.008714538796296297,0.1111111111111111
SH00009891,DS003,2026-07-14,9.0,R_DS003_105,29.0,208.08001033333332,324.75501033333336,1130.0,0.3853333524691358,3.2222222222222223
SH00009892,DS003,2026-07-14,9.0,R_DS003_108,32.0,210.06687690000004,324.66687690000003,1250.0,0.38901273500000005,3.5555555555555554
SH00009893,DS003,2026-07-14,9.0,R_DS003_109,1.0,2.40845755,3.60845755,35.0,0.004460106574074074,0.1111111111111111
SH00009894,DS003,2026-07-14,9.0,R_DS003_111,33.0,210.0504226666667,321.0004226666666,1290.0,0.3889822641975309,3.6666666666666665
SH00009895,DS003,2026-07-14,9.0,R_DS003_113,16.0,101.26984504999999,157.39484505000001,595.0,0.18753675009259257,1.7777777777777777
SH00009896,DS003,2026-07-14,9.0,R_DS003_115,1.0,8.3176858,13.5926858,35.0,0.015403121851851852,0.1111111111111111
SH00009897,DS003,2026-07-14,9.0,R_DS003_116,14.0,100.8746583,158.2996583,525.0,0.18680492277777777,1.5555555555555556
SH00009898,DS003,2026-07-14,9.0,R_DS003_117,31.0,207.13717601666667,321.86217601666664,1215.0,0.3835873629938272,3.4444444444444446
SH00009899,DS003,2026-07-14,0.0,,0.0,0.0,0.0,0.0,0.0,0.0
SH00009900,DS003,2026-07-14,9.0,R_DS003_119,10.0,68.36619740000002,105.64119740000001,380.0,0.1266040692592593,1.1111111111111112
SH00009901,DS003,2026-07-14,9.0,R_DS003_120,30.0,197.36487761666663,306.01487761666675,1180.0,0.3654905141049382,3.3333333333333335
SH00009902,DS003,2026-07-14,8.2,R_DS003_122,9.0,64.40055951666666,101.97555951666666,340.0,0.13089544617208673,1.0975609756097562
SH00009903,DS003,2026-07-14,9.0,R_DS003_123,29.0,205.8301625833333,317.73016258333337,1135.0,0.38116696774691355,3.2222222222222223
SH00009904,DS003,2026-07-14,9.0,R_DS003_124,1.0,10.098522583333333,14.923522583333332,35.0,0.01870096774691358,0.1111111111111111
SH00009905,DS003,2026-07-14,7.433333333333334,R_DS003_125,7.0,48.56810265,77.01810265,270.0,0.10889709114349776,0.9417040358744394
SH00009906,DS003,2026-07-14,8.816666666666666,R_DS003_126,28.0,200.22424789999994,313.0492479,1100.0,0.3784957427221171,3.175803402646503
SH00009907,DS003,2026-07-14,9.0,R_DS003_127,1.0,3.7731623166666663,5.373162316666667,35.0,0.006987337623456789,0.1111111111111111
SH00009908,DS003,2026-07-14,0.0,,0.0,0.0,0.0,0.0,0.0,0.0
SH00009909,DS003,2026-07-14,9.0,,0.0,0.0,0.0,0.0,0.0,0.0
SH00009910,DS003,2026-07-14,9.0,R_DS003_131,7.0,47.49147111666667,75.76647111666666,270.0,0.08794716873456791,0.7777777777777778
SH00009911,DS003,2026-07-14,9.0,R_DS003_132,30.0,201.55735478333332,304.3323547833334,1180.0,0.3732543607098765,3.3333333333333335
SH00009912,DS003,2026-07-14,9.0,,0.0,0.0,0.0,0.0,0.0,0.0
SH00009913,DS003,2026-07-14,9.0,R_DS003_134,7.0,44.24863081666666,67.94863081666666,270.0,0.08194190891975307,0.7777777777777778
SH00009914,DS003,2026-07-14,9.0,,0.0,0.0,0.0,0.0,0.0,0.0
SH00009915,DS003,2026-07-14,9.0,R_DS003_137,5.0,30.89066946666667,46.39066946666667,190.0,0.05720494345679013,0.5555555555555556
SH00009916,DS003,2026-07-14,9.0,R_DS003_138,31.0,201.6955666666667,313.9955666666667,1215.0,0.3735103086419754,3.4444444444444446
SH00009917,DS003,2026-07-14,0.0,,0.0,0.0,0.0,0.0,0.0,0.0
SH00009918,DS003,2026-07-14,9.0,R_DS003_141,28.0,204.8181171666667,313.5431171666667,1100.0,0.3792928095679013,3.111111111111111
SH00009919,DS003,2026-07-14,9.0,R_DS003_143,3.0,18.69694595,28.72194595,115.0,0.03462397398148148,0.3333333333333333
SH00009920,DS003,2026-07-14,9.0,R_DS003_144,26.0,196.96374053333335,301.9387405333333,1020.0,0.36474766765432104,2.888888888888889
SH00009921,DS003,2026-07-14,9.0,,0.0,0.0,0.0,0.0,0.0,0.0
SH00009952,DS004,2026-07-14,9.0,R_DS004_001,27.0,208.85511231666663,321.0551123166667,945.0,0.3867687265123456,3.0
SH00009953,DS004,2026-07-14,9.0,R_DS004_003,35.0,283.7871389499999,444.5371389500001,1340.0,0.5255317387962961,3.888888888888889
SH00009954,DS004,2026-07-14,9.0,R_DS004_004,26.0,198.7623713833333,304.98737138333337,910.0,0.36807846552469126,2.888888888888889
SH00009955,DS004,2026-07-14,9.0,R_DS004_005,35.0,275.3550719666666,432.9300719666668,1265.0,0.5099167999382715,3.888888888888889
SH00009956,DS004,2026-07-14,9.0,R_DS004_006,34.0,285.85336664999994,440.97836664999994,1300.0,0.5293580863888888,3.7777777777777777
SH00009957,DS004,2026-07-14,0.0,,0.0,0.0,0.0,0.0,0.0,0.0
SH00009958,DS004,2026-07-14,9.0,R_DS004_008,36.0,271.644397,419.54439700000006,1300.0,0.5030451796296297,4.0
SH00009959,DS004,2026-07-14,9.0,R_DS004_010,24.0,180.31940715000005,274.26940715,840.0,0.3339248280555556,2.6666666666666665
SH00009960,DS004,2026-07-14,9.0,R_DS004_011,36.0,269.94724584999994,420.74724585,1295.0,0.4999023071296295,4.0
SH00009961,DS004,2026-07-14,9.0,R_DS004_012,36.0,282.64631170000007,438.4713117,1385.0,0.5234190957407409,4.0
SH00009962,DS004,2026-07-14,9.0,R_DS004_013,22.0,144.88708046666667,226.43708046666669,770.0,0.26830940827160493,2.4444444444444446
SH00009963,DS004,2026-07-14,9.0,R_DS004_015,35.0,283.65847768333344,444.2084776833333,1350.0,0.5252934771913582,3.888888888888889
SH00009964,DS004,2026-07-14,9.0,R_DS004_017,30.0,264.61053448333325,414.13553448333323,1085.0,0.490019508302469,3.3333333333333335
SH00009965,DS004,2026-07-14,9.0,R_DS004_018,36.0,279.34825448333333,434.49825448333326,1380.0,0.5173115823765432,4.0
SH00009966,DS004,2026-07-14,9.0,R_DS004_019,19.0,130.39521395,213.42021394999998,665.0,0.24147261842592593,2.111111111111111
SH00009967,DS004,2026-07-14,9.0,R_DS004_020,32.0,267.9539265333333,415.0039265333334,1160.0,0.4962109750617283,3.5555555555555554
SH00009968,DS004,2026-07-14,0.0,,0.0,0.0,0.0,0.0,0.0,0.0
SH00009969,DS004,2026-07-14,8.55,R_DS004_022,17.0,128.4419638,206.91696380000002,595.0,0.2503741984405458,1.9883040935672514
SH00009970,DS004,2026-07-14,9.0,R_DS004_024,39.0,272.30067598333324,421.6006759833334,1500.0,0.5042605110802467,4.333333333333333
SH00009971,DS004,2026-07-14,9.0,R_DS004_025,14.0,121.81698773333332,189.76698773333334,490.0,0.22558701432098763,1.5555555555555556
SH00009972,DS004,2026-07-14,9.0,R_DS004_026,35.0,256.35959296666664,399.08459296666666,1265.0,0.4747399869753086,3.888888888888889
SH00009973,DS004,2026-07-14,9.0,R_DS004_027,36.0,268.5033601833333,425.30336018333327,1380.0,0.49722844478395056,4.0
SH00009974,DS004,2026-07-14,9.0,R_DS004_028,11.0,71.93467743333333,111.28467743333331,385.0,0.13321236561728395,1.2222222222222223
SH00009975,DS004,2026-07-14,9.0,R_DS004_029,32.0,257.38644803333335,395.1114480333334,1165.0,0.4766415704320988,3.5555555555555554
SH00009976,DS004,2026-07-14,8.683333333333334,R_DS004_031,10.0,65.2000468,97.62504679999999,350.0,0.12514404376199614,1.1516314779270633
SH00009977,DS004,2026-07-14,9.0,R_DS004_032,32.0,254.45391218333336,401.9539121833334,1165.0,0.4712109484876544,3.5555555555555554
SH00009978,DS004,2026-07-14,0.0,,0.0,0.0,0.0,0.0,0.0,0.0
SH00009979,DS004,2026-07-14,8.8,R_DS004_035,33.0,250.76627136666667,391.5162713666666,1195.0,0.47493612001262625,3.7499999999999996
SH00009980,DS004,2026-07-14,9.0,R_DS004_038,31.0,242.08681291666664,379.08681291666653,1130.0,0.44830891280864194,3.4444444444444446
SH00009981,DS004,2026-07-14,8.183333333333334,R_DS004_039,37.0,269.20211453333326,419.9521145333333,1425.0,0.5482731456890698,4.521384928716905
SH00009982,DS004,2026-07-14,9.0,R_DS004_040,7.0,50.59826213333333,77.84826213333334,245.0,0.09370048543209876,0.7777777777777778
SH00009983,DS004,2026-07-14,9.0,R_DS004_041,32.0,244.23029466666665,370.9302946666667,1165.0,0.4522783234567901,3.5555555555555554
SH00009984,DS004,2026-07-14,9.0,R_DS004_042,35.0,258.82755265,412.10255264999995,1350.0,0.4793102826851851,3.888888888888889
SH00009985,DS004,2026-07-14,9.0,R_DS004_043,6.0,39.37182358333333,63.72182358333333,210.0,0.07291078441358025,0.6666666666666666
SH00009986,DS004,2026-07-14,0.0,,0.0,0.0,0.0,0.0,0.0,0.0
SH00009987,DS004,2026-07-14,9.0,R_DS004_046,4.0,29.71680968333333,47.49180968333334,140.0,0.05503112904320987,0.4444444444444444
SH00009988,DS004,2026-07-14,0.0,,0.0,0.0,0.0,0.0,0.0,0.0
SH00009989,DS004,2026-07-14,0.0,,0.0,0.0,0.0,0.0,0.0,0.0
SH00009990,DS004,2026-07-14,9.0,R_DS004_050,29.0,229.86447206666662,353.71447206666664,1060.0,0.42567494827160485,3.2222222222222223
SH00009991,DS004,2026-07-14,9.0,R_DS004_054,35.0,262.9013515166667,412.7263515166666,1350.0,0.48685435466049387,3.888888888888889
SH00009992,DS004,2026-07-14,9.0,R_DS004_055,4.0,33.262941033333334,50.112941033333335,140.0,0.06159803895061729,0.4444444444444444
SH00009993,DS004,2026-07-14,9.0,R_DS004_056,27.0,219.6248711166666,345.0498711166667,980.0,0.40671272429012334,3.0
SH00009994,DS004,2026-07-14,9.0,R_DS004_057,33.0,259.96337138333337,405.0883713833332,1285.0,0.48141365070987663,3.6666666666666665
SH00009995,DS004,2026-07-14,9.0,R_DS004_059,25.0,197.87606336666664,309.8510633666666,915.0,0.366437154382716,2.7777777777777777
SH00009996,DS004,2026-07-14,9.0,R_DS004_060,33.0,252.39564061666664,390.37064061666666,1285.0,0.46739933447530857,3.6666666666666665
SH00009997,DS004,2026-07-14,9.0,R_DS004_061,4.0,23.1570896,35.6320896,140.0,0.04288349925925926,0.4444444444444444
SH00009998,DS004,2026-07-14,9.0,R_DS004_062,26.0,205.1673062,318.9923062,950.0,0.37993945592592593,2.888888888888889
SH00009999,DS004,2026-07-14,9.0,R_DS004_063,34.0,251.53512728333334,387.6351272833334,1315.0,0.4658057912654321,3.7777777777777777
SH00010000,DS004,2026-07-14,8.683333333333334,R_DS004_064,3.0,19.893142333333333,31.243142333333335,105.0,0.03818261484325016,0.345489443378119
SH00010001,DS004,2026-07-14,9.0,R_DS004_066,33.0,249.49879041666662,390.12379041666674,1285.0,0.4620347970679011,3.6666666666666665
SH00010002,DS004,2026-07-14,9.0,R_DS004_067,3.0,25.255967,38.205967,105.0,0.046770309259259256,0.3333333333333333
SH00010003,DS004,2026-07-14,9.0,R_DS004_068,26.0,186.83837056666667,288.7383705666667,950.0,0.3459969825308642,2.888888888888889
SH00010004,DS004,2026-07-14,9.0,R_DS004_071,24.0,186.6022496666666,291.0022496666667,875.0,0.34555972160493814,2.6666666666666665
SH00010005,DS004,2026-07-14,9.0,R_DS004_073,2.0,17.575108083333333,27.475108083333332,70.0,0.03254649645061728,0.2222222222222222
SH00010006,DS004,2026-07-14,9.0,R_DS004_074,24.0,192.47401431666674,289.5990143166666,880.0,0.35643335984567914,2.6666666666666665
SH00010007,DS004,2026-07-14,9.0,R_DS004_075,32.0,246.77330516666663,385.2233051666667,1245.0,0.4569876021604938,3.5555555555555554
SH00010008,DS004,2026-07-14,9.0,R_DS004_076,2.0,13.4071333,20.8571333,70.0,0.02482802462962963,0.2222222222222222
SH00010009,DS004,2026-07-14,9.0,R_DS004_077,23.0,165.3293174666667,254.55431746666665,845.0,0.3061654027160495,2.5555555555555554
SH00010010,DS004,2026-07-14,9.0,R_DS004_078,32.0,240.8382828166667,375.9632828166668,1245.0,0.4459968200308642,3.5555555555555554
SH00010011,DS004,2026-07-14,9.0,R_DS004_080,23.0,167.66166325,255.93666325,840.0,0.31048456157407406,2.5555555555555554
SH00010012,DS004,2026-07-14,9.0,R_DS004_082,2.0,13.516536566666666,22.31653656666667,70.0,0.02503062327160494,0.2222222222222222
SH00010013,DS004,2026-07-14,9.0,R_DS004_083,22.0,147.4063185,233.45631849999992,810.0,0.27297466388888886,2.4444444444444446
SH00010014,DS004,2026-07-14,9.0,R_DS004_084,30.0,250.08871428333327,387.9137142833333,1170.0,0.4631272486728394,3.3333333333333335
SH00010015,DS004,2026-07-14,9.0,R_DS004_085,2.0,17.622128683333333,29.22212868333333,70.0,0.032633571635802466,0.2222222222222222
SH00010016,DS004,2026-07-14,9.0,R_DS004_087,32.0,240.92971678333328,381.6547167833334,1240.0,0.4461661421913579,3.5555555555555554
SH00010017,DS004,2026-07-14,9.0,,0.0,0.0,0.0,0.0,0.0,0.0
SH00010018,DS004,2026-07-14,8.35,R_DS004_089,21.0,159.0813447,250.18134469999998,775.0,0.3175276341317365,2.51497005988024
SH00010019,DS004,2026-07-14,9.0,R_DS004_090,33.0,246.61783718333334,381.6178371833334,1290.0,0.45669969848765435,3.6666666666666665
SH00010020,DS004,2026-07-14,9.0,,0.0,0.0,0.0,0.0,0.0,0.0
SH00010021,DS004,2026-07-14,9.0,R_DS004_092,19.0,137.46637378333335,213.0413737833333,700.0,0.25456735885802473,2.111111111111111
SH00010022,DS004,2026-07-14,9.0,,0.0,0.0,0.0,0.0,0.0,0.0
SH00010023,DS004,2026-07-14,9.0,R_DS004_095,18.0,147.80455439999997,232.32955439999995,665.0,0.27371213777777775,2.0
SH00010024,DS004,2026-07-14,9.0,R_DS004_096,32.0,235.81761856666668,361.54261856666665,1250.0,0.43669929364197535,3.5555555555555554
SH00010025,DS004,2026-07-14,9.0,,0.0,0.0,0.0,0.0,0.0,0.0
SH00010026,DS004,2026-07-14,9.0,R_DS004_098,15.0,127.44571358333332,202.47071358333335,560.0,0.23601058070987652,1.6666666666666667
SH00010027,DS004,2026-07-14,9.0,R_DS004_099,31.0,237.66644513333335,372.6164451333333,1205.0,0.44012304654320994,3.4444444444444446
SH00010028,DS004,2026-07-14,9.0,R_DS004_101,16.0,128.90220793333333,202.77720793333333,595.0,0.2387077924691358,1.7777777777777777
SH00010029,DS004,2026-07-14,9.0,R_DS004_102,31.0,223.1451444,350.92014439999997,1215.0,0.41323174888888886,3.4444444444444446
SH00010030,DS004,2026-07-14,9.0,,0.0,0.0,0.0,0.0,0.0,0.0
SH00010031,DS004,2026-07-14,9.0,R_DS004_105,31.0,235.76625485000005,368.41625485000003,1210.0,0.43660417564814824,3.4444444444444446
SH00010032,DS004,2026-07-14,9.0,,0.0,0.0,0.0,0.0,0.0,0.0
SH00010033,DS004,2026-07-14,8.566666666666666,R_DS004_108,34.0,230.99712275,357.6971227499999,1325.0,0.4494107446498054,3.9688715953307394
SH00010034,DS004,2026-07-14,9.0,,0.0,0.0,0.0,0.0,0.0,0.0
SH00010035,DS004,2026-07-14,9.0,R_DS004_110,15.0,122.31685551666668,189.84185551666667,560.0,0.2265126954012346,1.6666666666666667
SH00010036,DS004,2026-07-14,9.0,R_DS004_111,32.0,227.12496538333338,360.8499653833333,1250.0,0.42060178774691365,3.5555555555555554
SH00010037,DS004,2026-07-14,0.0,,0.0,0.0,0.0,0.0,0.0,0.0
SH00010038,DS004,2026-07-14,0.0,,0.0,0.0,0.0,0.0,0.0,0.0
SH00010039,DS004,2026-07-14,9.0,,0.0,0.0,0.0,0.0,0.0,0.0
SH00010040,DS004,2026-07-14,9.0,R_DS004_116,16.0,99.90482089999999,149.42982089999998,605.0,0.18500892759259258,1.7777777777777777
SH00010041,DS004,2026-07-14,0.0,,0.0,0.0,0.0,0.0,0.0,0.0
SH00010042,DS004,2026-07-14,9.0,,0.0,0.0,0.0,0.0,0.0,0.0
SH00010043,DS004,2026-07-14,9.0,R_DS004_119,11.0,94.19579394999998,149.84579395000003,420.0,0.17443665546296291,1.2222222222222223
SH00010044,DS004,2026-07-14,9.0,R_DS004_120,34.0,232.58181681666667,362.33181681666684,1325.0,0.43070706817901233,3.7777777777777777
SH00010045,DS004,2026-07-14,0.0,,0.0,0.0,0.0,0.0,0.0,0.0
SH00010046,DS004,2026-07-14,0.0,,0.0,0.0,0.0,0.0,0.0,0.0
SH00010047,DS004,2026-07-14,9.0,,0.0,0.0,0.0,0.0,0.0,0.0
SH00010048,DS004,2026-07-14,9.0,R_DS004_125,11.0,78.37273978333333,125.99773978333333,425.0,0.14513470330246914,1.2222222222222223
SH00010049,DS004,2026-07-14,8.816666666666666,R_DS004_126,29.0,240.33962750000006,371.7646275000001,1130.0,0.45432821833648407,3.2892249527410207
SH00010050,DS004,2026-07-14,9.0,,0.0,0.0,0.0,0.0,0.0,0.0
SH00010051,DS004,2026-07-14,0.0,,0.0,0.0,0.0,0.0,0.0,0.0
SH00010052,DS004,2026-07-14,9.0,,0.0,0.0,0.0,0.0,0.0,0.0
SH00010053,DS004,2026-07-14,9.0,R_DS004_131,9.0,70.22338478333333,109.82338478333332,345.0,0.13004330515432097,1.0
SH00010054,DS004,2026-07-14,8.166666666666666,R_DS004_132,29.0,230.4849503,353.33495029999995,1135.0,0.4703774495918368,3.5510204081632657
SH00010055,DS004,2026-07-14,9.0,,0.0,0.0,0.0,0.0,0.0,0.0
SH00010056,DS004,2026-07-14,9.0,R_DS004_134,8.0,74.71495696666666,116.51495696666667,310.0,0.1383610314197531,0.8888888888888888
SH00010057,DS004,2026-07-14,0.0,,0.0,0.0,0.0,0.0,0.0,0.0
SH00010058,DS004,2026-07-14,9.0,R_DS004_138,29.0,222.77306210000006,353.3730621,1135.0,0.4125427075925927,3.2222222222222223
SH00010059,DS004,2026-07-14,9.0,,0.0,0.0,0.0,0.0,0.0,0.0
SH00010060,DS004,2026-07-14,9.0,R_DS004_141,31.0,233.29923574999998,363.32423575,1210.0,0.43203562175925925,3.4444444444444446
SH00010061,DS004,2026-07-14,9.0,R_DS004_143,11.0,74.88495351666667,114.95995351666667,430.0,0.13867583984567902,1.2222222222222223
SH00010062,DS004,2026-07-14,9.0,R_DS004_144,26.0,232.13691503333334,367.9369150333334,1015.0,0.42988317598765435,2.888888888888889
SH00010063,DS004,2026-07-14,9.0,,0.0,0.0,0.0,0.0,0.0,0.0
SH00010064,DS004,2026-07-14,9.0,R_DS004_146,8.0,61.72506761666667,94.25006761666666,310.0,0.11430568077160494,0.8888888888888888
SH00010065,DS004,2026-07-14,9.0,,0.0,0.0,0.0,0.0,0.0,0.0
SH00010066,DS004,2026-07-14,9.0,R_DS004_150,29.0,217.2150455833334,346.4400455833333,1140.0,0.40225008441358034,3.2222222222222223
SH00010067,DS004,2026-07-14,9.0,,0.0,0.0,0.0,0.0,0.0,0.0
SH00010068,DS004,2026-07-14,9.0,R_DS004_153,28.0,225.84716453333334,354.5221645333334,1095.0,0.41823548987654324,3.111111111111111
SH00010069,DS004,2026-07-14,9.0,,0.0,0.0,0.0,0.0,0.0,0.0
SH00010070,DS004,2026-07-14,9.0,,0.0,0.0,0.0,0.0,0.0,0.0
SH00010071,DS004,2026-07-14,9.0,R_DS004_158,7.0,63.377265050000005,96.47726505,275.0,0.11736530564814816,0.7777777777777778
SH00010072,DS004,2026-07-14,0.0,,0.0,0.0,0.0,0.0,0.0,0.0
SH00010073,DS004,2026-07-14,9.0,,0.0,0.0,0.0,0.0,0.0,0.0
SH00010099,DS005,2026-07-14,8.416666666666666,R_DS005_003,43.0,248.38424980000005,377.43424980000003,1630.0,0.49184999960396053,5.108910891089109
SH00010100,DS005,2026-07-14,9.0,R_DS005_004,33.0,192.77143893333334,294.5714389333333,1155.0,0.3569841461728395,3.6666666666666665
SH00010101,DS005,2026-07-14,9.0,R_DS005_005,38.0,262.7010599333333,395.9260599333333,1370.0,0.48648344432098756,4.222222222222222
SH00010102,DS005,2026-07-14,0.0,,0.0,0.0,0.0,0.0,0.0,0.0
SH00010103,DS005,2026-07-14,0.0,,0.0,0.0,0.0,0.0,0.0,0.0
SH00010104,DS005,2026-07-14,9.0,R_DS005_008,39.0,261.42720066666664,402.6522006666667,1400.0,0.4841244456790123,4.333333333333333
SH00010105,DS005,2026-07-14,8.216666666666667,R_DS005_010,23.0,149.89643575000002,226.22143574999996,805.0,0.30404956541582157,2.7991886409736306
SH00010106,DS005,2026-07-14,9.0,R_DS005_011,41.0,236.5802891,368.8802891,1475.0,0.43811164648148143,4.555555555555555
SH00010107,DS005,2026-07-14,9.0,R_DS005_012,37.0,243.05066428333333,373.7006642833333,1395.0,0.45009382274691356,4.111111111111111
SH00010108,DS005,2026-07-14,9.0,R_DS005_014,37.0,230.65492254999998,350.15492255,1340.0,0.42713874546296293,4.111111111111111
SH00010109,DS005,2026-07-14,9.0,R_DS005_017,36.0,224.61870078333342,345.1937007833333,1305.0,0.415960557006173,4.0
SH00010110,DS005,2026-07-14,9.0,R_DS005_018,40.0,244.1335699,372.7335699000001,1510.0,0.4520992035185185,4.444444444444445
SH00010111,DS005,2026-07-14,9.0,R_DS005_019,22.0,145.44917231666665,224.84917231666668,770.0,0.26935031910493823,2.4444444444444446
SH00010112,DS005,2026-07-14,9.0,R_DS005_020,37.0,225.96717261666666,346.59217261666663,1335.0,0.41845772706790124,4.111111111111111
SH00010113,DS005,2026-07-14,9.0,R_DS005_021,38.0,221.32676303333335,340.9267630333333,1450.0,0.40986437598765435,4.222222222222222
SH00010114,DS005,2026-07-14,9.0,R_DS005_022,22.0,131.24745049999999,200.32245049999997,770.0,0.24305083425925922,2.4444444444444446
SH00010115,DS005,2026-07-14,9.0,R_DS005_024,34.0,217.42593723333331,331.1259372333333,1300.0,0.40264062450617283,3.7777777777777777
SH00010116,DS005,2026-07-14,9.0,R_DS005_025,17.0,108.49230800000001,168.66730800000005,595.0,0.2009116814814815,1.8888888888888888
SH00010117,DS005,2026-07-14,9.0,R_DS005_026,35.0,211.6870614666667,321.2120614666666,1275.0,0.39201307679012354,3.888888888888889
SH00010118,DS005,2026-07-14,9.0,R_DS005_027,35.0,215.39594426666667,330.37094426666675,1340.0,0.39888137827160497,3.888888888888889
SH00010119,DS005,2026-07-14,9.0,R_DS005_028,15.0,103.78252215,155.58252215000002,525.0,0.19218985583333334,1.6666666666666667
SH00010120,DS005,2026-07-14,9.0,R_DS005_029,29.0,205.42216018333335,310.6971601833333,1060.0,0.3804114077469136,3.2222222222222223
SH00010121,DS005,2026-07-14,9.0,R_DS005_031,12.0,67.86694935,104.71694935000001,420.0,0.12567953583333333,1.3333333333333333
SH00010122,DS005,2026-07-14,9.0,R_DS005_032,30.0,179.21497524999992,270.53997525,1095.0,0.3318795837962962,3.3333333333333335
SH00010123,DS005,2026-07-14,0.0,,0.0,0.0,0.0,0.0,0.0,0.0
SH00010124,DS005,2026-07-14,9.0,R_DS005_034,10.0,68.05420888333333,102.05420888333333,350.0,0.1260263127469136,1.1111111111111112
SH00010125,DS005,2026-07-14,0.0,,0.0,0.0,0.0,0.0,0.0,0.0
SH00010126,DS005,2026-07-14,9.0,R_DS005_038,26.0,184.1933803833333,282.64338038333335,945.0,0.34109885256172834,2.888888888888889
SH00010127,DS005,2026-07-14,9.0,R_DS005_039,34.0,207.73938025000004,317.81438025000006,1305.0,0.3847025560185186,3.7777777777777777
SH00010128,DS005,2026-07-14,0.0,,0.0,0.0,0.0,0.0,0.0,0.0
SH00010129,DS005,2026-07-14,0.0,,0.0,0.0,0.0,0.0,0.0,0.0
SH00010130,DS005,2026-07-14,8.55,R_DS005_045,31.0,204.9988674,312.9738674,1195.0,0.39960792865497075,3.6257309941520464
SH00010131,DS005,2026-07-14,9.0,R_DS005_046,8.0,53.46909473333334,80.01909473333333,280.0,0.09901684209876545,0.8888888888888888
SH00010132,DS005,2026-07-14,9.0,R_DS005_048,31.0,205.45591878333332,307.75591878333336,1185.0,0.3804739236728395,3.4444444444444446
SH00010133,DS005,2026-07-14,9.0,R_DS005_049,6.0,43.365350316666664,66.01535031666667,210.0,0.08030620429012345,0.6666666666666666
SH00010134,DS005,2026-07-14,9.0,R_DS005_050,23.0,155.74308865,235.51808864999998,850.0,0.28841312712962963,2.5555555555555554
SH00010135,DS005,2026-07-14,0.0,,0.0,0.0,0.0,0.0,0.0,0.0
SH00010136,DS005,2026-07-14,9.0,R_DS005_053,24.0,159.49234561666668,243.5173456166666,885.0,0.2953561955864198,2.6666666666666665
SH00010137,DS005,2026-07-14,9.0,R_DS005_054,30.0,183.00328686666666,281.50328686666666,1155.0,0.33889497567901233,3.3333333333333335
SH00010138,DS005,2026-07-14,9.0,R_DS005_055,4.0,21.74740525,33.09740525,140.0,0.040272972685185184,0.4444444444444444
SH00010139,DS005,2026-07-14,9.0,R_DS005_057,33.0,197.1604267,294.46042669999997,1270.0,0.3651119012962963,3.6666666666666665
SH00010140,DS005,2026-07-14,0.0,,0.0,0.0,0.0,0.0,0.0,0.0
SH00010141,DS005,2026-07-14,9.0,R_DS005_060,30.0,192.58602303333333,292.7110230333332,1160.0,0.3566407833950617,3.3333333333333335
SH00010142,DS005,2026-07-14,9.0,R_DS005_062,23.0,133.59725426666665,199.79725426666667,855.0,0.24740232271604937,2.5555555555555554
SH00010143,DS005,2026-07-14,9.0,R_DS005_063,30.0,184.5152888,280.7902888,1170.0,0.3416949792592593,3.3333333333333335
SH00010144,DS005,2026-07-14,9.0,R_DS005_064,1.0,10.656120266666667,16.531120266666665,35.0,0.019733556049382716,0.1111111111111111
SH00010145,DS005,2026-07-14,0.0,,0.0,0.0,0.0,0.0,0.0,0.0
SH00010146,DS005,2026-07-14,9.0,R_DS005_068,18.0,121.11355379999999,184.01355379999998,665.0,0.22428435888888887,2.0
SH00010147,DS005,2026-07-14,9.0,R_DS005_069,30.0,179.12322988333332,271.44822988333334,1165.0,0.3317096849691358,3.3333333333333335
SH00010148,DS005,2026-07-14,8.366666666666667,,0.0,0.0,0.0,0.0,0.0,0.0
SH00010149,DS005,2026-07-14,0.0,,0.0,0.0,0.0,0.0,0.0,0.0
SH00010150,DS005,2026-07-14,8.316666666666666,,0.0,0.0,0.0,0.0,0.0,0.0
SH00010151,DS005,2026-07-14,8.433333333333334,R_DS005_074,17.0,104.35884490000001,162.0588449,630.0,0.20624277648221345,2.015810276679842
SH00010152,DS005,2026-07-14,9.0,R_DS005_075,30.0,179.22708405000006,272.10208405000003,1160.0,0.3319020075000001,3.3333333333333335
SH00010153,DS005,2026-07-14,9.0,,0.0,0.0,0.0,0.0,0.0,0.0
SH00010154,DS005,2026-07-14,9.0,R_DS005_077,16.0,113.18807566666668,170.36307566666667,590.0,0.20960754753086422,1.7777777777777777
SH00010155,DS005,2026-07-14,0.0,,0.0,0.0,0.0,0.0,0.0,0.0
SH00010156,DS005,2026-07-14,9.0,R_DS005_080,14.0,80.77529996666665,122.55029996666667,520.0,0.14958388882716048,1.5555555555555556
SH00010157,DS005,2026-07-14,9.0,R_DS005_081,27.0,176.46040006666664,268.23540006666667,1055.0,0.32677851864197527,3.0
SH00010158,DS005,2026-07-14,0.0,,0.0,0.0,0.0,0.0,0.0,0.0
SH00010159,DS005,2026-07-14,9.0,R_DS005_083,8.0,49.64778460000001,74.9727846,300.0,0.09194034185185186,0.8888888888888888
SH00010160,DS005,2026-07-14,9.0,R_DS005_084,29.0,175.71862063333336,267.6686206333334,1130.0,0.3254048530246914,3.2222222222222223
SH00010161,DS005,2026-07-14,9.0,,0.0,0.0,0.0,0.0,0.0,0.0
SH00010162,DS005,2026-07-14,9.0,R_DS005_087,24.0,161.27864110000002,245.3036411,940.0,0.2986641501851852,2.6666666666666665
SH00010163,DS005,2026-07-14,9.0,,0.0,0.0,0.0,0.0,0.0,0.0
SH00010164,DS005,2026-07-14,0.0,,0.0,0.0,0.0,0.0,0.0,0.0
SH00010165,DS005,2026-07-14,8.633333333333333,,0.0,0.0,0.0,0.0,0.0,0.0
SH00010166,DS005,2026-07-14,9.0,R_DS005_092,8.0,44.63269830000001,69.3826983,300.0,0.08265314500000001,0.8888888888888888
SH00010167,DS005,2026-07-14,0.0,,0.0,0.0,0.0,0.0,0.0,0.0
SH00010168,DS005,2026-07-14,9.0,R_DS005_095,6.0,40.65790925,61.53290925,225.0,0.07529242453703704,0.6666666666666666
SH00010169,DS005,2026-07-14,9.0,R_DS005_096,27.0,156.37117794999997,233.84617795,1060.0,0.2895762554629629,3.0
SH00010170,DS005,2026-07-14,9.0,,0.0,0.0,0.0,0.0,0.0,0.0
SH00010171,DS005,2026-07-14,9.0,R_DS005_098,5.0,25.012727266666666,37.287727266666664,190.0,0.046319865308641975,0.5555555555555556
SH00010172,DS005,2026-07-14,9.0,R_DS005_099,26.0,162.07417585000005,250.02417585000003,1010.0,0.30013736268518526,2.888888888888889
SH00010173,DS005,2026-07-14,9.0,R_DS005_101,4.0,24.432344233333332,35.357344233333336,155.0,0.045245081913580246,0.4444444444444444
SH00010174,DS005,2026-07-14,0.0,,0.0,0.0,0.0,0.0,0.0,0.0
SH00010175,DS005,2026-07-14,0.0,,0.0,0.0,0.0,0.0,0.0,0.0
SH00010176,DS005,2026-07-14,9.0,R_DS005_104,4.0,30.39841096666667,46.77341096666667,155.0,0.05629335364197532,0.4444444444444444
SH00010177,DS005,2026-07-14,0.0,,0.0,0.0,0.0,0.0,0.0,0.0
SH00010178,DS005,2026-07-14,8.4,,0.0,0.0,0.0,0.0,0.0,0.0
SH00010179,DS005,2026-07-14,9.0,R_DS005_108,26.0,153.49489095000004,234.44489095000003,1020.0,0.2842497980555556,2.888888888888889
SH00010180,DS005,2026-07-14,0.0,,0.0,0.0,0.0,0.0,0.0,0.0
SH00010181,DS005,2026-07-14,9.0,R_DS005_110,4.0,22.352978183333335,36.00297818333333,155.0,0.041394404043209876,0.4444444444444444
SH00010182,DS005,2026-07-14,9.0,R_DS005_111,21.0,147.35758975,227.48258975000002,825.0,0.27288442546296293,2.3333333333333335
SH00010183,DS005,2026-07-14,9.0,,0.0,0.0,0.0,0.0,0.0,0.0
SH00010184,DS005,2026-07-14,9.0,R_DS005_113,3.0,14.048035899999999,20.998035899999998,120.0,0.026014881296296293,0.3333333333333333
SH00010185,DS005,2026-07-14,9.0,R_DS005_116,3.0,15.433229733333334,23.708229733333333,120.0,0.028580055061728397,0.3333333333333333
SH00010186,DS005,2026-07-14,9.0,R_DS005_117,23.0,148.7423329,227.7923329,905.0,0.27544876462962964,2.5555555555555554
SH00010187,DS005,2026-07-14,0.0,,0.0,0.0,0.0,0.0,0.0,0.0
SH00010188,DS005,2026-07-14,9.0,R_DS005_119,2.0,14.400627866666667,22.825627866666665,80.0,0.02666782938271605,0.2222222222222222
SH00010189,DS005,2026-07-14,9.0,R_DS005_120,23.0,144.35618925,220.53118925000004,905.0,0.2673262763888889,2.5555555555555554
SH00010190,DS005,2026-07-14,9.0,R_DS005_122,1.0,6.526389683333333,10.526389683333333,40.0,0.012085906820987653,0.1111111111111111
SH00010191,DS005,2026-07-14,9.0,R_DS005_123,22.0,144.78579503333333,217.9357950333333,865.0,0.268121842654321,2.4444444444444446
SH00010192,DS005,2026-07-14,9.0,,0.0,0.0,0.0,0.0,0.0,0.0
SH00010193,DS005,2026-07-14,9.0,R_DS005_125,1.0,6.876754533333334,9.826754533333334,40.0,0.012734730617283951,0.1111111111111111
SH00010194,DS005,2026-07-14,0.0,,0.0,0.0,0.0,0.0,0.0,0.0
SH00010195,DS005,2026-07-14,9.0,R_DS005_129,23.0,148.48480775000004,221.10980775,905.0,0.2749718662037038,2.5555555555555554
SH00010196,DS005,2026-07-14,9.0,,0.0,0.0,0.0,0.0,0.0,0.0
SH00010197,DS005,2026-07-14,9.0,R_DS005_131,1.0,6.669776733333333,11.694776733333333,40.0,0.01235143839506173,0.1111111111111111
SH00010198,DS005,2026-07-14,9.0,R_DS005_132,22.0,137.47891368333333,215.7289136833334,865.0,0.2545905808950617,2.4444444444444446
SH00010199,DS005,2026-07-14,8.716666666666667,,0.0,0.0,0.0,0.0,0.0,0.0
SH00010200,DS005,2026-07-14,9.0,R_DS005_134,1.0,10.010333983333334,15.235333983333334,40.0,0.01853765552469136,0.1111111111111111
